solid OpenSCAD_Model
  facet normal 0 -1 0
    outer loop
      vertex 3 0 0
      vertex 104.9 0 8
      vertex 3 0 8
    endloop
  endfacet
  facet normal 0 -1 -0
    outer loop
      vertex 104.9 0 8
      vertex 3 0 0
      vertex 104.9 0 0
    endloop
  endfacet
  facet normal 0 1 -0
    outer loop
      vertex 21 66 30
      vertex 15.5 66 52
      vertex 21 66 52
    endloop
  endfacet
  facet normal 0 1 0
    outer loop
      vertex 15.5 66 52
      vertex 21 66 30
      vertex 15.5 66 30
    endloop
  endfacet
  facet normal 0 1 -0
    outer loop
      vertex 30 66 30
      vertex 24.5 66 52
      vertex 30 66 52
    endloop
  endfacet
  facet normal 0 1 0
    outer loop
      vertex 24.5 66 52
      vertex 30 66 30
      vertex 24.5 66 30
    endloop
  endfacet
  facet normal 0 1 -0
    outer loop
      vertex 39 66 30
      vertex 33.5 66 52
      vertex 39 66 52
    endloop
  endfacet
  facet normal 0 1 0
    outer loop
      vertex 33.5 66 52
      vertex 39 66 30
      vertex 33.5 66 30
    endloop
  endfacet
  facet normal 0 1 -0
    outer loop
      vertex 48 66 30
      vertex 42.5 66 52
      vertex 48 66 52
    endloop
  endfacet
  facet normal 0 1 0
    outer loop
      vertex 42.5 66 52
      vertex 48 66 30
      vertex 42.5 66 30
    endloop
  endfacet
  facet normal 0 1 0
    outer loop
      vertex 104.9 66 77.282
      vertex 51.5 66 52
      vertex 3 66 77.282
    endloop
  endfacet
  facet normal 0 1 0
    outer loop
      vertex 104.9 66 77.282
      vertex 51.5 66 30
      vertex 51.5 66 52
    endloop
  endfacet
  facet normal 0 1 0
    outer loop
      vertex 3 66 0
      vertex 48 66 30
      vertex 51.5 66 30
    endloop
  endfacet
  facet normal 0 1 0
    outer loop
      vertex 48 66 30
      vertex 3 66 0
      vertex 42.5 66 30
    endloop
  endfacet
  facet normal 0 1 0
    outer loop
      vertex 42.5 66 30
      vertex 3 66 0
      vertex 39 66 30
    endloop
  endfacet
  facet normal 0 1 0
    outer loop
      vertex 39 66 30
      vertex 3 66 0
      vertex 33.5 66 30
    endloop
  endfacet
  facet normal 0 1 0
    outer loop
      vertex 33.5 66 30
      vertex 3 66 0
      vertex 30 66 30
    endloop
  endfacet
  facet normal 0 1 0
    outer loop
      vertex 30 66 30
      vertex 3 66 0
      vertex 24.5 66 30
    endloop
  endfacet
  facet normal 0 1 0
    outer loop
      vertex 24.5 66 30
      vertex 3 66 0
      vertex 21 66 30
    endloop
  endfacet
  facet normal 0 1 0
    outer loop
      vertex 21 66 30
      vertex 3 66 0
      vertex 15.5 66 30
    endloop
  endfacet
  facet normal 0 1 0
    outer loop
      vertex 3 66 0
      vertex 51.5 66 30
      vertex 104.9 66 0
    endloop
  endfacet
  facet normal 0 1 -0
    outer loop
      vertex 104.9 66 0
      vertex 51.5 66 30
      vertex 104.9 66 77.282
    endloop
  endfacet
  facet normal 0 1 -0
    outer loop
      vertex 48 66 52
      vertex 3 66 77.282
      vertex 51.5 66 52
    endloop
  endfacet
  facet normal 0 1 -0
    outer loop
      vertex 42.5 66 52
      vertex 3 66 77.282
      vertex 48 66 52
    endloop
  endfacet
  facet normal 0 1 -0
    outer loop
      vertex 39 66 52
      vertex 3 66 77.282
      vertex 42.5 66 52
    endloop
  endfacet
  facet normal 0 1 -0
    outer loop
      vertex 33.5 66 52
      vertex 3 66 77.282
      vertex 39 66 52
    endloop
  endfacet
  facet normal 0 1 -0
    outer loop
      vertex 30 66 52
      vertex 3 66 77.282
      vertex 33.5 66 52
    endloop
  endfacet
  facet normal 0 1 -0
    outer loop
      vertex 24.5 66 52
      vertex 3 66 77.282
      vertex 30 66 52
    endloop
  endfacet
  facet normal 0 1 -0
    outer loop
      vertex 21 66 52
      vertex 3 66 77.282
      vertex 24.5 66 52
    endloop
  endfacet
  facet normal 0 1 -0
    outer loop
      vertex 15.5 66 52
      vertex 3 66 77.282
      vertex 21 66 52
    endloop
  endfacet
  facet normal 0 1 -0
    outer loop
      vertex 12 66 52
      vertex 3 66 77.282
      vertex 15.5 66 52
    endloop
  endfacet
  facet normal 0 1 -0
    outer loop
      vertex 12 66 30
      vertex 3 66 77.282
      vertex 12 66 52
    endloop
  endfacet
  facet normal 0 1 0
    outer loop
      vertex 12 66 30
      vertex 3 66 0
      vertex 3 66 77.282
    endloop
  endfacet
  facet normal 0 1 0
    outer loop
      vertex 15.5 66 30
      vertex 3 66 0
      vertex 12 66 30
    endloop
  endfacet
  facet normal -1 0 0
    outer loop
      vertex 0 63 0
      vertex 0 40 77.282
      vertex 0 63 77.282
    endloop
  endfacet
  facet normal -1 0 0
    outer loop
      vertex 0 3 13.1962
      vertex 0 63 0
      vertex 0 3 0
    endloop
  endfacet
  facet normal -1 0 0
    outer loop
      vertex 0 63 0
      vertex 0 3 13.1962
      vertex 0 40 77.282
    endloop
  endfacet
  facet normal 0 0 -1
    outer loop
      vertex 91.2806 11.9134 0
      vertex 16.6194 11.9134 0
      vertex 91.5699 12.5 0
    endloop
  endfacet
  facet normal 0 0 -1
    outer loop
      vertex 91.5699 53.5 0
      vertex 16.9572 55.3474 0
      vertex 17 56 0
    endloop
  endfacet
  facet normal 0 0 -1
    outer loop
      vertex 16.3301 12.5 0
      vertex 91.5699 12.5 0
      vertex 16.6194 11.9134 0
    endloop
  endfacet
  facet normal 0 0 -1
    outer loop
      vertex 91.5699 53.5 0
      vertex 16.8296 54.7059 0
      vertex 16.9572 55.3474 0
    endloop
  endfacet
  facet normal 0 0 -1
    outer loop
      vertex 91.5699 12.5 0
      vertex 16.3301 12.5 0
      vertex 91.5699 53.5 0
    endloop
  endfacet
  facet normal 0 0 -1
    outer loop
      vertex 91.5699 53.5 0
      vertex 16.6194 54.0866 0
      vertex 16.8296 54.7059 0
    endloop
  endfacet
  facet normal 0 0 -1
    outer loop
      vertex 16.3301 53.5 0
      vertex 91.5699 53.5 0
      vertex 16.3301 12.5 0
    endloop
  endfacet
  facet normal 0 0 -1
    outer loop
      vertex 91.5699 53.5 0
      vertex 16.3301 53.5 0
      vertex 16.6194 54.0866 0
    endloop
  endfacet
  facet normal 0 0 -1
    outer loop
      vertex 15.9668 13.0438 0
      vertex 16.3301 53.5 0
      vertex 16.3301 12.5 0
    endloop
  endfacet
  facet normal 0 0 -1
    outer loop
      vertex 15.9668 13.0438 0
      vertex 15.9668 52.9562 0
      vertex 16.3301 53.5 0
    endloop
  endfacet
  facet normal 0 0 -1
    outer loop
      vertex 15.5355 13.5355 0
      vertex 15.9668 52.9562 0
      vertex 15.9668 13.0438 0
    endloop
  endfacet
  facet normal 0 0 -1
    outer loop
      vertex 15.5355 13.5355 0
      vertex 15.5355 52.4645 0
      vertex 15.9668 52.9562 0
    endloop
  endfacet
  facet normal 0 0 -1
    outer loop
      vertex 15.0438 13.9668 0
      vertex 15.5355 52.4645 0
      vertex 15.5355 13.5355 0
    endloop
  endfacet
  facet normal 0 0 -1
    outer loop
      vertex 15.0438 13.9668 0
      vertex 15.0438 52.0332 0
      vertex 15.5355 52.4645 0
    endloop
  endfacet
  facet normal 0 0 -1
    outer loop
      vertex 14.5 14.3301 0
      vertex 15.0438 52.0332 0
      vertex 15.0438 13.9668 0
    endloop
  endfacet
  facet normal 0 0 -1
    outer loop
      vertex 14.5 14.3301 0
      vertex 14.5 51.6699 0
      vertex 15.0438 52.0332 0
    endloop
  endfacet
  facet normal 0 0 -1
    outer loop
      vertex 13.9134 14.6194 0
      vertex 14.5 51.6699 0
      vertex 14.5 14.3301 0
    endloop
  endfacet
  facet normal 0 0 -1
    outer loop
      vertex 13.9134 14.6194 0
      vertex 13.9134 51.3806 0
      vertex 14.5 51.6699 0
    endloop
  endfacet
  facet normal 0 0 -1
    outer loop
      vertex 13.2941 14.8296 0
      vertex 13.9134 51.3806 0
      vertex 13.9134 14.6194 0
    endloop
  endfacet
  facet normal 0 0 -1
    outer loop
      vertex 13.2941 14.8296 0
      vertex 13.2941 51.1704 0
      vertex 13.9134 51.3806 0
    endloop
  endfacet
  facet normal 0 0 -1
    outer loop
      vertex 12.6526 14.9572 0
      vertex 13.2941 51.1704 0
      vertex 13.2941 14.8296 0
    endloop
  endfacet
  facet normal 0 0 -1
    outer loop
      vertex 12.6526 14.9572 0
      vertex 12.6526 51.0428 0
      vertex 13.2941 51.1704 0
    endloop
  endfacet
  facet normal 0 0 -1
    outer loop
      vertex 12 15 0
      vertex 12.6526 51.0428 0
      vertex 12.6526 14.9572 0
    endloop
  endfacet
  facet normal 0 0 -1
    outer loop
      vertex 12 15 0
      vertex 12 51 0
      vertex 12.6526 51.0428 0
    endloop
  endfacet
  facet normal 0 0 -1
    outer loop
      vertex 11.3474 14.9572 0
      vertex 12 51 0
      vertex 12 15 0
    endloop
  endfacet
  facet normal 0 0 -1
    outer loop
      vertex 11.3474 14.9572 0
      vertex 11.3474 51.0428 0
      vertex 12 51 0
    endloop
  endfacet
  facet normal 0 0 -1
    outer loop
      vertex 10.7059 14.8296 0
      vertex 11.3474 51.0428 0
      vertex 11.3474 14.9572 0
    endloop
  endfacet
  facet normal 0 0 -1
    outer loop
      vertex 10.7059 14.8296 0
      vertex 10.7059 51.1704 0
      vertex 11.3474 51.0428 0
    endloop
  endfacet
  facet normal 0 0 -1
    outer loop
      vertex 10.0866 14.6194 0
      vertex 10.7059 51.1704 0
      vertex 10.7059 14.8296 0
    endloop
  endfacet
  facet normal 0 0 -1
    outer loop
      vertex 10.0866 14.6194 0
      vertex 10.0866 51.3806 0
      vertex 10.7059 51.1704 0
    endloop
  endfacet
  facet normal 0 0 -1
    outer loop
      vertex 9.5 14.3301 0
      vertex 10.0866 51.3806 0
      vertex 10.0866 14.6194 0
    endloop
  endfacet
  facet normal 0 0 -1
    outer loop
      vertex 9.5 14.3301 0
      vertex 9.5 51.6699 0
      vertex 10.0866 51.3806 0
    endloop
  endfacet
  facet normal 0 0 -1
    outer loop
      vertex 8.95619 13.9668 0
      vertex 9.5 51.6699 0
      vertex 9.5 14.3301 0
    endloop
  endfacet
  facet normal 0 0 -1
    outer loop
      vertex 8.95619 13.9668 0
      vertex 8.95619 52.0332 0
      vertex 9.5 51.6699 0
    endloop
  endfacet
  facet normal 0 0 -1
    outer loop
      vertex 8.46447 13.5355 0
      vertex 8.95619 52.0332 0
      vertex 8.95619 13.9668 0
    endloop
  endfacet
  facet normal 0 0 -1
    outer loop
      vertex 8.46447 13.5355 0
      vertex 8.46447 52.4645 0
      vertex 8.95619 52.0332 0
    endloop
  endfacet
  facet normal 0 0 -1
    outer loop
      vertex 8.03323 13.0438 0
      vertex 8.46447 52.4645 0
      vertex 8.46447 13.5355 0
    endloop
  endfacet
  facet normal 0 0 -1
    outer loop
      vertex 8.03323 13.0438 0
      vertex 8.03323 52.9562 0
      vertex 8.46447 52.4645 0
    endloop
  endfacet
  facet normal 0 0 -1
    outer loop
      vertex 7.66987 12.5 0
      vertex 8.03323 52.9562 0
      vertex 8.03323 13.0438 0
    endloop
  endfacet
  facet normal 0 0 -1
    outer loop
      vertex 7.66987 12.5 0
      vertex 7.66987 53.5 0
      vertex 8.03323 52.9562 0
    endloop
  endfacet
  facet normal 0 0 -1
    outer loop
      vertex 0 3 0
      vertex 7.66987 12.5 0
      vertex 7.3806 11.9134 0
    endloop
  endfacet
  facet normal -0 0 -1
    outer loop
      vertex 7.66987 12.5 0
      vertex 0 3 0
      vertex 7.66987 53.5 0
    endloop
  endfacet
  facet normal 0 0 -1
    outer loop
      vertex 0 3 0
      vertex 7.3806 11.9134 0
      vertex 7.17037 11.2941 0
    endloop
  endfacet
  facet normal 0 0 -1
    outer loop
      vertex 0 63 0
      vertex 7.66987 53.5 0
      vertex 0 3 0
    endloop
  endfacet
  facet normal 0 0 -1
    outer loop
      vertex 0 3 0
      vertex 7.17037 11.2941 0
      vertex 7.04278 10.6526 0
    endloop
  endfacet
  facet normal 0 0 -1
    outer loop
      vertex 7.66987 53.5 0
      vertex 0 63 0
      vertex 7.3806 54.0866 0
    endloop
  endfacet
  facet normal 0 0 -1
    outer loop
      vertex 0 3 0
      vertex 7.04278 10.6526 0
      vertex 7 10 0
    endloop
  endfacet
  facet normal 0 0 -1
    outer loop
      vertex 7.3806 54.0866 0
      vertex 0 63 0
      vertex 7.17037 54.7059 0
    endloop
  endfacet
  facet normal 0 0 -1
    outer loop
      vertex 100.519 11.9134 0
      vertex 107.9 3 0
      vertex 100.73 11.2941 0
    endloop
  endfacet
  facet normal 0 0 -1
    outer loop
      vertex 107.9 63 0
      vertex 100.857 55.3474 0
      vertex 100.9 56 0
    endloop
  endfacet
  facet normal 0 0 -1
    outer loop
      vertex 100.23 12.5 0
      vertex 107.9 3 0
      vertex 100.519 11.9134 0
    endloop
  endfacet
  facet normal 0 0 -1
    outer loop
      vertex 107.9 63 0
      vertex 100.73 54.7059 0
      vertex 100.857 55.3474 0
    endloop
  endfacet
  facet normal 0 0 -1
    outer loop
      vertex 107.9 3 0
      vertex 100.23 12.5 0
      vertex 107.9 63 0
    endloop
  endfacet
  facet normal 0 0 -1
    outer loop
      vertex 107.9 63 0
      vertex 100.519 54.0866 0
      vertex 100.73 54.7059 0
    endloop
  endfacet
  facet normal 0 0 -1
    outer loop
      vertex 100.23 53.5 0
      vertex 107.9 63 0
      vertex 100.23 12.5 0
    endloop
  endfacet
  facet normal 0 0 -1
    outer loop
      vertex 107.9 63 0
      vertex 100.23 53.5 0
      vertex 100.519 54.0866 0
    endloop
  endfacet
  facet normal 0 0 -1
    outer loop
      vertex 99.8668 13.0438 0
      vertex 100.23 53.5 0
      vertex 100.23 12.5 0
    endloop
  endfacet
  facet normal 0 0 -1
    outer loop
      vertex 99.8668 13.0438 0
      vertex 99.8668 52.9562 0
      vertex 100.23 53.5 0
    endloop
  endfacet
  facet normal 0 0 -1
    outer loop
      vertex 99.4355 13.5355 0
      vertex 99.8668 52.9562 0
      vertex 99.8668 13.0438 0
    endloop
  endfacet
  facet normal 0 0 -1
    outer loop
      vertex 99.4355 13.5355 0
      vertex 99.4355 52.4645 0
      vertex 99.8668 52.9562 0
    endloop
  endfacet
  facet normal 0 0 -1
    outer loop
      vertex 98.9438 13.9668 0
      vertex 99.4355 52.4645 0
      vertex 99.4355 13.5355 0
    endloop
  endfacet
  facet normal 0 0 -1
    outer loop
      vertex 98.9438 13.9668 0
      vertex 98.9438 52.0332 0
      vertex 99.4355 52.4645 0
    endloop
  endfacet
  facet normal 0 0 -1
    outer loop
      vertex 98.4 14.3301 0
      vertex 98.9438 52.0332 0
      vertex 98.9438 13.9668 0
    endloop
  endfacet
  facet normal 0 0 -1
    outer loop
      vertex 98.4 14.3301 0
      vertex 98.4 51.6699 0
      vertex 98.9438 52.0332 0
    endloop
  endfacet
  facet normal 0 0 -1
    outer loop
      vertex 97.8134 14.6194 0
      vertex 98.4 51.6699 0
      vertex 98.4 14.3301 0
    endloop
  endfacet
  facet normal 0 0 -1
    outer loop
      vertex 97.8134 14.6194 0
      vertex 97.8134 51.3806 0
      vertex 98.4 51.6699 0
    endloop
  endfacet
  facet normal 0 0 -1
    outer loop
      vertex 97.1941 14.8296 0
      vertex 97.8134 51.3806 0
      vertex 97.8134 14.6194 0
    endloop
  endfacet
  facet normal 0 0 -1
    outer loop
      vertex 97.1941 14.8296 0
      vertex 97.1941 51.1704 0
      vertex 97.8134 51.3806 0
    endloop
  endfacet
  facet normal 0 0 -1
    outer loop
      vertex 96.5526 14.9572 0
      vertex 97.1941 51.1704 0
      vertex 97.1941 14.8296 0
    endloop
  endfacet
  facet normal 0 0 -1
    outer loop
      vertex 96.5526 14.9572 0
      vertex 96.5526 51.0428 0
      vertex 97.1941 51.1704 0
    endloop
  endfacet
  facet normal 0 0 -1
    outer loop
      vertex 95.9 15 0
      vertex 96.5526 51.0428 0
      vertex 96.5526 14.9572 0
    endloop
  endfacet
  facet normal 0 0 -1
    outer loop
      vertex 95.9 15 0
      vertex 95.9 51 0
      vertex 96.5526 51.0428 0
    endloop
  endfacet
  facet normal 0 0 -1
    outer loop
      vertex 95.2474 14.9572 0
      vertex 95.9 51 0
      vertex 95.9 15 0
    endloop
  endfacet
  facet normal 0 0 -1
    outer loop
      vertex 95.2474 14.9572 0
      vertex 95.2474 51.0428 0
      vertex 95.9 51 0
    endloop
  endfacet
  facet normal 0 0 -1
    outer loop
      vertex 94.6059 14.8296 0
      vertex 95.2474 51.0428 0
      vertex 95.2474 14.9572 0
    endloop
  endfacet
  facet normal 0 0 -1
    outer loop
      vertex 94.6059 14.8296 0
      vertex 94.6059 51.1704 0
      vertex 95.2474 51.0428 0
    endloop
  endfacet
  facet normal 0 0 -1
    outer loop
      vertex 93.9866 14.6194 0
      vertex 94.6059 51.1704 0
      vertex 94.6059 14.8296 0
    endloop
  endfacet
  facet normal 0 0 -1
    outer loop
      vertex 93.9866 14.6194 0
      vertex 93.9866 51.3806 0
      vertex 94.6059 51.1704 0
    endloop
  endfacet
  facet normal 0 0 -1
    outer loop
      vertex 93.4 14.3301 0
      vertex 93.9866 51.3806 0
      vertex 93.9866 14.6194 0
    endloop
  endfacet
  facet normal 0 0 -1
    outer loop
      vertex 93.4 14.3301 0
      vertex 93.4 51.6699 0
      vertex 93.9866 51.3806 0
    endloop
  endfacet
  facet normal 0 0 -1
    outer loop
      vertex 92.8562 13.9668 0
      vertex 93.4 51.6699 0
      vertex 93.4 14.3301 0
    endloop
  endfacet
  facet normal 0 0 -1
    outer loop
      vertex 92.8562 13.9668 0
      vertex 92.8562 52.0332 0
      vertex 93.4 51.6699 0
    endloop
  endfacet
  facet normal 0 0 -1
    outer loop
      vertex 92.3645 13.5355 0
      vertex 92.8562 52.0332 0
      vertex 92.8562 13.9668 0
    endloop
  endfacet
  facet normal 0 0 -1
    outer loop
      vertex 92.3645 13.5355 0
      vertex 92.3645 52.4645 0
      vertex 92.8562 52.0332 0
    endloop
  endfacet
  facet normal 0 0 -1
    outer loop
      vertex 91.9332 13.0438 0
      vertex 92.3645 52.4645 0
      vertex 92.3645 13.5355 0
    endloop
  endfacet
  facet normal 0 0 -1
    outer loop
      vertex 91.9332 13.0438 0
      vertex 91.9332 52.9562 0
      vertex 92.3645 52.4645 0
    endloop
  endfacet
  facet normal 0 0 -1
    outer loop
      vertex 91.5699 12.5 0
      vertex 91.9332 52.9562 0
      vertex 91.9332 13.0438 0
    endloop
  endfacet
  facet normal 0 0 -1
    outer loop
      vertex 91.5699 12.5 0
      vertex 91.5699 53.5 0
      vertex 91.9332 52.9562 0
    endloop
  endfacet
  facet normal 0 0 -1
    outer loop
      vertex 16.8296 11.2941 0
      vertex 91.0704 11.2941 0
      vertex 16.9572 10.6526 0
    endloop
  endfacet
  facet normal 0 0 -1
    outer loop
      vertex 91.0704 11.2941 0
      vertex 16.8296 11.2941 0
      vertex 91.2806 11.9134 0
    endloop
  endfacet
  facet normal 0 0 -1
    outer loop
      vertex 90.9428 10.6526 0
      vertex 16.9572 10.6526 0
      vertex 91.0704 11.2941 0
    endloop
  endfacet
  facet normal 0 0 -1
    outer loop
      vertex 16.6194 11.9134 0
      vertex 91.2806 11.9134 0
      vertex 16.8296 11.2941 0
    endloop
  endfacet
  facet normal 0 0 -1
    outer loop
      vertex 16.9572 10.6526 0
      vertex 90.9428 10.6526 0
      vertex 17 10 0
    endloop
  endfacet
  facet normal 0 0 -1
    outer loop
      vertex 91.5699 53.5 0
      vertex 17 56 0
      vertex 91.2806 54.0866 0
    endloop
  endfacet
  facet normal 0 0 -1
    outer loop
      vertex 17 10 0
      vertex 90.9428 10.6526 0
      vertex 90.9 10 0
    endloop
  endfacet
  facet normal 0 0 -1
    outer loop
      vertex 91.2806 54.0866 0
      vertex 17 56 0
      vertex 91.0704 54.7059 0
    endloop
  endfacet
  facet normal 0 0 -1
    outer loop
      vertex 104.9 0 0
      vertex 107.9 3 0
      vertex 107.874 2.60842 0
    endloop
  endfacet
  facet normal 0 0 -1
    outer loop
      vertex 100.857 10.6526 0
      vertex 107.9 3 0
      vertex 100.9 10 0
    endloop
  endfacet
  facet normal 0 0 -1
    outer loop
      vertex 104.9 0 0
      vertex 107.874 2.60842 0
      vertex 107.798 2.22354 0
    endloop
  endfacet
  facet normal 0 0 -1
    outer loop
      vertex 100.73 11.2941 0
      vertex 107.9 3 0
      vertex 100.857 10.6526 0
    endloop
  endfacet
  facet normal 0 0 -1
    outer loop
      vertex 104.9 0 0
      vertex 107.798 2.22354 0
      vertex 107.672 1.85195 0
    endloop
  endfacet
  facet normal 0 0 -1
    outer loop
      vertex 100.857 56.6526 0
      vertex 107.9 63 0
      vertex 100.9 56 0
    endloop
  endfacet
  facet normal 0 0 -1
    outer loop
      vertex 104.9 0 0
      vertex 107.672 1.85195 0
      vertex 107.498 1.5 0
    endloop
  endfacet
  facet normal 0 0 -1
    outer loop
      vertex 100.73 57.2941 0
      vertex 107.9 63 0
      vertex 100.857 56.6526 0
    endloop
  endfacet
  facet normal 0 0 -1
    outer loop
      vertex 104.9 0 0
      vertex 107.498 1.5 0
      vertex 107.28 1.17372 0
    endloop
  endfacet
  facet normal 0 0 -1
    outer loop
      vertex 100.519 57.9134 0
      vertex 107.9 63 0
      vertex 100.73 57.2941 0
    endloop
  endfacet
  facet normal 0 0 -1
    outer loop
      vertex 104.9 0 0
      vertex 107.28 1.17372 0
      vertex 107.021 0.878679 0
    endloop
  endfacet
  facet normal 0 0 -1
    outer loop
      vertex 100.23 58.5 0
      vertex 107.9 63 0
      vertex 100.519 57.9134 0
    endloop
  endfacet
  facet normal 0 0 -1
    outer loop
      vertex 104.9 0 0
      vertex 107.021 0.878679 0
      vertex 106.726 0.61994 0
    endloop
  endfacet
  facet normal 0 0 -1
    outer loop
      vertex 99.8668 59.0438 0
      vertex 107.9 63 0
      vertex 100.23 58.5 0
    endloop
  endfacet
  facet normal 0 0 -1
    outer loop
      vertex 104.9 0 0
      vertex 106.726 0.61994 0
      vertex 106.4 0.401923 0
    endloop
  endfacet
  facet normal 0 -0 -1
    outer loop
      vertex 104.9 66 0
      vertex 107.9 63 0
      vertex 99.8668 59.0438 0
    endloop
  endfacet
  facet normal 0 0 -1
    outer loop
      vertex 104.9 0 0
      vertex 106.4 0.401923 0
      vertex 106.048 0.228361 0
    endloop
  endfacet
  facet normal 0 0 -1
    outer loop
      vertex 107.9 63 0
      vertex 104.9 66 0
      vertex 107.874 63.3916 0
    endloop
  endfacet
  facet normal 0 0 -1
    outer loop
      vertex 104.9 0 0
      vertex 106.048 0.228361 0
      vertex 105.676 0.102222 0
    endloop
  endfacet
  facet normal 0 0 -1
    outer loop
      vertex 107.874 63.3916 0
      vertex 104.9 66 0
      vertex 107.798 63.7765 0
    endloop
  endfacet
  facet normal 0 0 -1
    outer loop
      vertex 104.9 0 0
      vertex 105.676 0.102222 0
      vertex 105.292 0.0256653 0
    endloop
  endfacet
  facet normal 0 0 -1
    outer loop
      vertex 107.672 64.148 0
      vertex 104.9 66 0
      vertex 107.498 64.5 0
    endloop
  endfacet
  facet normal -0 0 -1
    outer loop
      vertex 107.9 3 0
      vertex 104.9 0 0
      vertex 99.8668 6.95619 0
    endloop
  endfacet
  facet normal 0 0 -1
    outer loop
      vertex 107.498 64.5 0
      vertex 104.9 66 0
      vertex 107.28 64.8263 0
    endloop
  endfacet
  facet normal 0 0 -1
    outer loop
      vertex 107.28 64.8263 0
      vertex 104.9 66 0
      vertex 107.021 65.1213 0
    endloop
  endfacet
  facet normal 0 0 -1
    outer loop
      vertex 107.9 3 0
      vertex 100.857 9.34737 0
      vertex 100.9 10 0
    endloop
  endfacet
  facet normal 0 0 -1
    outer loop
      vertex 107.9 3 0
      vertex 100.73 8.7059 0
      vertex 100.857 9.34737 0
    endloop
  endfacet
  facet normal 0 0 -1
    outer loop
      vertex 107.9 3 0
      vertex 100.519 8.08658 0
      vertex 100.73 8.7059 0
    endloop
  endfacet
  facet normal 0 0 -1
    outer loop
      vertex 107.9 3 0
      vertex 100.23 7.5 0
      vertex 100.519 8.08658 0
    endloop
  endfacet
  facet normal 0 0 -1
    outer loop
      vertex 107.9 3 0
      vertex 99.8668 6.95619 0
      vertex 100.23 7.5 0
    endloop
  endfacet
  facet normal 0 0 -1
    outer loop
      vertex 104.9 0 0
      vertex 99.4355 6.46447 0
      vertex 99.8668 6.95619 0
    endloop
  endfacet
  facet normal 0 0 -1
    outer loop
      vertex 104.9 0 0
      vertex 98.9438 6.03323 0
      vertex 99.4355 6.46447 0
    endloop
  endfacet
  facet normal 0 0 -1
    outer loop
      vertex 104.9 0 0
      vertex 98.4 5.66987 0
      vertex 98.9438 6.03323 0
    endloop
  endfacet
  facet normal 0 0 -1
    outer loop
      vertex 104.9 0 0
      vertex 97.8134 5.3806 0
      vertex 98.4 5.66987 0
    endloop
  endfacet
  facet normal 0 0 -1
    outer loop
      vertex 104.9 0 0
      vertex 97.1941 5.17037 0
      vertex 97.8134 5.3806 0
    endloop
  endfacet
  facet normal 0 0 -1
    outer loop
      vertex 104.9 0 0
      vertex 96.5526 5.04278 0
      vertex 97.1941 5.17037 0
    endloop
  endfacet
  facet normal 0 0 -1
    outer loop
      vertex 104.9 0 0
      vertex 95.9 5 0
      vertex 96.5526 5.04278 0
    endloop
  endfacet
  facet normal 0 0 -1
    outer loop
      vertex 104.9 0 0
      vertex 95.2474 5.04278 0
      vertex 95.9 5 0
    endloop
  endfacet
  facet normal 0 0 -1
    outer loop
      vertex 104.9 0 0
      vertex 94.6059 5.17037 0
      vertex 95.2474 5.04278 0
    endloop
  endfacet
  facet normal 0 0 -1
    outer loop
      vertex 104.9 0 0
      vertex 93.9866 5.3806 0
      vertex 94.6059 5.17037 0
    endloop
  endfacet
  facet normal 0 0 -1
    outer loop
      vertex 91.0704 54.7059 0
      vertex 17 56 0
      vertex 90.9428 55.3474 0
    endloop
  endfacet
  facet normal 0 0 -1
    outer loop
      vertex 90.9428 9.34737 0
      vertex 17 10 0
      vertex 90.9 10 0
    endloop
  endfacet
  facet normal 0 0 -1
    outer loop
      vertex 16.9572 9.34737 0
      vertex 90.9428 9.34737 0
      vertex 91.0704 8.7059 0
    endloop
  endfacet
  facet normal 0 0 -1
    outer loop
      vertex 16.8296 8.7059 0
      vertex 91.0704 8.7059 0
      vertex 91.2806 8.08658 0
    endloop
  endfacet
  facet normal 0 0 -1
    outer loop
      vertex 16.6194 8.08658 0
      vertex 91.2806 8.08658 0
      vertex 91.5699 7.5 0
    endloop
  endfacet
  facet normal 0 0 -1
    outer loop
      vertex 16.3301 7.5 0
      vertex 91.5699 7.5 0
      vertex 91.9332 6.95619 0
    endloop
  endfacet
  facet normal 0 0 -1
    outer loop
      vertex 15.9668 6.95619 0
      vertex 91.9332 6.95619 0
      vertex 92.3645 6.46447 0
    endloop
  endfacet
  facet normal 0 0 -1
    outer loop
      vertex 15.5355 6.46447 0
      vertex 92.3645 6.46447 0
      vertex 92.8562 6.03323 0
    endloop
  endfacet
  facet normal 0 0 -1
    outer loop
      vertex 15.0438 6.03323 0
      vertex 92.8562 6.03323 0
      vertex 93.4 5.66987 0
    endloop
  endfacet
  facet normal 0 0 -1
    outer loop
      vertex 14.5 5.66987 0
      vertex 93.4 5.66987 0
      vertex 93.9866 5.3806 0
    endloop
  endfacet
  facet normal 0 0 -1
    outer loop
      vertex 13.9134 5.3806 0
      vertex 93.9866 5.3806 0
      vertex 104.9 0 0
    endloop
  endfacet
  facet normal 0 0 -1
    outer loop
      vertex 90.9428 9.34737 0
      vertex 16.9572 9.34737 0
      vertex 17 10 0
    endloop
  endfacet
  facet normal 0 0 -1
    outer loop
      vertex 91.0704 8.7059 0
      vertex 16.8296 8.7059 0
      vertex 16.9572 9.34737 0
    endloop
  endfacet
  facet normal 0 0 -1
    outer loop
      vertex 91.2806 8.08658 0
      vertex 16.6194 8.08658 0
      vertex 16.8296 8.7059 0
    endloop
  endfacet
  facet normal 0 0 -1
    outer loop
      vertex 91.5699 7.5 0
      vertex 16.3301 7.5 0
      vertex 16.6194 8.08658 0
    endloop
  endfacet
  facet normal 0 0 -1
    outer loop
      vertex 91.9332 6.95619 0
      vertex 15.9668 6.95619 0
      vertex 16.3301 7.5 0
    endloop
  endfacet
  facet normal 0 0 -1
    outer loop
      vertex 92.3645 6.46447 0
      vertex 15.5355 6.46447 0
      vertex 15.9668 6.95619 0
    endloop
  endfacet
  facet normal 0 0 -1
    outer loop
      vertex 92.8562 6.03323 0
      vertex 15.0438 6.03323 0
      vertex 15.5355 6.46447 0
    endloop
  endfacet
  facet normal 0 0 -1
    outer loop
      vertex 93.4 5.66987 0
      vertex 14.5 5.66987 0
      vertex 15.0438 6.03323 0
    endloop
  endfacet
  facet normal 0 0 -1
    outer loop
      vertex 93.9866 5.3806 0
      vertex 13.9134 5.3806 0
      vertex 14.5 5.66987 0
    endloop
  endfacet
  facet normal 0 0 -1
    outer loop
      vertex 3 0 0
      vertex 13.9134 5.3806 0
      vertex 104.9 0 0
    endloop
  endfacet
  facet normal 0 0 -1
    outer loop
      vertex 13.9134 5.3806 0
      vertex 3 0 0
      vertex 13.2941 5.17037 0
    endloop
  endfacet
  facet normal 0 0 -1
    outer loop
      vertex 13.2941 5.17037 0
      vertex 3 0 0
      vertex 12.6526 5.04278 0
    endloop
  endfacet
  facet normal -0 0 -1
    outer loop
      vertex 7.04278 9.34737 0
      vertex 0 3 0
      vertex 7 10 0
    endloop
  endfacet
  facet normal -0 0 -1
    outer loop
      vertex 7.17037 8.7059 0
      vertex 0 3 0
      vertex 7.04278 9.34737 0
    endloop
  endfacet
  facet normal -0 0 -1
    outer loop
      vertex 7.3806 8.08658 0
      vertex 0 3 0
      vertex 7.17037 8.7059 0
    endloop
  endfacet
  facet normal -0 0 -1
    outer loop
      vertex 7.66987 7.5 0
      vertex 0 3 0
      vertex 7.3806 8.08658 0
    endloop
  endfacet
  facet normal -0 0 -1
    outer loop
      vertex 8.03323 6.95619 0
      vertex 0 3 0
      vertex 7.66987 7.5 0
    endloop
  endfacet
  facet normal 0 0 -1
    outer loop
      vertex 0 3 0
      vertex 8.03323 6.95619 0
      vertex 3 0 0
    endloop
  endfacet
  facet normal -0 0 -1
    outer loop
      vertex 8.46447 6.46447 0
      vertex 3 0 0
      vertex 8.03323 6.95619 0
    endloop
  endfacet
  facet normal -0 0 -1
    outer loop
      vertex 8.95619 6.03323 0
      vertex 3 0 0
      vertex 8.46447 6.46447 0
    endloop
  endfacet
  facet normal -0 0 -1
    outer loop
      vertex 9.5 5.66987 0
      vertex 3 0 0
      vertex 8.95619 6.03323 0
    endloop
  endfacet
  facet normal -0 0 -1
    outer loop
      vertex 10.0866 5.3806 0
      vertex 3 0 0
      vertex 9.5 5.66987 0
    endloop
  endfacet
  facet normal -0 0 -1
    outer loop
      vertex 10.7059 5.17037 0
      vertex 3 0 0
      vertex 10.0866 5.3806 0
    endloop
  endfacet
  facet normal -0 0 -1
    outer loop
      vertex 11.3474 5.04278 0
      vertex 3 0 0
      vertex 10.7059 5.17037 0
    endloop
  endfacet
  facet normal -0 0 -1
    outer loop
      vertex 12 5 0
      vertex 3 0 0
      vertex 11.3474 5.04278 0
    endloop
  endfacet
  facet normal 0 0 -1
    outer loop
      vertex 12.6526 5.04278 0
      vertex 3 0 0
      vertex 12 5 0
    endloop
  endfacet
  facet normal 0 0 -1
    outer loop
      vertex 107.021 65.1213 0
      vertex 104.9 66 0
      vertex 106.726 65.3801 0
    endloop
  endfacet
  facet normal 0 0 -1
    outer loop
      vertex 106.726 65.3801 0
      vertex 104.9 66 0
      vertex 106.4 65.5981 0
    endloop
  endfacet
  facet normal 0 0 -1
    outer loop
      vertex 106.4 65.5981 0
      vertex 104.9 66 0
      vertex 106.048 65.7716 0
    endloop
  endfacet
  facet normal 0 0 -1
    outer loop
      vertex 106.048 65.7716 0
      vertex 104.9 66 0
      vertex 105.676 65.8978 0
    endloop
  endfacet
  facet normal 0 0 -1
    outer loop
      vertex 105.676 65.8978 0
      vertex 104.9 66 0
      vertex 105.292 65.9743 0
    endloop
  endfacet
  facet normal 0 0 -1
    outer loop
      vertex 107.798 63.7765 0
      vertex 104.9 66 0
      vertex 107.672 64.148 0
    endloop
  endfacet
  facet normal 0 0 -1
    outer loop
      vertex 99.4355 59.5355 0
      vertex 104.9 66 0
      vertex 99.8668 59.0438 0
    endloop
  endfacet
  facet normal 0 0 -1
    outer loop
      vertex 98.9438 59.9668 0
      vertex 104.9 66 0
      vertex 99.4355 59.5355 0
    endloop
  endfacet
  facet normal 0 0 -1
    outer loop
      vertex 98.4 60.3301 0
      vertex 104.9 66 0
      vertex 98.9438 59.9668 0
    endloop
  endfacet
  facet normal 0 0 -1
    outer loop
      vertex 97.8134 60.6194 0
      vertex 104.9 66 0
      vertex 98.4 60.3301 0
    endloop
  endfacet
  facet normal 0 0 -1
    outer loop
      vertex 97.1941 60.8296 0
      vertex 104.9 66 0
      vertex 97.8134 60.6194 0
    endloop
  endfacet
  facet normal 0 0 -1
    outer loop
      vertex 96.5526 60.9572 0
      vertex 104.9 66 0
      vertex 97.1941 60.8296 0
    endloop
  endfacet
  facet normal 0 0 -1
    outer loop
      vertex 95.9 61 0
      vertex 104.9 66 0
      vertex 96.5526 60.9572 0
    endloop
  endfacet
  facet normal 0 0 -1
    outer loop
      vertex 95.2474 60.9572 0
      vertex 104.9 66 0
      vertex 95.9 61 0
    endloop
  endfacet
  facet normal 0 0 -1
    outer loop
      vertex 94.6059 60.8296 0
      vertex 104.9 66 0
      vertex 95.2474 60.9572 0
    endloop
  endfacet
  facet normal 0 0 -1
    outer loop
      vertex 93.9866 60.6194 0
      vertex 104.9 66 0
      vertex 94.6059 60.8296 0
    endloop
  endfacet
  facet normal 0 0 -1
    outer loop
      vertex 90.9428 55.3474 0
      vertex 17 56 0
      vertex 90.9 56 0
    endloop
  endfacet
  facet normal 0 0 -1
    outer loop
      vertex 90.9 56 0
      vertex 17 56 0
      vertex 90.9428 56.6526 0
    endloop
  endfacet
  facet normal 0 0 -1
    outer loop
      vertex 16.9572 56.6526 0
      vertex 90.9428 56.6526 0
      vertex 17 56 0
    endloop
  endfacet
  facet normal 0 0 -1
    outer loop
      vertex 90.9428 56.6526 0
      vertex 16.9572 56.6526 0
      vertex 91.0704 57.2941 0
    endloop
  endfacet
  facet normal 0 0 -1
    outer loop
      vertex 16.8296 57.2941 0
      vertex 91.0704 57.2941 0
      vertex 16.9572 56.6526 0
    endloop
  endfacet
  facet normal 0 0 -1
    outer loop
      vertex 91.0704 57.2941 0
      vertex 16.8296 57.2941 0
      vertex 91.2806 57.9134 0
    endloop
  endfacet
  facet normal 0 0 -1
    outer loop
      vertex 16.6194 57.9134 0
      vertex 91.2806 57.9134 0
      vertex 16.8296 57.2941 0
    endloop
  endfacet
  facet normal 0 0 -1
    outer loop
      vertex 91.2806 57.9134 0
      vertex 16.6194 57.9134 0
      vertex 91.5699 58.5 0
    endloop
  endfacet
  facet normal 0 0 -1
    outer loop
      vertex 16.3301 58.5 0
      vertex 91.5699 58.5 0
      vertex 16.6194 57.9134 0
    endloop
  endfacet
  facet normal 0 0 -1
    outer loop
      vertex 91.5699 58.5 0
      vertex 16.3301 58.5 0
      vertex 91.9332 59.0438 0
    endloop
  endfacet
  facet normal 0 0 -1
    outer loop
      vertex 15.9668 59.0438 0
      vertex 91.9332 59.0438 0
      vertex 16.3301 58.5 0
    endloop
  endfacet
  facet normal 0 0 -1
    outer loop
      vertex 91.9332 59.0438 0
      vertex 15.9668 59.0438 0
      vertex 92.3645 59.5355 0
    endloop
  endfacet
  facet normal 0 0 -1
    outer loop
      vertex 15.5355 59.5355 0
      vertex 92.3645 59.5355 0
      vertex 15.9668 59.0438 0
    endloop
  endfacet
  facet normal 0 0 -1
    outer loop
      vertex 92.3645 59.5355 0
      vertex 15.5355 59.5355 0
      vertex 92.8562 59.9668 0
    endloop
  endfacet
  facet normal 0 0 -1
    outer loop
      vertex 15.0438 59.9668 0
      vertex 92.8562 59.9668 0
      vertex 15.5355 59.5355 0
    endloop
  endfacet
  facet normal 0 0 -1
    outer loop
      vertex 92.8562 59.9668 0
      vertex 15.0438 59.9668 0
      vertex 93.4 60.3301 0
    endloop
  endfacet
  facet normal 0 0 -1
    outer loop
      vertex 14.5 60.3301 0
      vertex 93.4 60.3301 0
      vertex 15.0438 59.9668 0
    endloop
  endfacet
  facet normal 0 0 -1
    outer loop
      vertex 93.4 60.3301 0
      vertex 14.5 60.3301 0
      vertex 93.9866 60.6194 0
    endloop
  endfacet
  facet normal 0 0 -1
    outer loop
      vertex 13.9134 60.6194 0
      vertex 93.9866 60.6194 0
      vertex 14.5 60.3301 0
    endloop
  endfacet
  facet normal 0 0 -1
    outer loop
      vertex 93.9866 60.6194 0
      vertex 13.9134 60.6194 0
      vertex 104.9 66 0
    endloop
  endfacet
  facet normal 0 0 -1
    outer loop
      vertex 3 66 0
      vertex 13.9134 60.6194 0
      vertex 13.2941 60.8296 0
    endloop
  endfacet
  facet normal 0 0 -1
    outer loop
      vertex 3 66 0
      vertex 13.2941 60.8296 0
      vertex 12.6526 60.9572 0
    endloop
  endfacet
  facet normal 0 0 -1
    outer loop
      vertex 3 66 0
      vertex 12.6526 60.9572 0
      vertex 12 61 0
    endloop
  endfacet
  facet normal 0 0 -1
    outer loop
      vertex 7.17037 54.7059 0
      vertex 0 63 0
      vertex 7.04278 55.3474 0
    endloop
  endfacet
  facet normal 0 0 -1
    outer loop
      vertex 13.9134 60.6194 0
      vertex 3 66 0
      vertex 104.9 66 0
    endloop
  endfacet
  facet normal 0 0 -1
    outer loop
      vertex 11.3474 60.9572 0
      vertex 3 66 0
      vertex 12 61 0
    endloop
  endfacet
  facet normal 0 0 -1
    outer loop
      vertex 10.7059 60.8296 0
      vertex 3 66 0
      vertex 11.3474 60.9572 0
    endloop
  endfacet
  facet normal 0 0 -1
    outer loop
      vertex 10.0866 60.6194 0
      vertex 3 66 0
      vertex 10.7059 60.8296 0
    endloop
  endfacet
  facet normal 0 0 -1
    outer loop
      vertex 9.5 60.3301 0
      vertex 3 66 0
      vertex 10.0866 60.6194 0
    endloop
  endfacet
  facet normal 0 0 -1
    outer loop
      vertex 8.95619 59.9668 0
      vertex 3 66 0
      vertex 9.5 60.3301 0
    endloop
  endfacet
  facet normal 0 0 -1
    outer loop
      vertex 8.46447 59.5355 0
      vertex 3 66 0
      vertex 8.95619 59.9668 0
    endloop
  endfacet
  facet normal 0 0 -1
    outer loop
      vertex 8.03323 59.0438 0
      vertex 3 66 0
      vertex 8.46447 59.5355 0
    endloop
  endfacet
  facet normal 0 0 -1
    outer loop
      vertex 0 63 0
      vertex 8.03323 59.0438 0
      vertex 7.66987 58.5 0
    endloop
  endfacet
  facet normal 0 0 -1
    outer loop
      vertex 0 63 0
      vertex 7.66987 58.5 0
      vertex 7.3806 57.9134 0
    endloop
  endfacet
  facet normal 0 0 -1
    outer loop
      vertex 0 63 0
      vertex 7.3806 57.9134 0
      vertex 7.17037 57.2941 0
    endloop
  endfacet
  facet normal 0 0 -1
    outer loop
      vertex 0 63 0
      vertex 7.17037 57.2941 0
      vertex 7.04278 56.6526 0
    endloop
  endfacet
  facet normal 0 0 -1
    outer loop
      vertex 7.04278 55.3474 0
      vertex 0 63 0
      vertex 7 56 0
    endloop
  endfacet
  facet normal 0 0 -1
    outer loop
      vertex 0 3 0
      vertex 3 0 0
      vertex 2.60842 0.0256653 0
    endloop
  endfacet
  facet normal 0 0 -1
    outer loop
      vertex 7 56 0
      vertex 0 63 0
      vertex 7.04278 56.6526 0
    endloop
  endfacet
  facet normal 0 0 -1
    outer loop
      vertex 0 3 0
      vertex 2.60842 0.0256653 0
      vertex 2.22354 0.102222 0
    endloop
  endfacet
  facet normal 0 0 -1
    outer loop
      vertex 8.03323 59.0438 0
      vertex 0 63 0
      vertex 3 66 0
    endloop
  endfacet
  facet normal 0 0 -1
    outer loop
      vertex 0 3 0
      vertex 2.22354 0.102222 0
      vertex 1.85195 0.228361 0
    endloop
  endfacet
  facet normal 0 0 -1
    outer loop
      vertex 3 66 0
      vertex 0 63 0
      vertex 2.60842 65.9743 0
    endloop
  endfacet
  facet normal 0 0 -1
    outer loop
      vertex 0 3 0
      vertex 1.85195 0.228361 0
      vertex 1.5 0.401923 0
    endloop
  endfacet
  facet normal 0 0 -1
    outer loop
      vertex 2.60842 65.9743 0
      vertex 0 63 0
      vertex 2.22354 65.8978 0
    endloop
  endfacet
  facet normal 0 0 -1
    outer loop
      vertex 0 3 0
      vertex 1.5 0.401923 0
      vertex 1.17372 0.61994 0
    endloop
  endfacet
  facet normal 0 0 -1
    outer loop
      vertex 2.22354 65.8978 0
      vertex 0 63 0
      vertex 1.85195 65.7716 0
    endloop
  endfacet
  facet normal 0 0 -1
    outer loop
      vertex 0 3 0
      vertex 1.17372 0.61994 0
      vertex 0.878679 0.878679 0
    endloop
  endfacet
  facet normal 0 0 -1
    outer loop
      vertex 1.85195 65.7716 0
      vertex 0 63 0
      vertex 1.5 65.5981 0
    endloop
  endfacet
  facet normal 0 0 -1
    outer loop
      vertex 0 3 0
      vertex 0.878679 0.878679 0
      vertex 0.61994 1.17372 0
    endloop
  endfacet
  facet normal 0 0 -1
    outer loop
      vertex 1.5 65.5981 0
      vertex 0 63 0
      vertex 1.17372 65.3801 0
    endloop
  endfacet
  facet normal 0 0 -1
    outer loop
      vertex 0 3 0
      vertex 0.61994 1.17372 0
      vertex 0.401923 1.5 0
    endloop
  endfacet
  facet normal 0 0 -1
    outer loop
      vertex 1.17372 65.3801 0
      vertex 0 63 0
      vertex 0.878679 65.1213 0
    endloop
  endfacet
  facet normal 0 0 -1
    outer loop
      vertex 0 3 0
      vertex 0.401923 1.5 0
      vertex 0.228361 1.85195 0
    endloop
  endfacet
  facet normal 0 0 -1
    outer loop
      vertex 0.878679 65.1213 0
      vertex 0 63 0
      vertex 0.61994 64.8263 0
    endloop
  endfacet
  facet normal 0 0 -1
    outer loop
      vertex 0 3 0
      vertex 0.228361 1.85195 0
      vertex 0.102222 2.22354 0
    endloop
  endfacet
  facet normal 0 0 -1
    outer loop
      vertex 0.61994 64.8263 0
      vertex 0 63 0
      vertex 0.401923 64.5 0
    endloop
  endfacet
  facet normal 0 0 -1
    outer loop
      vertex 0 3 0
      vertex 0.102222 2.22354 0
      vertex 0.0256653 2.60842 0
    endloop
  endfacet
  facet normal 0 0 -1
    outer loop
      vertex 0.401923 64.5 0
      vertex 0 63 0
      vertex 0.228361 64.148 0
    endloop
  endfacet
  facet normal 0 0 -1
    outer loop
      vertex 0.228361 64.148 0
      vertex 0 63 0
      vertex 0.102222 63.7765 0
    endloop
  endfacet
  facet normal 0 0 -1
    outer loop
      vertex 0.102222 63.7765 0
      vertex 0 63 0
      vertex 0.0256653 63.3916 0
    endloop
  endfacet
  facet normal 1 0 0
    outer loop
      vertex 107.9 44.18 52.7
      vertex 107.9 29.3881 47.9017
      vertex 107.9 36.9226 43.5518
    endloop
  endfacet
  facet normal 1 0 0
    outer loop
      vertex 107.9 3 13.1962
      vertex 107.9 29.3881 47.9017
      vertex 107.9 40 77.282
    endloop
  endfacet
  facet normal 1 0 0
    outer loop
      vertex 107.9 29.3881 47.9017
      vertex 107.9 3 13.1962
      vertex 107.9 20.3881 32.3133
    endloop
  endfacet
  facet normal 1 -0 0
    outer loop
      vertex 107.9 49.68 44.2
      vertex 107.9 50.0377 44.1004
      vertex 107.9 50.1004 44.2276
    endloop
  endfacet
  facet normal 1 0 0
    outer loop
      vertex 107.9 49.68 44.2
      vertex 107.9 49.7959 43.3882
      vertex 107.9 50.0377 44.1004
    endloop
  endfacet
  facet normal 1 0 0
    outer loop
      vertex 107.9 48.9621 44.2471
      vertex 107.9 49.7959 43.3882
      vertex 107.9 49.68 44.2
    endloop
  endfacet
  facet normal 1 0 0
    outer loop
      vertex 107.9 49.7959 43.3882
      vertex 107.9 48.9621 44.2471
      vertex 107.9 49.6492 42.6505
    endloop
  endfacet
  facet normal 1 0 0
    outer loop
      vertex 107.9 49.6492 42.6505
      vertex 107.9 48.2565 44.3874
      vertex 107.9 49.6 41.9
    endloop
  endfacet
  facet normal 1 0 0
    outer loop
      vertex 107.9 48.2565 44.3874
      vertex 107.9 49.6492 42.6505
      vertex 107.9 48.9621 44.2471
    endloop
  endfacet
  facet normal 1 0 0
    outer loop
      vertex 107.9 47.5752 44.6187
      vertex 107.9 49.6 41.9
      vertex 107.9 48.2565 44.3874
    endloop
  endfacet
  facet normal 1 0 0
    outer loop
      vertex 107.9 46.93 44.9369
      vertex 107.9 49.6 41.9
      vertex 107.9 47.5752 44.6187
    endloop
  endfacet
  facet normal 1 0 0
    outer loop
      vertex 107.9 49.6 41.9
      vertex 107.9 46.93 44.9369
      vertex 107.9 49.6 38.9
    endloop
  endfacet
  facet normal 1 0 0
    outer loop
      vertex 107.9 45.786 34.894
      vertex 107.9 49.6 38.9
      vertex 107.9 46.93 44.9369
    endloop
  endfacet
  facet normal 1 0 0
    outer loop
      vertex 107.9 45.786 34.894
      vertex 107.9 46.93 44.9369
      vertex 107.9 46.3318 45.3366
    endloop
  endfacet
  facet normal 1 0 0
    outer loop
      vertex 107.9 36.9226 43.5518
      vertex 107.9 46.3318 45.3366
      vertex 107.9 45.7909 45.8109
    endloop
  endfacet
  facet normal 1 0 0
    outer loop
      vertex 107.9 49.6 38.9
      vertex 107.9 45.786 34.894
      vertex 107.9 49.6105 38.7401
    endloop
  endfacet
  facet normal 1 0 0
    outer loop
      vertex 107.9 36.9226 43.5518
      vertex 107.9 45.7909 45.8109
      vertex 107.9 45.3166 46.3518
    endloop
  endfacet
  facet normal 1 0 0
    outer loop
      vertex 107.9 46.3318 45.3366
      vertex 107.9 36.9226 43.5518
      vertex 107.9 45.786 34.894
    endloop
  endfacet
  facet normal 1 0 0
    outer loop
      vertex 107.9 36.9226 43.5518
      vertex 107.9 45.3166 46.3518
      vertex 107.9 44.9169 46.95
    endloop
  endfacet
  facet normal 1 0 0
    outer loop
      vertex 107.9 45.786 34.894
      vertex 107.9 36.9226 43.5518
      vertex 107.9 45.3166 34.3482
    endloop
  endfacet
  facet normal 1 0 0
    outer loop
      vertex 107.9 36.9226 43.5518
      vertex 107.9 44.9169 46.95
      vertex 107.9 44.5987 47.5952
    endloop
  endfacet
  facet normal 1 0 0
    outer loop
      vertex 107.9 45.3166 34.3482
      vertex 107.9 36.9226 43.5518
      vertex 107.9 44.9169 33.75
    endloop
  endfacet
  facet normal 1 0 0
    outer loop
      vertex 107.9 36.9226 43.5518
      vertex 107.9 44.5987 47.5952
      vertex 107.9 44.3674 48.2765
    endloop
  endfacet
  facet normal 1 0 0
    outer loop
      vertex 107.9 44.9169 33.75
      vertex 107.9 36.9226 43.5518
      vertex 107.9 44.5987 33.1048
    endloop
  endfacet
  facet normal 1 0 0
    outer loop
      vertex 107.9 36.9226 43.5518
      vertex 107.9 44.3674 48.2765
      vertex 107.9 44.2271 48.9821
    endloop
  endfacet
  facet normal 1 0 0
    outer loop
      vertex 107.9 44.5987 33.1048
      vertex 107.9 36.9226 43.5518
      vertex 107.9 44.3674 32.4235
    endloop
  endfacet
  facet normal 1 0 0
    outer loop
      vertex 107.9 36.9226 43.5518
      vertex 107.9 44.2271 48.9821
      vertex 107.9 44.18 49.7
    endloop
  endfacet
  facet normal 1 0 0
    outer loop
      vertex 107.9 27.9226 27.9633
      vertex 107.9 44.3674 32.4235
      vertex 107.9 36.9226 43.5518
    endloop
  endfacet
  facet normal 1 0 0
    outer loop
      vertex 107.9 56.8382 33.3459
      vertex 107.9 55.1329 31.7179
      vertex 107.9 55.18 31
    endloop
  endfacet
  facet normal 1 0 0
    outer loop
      vertex 107.9 56.1005 33.1992
      vertex 107.9 54.9926 32.4235
      vertex 107.9 55.1329 31.7179
    endloop
  endfacet
  facet normal 1 0 0
    outer loop
      vertex 107.9 55.35 33.15
      vertex 107.9 54.7613 33.1048
      vertex 107.9 54.9926 32.4235
    endloop
  endfacet
  facet normal 1 0 -0
    outer loop
      vertex 107.9 54.7613 33.1048
      vertex 107.9 55.35 33.15
      vertex 107.9 54.7186 33.1914
    endloop
  endfacet
  facet normal 1 0 0
    outer loop
      vertex 107.9 63 77.282
      vertex 107.9 61.1 41.9
      vertex 107.9 63 0
    endloop
  endfacet
  facet normal 1 0 0
    outer loop
      vertex 107.9 63 77.282
      vertex 107.9 61.0508 42.6505
      vertex 107.9 61.1 41.9
    endloop
  endfacet
  facet normal 1 0 0
    outer loop
      vertex 107.9 63 77.282
      vertex 107.9 60.9041 43.3882
      vertex 107.9 61.0508 42.6505
    endloop
  endfacet
  facet normal 1 0 0
    outer loop
      vertex 107.9 63 77.282
      vertex 107.9 60.6623 44.1004
      vertex 107.9 60.9041 43.3882
    endloop
  endfacet
  facet normal 1 0 0
    outer loop
      vertex 107.9 63 77.282
      vertex 107.9 60.3296 44.775
      vertex 107.9 60.6623 44.1004
    endloop
  endfacet
  facet normal 1 0 0
    outer loop
      vertex 107.9 63 77.282
      vertex 107.9 59.9118 45.4004
      vertex 107.9 60.3296 44.775
    endloop
  endfacet
  facet normal 1 0 0
    outer loop
      vertex 107.9 63 77.282
      vertex 107.9 59.4159 45.9659
      vertex 107.9 59.9118 45.4004
    endloop
  endfacet
  facet normal 1 -0 0
    outer loop
      vertex 107.9 54.9926 54.1235
      vertex 107.9 59.4159 45.9659
      vertex 107.9 63 77.282
    endloop
  endfacet
  facet normal 1 -0 -0
    outer loop
      vertex 107.9 55.1329 53.4179
      vertex 107.9 59.4159 45.9659
      vertex 107.9 54.9926 54.1235
    endloop
  endfacet
  facet normal 1 0 0
    outer loop
      vertex 107.9 59.4159 45.9659
      vertex 107.9 55.1329 53.4179
      vertex 107.9 58.8504 46.4618
    endloop
  endfacet
  facet normal 1 -0 -0
    outer loop
      vertex 107.9 55.18 52.7
      vertex 107.9 58.8504 46.4618
      vertex 107.9 55.1329 53.4179
    endloop
  endfacet
  facet normal 1 0 0
    outer loop
      vertex 107.9 58.225 46.8796
      vertex 107.9 55.18 52.7
      vertex 107.9 57.5504 47.2123
    endloop
  endfacet
  facet normal 1 -0 0
    outer loop
      vertex 107.9 55.18 49.7
      vertex 107.9 57.5504 47.2123
      vertex 107.9 55.18 52.7
    endloop
  endfacet
  facet normal 1 -0 0
    outer loop
      vertex 107.9 55.1329 48.9821
      vertex 107.9 56.8382 47.4541
      vertex 107.9 55.18 49.7
    endloop
  endfacet
  facet normal 1 0 0
    outer loop
      vertex 107.9 57.5504 47.2123
      vertex 107.9 55.18 49.7
      vertex 107.9 56.8382 47.4541
    endloop
  endfacet
  facet normal 1 0 0
    outer loop
      vertex 107.9 58.8504 46.4618
      vertex 107.9 55.18 52.7
      vertex 107.9 58.225 46.8796
    endloop
  endfacet
  facet normal 1 0 0
    outer loop
      vertex 107.9 63 77.282
      vertex 107.9 54.7613 54.8048
      vertex 107.9 54.9926 54.1235
    endloop
  endfacet
  facet normal 1 0 0
    outer loop
      vertex 107.9 63 77.282
      vertex 107.9 54.4431 55.45
      vertex 107.9 54.7613 54.8048
    endloop
  endfacet
  facet normal 1 0 0
    outer loop
      vertex 107.9 63 77.282
      vertex 107.9 54.0434 56.0482
      vertex 107.9 54.4431 55.45
    endloop
  endfacet
  facet normal 1 0 0
    outer loop
      vertex 107.9 63 77.282
      vertex 107.9 53.574 56.594
      vertex 107.9 54.0434 56.0482
    endloop
  endfacet
  facet normal 1 0 0
    outer loop
      vertex 107.9 63 77.282
      vertex 107.9 49.68 60.51
      vertex 107.9 53.574 56.594
    endloop
  endfacet
  facet normal 1 -0 0
    outer loop
      vertex 107.9 40 77.282
      vertex 107.9 49.68 60.51
      vertex 107.9 63 77.282
    endloop
  endfacet
  facet normal 1 0 0
    outer loop
      vertex 107.9 49.68 60.51
      vertex 107.9 40 77.282
      vertex 107.9 45.786 56.594
    endloop
  endfacet
  facet normal 1 0 0
    outer loop
      vertex 107.9 36.9226 43.5518
      vertex 107.9 44.18 49.7
      vertex 107.9 44.18 52.7
    endloop
  endfacet
  facet normal 1 0 0
    outer loop
      vertex 107.9 44.3674 32.4235
      vertex 107.9 27.9226 27.9633
      vertex 107.9 44.2271 31.7179
    endloop
  endfacet
  facet normal 1 0 0
    outer loop
      vertex 107.9 29.3881 47.9017
      vertex 107.9 44.18 52.7
      vertex 107.9 44.2271 53.4179
    endloop
  endfacet
  facet normal 1 0 0
    outer loop
      vertex 107.9 29.3881 47.9017
      vertex 107.9 44.2271 53.4179
      vertex 107.9 44.3674 54.1235
    endloop
  endfacet
  facet normal 1 0 0
    outer loop
      vertex 107.9 44.5987 54.8048
      vertex 107.9 29.3881 47.9017
      vertex 107.9 44.3674 54.1235
    endloop
  endfacet
  facet normal 1 0 0
    outer loop
      vertex 107.9 44.9169 55.45
      vertex 107.9 29.3881 47.9017
      vertex 107.9 44.5987 54.8048
    endloop
  endfacet
  facet normal 1 0 0
    outer loop
      vertex 107.9 29.3881 47.9017
      vertex 107.9 44.9169 55.45
      vertex 107.9 40 77.282
    endloop
  endfacet
  facet normal 1 0 0
    outer loop
      vertex 107.9 45.3166 56.0482
      vertex 107.9 40 77.282
      vertex 107.9 44.9169 55.45
    endloop
  endfacet
  facet normal 1 0 0
    outer loop
      vertex 107.9 45.786 56.594
      vertex 107.9 40 77.282
      vertex 107.9 45.3166 56.0482
    endloop
  endfacet
  facet normal 1 -0 0
    outer loop
      vertex 107.9 61.1 38.9
      vertex 107.9 63 0
      vertex 107.9 61.1 41.9
    endloop
  endfacet
  facet normal 1 -0 0
    outer loop
      vertex 107.9 61.0508 38.1495
      vertex 107.9 63 0
      vertex 107.9 61.1 38.9
    endloop
  endfacet
  facet normal 1 -0 0
    outer loop
      vertex 107.9 60.9041 37.4118
      vertex 107.9 63 0
      vertex 107.9 61.0508 38.1495
    endloop
  endfacet
  facet normal 1 -0 0
    outer loop
      vertex 107.9 60.6623 36.6996
      vertex 107.9 63 0
      vertex 107.9 60.9041 37.4118
    endloop
  endfacet
  facet normal 1 -0 0
    outer loop
      vertex 107.9 60.3296 36.025
      vertex 107.9 63 0
      vertex 107.9 60.6623 36.6996
    endloop
  endfacet
  facet normal 1 -0 0
    outer loop
      vertex 107.9 59.9118 35.3996
      vertex 107.9 63 0
      vertex 107.9 60.3296 36.025
    endloop
  endfacet
  facet normal 1 0 0
    outer loop
      vertex 107.9 54.9926 26.5765
      vertex 107.9 59.9118 35.3996
      vertex 107.9 59.4159 34.8341
    endloop
  endfacet
  facet normal 1 0 0
    outer loop
      vertex 107.9 55.1329 27.2821
      vertex 107.9 59.4159 34.8341
      vertex 107.9 58.8504 34.3382
    endloop
  endfacet
  facet normal 1 0 0
    outer loop
      vertex 107.9 55.18 28
      vertex 107.9 58.8504 34.3382
      vertex 107.9 58.225 33.9204
    endloop
  endfacet
  facet normal 1 0 0
    outer loop
      vertex 107.9 55.18 28
      vertex 107.9 58.225 33.9204
      vertex 107.9 57.5504 33.5877
    endloop
  endfacet
  facet normal 1 0 0
    outer loop
      vertex 107.9 55.18 31
      vertex 107.9 57.5504 33.5877
      vertex 107.9 56.8382 33.3459
    endloop
  endfacet
  facet normal 1 0 0
    outer loop
      vertex 107.9 55.1329 31.7179
      vertex 107.9 56.8382 33.3459
      vertex 107.9 56.1005 33.1992
    endloop
  endfacet
  facet normal 1 0 0
    outer loop
      vertex 107.9 54.9926 32.4235
      vertex 107.9 56.1005 33.1992
      vertex 107.9 55.35 33.15
    endloop
  endfacet
  facet normal 1 0 0
    outer loop
      vertex 107.9 57.5504 33.5877
      vertex 107.9 55.18 31
      vertex 107.9 55.18 28
    endloop
  endfacet
  facet normal 1 0 0
    outer loop
      vertex 107.9 58.8504 34.3382
      vertex 107.9 55.18 28
      vertex 107.9 55.1329 27.2821
    endloop
  endfacet
  facet normal 1 0 0
    outer loop
      vertex 107.9 59.4159 34.8341
      vertex 107.9 55.1329 27.2821
      vertex 107.9 54.9926 26.5765
    endloop
  endfacet
  facet normal 1 0 0
    outer loop
      vertex 107.9 59.9118 35.3996
      vertex 107.9 54.9926 26.5765
      vertex 107.9 63 0
    endloop
  endfacet
  facet normal 1 -0 0
    outer loop
      vertex 107.9 54.7613 25.8952
      vertex 107.9 63 0
      vertex 107.9 54.9926 26.5765
    endloop
  endfacet
  facet normal 1 -0 0
    outer loop
      vertex 107.9 54.4431 25.25
      vertex 107.9 63 0
      vertex 107.9 54.7613 25.8952
    endloop
  endfacet
  facet normal 1 -0 0
    outer loop
      vertex 107.9 54.0434 24.6518
      vertex 107.9 63 0
      vertex 107.9 54.4431 25.25
    endloop
  endfacet
  facet normal 1 -0 0
    outer loop
      vertex 107.9 53.5691 24.1109
      vertex 107.9 63 0
      vertex 107.9 54.0434 24.6518
    endloop
  endfacet
  facet normal 1 -0 0
    outer loop
      vertex 107.9 53.0282 23.6366
      vertex 107.9 63 0
      vertex 107.9 53.5691 24.1109
    endloop
  endfacet
  facet normal 1 -0 0
    outer loop
      vertex 107.9 52.43 23.2369
      vertex 107.9 63 0
      vertex 107.9 53.0282 23.6366
    endloop
  endfacet
  facet normal 1 -0 0
    outer loop
      vertex 107.9 51.7848 22.9187
      vertex 107.9 63 0
      vertex 107.9 52.43 23.2369
    endloop
  endfacet
  facet normal 1 -0 0
    outer loop
      vertex 107.9 51.1035 22.6874
      vertex 107.9 63 0
      vertex 107.9 51.7848 22.9187
    endloop
  endfacet
  facet normal 1 -0 0
    outer loop
      vertex 107.9 50.3979 22.5471
      vertex 107.9 63 0
      vertex 107.9 51.1035 22.6874
    endloop
  endfacet
  facet normal 1 -0 0
    outer loop
      vertex 107.9 49.68 22.5
      vertex 107.9 63 0
      vertex 107.9 50.3979 22.5471
    endloop
  endfacet
  facet normal 1 0 0
    outer loop
      vertex 107.9 48.9621 22.5471
      vertex 107.9 63 0
      vertex 107.9 49.68 22.5
    endloop
  endfacet
  facet normal 1 0 0
    outer loop
      vertex 107.9 48.2565 22.6874
      vertex 107.9 63 0
      vertex 107.9 48.9621 22.5471
    endloop
  endfacet
  facet normal 1 0 0
    outer loop
      vertex 107.9 47.5752 22.9187
      vertex 107.9 63 0
      vertex 107.9 48.2565 22.6874
    endloop
  endfacet
  facet normal 1 0 0
    outer loop
      vertex 107.9 46.93 23.2369
      vertex 107.9 63 0
      vertex 107.9 47.5752 22.9187
    endloop
  endfacet
  facet normal 1 0 0
    outer loop
      vertex 107.9 3 0
      vertex 107.9 46.93 23.2369
      vertex 107.9 46.3318 23.6366
    endloop
  endfacet
  facet normal 1 0 0
    outer loop
      vertex 107.9 27.9226 27.9633
      vertex 107.9 46.3318 23.6366
      vertex 107.9 45.7909 24.1109
    endloop
  endfacet
  facet normal 1 0 0
    outer loop
      vertex 107.9 27.9226 27.9633
      vertex 107.9 45.7909 24.1109
      vertex 107.9 45.3166 24.6518
    endloop
  endfacet
  facet normal 1 0 0
    outer loop
      vertex 107.9 44.2271 31.7179
      vertex 107.9 27.9226 27.9633
      vertex 107.9 44.18 31
    endloop
  endfacet
  facet normal 1 0 0
    outer loop
      vertex 107.9 44.18 31
      vertex 107.9 27.9226 27.9633
      vertex 107.9 44.18 28
    endloop
  endfacet
  facet normal 1 0 0
    outer loop
      vertex 107.9 44.18 28
      vertex 107.9 27.9226 27.9633
      vertex 107.9 44.2271 27.2821
    endloop
  endfacet
  facet normal 1 0 0
    outer loop
      vertex 107.9 44.2271 27.2821
      vertex 107.9 27.9226 27.9633
      vertex 107.9 44.3674 26.5765
    endloop
  endfacet
  facet normal 1 0 0
    outer loop
      vertex 107.9 44.3674 26.5765
      vertex 107.9 27.9226 27.9633
      vertex 107.9 44.5987 25.8952
    endloop
  endfacet
  facet normal 1 0 0
    outer loop
      vertex 107.9 27.9226 27.9633
      vertex 107.9 44.9169 25.25
      vertex 107.9 44.5987 25.8952
    endloop
  endfacet
  facet normal 1 0 0
    outer loop
      vertex 107.9 27.9226 27.9633
      vertex 107.9 45.3166 24.6518
      vertex 107.9 44.9169 25.25
    endloop
  endfacet
  facet normal 1 0 0
    outer loop
      vertex 107.9 46.3318 23.6366
      vertex 107.9 27.9226 27.9633
      vertex 107.9 3 0
    endloop
  endfacet
  facet normal 1 0 0
    outer loop
      vertex 107.9 3 13.1962
      vertex 107.9 27.9226 27.9633
      vertex 107.9 20.3881 32.3133
    endloop
  endfacet
  facet normal 1 0 0
    outer loop
      vertex 107.9 27.9226 27.9633
      vertex 107.9 3 13.1962
      vertex 107.9 3 0
    endloop
  endfacet
  facet normal 1 0 0
    outer loop
      vertex 107.9 46.93 23.2369
      vertex 107.9 3 0
      vertex 107.9 63 0
    endloop
  endfacet
  facet normal 1 0 0
    outer loop
      vertex 107.9 56.8382 47.4541
      vertex 107.9 55.1329 48.9821
      vertex 107.9 56.1005 47.6008
    endloop
  endfacet
  facet normal 1 -0 0
    outer loop
      vertex 107.9 54.9926 48.2765
      vertex 107.9 56.1005 47.6008
      vertex 107.9 55.1329 48.9821
    endloop
  endfacet
  facet normal 1 0 0
    outer loop
      vertex 107.9 56.1005 47.6008
      vertex 107.9 54.9926 48.2765
      vertex 107.9 55.35 47.65
    endloop
  endfacet
  facet normal 1 0 0
    outer loop
      vertex 107.9 55.35 47.65
      vertex 107.9 54.9926 48.2765
      vertex 107.9 54.7669 47.6118
    endloop
  endfacet
  facet normal 0 -0.866026 0.499999
    outer loop
      vertex 0 40 77.282
      vertex 6.35 38.175 74.121
      vertex 107.9 40 77.282
    endloop
  endfacet
  facet normal 3.42626e-05 -0.865996 0.500051
    outer loop
      vertex 0 40 77.282
      vertex 6.23732 38.1713 74.1146
      vertex 6.35 38.175 74.121
    endloop
  endfacet
  facet normal -0.000168888 -0.866169 0.499751
    outer loop
      vertex 0 40 77.282
      vertex 5.99758 38.1635 74.101
      vertex 6.23732 38.1713 74.1146
    endloop
  endfacet
  facet normal 0.00077139 -0.865401 0.50108
    outer loop
      vertex 0 40 77.282
      vertex 5.88683 38.1524 74.082
      vertex 5.99758 38.1635 74.101
    endloop
  endfacet
  facet normal -0.000115614 -0.866108 0.499857
    outer loop
      vertex 0 40 77.282
      vertex 5.65119 38.129 74.0414
      vertex 5.88683 38.1524 74.082
    endloop
  endfacet
  facet normal -0.000465188 -0.866372 0.499399
    outer loop
      vertex 0 40 77.282
      vertex 5.54426 38.1109 74.0099
      vertex 5.65119 38.129 74.0414
    endloop
  endfacet
  facet normal 0.000193681 -0.865889 0.500237
    outer loop
      vertex 0 40 77.282
      vertex 5.31675 38.0722 73.943
      vertex 5.54426 38.1109 74.0099
    endloop
  endfacet
  facet normal -4.06287e-05 -0.86605 0.499957
    outer loop
      vertex 0 40 77.282
      vertex 5.10127 38.0191 73.851
      vertex 5.31675 38.0722 73.943
    endloop
  endfacet
  facet normal 0.000305142 -0.865828 0.500342
    outer loop
      vertex 0 40 77.282
      vertex 5 37.9941 73.8078
      vertex 5.10127 38.0191 73.851
    endloop
  endfacet
  facet normal -0.00054818 -0.866359 0.499421
    outer loop
      vertex 0 40 77.282
      vertex 4.90611 37.9628 73.7534
      vertex 5 37.9941 73.8078
    endloop
  endfacet
  facet normal 0.000143065 -0.865943 0.500142
    outer loop
      vertex 0 40 77.282
      vertex 4.70634 37.896 73.6378
      vertex 4.90611 37.9628 73.7534
    endloop
  endfacet
  facet normal 0.000107783 -0.865963 0.500108
    outer loop
      vertex 0 40 77.282
      vertex 4.52571 37.8168 73.5007
      vertex 4.70634 37.896 73.6378
    endloop
  endfacet
  facet normal -0.000214844 -0.86613 0.499818
    outer loop
      vertex 0 40 77.282
      vertex 4.44081 37.7796 73.4362
      vertex 4.52571 37.8168 73.5007
    endloop
  endfacet
  facet normal 3.53936e-05 -0.866005 0.500035
    outer loop
      vertex 0 40 77.282
      vertex 4.36636 37.7371 73.3626
      vertex 4.44081 37.7796 73.4362
    endloop
  endfacet
  facet normal 2.82959e-06 -0.866021 0.500008
    outer loop
      vertex 0 40 77.282
      vertex 4.20794 37.6468 73.2062
      vertex 4.36636 37.7371 73.3626
    endloop
  endfacet
  facet normal -0.000232027 -0.866126 0.499826
    outer loop
      vertex 0 40 77.282
      vertex 4.14521 37.5999 73.1249
      vertex 4.20794 37.6468 73.2062
    endloop
  endfacet
  facet normal 5.24159e-05 -0.866003 0.500039
    outer loop
      vertex 0 40 77.282
      vertex 4.01173 37.5 72.9519
      vertex 4.14521 37.5999 73.1249
    endloop
  endfacet
  facet normal -0.00010621 -0.866067 0.499929
    outer loop
      vertex 0 40 77.282
      vertex 3.90547 37.3923 72.7653
      vertex 4.01173 37.5 72.9519
    endloop
  endfacet
  facet normal 0.000459356 -0.865855 0.500295
    outer loop
      vertex 0 40 77.282
      vertex 3.85552 37.3416 72.6776
      vertex 3.90547 37.3923 72.7653
    endloop
  endfacet
  facet normal -8.96006e-06 -0.866025 0.500001
    outer loop
      vertex 0 40 77.282
      vertex 3.742 37.1744 72.388
      vertex 3.85552 37.3416 72.6776
    endloop
  endfacet
  facet normal -0.000167229 -0.866077 0.49991
    outer loop
      vertex 0 40 77.282
      vertex 3.69513 37.0566 72.1839
      vertex 3.742 37.1744 72.388
    endloop
  endfacet
  facet normal 0.000301858 -0.86593 0.500165
    outer loop
      vertex 0 40 77.282
      vertex 3.6731 37.0012 72.088
      vertex 3.69513 37.0566 72.1839
    endloop
  endfacet
  facet normal -0.00056894 -0.866196 0.499703
    outer loop
      vertex 0 40 77.282
      vertex 3.66571 36.9449 71.9904
      vertex 3.6731 37.0012 72.088
    endloop
  endfacet
  facet normal 0.000229873 -0.865957 0.500119
    outer loop
      vertex 0 40 77.282
      vertex 3.65 36.825 71.7828
      vertex 3.66571 36.9449 71.9904
    endloop
  endfacet
  facet normal -7.46021e-06 -0.866025 0.5
    outer loop
      vertex 0 3 13.1962
      vertex 3.65 36.825 71.7828
      vertex 0 40 77.282
    endloop
  endfacet
  facet normal 1.2111e-06 -0.866025 0.5
    outer loop
      vertex 3.65 36.825 71.7828
      vertex 0 3 13.1962
      vertex 3.65 3.175 13.4993
    endloop
  endfacet
  facet normal 5.78645e-07 -0.866022 0.500006
    outer loop
      vertex 0 3 13.1962
      vertex 3.6731 2.99879 13.1941
      vertex 3.65 3.175 13.4993
    endloop
  endfacet
  facet normal 5.4749e-07 -0.866046 0.499965
    outer loop
      vertex 0.0256653 2.60842 12.5179
      vertex 3.6731 2.99879 13.1941
      vertex 0 3 13.1962
    endloop
  endfacet
  facet normal 5.16977e-06 -0.866056 0.499946
    outer loop
      vertex 3.6731 2.99879 13.1941
      vertex 0.0256653 2.60842 12.5179
      vertex 3.71997 2.88097 12.99
    endloop
  endfacet
  facet normal -1.74604e-05 -0.86598 0.500079
    outer loop
      vertex 3.71997 2.88097 12.99
      vertex 0.0256653 2.60842 12.5179
      vertex 3.742 2.82559 12.8941
    endloop
  endfacet
  facet normal -9.10002e-06 -0.866016 0.500017
    outer loop
      vertex 0.102222 2.22354 11.8513
      vertex 3.742 2.82559 12.8941
      vertex 0.0256653 2.60842 12.5179
    endloop
  endfacet
  facet normal 4.02413e-06 -0.866035 0.499983
    outer loop
      vertex 3.742 2.82559 12.8941
      vertex 0.102222 2.22354 11.8513
      vertex 3.7783 2.77213 12.8015
    endloop
  endfacet
  facet normal 4.54137e-05 -0.866105 0.499863
    outer loop
      vertex 3.7783 2.77213 12.8015
      vertex 0.102222 2.22354 11.8513
      vertex 3.85552 2.65838 12.6044
    endloop
  endfacet
  facet normal 6.41422e-06 -0.866021 0.500008
    outer loop
      vertex 0.228361 1.85195 11.2077
      vertex 3.85552 2.65838 12.6044
      vertex 0.102222 2.22354 11.8513
    endloop
  endfacet
  facet normal -6.5062e-07 -0.866013 0.500022
    outer loop
      vertex 3.85552 2.65838 12.6044
      vertex 0.228361 1.85195 11.2077
      vertex 3.96179 2.55064 12.4178
    endloop
  endfacet
  facet normal 9.31162e-06 -0.866026 0.499999
    outer loop
      vertex 0.401923 1.5 10.5981
      vertex 3.96179 2.55064 12.4178
      vertex 0.228361 1.85195 11.2077
    endloop
  endfacet
  facet normal -1.82191e-05 -0.866003 0.500039
    outer loop
      vertex 3.96179 2.55064 12.4178
      vertex 0.401923 1.5 10.5981
      vertex 4.01173 2.5 12.3301
    endloop
  endfacet
  facet normal -3.74696e-05 -0.865985 0.50007
    outer loop
      vertex 4.01173 2.5 12.3301
      vertex 0.401923 1.5 10.5981
      vertex 4.07447 2.45305 12.2488
    endloop
  endfacet
  facet normal 2.61222e-05 -0.866046 0.499963
    outer loop
      vertex 0.61994 1.17372 10.0329
      vertex 4.07447 2.45305 12.2488
      vertex 0.401923 1.5 10.5981
    endloop
  endfacet
  facet normal -1.93875e-09 -0.866029 0.499994
    outer loop
      vertex 4.07447 2.45305 12.2488
      vertex 0.61994 1.17372 10.0329
      vertex 4.20794 2.35317 12.0758
    endloop
  endfacet
  facet normal -2.3428e-05 -0.866011 0.500025
    outer loop
      vertex 0.878679 0.878679 9.52192
      vertex 4.20794 2.35317 12.0758
      vertex 0.61994 1.17372 10.0329
    endloop
  endfacet
  facet normal -5.24578e-05 -0.865995 0.500053
    outer loop
      vertex 4.20794 2.35317 12.0758
      vertex 0.878679 0.878679 9.52192
      vertex 4.36636 2.26285 11.9194
    endloop
  endfacet
  facet normal -2.03849e-06 -0.866026 0.499998
    outer loop
      vertex 1.17372 0.61994 9.07377
      vertex 4.36636 2.26285 11.9194
      vertex 0.878679 0.878679 9.52192
    endloop
  endfacet
  facet normal -2.84178e-05 -0.866014 0.50002
    outer loop
      vertex 4.36636 2.26285 11.9194
      vertex 1.17372 0.61994 9.07377
      vertex 4.44081 2.22041 11.8459
    endloop
  endfacet
  facet normal -8.03897e-07 -0.866028 0.499996
    outer loop
      vertex 1.5 0.401923 8.69615
      vertex 4.44081 2.22041 11.8459
      vertex 1.17372 0.61994 9.07377
    endloop
  endfacet
  facet normal -1.45491e-06 -0.866027 0.499996
    outer loop
      vertex 1.85195 0.228361 8.39553
      vertex 4.44081 2.22041 11.8459
      vertex 1.5 0.401923 8.69615
    endloop
  endfacet
  facet normal -2.57152e-06 -0.866027 0.499997
    outer loop
      vertex 3 0 8
      vertex 4.44081 2.22041 11.8459
      vertex 1.85195 0.228361 8.39553
    endloop
  endfacet
  facet normal 6.32052e-06 -0.866029 0.499995
    outer loop
      vertex 4.44081 2.22041 11.8459
      vertex 3 0 8
      vertex 4.62145 2.1412 11.7087
    endloop
  endfacet
  facet normal 6.71064e-05 -0.86604 0.499975
    outer loop
      vertex 4.62145 2.1412 11.7087
      vertex 3 0 8
      vertex 4.70634 2.10397 11.6442
    endloop
  endfacet
  facet normal 3.60666e-05 -0.866036 0.499981
    outer loop
      vertex 4.80023 2.0726 11.5899
      vertex 3 0 8
      vertex 5 2.00587 11.4743
    endloop
  endfacet
  facet normal 0.000107997 -0.866054 0.49995
    outer loop
      vertex 5 2.00587 11.4743
      vertex 3 0 8
      vertex 5.21548 1.95273 11.3822
    endloop
  endfacet
  facet normal 0.000244895 -0.8661 0.49987
    outer loop
      vertex 5.31675 1.92776 11.339
      vertex 3 0 8
      vertex 5.42368 1.90961 11.3075
    endloop
  endfacet
  facet normal -0.00018891 -0.86597 0.500096
    outer loop
      vertex 5.21548 1.95273 11.3822
      vertex 3 0 8
      vertex 5.31675 1.92776 11.339
    endloop
  endfacet
  facet normal 0 -0.866026 0.499999
    outer loop
      vertex 101.55 38.175 74.121
      vertex 107.9 40 77.282
      vertex 6.35 38.175 74.121
    endloop
  endfacet
  facet normal -3.41755e-05 -0.865996 0.500051
    outer loop
      vertex 101.663 38.1713 74.1146
      vertex 107.9 40 77.282
      vertex 101.55 38.175 74.121
    endloop
  endfacet
  facet normal 0.000169359 -0.86617 0.49975
    outer loop
      vertex 101.902 38.1635 74.101
      vertex 107.9 40 77.282
      vertex 101.663 38.1713 74.1146
    endloop
  endfacet
  facet normal -0.000770065 -0.865402 0.501078
    outer loop
      vertex 102.013 38.1524 74.082
      vertex 107.9 40 77.282
      vertex 101.902 38.1635 74.101
    endloop
  endfacet
  facet normal 0.00011548 -0.866108 0.499857
    outer loop
      vertex 102.249 38.129 74.0414
      vertex 107.9 40 77.282
      vertex 102.013 38.1524 74.082
    endloop
  endfacet
  facet normal 0.000464992 -0.866372 0.499399
    outer loop
      vertex 102.356 38.1109 74.0099
      vertex 107.9 40 77.282
      vertex 102.249 38.129 74.0414
    endloop
  endfacet
  facet normal -0.000193975 -0.865889 0.500237
    outer loop
      vertex 102.583 38.0722 73.943
      vertex 107.9 40 77.282
      vertex 102.356 38.1109 74.0099
    endloop
  endfacet
  facet normal 4.05697e-05 -0.86605 0.499957
    outer loop
      vertex 102.799 38.0191 73.851
      vertex 107.9 40 77.282
      vertex 102.583 38.0722 73.943
    endloop
  endfacet
  facet normal -0.000305647 -0.865827 0.500343
    outer loop
      vertex 102.9 37.9941 73.8078
      vertex 107.9 40 77.282
      vertex 102.799 38.0191 73.851
    endloop
  endfacet
  facet normal 0.000547829 -0.866359 0.499422
    outer loop
      vertex 102.994 37.9628 73.7534
      vertex 107.9 40 77.282
      vertex 102.9 37.9941 73.8078
    endloop
  endfacet
  facet normal -0.000142975 -0.865943 0.500142
    outer loop
      vertex 103.194 37.896 73.6378
      vertex 107.9 40 77.282
      vertex 102.994 37.9628 73.7534
    endloop
  endfacet
  facet normal -0.000107977 -0.865963 0.500108
    outer loop
      vertex 103.374 37.8168 73.5007
      vertex 107.9 40 77.282
      vertex 103.194 37.896 73.6378
    endloop
  endfacet
  facet normal 0.000214705 -0.86613 0.499818
    outer loop
      vertex 103.459 37.7796 73.4362
      vertex 107.9 40 77.282
      vertex 103.374 37.8168 73.5007
    endloop
  endfacet
  facet normal -3.52712e-05 -0.866005 0.500035
    outer loop
      vertex 103.534 37.7371 73.3626
      vertex 107.9 40 77.282
      vertex 103.459 37.7796 73.4362
    endloop
  endfacet
  facet normal -2.83329e-06 -0.866021 0.500008
    outer loop
      vertex 103.692 37.6468 73.2062
      vertex 107.9 40 77.282
      vertex 103.534 37.7371 73.3626
    endloop
  endfacet
  facet normal 0.000231599 -0.866126 0.499826
    outer loop
      vertex 103.755 37.5999 73.1249
      vertex 107.9 40 77.282
      vertex 103.692 37.6468 73.2062
    endloop
  endfacet
  facet normal -5.24997e-05 -0.866003 0.500039
    outer loop
      vertex 103.888 37.5 72.9519
      vertex 107.9 40 77.282
      vertex 103.755 37.5999 73.1249
    endloop
  endfacet
  facet normal 0.000105925 -0.866067 0.499929
    outer loop
      vertex 103.995 37.3923 72.7653
      vertex 107.9 40 77.282
      vertex 103.888 37.5 72.9519
    endloop
  endfacet
  facet normal -0.000462885 -0.865853 0.500297
    outer loop
      vertex 104.044 37.3416 72.6776
      vertex 107.9 40 77.282
      vertex 103.995 37.3923 72.7653
    endloop
  endfacet
  facet normal 8.94724e-06 -0.866025 0.500001
    outer loop
      vertex 104.158 37.1744 72.388
      vertex 107.9 40 77.282
      vertex 104.044 37.3416 72.6776
    endloop
  endfacet
  facet normal 0.000167122 -0.866077 0.49991
    outer loop
      vertex 104.205 37.0566 72.1839
      vertex 107.9 40 77.282
      vertex 104.158 37.1744 72.388
    endloop
  endfacet
  facet normal -0.000301965 -0.86593 0.500165
    outer loop
      vertex 104.227 37.0012 72.088
      vertex 107.9 40 77.282
      vertex 104.205 37.0566 72.1839
    endloop
  endfacet
  facet normal 0.000571874 -0.866197 0.499702
    outer loop
      vertex 104.234 36.9449 71.9904
      vertex 107.9 40 77.282
      vertex 104.227 37.0012 72.088
    endloop
  endfacet
  facet normal -0.00022944 -0.865957 0.500118
    outer loop
      vertex 104.25 36.825 71.7828
      vertex 107.9 40 77.282
      vertex 104.234 36.9449 71.9904
    endloop
  endfacet
  facet normal -1.2111e-06 -0.866025 0.5
    outer loop
      vertex 107.9 3 13.1962
      vertex 104.25 36.825 71.7828
      vertex 104.25 3.175 13.4993
    endloop
  endfacet
  facet normal 7.46021e-06 -0.866025 0.5
    outer loop
      vertex 104.25 36.825 71.7828
      vertex 107.9 3 13.1962
      vertex 107.9 40 77.282
    endloop
  endfacet
  facet normal -5.78661e-07 -0.866022 0.500006
    outer loop
      vertex 104.227 2.99879 13.1941
      vertex 107.9 3 13.1962
      vertex 104.25 3.175 13.4993
    endloop
  endfacet
  facet normal -5.16978e-06 -0.866056 0.499946
    outer loop
      vertex 107.874 2.60842 12.5179
      vertex 104.227 2.99879 13.1941
      vertex 104.18 2.88097 12.99
    endloop
  endfacet
  facet normal 1.74625e-05 -0.86598 0.500079
    outer loop
      vertex 107.874 2.60842 12.5179
      vertex 104.18 2.88097 12.99
      vertex 104.158 2.82559 12.8941
    endloop
  endfacet
  facet normal -4.02727e-06 -0.866035 0.499983
    outer loop
      vertex 107.798 2.22354 11.8513
      vertex 104.158 2.82559 12.8941
      vertex 104.122 2.77213 12.8015
    endloop
  endfacet
  facet normal -4.53725e-05 -0.866105 0.499863
    outer loop
      vertex 107.798 2.22354 11.8513
      vertex 104.122 2.77213 12.8015
      vertex 104.044 2.65838 12.6044
    endloop
  endfacet
  facet normal -5.47505e-07 -0.866046 0.499965
    outer loop
      vertex 104.227 2.99879 13.1941
      vertex 107.874 2.60842 12.5179
      vertex 107.9 3 13.1962
    endloop
  endfacet
  facet normal 6.50794e-07 -0.866013 0.500022
    outer loop
      vertex 107.672 1.85195 11.2077
      vertex 104.044 2.65838 12.6044
      vertex 103.938 2.55064 12.4178
    endloop
  endfacet
  facet normal 1.82137e-05 -0.866003 0.500039
    outer loop
      vertex 107.498 1.5 10.5981
      vertex 103.938 2.55064 12.4178
      vertex 103.888 2.5 12.3301
    endloop
  endfacet
  facet normal 3.75879e-05 -0.865985 0.50007
    outer loop
      vertex 107.498 1.5 10.5981
      vertex 103.888 2.5 12.3301
      vertex 103.826 2.45305 12.2488
    endloop
  endfacet
  facet normal 1.9364e-09 -0.866029 0.499994
    outer loop
      vertex 107.28 1.17372 10.0329
      vertex 103.826 2.45305 12.2488
      vertex 103.692 2.35317 12.0758
    endloop
  endfacet
  facet normal 5.2521e-05 -0.865995 0.500053
    outer loop
      vertex 107.021 0.878679 9.52192
      vertex 103.692 2.35317 12.0758
      vertex 103.534 2.26285 11.9194
    endloop
  endfacet
  facet normal 9.10159e-06 -0.866016 0.500017
    outer loop
      vertex 104.158 2.82559 12.8941
      vertex 107.798 2.22354 11.8513
      vertex 107.874 2.60842 12.5179
    endloop
  endfacet
  facet normal 2.83215e-05 -0.866014 0.50002
    outer loop
      vertex 106.726 0.61994 9.07377
      vertex 103.534 2.26285 11.9194
      vertex 103.459 2.22041 11.8459
    endloop
  endfacet
  facet normal -6.33781e-06 -0.866029 0.499995
    outer loop
      vertex 104.9 0 8
      vertex 103.459 2.22041 11.8459
      vertex 103.279 2.1412 11.7087
    endloop
  endfacet
  facet normal -6.70458e-05 -0.86604 0.499975
    outer loop
      vertex 104.9 0 8
      vertex 103.279 2.1412 11.7087
      vertex 103.194 2.10397 11.6442
    endloop
  endfacet
  facet normal 0.000145231 -0.865997 0.500049
    outer loop
      vertex 104.9 0 8
      vertex 103.194 2.10397 11.6442
      vertex 103.1 2.0726 11.5899
    endloop
  endfacet
  facet normal -3.60354e-05 -0.866036 0.499981
    outer loop
      vertex 104.9 0 8
      vertex 103.1 2.0726 11.5899
      vertex 102.9 2.00587 11.4743
    endloop
  endfacet
  facet normal -0.00010819 -0.866054 0.49995
    outer loop
      vertex 104.9 0 8
      vertex 102.9 2.00587 11.4743
      vertex 102.685 1.95273 11.3822
    endloop
  endfacet
  facet normal 0.000187861 -0.86597 0.500095
    outer loop
      vertex 104.9 0 8
      vertex 102.685 1.95273 11.3822
      vertex 102.583 1.92776 11.339
    endloop
  endfacet
  facet normal -0.000244758 -0.8661 0.49987
    outer loop
      vertex 104.9 0 8
      vertex 102.583 1.92776 11.339
      vertex 102.476 1.90961 11.3075
    endloop
  endfacet
  facet normal 0.000133425 -0.86598 0.500078
    outer loop
      vertex 104.9 0 8
      vertex 102.476 1.90961 11.3075
      vertex 102.249 1.871 11.2407
    endloop
  endfacet
  facet normal -4.97781e-05 -0.866045 0.499966
    outer loop
      vertex 104.9 0 8
      vertex 102.249 1.871 11.2407
      vertex 102.138 1.85998 11.2216
    endloop
  endfacet
  facet normal -6.41333e-06 -0.866021 0.500008
    outer loop
      vertex 104.044 2.65838 12.6044
      vertex 107.672 1.85195 11.2077
      vertex 107.798 2.22354 11.8513
    endloop
  endfacet
  facet normal -3.28573e-05 -0.866039 0.499977
    outer loop
      vertex 104.9 0 8
      vertex 102.138 1.85998 11.2216
      vertex 101.902 1.83655 11.181
    endloop
  endfacet
  facet normal 7.01086e-06 -0.866023 0.500005
    outer loop
      vertex 104.9 0 8
      vertex 101.902 1.83655 11.181
      vertex 101.55 1.825 11.161
    endloop
  endfacet
  facet normal -9.30834e-06 -0.866026 0.499999
    outer loop
      vertex 103.938 2.55064 12.4178
      vertex 107.498 1.5 10.5981
      vertex 107.672 1.85195 11.2077
    endloop
  endfacet
  facet normal 0 -0.866026 0.499999
    outer loop
      vertex 6.35 1.825 11.161
      vertex 3 0 8
      vertex 101.55 1.825 11.161
    endloop
  endfacet
  facet normal 4.98762e-05 -0.866045 0.499966
    outer loop
      vertex 5.65119 1.871 11.2407
      vertex 3 0 8
      vertex 5.76194 1.85998 11.2216
    endloop
  endfacet
  facet normal 0 -0.866026 0.499999
    outer loop
      vertex 104.9 0 8
      vertex 101.55 1.825 11.161
      vertex 3 0 8
    endloop
  endfacet
  facet normal -7.00298e-06 -0.866023 0.500005
    outer loop
      vertex 5.99758 1.83655 11.181
      vertex 3 0 8
      vertex 6.35 1.825 11.161
    endloop
  endfacet
  facet normal 2.57158e-06 -0.866027 0.499997
    outer loop
      vertex 103.459 2.22041 11.8459
      vertex 104.9 0 8
      vertex 106.048 0.228361 8.39553
    endloop
  endfacet
  facet normal 3.29012e-05 -0.866039 0.499977
    outer loop
      vertex 5.76194 1.85998 11.2216
      vertex 3 0 8
      vertex 5.99758 1.83655 11.181
    endloop
  endfacet
  facet normal -2.61258e-05 -0.866046 0.499963
    outer loop
      vertex 103.826 2.45305 12.2488
      vertex 107.28 1.17372 10.0329
      vertex 107.498 1.5 10.5981
    endloop
  endfacet
  facet normal -0.000133182 -0.86598 0.500078
    outer loop
      vertex 5.42368 1.90961 11.3075
      vertex 3 0 8
      vertex 5.65119 1.871 11.2407
    endloop
  endfacet
  facet normal 2.34227e-05 -0.866011 0.500025
    outer loop
      vertex 103.692 2.35317 12.0758
      vertex 107.021 0.878679 9.52192
      vertex 107.28 1.17372 10.0329
    endloop
  endfacet
  facet normal -0.000145358 -0.865997 0.500049
    outer loop
      vertex 4.70634 2.10397 11.6442
      vertex 3 0 8
      vertex 4.80023 2.0726 11.5899
    endloop
  endfacet
  facet normal 2.03885e-06 -0.866026 0.499998
    outer loop
      vertex 103.534 2.26285 11.9194
      vertex 106.726 0.61994 9.07377
      vertex 107.021 0.878679 9.52192
    endloop
  endfacet
  facet normal -4.6083e-06 -0.86603 0.499993
    outer loop
      vertex 3 0 8
      vertex 1.85195 0.228361 8.39553
      vertex 2.22354 0.102222 8.17705
    endloop
  endfacet
  facet normal 8.04202e-07 -0.866028 0.499996
    outer loop
      vertex 103.459 2.22041 11.8459
      vertex 106.4 0.401923 8.69615
      vertex 106.726 0.61994 9.07377
    endloop
  endfacet
  facet normal -6.80241e-06 -0.866034 0.499985
    outer loop
      vertex 3 0 8
      vertex 2.22354 0.102222 8.17705
      vertex 2.60842 0.0256653 8.04445
    endloop
  endfacet
  facet normal 1.45475e-06 -0.866027 0.499996
    outer loop
      vertex 103.459 2.22041 11.8459
      vertex 106.048 0.228361 8.39553
      vertex 106.4 0.401923 8.69615
    endloop
  endfacet
  facet normal 4.616e-06 -0.86603 0.499993
    outer loop
      vertex 106.048 0.228361 8.39553
      vertex 104.9 0 8
      vertex 105.676 0.102222 8.17705
    endloop
  endfacet
  facet normal 6.78394e-06 -0.866034 0.499986
    outer loop
      vertex 105.676 0.102222 8.17705
      vertex 104.9 0 8
      vertex 105.292 0.0256653 8.04445
    endloop
  endfacet
  facet normal 0 0 1
    outer loop
      vertex 104.9 66 77.282
      vertex 107.9 63 77.282
      vertex 107.874 63.3916 77.282
    endloop
  endfacet
  facet normal 0 0 1
    outer loop
      vertex 104.9 66 77.282
      vertex 107.874 63.3916 77.282
      vertex 107.798 63.7765 77.282
    endloop
  endfacet
  facet normal 0 0 1
    outer loop
      vertex 104.9 66 77.282
      vertex 107.798 63.7765 77.282
      vertex 107.672 64.148 77.282
    endloop
  endfacet
  facet normal 0 0 1
    outer loop
      vertex 104.9 66 77.282
      vertex 107.672 64.148 77.282
      vertex 107.498 64.5 77.282
    endloop
  endfacet
  facet normal 0 0 1
    outer loop
      vertex 104.9 66 77.282
      vertex 107.498 64.5 77.282
      vertex 107.28 64.8263 77.282
    endloop
  endfacet
  facet normal 0 0 1
    outer loop
      vertex 104.9 66 77.282
      vertex 107.28 64.8263 77.282
      vertex 107.021 65.1213 77.282
    endloop
  endfacet
  facet normal 0 0 1
    outer loop
      vertex 104.9 66 77.282
      vertex 107.021 65.1213 77.282
      vertex 106.726 65.3801 77.282
    endloop
  endfacet
  facet normal 0 0 1
    outer loop
      vertex 104.9 66 77.282
      vertex 106.726 65.3801 77.282
      vertex 106.4 65.5981 77.282
    endloop
  endfacet
  facet normal 0 0 1
    outer loop
      vertex 104.9 66 77.282
      vertex 106.4 65.5981 77.282
      vertex 106.048 65.7716 77.282
    endloop
  endfacet
  facet normal 0 0 1
    outer loop
      vertex 104.9 66 77.282
      vertex 106.048 65.7716 77.282
      vertex 105.676 65.8978 77.282
    endloop
  endfacet
  facet normal 0 0 1
    outer loop
      vertex 104.9 66 77.282
      vertex 105.676 65.8978 77.282
      vertex 105.292 65.9743 77.282
    endloop
  endfacet
  facet normal 0 0 1
    outer loop
      vertex 107.9 63 77.282
      vertex 104.9 66 77.282
      vertex 107.9 40 77.282
    endloop
  endfacet
  facet normal -0 0 1
    outer loop
      vertex 3 66 77.282
      vertex 107.9 40 77.282
      vertex 104.9 66 77.282
    endloop
  endfacet
  facet normal 0 0 1
    outer loop
      vertex 0 63 77.282
      vertex 3 66 77.282
      vertex 2.60842 65.9743 77.282
    endloop
  endfacet
  facet normal 0 0 1
    outer loop
      vertex 0 63 77.282
      vertex 2.60842 65.9743 77.282
      vertex 2.22354 65.8978 77.282
    endloop
  endfacet
  facet normal 0 0 1
    outer loop
      vertex 0 63 77.282
      vertex 2.22354 65.8978 77.282
      vertex 1.85195 65.7716 77.282
    endloop
  endfacet
  facet normal 0 0 1
    outer loop
      vertex 0 63 77.282
      vertex 1.85195 65.7716 77.282
      vertex 1.5 65.5981 77.282
    endloop
  endfacet
  facet normal 0 0 1
    outer loop
      vertex 0 63 77.282
      vertex 1.5 65.5981 77.282
      vertex 1.17372 65.3801 77.282
    endloop
  endfacet
  facet normal 0 0 1
    outer loop
      vertex 0 63 77.282
      vertex 1.17372 65.3801 77.282
      vertex 0.878679 65.1213 77.282
    endloop
  endfacet
  facet normal 0 0 1
    outer loop
      vertex 0 63 77.282
      vertex 0.878679 65.1213 77.282
      vertex 0.61994 64.8263 77.282
    endloop
  endfacet
  facet normal 0 0 1
    outer loop
      vertex 0 63 77.282
      vertex 0.61994 64.8263 77.282
      vertex 0.401923 64.5 77.282
    endloop
  endfacet
  facet normal 0 0 1
    outer loop
      vertex 0 63 77.282
      vertex 0.401923 64.5 77.282
      vertex 0.228361 64.148 77.282
    endloop
  endfacet
  facet normal 0 0 1
    outer loop
      vertex 0 63 77.282
      vertex 0.228361 64.148 77.282
      vertex 0.102222 63.7765 77.282
    endloop
  endfacet
  facet normal 0 0 1
    outer loop
      vertex 0 63 77.282
      vertex 0.102222 63.7765 77.282
      vertex 0.0256653 63.3916 77.282
    endloop
  endfacet
  facet normal 0 0 1
    outer loop
      vertex 3 66 77.282
      vertex 0 63 77.282
      vertex 0 40 77.282
    endloop
  endfacet
  facet normal 0 0 1
    outer loop
      vertex 3 66 77.282
      vertex 0 40 77.282
      vertex 107.9 40 77.282
    endloop
  endfacet
  facet normal 0.997803 0.0662484 0
    outer loop
      vertex 107.9 63 77.282
      vertex 107.874 63.3916 0
      vertex 107.874 63.3916 77.282
    endloop
  endfacet
  facet normal 0.997803 0.0662484 0
    outer loop
      vertex 107.874 63.3916 0
      vertex 107.9 63 77.282
      vertex 107.9 63 0
    endloop
  endfacet
  facet normal 0.321264 0.94699 -0
    outer loop
      vertex 106.048 65.7716 0
      vertex 105.676 65.8978 77.282
      vertex 106.048 65.7716 77.282
    endloop
  endfacet
  facet normal 0.321264 0.94699 0
    outer loop
      vertex 105.676 65.8978 77.282
      vertex 106.048 65.7716 0
      vertex 105.676 65.8978 0
    endloop
  endfacet
  facet normal -0.751846 -0.659339 -0
    outer loop
      vertex 0.878679 0.878679 9.52192
      vertex 0.61994 1.17372 0
      vertex 0.878679 0.878679 0
    endloop
  endfacet
  facet normal -0.751846 -0.659339 0
    outer loop
      vertex 0.61994 1.17372 0
      vertex 0.878679 0.878679 9.52192
      vertex 0.61994 1.17372 10.0329
    endloop
  endfacet
  facet normal -0.980786 -0.195089 -0
    outer loop
      vertex 0.102222 2.22354 11.8513
      vertex 0.0256653 2.60842 0
      vertex 0.102222 2.22354 0
    endloop
  endfacet
  facet normal -0.980786 -0.195089 0
    outer loop
      vertex 0.0256653 2.60842 0
      vertex 0.102222 2.22354 11.8513
      vertex 0.0256653 2.60842 12.5179
    endloop
  endfacet
  facet normal 0.981058 0.193714 0
    outer loop
      vertex 107.874 63.3916 77.282
      vertex 107.798 63.7765 0
      vertex 107.798 63.7765 77.282
    endloop
  endfacet
  facet normal 0.981058 0.193714 0
    outer loop
      vertex 107.798 63.7765 0
      vertex 107.874 63.3916 77.282
      vertex 107.874 63.3916 0
    endloop
  endfacet
  facet normal 0.947037 -0.321125 0
    outer loop
      vertex 107.672 1.85195 11.2077
      vertex 107.798 2.22354 0
      vertex 107.798 2.22354 11.8513
    endloop
  endfacet
  facet normal 0.947037 -0.321125 0
    outer loop
      vertex 107.798 2.22354 0
      vertex 107.672 1.85195 11.2077
      vertex 107.672 1.85195 0
    endloop
  endfacet
  facet normal -0.896898 0.442237 0
    outer loop
      vertex 0.228361 64.148 0
      vertex 0.401923 64.5 77.282
      vertex 0.401923 64.5 0
    endloop
  endfacet
  facet normal -0.896898 0.442237 0
    outer loop
      vertex 0.401923 64.5 77.282
      vertex 0.228361 64.148 0
      vertex 0.228361 64.148 77.282
    endloop
  endfacet
  facet normal 0.195379 0.980728 -0
    outer loop
      vertex 105.676 65.8978 0
      vertex 105.292 65.9743 77.282
      vertex 105.676 65.8978 77.282
    endloop
  endfacet
  facet normal 0.195379 0.980728 0
    outer loop
      vertex 105.292 65.9743 77.282
      vertex 105.676 65.8978 0
      vertex 105.292 65.9743 0
    endloop
  endfacet
  facet normal 0.65939 -0.751801 0
    outer loop
      vertex 107.021 0.878679 0
      vertex 106.726 0.61994 9.07377
      vertex 106.726 0.61994 0
    endloop
  endfacet
  facet normal 0.65939 -0.751801 0
    outer loop
      vertex 106.726 0.61994 9.07377
      vertex 107.021 0.878679 0
      vertex 107.021 0.878679 9.52192
    endloop
  endfacet
  facet normal -0.831481 0.555553 0
    outer loop
      vertex 0.401923 64.5 0
      vertex 0.61994 64.8263 77.282
      vertex 0.61994 64.8263 0
    endloop
  endfacet
  facet normal -0.831481 0.555553 0
    outer loop
      vertex 0.61994 64.8263 77.282
      vertex 0.401923 64.5 0
      vertex 0.401923 64.5 77.282
    endloop
  endfacet
  facet normal -0.195089 -0.980786 0
    outer loop
      vertex 2.22354 0.102222 0
      vertex 2.60842 0.0256653 8.04445
      vertex 2.22354 0.102222 8.17705
    endloop
  endfacet
  facet normal -0.195089 -0.980786 -0
    outer loop
      vertex 2.60842 0.0256653 8.04445
      vertex 2.22354 0.102222 0
      vertex 2.60842 0.0256653 0
    endloop
  endfacet
  facet normal -0.555547 0.831485 0
    outer loop
      vertex 1.5 65.5981 0
      vertex 1.17372 65.3801 77.282
      vertex 1.5 65.5981 77.282
    endloop
  endfacet
  facet normal -0.555547 0.831485 0
    outer loop
      vertex 1.17372 65.3801 77.282
      vertex 1.5 65.5981 0
      vertex 1.17372 65.3801 0
    endloop
  endfacet
  facet normal 0.555877 0.831265 -0
    outer loop
      vertex 106.726 65.3801 0
      vertex 106.4 65.5981 77.282
      vertex 106.726 65.3801 77.282
    endloop
  endfacet
  facet normal 0.555877 0.831265 0
    outer loop
      vertex 106.4 65.5981 77.282
      vertex 106.726 65.3801 0
      vertex 106.4 65.5981 0
    endloop
  endfacet
  facet normal 0.44211 0.896961 -0
    outer loop
      vertex 106.4 65.5981 0
      vertex 106.048 65.7716 77.282
      vertex 106.4 65.5981 77.282
    endloop
  endfacet
  facet normal 0.44211 0.896961 0
    outer loop
      vertex 106.048 65.7716 77.282
      vertex 106.4 65.5981 0
      vertex 106.048 65.7716 0
    endloop
  endfacet
  facet normal 0.0653328 -0.997864 0
    outer loop
      vertex 105.292 0.0256653 0
      vertex 104.9 0 8
      vertex 104.9 0 0
    endloop
  endfacet
  facet normal 0.0653328 -0.997864 0
    outer loop
      vertex 104.9 0 8
      vertex 105.292 0.0256653 0
      vertex 105.292 0.0256653 8.04445
    endloop
  endfacet
  facet normal -0.0654026 -0.997859 0
    outer loop
      vertex 2.60842 0.0256653 0
      vertex 3 0 8
      vertex 2.60842 0.0256653 8.04445
    endloop
  endfacet
  facet normal -0.0654026 -0.997859 -0
    outer loop
      vertex 3 0 8
      vertex 2.60842 0.0256653 0
      vertex 3 0 0
    endloop
  endfacet
  facet normal 0.751471 0.659766 0
    outer loop
      vertex 107.28 64.8263 77.282
      vertex 107.021 65.1213 0
      vertex 107.021 65.1213 77.282
    endloop
  endfacet
  facet normal 0.751471 0.659766 0
    outer loop
      vertex 107.021 65.1213 0
      vertex 107.28 64.8263 77.282
      vertex 107.28 64.8263 0
    endloop
  endfacet
  facet normal -0.831465 -0.555577 -0
    outer loop
      vertex 0.61994 1.17372 10.0329
      vertex 0.401923 1.5 0
      vertex 0.61994 1.17372 0
    endloop
  endfacet
  facet normal -0.831465 -0.555577 0
    outer loop
      vertex 0.401923 1.5 0
      vertex 0.61994 1.17372 10.0329
      vertex 0.401923 1.5 10.5981
    endloop
  endfacet
  facet normal -0.751801 0.65939 0
    outer loop
      vertex 0.61994 64.8263 0
      vertex 0.878679 65.1213 77.282
      vertex 0.878679 65.1213 0
    endloop
  endfacet
  facet normal -0.751801 0.65939 0
    outer loop
      vertex 0.878679 65.1213 77.282
      vertex 0.61994 64.8263 0
      vertex 0.61994 64.8263 77.282
    endloop
  endfacet
  facet normal -0.19495 0.980813 0
    outer loop
      vertex 2.60842 65.9743 0
      vertex 2.22354 65.8978 77.282
      vertex 2.60842 65.9743 77.282
    endloop
  endfacet
  facet normal -0.19495 0.980813 0
    outer loop
      vertex 2.22354 65.8978 77.282
      vertex 2.60842 65.9743 0
      vertex 2.22354 65.8978 0
    endloop
  endfacet
  facet normal -0.946929 -0.321442 -0
    outer loop
      vertex 0.228361 1.85195 11.2077
      vertex 0.102222 2.22354 0
      vertex 0.228361 1.85195 0
    endloop
  endfacet
  facet normal -0.946929 -0.321442 0
    outer loop
      vertex 0.102222 2.22354 0
      vertex 0.228361 1.85195 11.2077
      vertex 0.102222 2.22354 11.8513
    endloop
  endfacet
  facet normal 0.659478 0.751724 -0
    outer loop
      vertex 107.021 65.1213 0
      vertex 106.726 65.3801 77.282
      vertex 107.021 65.1213 77.282
    endloop
  endfacet
  facet normal 0.659478 0.751724 0
    outer loop
      vertex 106.726 65.3801 77.282
      vertex 107.021 65.1213 0
      vertex 106.726 65.3801 0
    endloop
  endfacet
  facet normal 0.831501 0.555523 0
    outer loop
      vertex 107.498 64.5 77.282
      vertex 107.28 64.8263 0
      vertex 107.28 64.8263 77.282
    endloop
  endfacet
  facet normal 0.831501 0.555523 0
    outer loop
      vertex 107.28 64.8263 0
      vertex 107.498 64.5 77.282
      vertex 107.498 64.5 0
    endloop
  endfacet
  facet normal -0.997859 0.0653993 0
    outer loop
      vertex 0 63 0
      vertex 0.0256653 63.3916 77.282
      vertex 0.0256653 63.3916 0
    endloop
  endfacet
  facet normal -0.997859 0.0653993 0
    outer loop
      vertex 0.0256653 63.3916 77.282
      vertex 0 63 0
      vertex 0 63 77.282
    endloop
  endfacet
  facet normal -0.896873 -0.442288 -0
    outer loop
      vertex 0.401923 1.5 10.5981
      vertex 0.228361 1.85195 0
      vertex 0.401923 1.5 0
    endloop
  endfacet
  facet normal -0.896873 -0.442288 0
    outer loop
      vertex 0.228361 1.85195 0
      vertex 0.401923 1.5 10.5981
      vertex 0.228361 1.85195 11.2077
    endloop
  endfacet
  facet normal -0.0654906 0.997853 0
    outer loop
      vertex 3 66 0
      vertex 2.60842 65.9743 77.282
      vertex 3 66 77.282
    endloop
  endfacet
  facet normal -0.0654906 0.997853 0
    outer loop
      vertex 2.60842 65.9743 77.282
      vertex 3 66 0
      vertex 2.60842 65.9743 0
    endloop
  endfacet
  facet normal 0.555906 -0.831245 0
    outer loop
      vertex 106.726 0.61994 0
      vertex 106.4 0.401923 8.69615
      vertex 106.4 0.401923 0
    endloop
  endfacet
  facet normal 0.555906 -0.831245 0
    outer loop
      vertex 106.4 0.401923 8.69615
      vertex 106.726 0.61994 0
      vertex 106.726 0.61994 9.07377
    endloop
  endfacet
  facet normal 0.947013 0.321194 0
    outer loop
      vertex 107.798 63.7765 77.282
      vertex 107.672 64.148 0
      vertex 107.672 64.148 77.282
    endloop
  endfacet
  facet normal 0.947013 0.321194 0
    outer loop
      vertex 107.672 64.148 0
      vertex 107.798 63.7765 77.282
      vertex 107.798 63.7765 0
    endloop
  endfacet
  facet normal -0.44216 0.896936 0
    outer loop
      vertex 1.85195 65.7716 0
      vertex 1.5 65.5981 77.282
      vertex 1.85195 65.7716 77.282
    endloop
  endfacet
  facet normal -0.44216 0.896936 0
    outer loop
      vertex 1.5 65.5981 77.282
      vertex 1.85195 65.7716 0
      vertex 1.5 65.5981 0
    endloop
  endfacet
  facet normal -0.321582 0.946882 0
    outer loop
      vertex 2.22354 65.8978 0
      vertex 1.85195 65.7716 77.282
      vertex 2.22354 65.8978 77.282
    endloop
  endfacet
  facet normal -0.321582 0.946882 0
    outer loop
      vertex 1.85195 65.7716 77.282
      vertex 2.22354 65.8978 0
      vertex 1.85195 65.7716 0
    endloop
  endfacet
  facet normal 0.0654208 0.997858 -0
    outer loop
      vertex 105.292 65.9743 0
      vertex 104.9 66 77.282
      vertex 105.292 65.9743 77.282
    endloop
  endfacet
  facet normal 0.0654208 0.997858 0
    outer loop
      vertex 104.9 66 77.282
      vertex 105.292 65.9743 0
      vertex 104.9 66 0
    endloop
  endfacet
  facet normal 0.831485 -0.555547 0
    outer loop
      vertex 107.28 1.17372 10.0329
      vertex 107.498 1.5 0
      vertex 107.498 1.5 10.5981
    endloop
  endfacet
  facet normal 0.831485 -0.555547 0
    outer loop
      vertex 107.498 1.5 0
      vertex 107.28 1.17372 10.0329
      vertex 107.28 1.17372 0
    endloop
  endfacet
  facet normal 0.751516 -0.659714 0
    outer loop
      vertex 107.021 0.878679 9.52192
      vertex 107.28 1.17372 0
      vertex 107.28 1.17372 10.0329
    endloop
  endfacet
  facet normal 0.751516 -0.659714 0
    outer loop
      vertex 107.28 1.17372 0
      vertex 107.021 0.878679 9.52192
      vertex 107.021 0.878679 0
    endloop
  endfacet
  facet normal 0.896455 0.443134 0
    outer loop
      vertex 107.672 64.148 77.282
      vertex 107.498 64.5 0
      vertex 107.498 64.5 77.282
    endloop
  endfacet
  facet normal 0.896455 0.443134 0
    outer loop
      vertex 107.498 64.5 0
      vertex 107.672 64.148 77.282
      vertex 107.672 64.148 0
    endloop
  endfacet
  facet normal -0.555577 -0.831465 0
    outer loop
      vertex 1.17372 0.61994 0
      vertex 1.5 0.401923 8.69615
      vertex 1.17372 0.61994 9.07377
    endloop
  endfacet
  facet normal -0.555577 -0.831465 -0
    outer loop
      vertex 1.5 0.401923 8.69615
      vertex 1.17372 0.61994 0
      vertex 1.5 0.401923 0
    endloop
  endfacet
  facet normal -0.946905 0.321512 0
    outer loop
      vertex 0.102222 63.7765 0
      vertex 0.228361 64.148 77.282
      vertex 0.228361 64.148 0
    endloop
  endfacet
  facet normal -0.946905 0.321512 0
    outer loop
      vertex 0.228361 64.148 77.282
      vertex 0.102222 63.7765 0
      vertex 0.102222 63.7765 77.282
    endloop
  endfacet
  facet normal -0.659426 0.751769 0
    outer loop
      vertex 1.17372 65.3801 0
      vertex 0.878679 65.1213 77.282
      vertex 1.17372 65.3801 77.282
    endloop
  endfacet
  facet normal -0.659426 0.751769 0
    outer loop
      vertex 0.878679 65.1213 77.282
      vertex 1.17372 65.3801 0
      vertex 0.878679 65.1213 0
    endloop
  endfacet
  facet normal -0.659339 -0.751846 0
    outer loop
      vertex 0.878679 0.878679 0
      vertex 1.17372 0.61994 9.07377
      vertex 0.878679 0.878679 9.52192
    endloop
  endfacet
  facet normal -0.659339 -0.751846 -0
    outer loop
      vertex 1.17372 0.61994 9.07377
      vertex 0.878679 0.878679 0
      vertex 1.17372 0.61994 0
    endloop
  endfacet
  facet normal -0.980788 0.195079 0
    outer loop
      vertex 0.0256653 63.3916 0
      vertex 0.102222 63.7765 77.282
      vertex 0.102222 63.7765 0
    endloop
  endfacet
  facet normal -0.980788 0.195079 0
    outer loop
      vertex 0.102222 63.7765 77.282
      vertex 0.0256653 63.3916 0
      vertex 0.0256653 63.3916 77.282
    endloop
  endfacet
  facet normal 0.442237 -0.896898 0
    outer loop
      vertex 106.4 0.401923 0
      vertex 106.048 0.228361 8.39553
      vertex 106.048 0.228361 0
    endloop
  endfacet
  facet normal 0.442237 -0.896898 0
    outer loop
      vertex 106.048 0.228361 8.39553
      vertex 106.4 0.401923 0
      vertex 106.4 0.401923 8.69615
    endloop
  endfacet
  facet normal -0.997859 -0.0654026 -0
    outer loop
      vertex 0.0256653 2.60842 12.5179
      vertex 0 3 0
      vertex 0.0256653 2.60842 0
    endloop
  endfacet
  facet normal -0.997859 -0.0654026 0
    outer loop
      vertex 0 3 0
      vertex 0.0256653 2.60842 12.5179
      vertex 0 3 13.1962
    endloop
  endfacet
  facet normal 0.195519 -0.9807 0
    outer loop
      vertex 105.676 0.102222 0
      vertex 105.292 0.0256653 8.04445
      vertex 105.292 0.0256653 0
    endloop
  endfacet
  facet normal 0.195519 -0.9807 0
    outer loop
      vertex 105.292 0.0256653 8.04445
      vertex 105.676 0.102222 0
      vertex 105.676 0.102222 8.17705
    endloop
  endfacet
  facet normal 0.321124 -0.947037 0
    outer loop
      vertex 106.048 0.228361 0
      vertex 105.676 0.102222 8.17705
      vertex 105.676 0.102222 0
    endloop
  endfacet
  facet normal 0.321124 -0.947037 0
    outer loop
      vertex 105.676 0.102222 8.17705
      vertex 106.048 0.228361 0
      vertex 106.048 0.228361 8.39553
    endloop
  endfacet
  facet normal 0.981056 -0.193723 0
    outer loop
      vertex 107.798 2.22354 11.8513
      vertex 107.874 2.60842 0
      vertex 107.874 2.60842 12.5179
    endloop
  endfacet
  facet normal 0.981056 -0.193723 0
    outer loop
      vertex 107.874 2.60842 0
      vertex 107.798 2.22354 11.8513
      vertex 107.798 2.22354 0
    endloop
  endfacet
  facet normal 0.997803 -0.0662518 0
    outer loop
      vertex 107.874 2.60842 12.5179
      vertex 107.9 3 0
      vertex 107.9 3 13.1962
    endloop
  endfacet
  facet normal 0.997803 -0.0662518 0
    outer loop
      vertex 107.9 3 0
      vertex 107.874 2.60842 12.5179
      vertex 107.874 2.60842 0
    endloop
  endfacet
  facet normal -0.321442 -0.946929 0
    outer loop
      vertex 1.85195 0.228361 0
      vertex 2.22354 0.102222 8.17705
      vertex 1.85195 0.228361 8.39553
    endloop
  endfacet
  facet normal -0.321442 -0.946929 -0
    outer loop
      vertex 2.22354 0.102222 8.17705
      vertex 1.85195 0.228361 0
      vertex 2.22354 0.102222 0
    endloop
  endfacet
  facet normal -0.442288 -0.896873 0
    outer loop
      vertex 1.5 0.401923 0
      vertex 1.85195 0.228361 8.39553
      vertex 1.5 0.401923 8.69615
    endloop
  endfacet
  facet normal -0.442288 -0.896873 -0
    outer loop
      vertex 1.85195 0.228361 8.39553
      vertex 1.5 0.401923 0
      vertex 1.85195 0.228361 0
    endloop
  endfacet
  facet normal 0.89643 -0.443185 0
    outer loop
      vertex 107.498 1.5 10.5981
      vertex 107.672 1.85195 0
      vertex 107.672 1.85195 11.2077
    endloop
  endfacet
  facet normal 0.89643 -0.443185 0
    outer loop
      vertex 107.672 1.85195 0
      vertex 107.498 1.5 10.5981
      vertex 107.498 1.5 0
    endloop
  endfacet
  facet normal 0 1 -0
    outer loop
      vertex 105.5 2.39999 2.39999
      vertex 2.4 2.39999 7.35692
      vertex 105.5 2.39999 7.35692
    endloop
  endfacet
  facet normal 0 1 0
    outer loop
      vertex 2.4 2.39999 7.35692
      vertex 105.5 2.39999 2.39999
      vertex 2.4 2.39999 2.39999
    endloop
  endfacet
  facet normal 0 -1 0
    outer loop
      vertex 42.5 63.6 30
      vertex 48 63.6 52
      vertex 42.5 63.6 52
    endloop
  endfacet
  facet normal 0 -1 -0
    outer loop
      vertex 48 63.6 52
      vertex 42.5 63.6 30
      vertex 48 63.6 30
    endloop
  endfacet
  facet normal 0 -1 0
    outer loop
      vertex 33.5 63.6 30
      vertex 39 63.6 52
      vertex 33.5 63.6 52
    endloop
  endfacet
  facet normal 0 -1 -0
    outer loop
      vertex 39 63.6 52
      vertex 33.5 63.6 30
      vertex 39 63.6 30
    endloop
  endfacet
  facet normal 0 -1 0
    outer loop
      vertex 24.5 63.6 30
      vertex 30 63.6 52
      vertex 24.5 63.6 52
    endloop
  endfacet
  facet normal 0 -1 -0
    outer loop
      vertex 30 63.6 52
      vertex 24.5 63.6 30
      vertex 30 63.6 30
    endloop
  endfacet
  facet normal 0 -1 0
    outer loop
      vertex 15.5 63.6 30
      vertex 21 63.6 52
      vertex 15.5 63.6 52
    endloop
  endfacet
  facet normal 0 -1 -0
    outer loop
      vertex 21 63.6 52
      vertex 15.5 63.6 30
      vertex 21 63.6 30
    endloop
  endfacet
  facet normal 0 -1 0
    outer loop
      vertex 65.83 63.6 63.1
      vertex 96 63.6 14
      vertex 96 63.6 63.1
    endloop
  endfacet
  facet normal 0 -1 0
    outer loop
      vertex 65.83 63.6 2.39999
      vertex 96 63.6 14
      vertex 65.83 63.6 63.1
    endloop
  endfacet
  facet normal 0 -1 -0
    outer loop
      vertex 96 63.6 14
      vertex 65.83 63.6 2.39999
      vertex 96 63.6 2.39999
    endloop
  endfacet
  facet normal 0 -1 0
    outer loop
      vertex 2.4 63.6 74.882
      vertex 53.83 63.6 63.1
      vertex 105.5 63.6 74.882
    endloop
  endfacet
  facet normal 0 -1 0
    outer loop
      vertex 15.5 63.6 52
      vertex 2.4 63.6 74.882
      vertex 12 63.6 52
    endloop
  endfacet
  facet normal 0 -1 0
    outer loop
      vertex 2.4 63.6 74.882
      vertex 12 63.6 30
      vertex 12 63.6 52
    endloop
  endfacet
  facet normal 0 -1 0
    outer loop
      vertex 2.4 63.6 2.39999
      vertex 15.5 63.6 30
      vertex 12 63.6 30
    endloop
  endfacet
  facet normal 0 -1 -0
    outer loop
      vertex 15.5 63.6 30
      vertex 2.4 63.6 2.39999
      vertex 21 63.6 30
    endloop
  endfacet
  facet normal 0 -1 -0
    outer loop
      vertex 21 63.6 30
      vertex 2.4 63.6 2.39999
      vertex 24.5 63.6 30
    endloop
  endfacet
  facet normal 0 -1 -0
    outer loop
      vertex 24.5 63.6 30
      vertex 2.4 63.6 2.39999
      vertex 30 63.6 30
    endloop
  endfacet
  facet normal 0 -1 0
    outer loop
      vertex 53.83 63.6 2.39999
      vertex 30 63.6 30
      vertex 2.4 63.6 2.39999
    endloop
  endfacet
  facet normal 0 -1 0
    outer loop
      vertex 30 63.6 30
      vertex 53.83 63.6 2.39999
      vertex 33.5 63.6 30
    endloop
  endfacet
  facet normal 0 -1 0
    outer loop
      vertex 33.5 63.6 30
      vertex 53.83 63.6 2.39999
      vertex 39 63.6 30
    endloop
  endfacet
  facet normal 0 -1 0
    outer loop
      vertex 42.5 63.6 30
      vertex 53.83 63.6 2.39999
      vertex 48 63.6 30
    endloop
  endfacet
  facet normal 0 -1 0
    outer loop
      vertex 39 63.6 30
      vertex 53.83 63.6 2.39999
      vertex 42.5 63.6 30
    endloop
  endfacet
  facet normal 0 -1 0
    outer loop
      vertex 2.4 63.6 2.39999
      vertex 12 63.6 30
      vertex 2.4 63.6 74.882
    endloop
  endfacet
  facet normal 0 -1 0
    outer loop
      vertex 65.83 63.6 63.1
      vertex 105.5 63.6 74.882
      vertex 53.83 63.6 63.1
    endloop
  endfacet
  facet normal 0 -1 0
    outer loop
      vertex 96 63.6 63.1
      vertex 105.5 63.6 74.882
      vertex 65.83 63.6 63.1
    endloop
  endfacet
  facet normal 0 -1 -0
    outer loop
      vertex 105.5 63.6 74.882
      vertex 96 63.6 63.1
      vertex 105.5 63.6 63.1
    endloop
  endfacet
  facet normal 0 -1 0
    outer loop
      vertex 21 63.6 52
      vertex 2.4 63.6 74.882
      vertex 15.5 63.6 52
    endloop
  endfacet
  facet normal 0 -1 0
    outer loop
      vertex 24.5 63.6 52
      vertex 2.4 63.6 74.882
      vertex 21 63.6 52
    endloop
  endfacet
  facet normal 0 -1 0
    outer loop
      vertex 30 63.6 52
      vertex 2.4 63.6 74.882
      vertex 24.5 63.6 52
    endloop
  endfacet
  facet normal 0 -1 0
    outer loop
      vertex 2.4 63.6 74.882
      vertex 30 63.6 52
      vertex 53.83 63.6 63.1
    endloop
  endfacet
  facet normal 0 -1 0
    outer loop
      vertex 33.5 63.6 52
      vertex 53.83 63.6 63.1
      vertex 30 63.6 52
    endloop
  endfacet
  facet normal 0 -1 0
    outer loop
      vertex 39 63.6 52
      vertex 53.83 63.6 63.1
      vertex 33.5 63.6 52
    endloop
  endfacet
  facet normal 0 -1 0
    outer loop
      vertex 42.5 63.6 52
      vertex 53.83 63.6 63.1
      vertex 39 63.6 52
    endloop
  endfacet
  facet normal 0 -1 0
    outer loop
      vertex 48 63.6 52
      vertex 53.83 63.6 63.1
      vertex 42.5 63.6 52
    endloop
  endfacet
  facet normal 0 -1 0
    outer loop
      vertex 51.5 63.6 52
      vertex 53.83 63.6 63.1
      vertex 48 63.6 52
    endloop
  endfacet
  facet normal 0 -1 0
    outer loop
      vertex 51.5 63.6 30
      vertex 53.83 63.6 63.1
      vertex 51.5 63.6 52
    endloop
  endfacet
  facet normal 0 -1 0
    outer loop
      vertex 51.5 63.6 30
      vertex 53.83 63.6 2.39999
      vertex 53.83 63.6 63.1
    endloop
  endfacet
  facet normal 0 -1 0
    outer loop
      vertex 48 63.6 30
      vertex 53.83 63.6 2.39999
      vertex 51.5 63.6 30
    endloop
  endfacet
  facet normal 0 -1 0
    outer loop
      vertex 59.6668 63.6 18.2393
      vertex 59.9932 63.6 18.2393
      vertex 59.83 63.6 18.25
    endloop
  endfacet
  facet normal 0 -1 0
    outer loop
      vertex 59.5065 63.6 18.2074
      vertex 59.9932 63.6 18.2393
      vertex 59.6668 63.6 18.2393
    endloop
  endfacet
  facet normal 0 -1 0
    outer loop
      vertex 59.5065 63.6 18.2074
      vertex 60.1535 63.6 18.2074
      vertex 59.9932 63.6 18.2393
    endloop
  endfacet
  facet normal 0 -1 0
    outer loop
      vertex 59.3516 63.6 18.1549
      vertex 60.1535 63.6 18.2074
      vertex 59.5065 63.6 18.2074
    endloop
  endfacet
  facet normal 0 -1 0
    outer loop
      vertex 59.3516 63.6 18.1549
      vertex 60.3084 63.6 18.1549
      vertex 60.1535 63.6 18.2074
    endloop
  endfacet
  facet normal 0 -1 0
    outer loop
      vertex 59.205 63.6 18.0825
      vertex 60.3084 63.6 18.1549
      vertex 59.3516 63.6 18.1549
    endloop
  endfacet
  facet normal 0 -1 0
    outer loop
      vertex 59.205 63.6 18.0825
      vertex 60.455 63.6 18.0825
      vertex 60.3084 63.6 18.1549
    endloop
  endfacet
  facet normal 0 -1 0
    outer loop
      vertex 59.069 63.6 17.9917
      vertex 60.455 63.6 18.0825
      vertex 59.205 63.6 18.0825
    endloop
  endfacet
  facet normal 0 -1 0
    outer loop
      vertex 59.069 63.6 17.9917
      vertex 60.591 63.6 17.9917
      vertex 60.455 63.6 18.0825
    endloop
  endfacet
  facet normal 0 -1 0
    outer loop
      vertex 58.9461 63.6 17.8839
      vertex 60.591 63.6 17.9917
      vertex 59.069 63.6 17.9917
    endloop
  endfacet
  facet normal 0 -1 0
    outer loop
      vertex 58.9461 63.6 17.8839
      vertex 60.7139 63.6 17.8839
      vertex 60.591 63.6 17.9917
    endloop
  endfacet
  facet normal 0 -1 0
    outer loop
      vertex 58.8383 63.6 17.761
      vertex 60.7139 63.6 17.8839
      vertex 58.9461 63.6 17.8839
    endloop
  endfacet
  facet normal 0 -1 0
    outer loop
      vertex 58.8383 63.6 17.761
      vertex 60.8217 63.6 17.761
      vertex 60.7139 63.6 17.8839
    endloop
  endfacet
  facet normal 0 -1 0
    outer loop
      vertex 58.7475 63.6 17.625
      vertex 60.8217 63.6 17.761
      vertex 58.8383 63.6 17.761
    endloop
  endfacet
  facet normal 0 -1 0
    outer loop
      vertex 58.7475 63.6 17.625
      vertex 60.9125 63.6 17.625
      vertex 60.8217 63.6 17.761
    endloop
  endfacet
  facet normal 0 -1 0
    outer loop
      vertex 58.6752 63.6 17.4784
      vertex 60.9125 63.6 17.625
      vertex 58.7475 63.6 17.625
    endloop
  endfacet
  facet normal 0 -1 0
    outer loop
      vertex 58.6752 63.6 17.4784
      vertex 60.9848 63.6 17.4784
      vertex 60.9125 63.6 17.625
    endloop
  endfacet
  facet normal 0 -1 0
    outer loop
      vertex 58.6226 63.6 17.3235
      vertex 60.9848 63.6 17.4784
      vertex 58.6752 63.6 17.4784
    endloop
  endfacet
  facet normal 0 -1 0
    outer loop
      vertex 58.6226 63.6 17.3235
      vertex 61.0374 63.6 17.3235
      vertex 60.9848 63.6 17.4784
    endloop
  endfacet
  facet normal 0 -1 0
    outer loop
      vertex 58.5907 63.6 17.1632
      vertex 61.0374 63.6 17.3235
      vertex 58.6226 63.6 17.3235
    endloop
  endfacet
  facet normal 0 -1 0
    outer loop
      vertex 58.5907 63.6 17.1632
      vertex 61.0693 63.6 17.1632
      vertex 61.0374 63.6 17.3235
    endloop
  endfacet
  facet normal 0 -1 0
    outer loop
      vertex 58.58 63.6 17
      vertex 61.0693 63.6 17.1632
      vertex 58.5907 63.6 17.1632
    endloop
  endfacet
  facet normal 0 -1 0
    outer loop
      vertex 58.58 63.6 17
      vertex 61.08 63.6 17
      vertex 61.0693 63.6 17.1632
    endloop
  endfacet
  facet normal 0 -1 0
    outer loop
      vertex 58.5907 63.6 16.8368
      vertex 61.08 63.6 17
      vertex 58.58 63.6 17
    endloop
  endfacet
  facet normal 0 -1 0
    outer loop
      vertex 58.5907 63.6 16.8368
      vertex 61.0693 63.6 16.8368
      vertex 61.08 63.6 17
    endloop
  endfacet
  facet normal 0 -1 0
    outer loop
      vertex 58.6226 63.6 16.6765
      vertex 61.0693 63.6 16.8368
      vertex 58.5907 63.6 16.8368
    endloop
  endfacet
  facet normal 0 -1 0
    outer loop
      vertex 58.6226 63.6 16.6765
      vertex 61.0374 63.6 16.6765
      vertex 61.0693 63.6 16.8368
    endloop
  endfacet
  facet normal 0 -1 0
    outer loop
      vertex 58.6752 63.6 16.5216
      vertex 61.0374 63.6 16.6765
      vertex 58.6226 63.6 16.6765
    endloop
  endfacet
  facet normal 0 -1 0
    outer loop
      vertex 58.6752 63.6 16.5216
      vertex 60.9848 63.6 16.5216
      vertex 61.0374 63.6 16.6765
    endloop
  endfacet
  facet normal 0 -1 0
    outer loop
      vertex 58.7475 63.6 16.375
      vertex 60.9848 63.6 16.5216
      vertex 58.6752 63.6 16.5216
    endloop
  endfacet
  facet normal 0 -1 0
    outer loop
      vertex 58.7475 63.6 16.375
      vertex 60.9125 63.6 16.375
      vertex 60.9848 63.6 16.5216
    endloop
  endfacet
  facet normal 0 -1 0
    outer loop
      vertex 58.8383 63.6 16.239
      vertex 60.9125 63.6 16.375
      vertex 58.7475 63.6 16.375
    endloop
  endfacet
  facet normal 0 -1 0
    outer loop
      vertex 58.8383 63.6 16.239
      vertex 60.8217 63.6 16.239
      vertex 60.9125 63.6 16.375
    endloop
  endfacet
  facet normal 0 -1 0
    outer loop
      vertex 58.9461 63.6 16.1161
      vertex 60.8217 63.6 16.239
      vertex 58.8383 63.6 16.239
    endloop
  endfacet
  facet normal 0 -1 0
    outer loop
      vertex 58.9461 63.6 16.1161
      vertex 60.7139 63.6 16.1161
      vertex 60.8217 63.6 16.239
    endloop
  endfacet
  facet normal 0 -1 0
    outer loop
      vertex 59.069 63.6 16.0083
      vertex 60.7139 63.6 16.1161
      vertex 58.9461 63.6 16.1161
    endloop
  endfacet
  facet normal 0 -1 0
    outer loop
      vertex 59.069 63.6 16.0083
      vertex 60.591 63.6 16.0083
      vertex 60.7139 63.6 16.1161
    endloop
  endfacet
  facet normal 0 -1 0
    outer loop
      vertex 59.205 63.6 15.9175
      vertex 60.591 63.6 16.0083
      vertex 59.069 63.6 16.0083
    endloop
  endfacet
  facet normal 0 -1 0
    outer loop
      vertex 59.205 63.6 15.9175
      vertex 60.455 63.6 15.9175
      vertex 60.591 63.6 16.0083
    endloop
  endfacet
  facet normal 0 -1 0
    outer loop
      vertex 59.3516 63.6 15.8451
      vertex 60.455 63.6 15.9175
      vertex 59.205 63.6 15.9175
    endloop
  endfacet
  facet normal 0 -1 0
    outer loop
      vertex 59.3516 63.6 15.8451
      vertex 60.3084 63.6 15.8451
      vertex 60.455 63.6 15.9175
    endloop
  endfacet
  facet normal 0 -1 0
    outer loop
      vertex 59.5065 63.6 15.7926
      vertex 60.3084 63.6 15.8451
      vertex 59.3516 63.6 15.8451
    endloop
  endfacet
  facet normal 0 -1 0
    outer loop
      vertex 59.5065 63.6 15.7926
      vertex 60.1535 63.6 15.7926
      vertex 60.3084 63.6 15.8451
    endloop
  endfacet
  facet normal 0 -1 0
    outer loop
      vertex 59.6668 63.6 15.7607
      vertex 60.1535 63.6 15.7926
      vertex 59.5065 63.6 15.7926
    endloop
  endfacet
  facet normal 0 -1 0
    outer loop
      vertex 59.6668 63.6 15.7607
      vertex 59.9932 63.6 15.7607
      vertex 60.1535 63.6 15.7926
    endloop
  endfacet
  facet normal -0 -1 0
    outer loop
      vertex 59.9932 63.6 15.7607
      vertex 59.6668 63.6 15.7607
      vertex 59.83 63.6 15.75
    endloop
  endfacet
  facet normal 0 -1 0
    outer loop
      vertex 101.837 63.6 18.2393
      vertex 102.163 63.6 18.2393
      vertex 102 63.6 18.25
    endloop
  endfacet
  facet normal 0 -1 0
    outer loop
      vertex 101.676 63.6 18.2074
      vertex 102.163 63.6 18.2393
      vertex 101.837 63.6 18.2393
    endloop
  endfacet
  facet normal 0 -1 0
    outer loop
      vertex 101.676 63.6 18.2074
      vertex 102.324 63.6 18.2074
      vertex 102.163 63.6 18.2393
    endloop
  endfacet
  facet normal 0 -1 0
    outer loop
      vertex 101.522 63.6 18.1549
      vertex 102.324 63.6 18.2074
      vertex 101.676 63.6 18.2074
    endloop
  endfacet
  facet normal 0 -1 0
    outer loop
      vertex 101.522 63.6 18.1549
      vertex 102.478 63.6 18.1549
      vertex 102.324 63.6 18.2074
    endloop
  endfacet
  facet normal 0 -1 0
    outer loop
      vertex 101.375 63.6 18.0825
      vertex 102.478 63.6 18.1549
      vertex 101.522 63.6 18.1549
    endloop
  endfacet
  facet normal 0 -1 0
    outer loop
      vertex 101.375 63.6 18.0825
      vertex 102.625 63.6 18.0825
      vertex 102.478 63.6 18.1549
    endloop
  endfacet
  facet normal 0 -1 0
    outer loop
      vertex 101.239 63.6 17.9917
      vertex 102.625 63.6 18.0825
      vertex 101.375 63.6 18.0825
    endloop
  endfacet
  facet normal 0 -1 0
    outer loop
      vertex 101.239 63.6 17.9917
      vertex 102.761 63.6 17.9917
      vertex 102.625 63.6 18.0825
    endloop
  endfacet
  facet normal 0 -1 0
    outer loop
      vertex 101.116 63.6 17.8839
      vertex 102.761 63.6 17.9917
      vertex 101.239 63.6 17.9917
    endloop
  endfacet
  facet normal 0 -1 0
    outer loop
      vertex 101.116 63.6 17.8839
      vertex 102.884 63.6 17.8839
      vertex 102.761 63.6 17.9917
    endloop
  endfacet
  facet normal 0 -1 0
    outer loop
      vertex 101.008 63.6 17.761
      vertex 102.884 63.6 17.8839
      vertex 101.116 63.6 17.8839
    endloop
  endfacet
  facet normal 0 -1 0
    outer loop
      vertex 101.008 63.6 17.761
      vertex 102.992 63.6 17.761
      vertex 102.884 63.6 17.8839
    endloop
  endfacet
  facet normal 0 -1 0
    outer loop
      vertex 100.917 63.6 17.625
      vertex 102.992 63.6 17.761
      vertex 101.008 63.6 17.761
    endloop
  endfacet
  facet normal 0 -1 0
    outer loop
      vertex 100.917 63.6 17.625
      vertex 103.083 63.6 17.625
      vertex 102.992 63.6 17.761
    endloop
  endfacet
  facet normal 0 -1 0
    outer loop
      vertex 100.845 63.6 17.4784
      vertex 103.083 63.6 17.625
      vertex 100.917 63.6 17.625
    endloop
  endfacet
  facet normal 0 -1 0
    outer loop
      vertex 100.845 63.6 17.4784
      vertex 103.155 63.6 17.4784
      vertex 103.083 63.6 17.625
    endloop
  endfacet
  facet normal 0 -1 0
    outer loop
      vertex 100.793 63.6 17.3235
      vertex 103.155 63.6 17.4784
      vertex 100.845 63.6 17.4784
    endloop
  endfacet
  facet normal 0 -1 0
    outer loop
      vertex 100.793 63.6 17.3235
      vertex 103.207 63.6 17.3235
      vertex 103.155 63.6 17.4784
    endloop
  endfacet
  facet normal 0 -1 0
    outer loop
      vertex 100.761 63.6 17.1632
      vertex 103.207 63.6 17.3235
      vertex 100.793 63.6 17.3235
    endloop
  endfacet
  facet normal 0 -1 0
    outer loop
      vertex 100.761 63.6 17.1632
      vertex 103.239 63.6 17.1632
      vertex 103.207 63.6 17.3235
    endloop
  endfacet
  facet normal 0 -1 0
    outer loop
      vertex 100.75 63.6 17
      vertex 103.239 63.6 17.1632
      vertex 100.761 63.6 17.1632
    endloop
  endfacet
  facet normal 0 -1 0
    outer loop
      vertex 100.75 63.6 17
      vertex 103.25 63.6 17
      vertex 103.239 63.6 17.1632
    endloop
  endfacet
  facet normal 0 -1 0
    outer loop
      vertex 100.761 63.6 16.8368
      vertex 103.25 63.6 17
      vertex 100.75 63.6 17
    endloop
  endfacet
  facet normal 0 -1 0
    outer loop
      vertex 100.761 63.6 16.8368
      vertex 103.239 63.6 16.8368
      vertex 103.25 63.6 17
    endloop
  endfacet
  facet normal 0 -1 0
    outer loop
      vertex 100.793 63.6 16.6765
      vertex 103.239 63.6 16.8368
      vertex 100.761 63.6 16.8368
    endloop
  endfacet
  facet normal 0 -1 0
    outer loop
      vertex 100.793 63.6 16.6765
      vertex 103.207 63.6 16.6765
      vertex 103.239 63.6 16.8368
    endloop
  endfacet
  facet normal 0 -1 0
    outer loop
      vertex 100.845 63.6 16.5216
      vertex 103.207 63.6 16.6765
      vertex 100.793 63.6 16.6765
    endloop
  endfacet
  facet normal 0 -1 0
    outer loop
      vertex 100.845 63.6 16.5216
      vertex 103.155 63.6 16.5216
      vertex 103.207 63.6 16.6765
    endloop
  endfacet
  facet normal 0 -1 0
    outer loop
      vertex 100.917 63.6 16.375
      vertex 103.155 63.6 16.5216
      vertex 100.845 63.6 16.5216
    endloop
  endfacet
  facet normal 0 -1 0
    outer loop
      vertex 100.917 63.6 16.375
      vertex 103.083 63.6 16.375
      vertex 103.155 63.6 16.5216
    endloop
  endfacet
  facet normal 0 -1 0
    outer loop
      vertex 101.008 63.6 16.239
      vertex 103.083 63.6 16.375
      vertex 100.917 63.6 16.375
    endloop
  endfacet
  facet normal 0 -1 0
    outer loop
      vertex 101.008 63.6 16.239
      vertex 102.992 63.6 16.239
      vertex 103.083 63.6 16.375
    endloop
  endfacet
  facet normal 0 -1 0
    outer loop
      vertex 101.116 63.6 16.1161
      vertex 102.992 63.6 16.239
      vertex 101.008 63.6 16.239
    endloop
  endfacet
  facet normal 0 -1 0
    outer loop
      vertex 101.116 63.6 16.1161
      vertex 102.884 63.6 16.1161
      vertex 102.992 63.6 16.239
    endloop
  endfacet
  facet normal 0 -1 0
    outer loop
      vertex 101.239 63.6 16.0083
      vertex 102.884 63.6 16.1161
      vertex 101.116 63.6 16.1161
    endloop
  endfacet
  facet normal 0 -1 0
    outer loop
      vertex 101.239 63.6 16.0083
      vertex 102.761 63.6 16.0083
      vertex 102.884 63.6 16.1161
    endloop
  endfacet
  facet normal 0 -1 0
    outer loop
      vertex 101.375 63.6 15.9175
      vertex 102.761 63.6 16.0083
      vertex 101.239 63.6 16.0083
    endloop
  endfacet
  facet normal 0 -1 0
    outer loop
      vertex 101.375 63.6 15.9175
      vertex 102.625 63.6 15.9175
      vertex 102.761 63.6 16.0083
    endloop
  endfacet
  facet normal 0 -1 0
    outer loop
      vertex 101.522 63.6 15.8451
      vertex 102.625 63.6 15.9175
      vertex 101.375 63.6 15.9175
    endloop
  endfacet
  facet normal 0 -1 0
    outer loop
      vertex 101.522 63.6 15.8451
      vertex 102.478 63.6 15.8451
      vertex 102.625 63.6 15.9175
    endloop
  endfacet
  facet normal 0 -1 0
    outer loop
      vertex 101.676 63.6 15.7926
      vertex 102.478 63.6 15.8451
      vertex 101.522 63.6 15.8451
    endloop
  endfacet
  facet normal 0 -1 0
    outer loop
      vertex 101.676 63.6 15.7926
      vertex 102.324 63.6 15.7926
      vertex 102.478 63.6 15.8451
    endloop
  endfacet
  facet normal 0 -1 0
    outer loop
      vertex 101.837 63.6 15.7607
      vertex 102.324 63.6 15.7926
      vertex 101.676 63.6 15.7926
    endloop
  endfacet
  facet normal 0 -1 0
    outer loop
      vertex 101.837 63.6 15.7607
      vertex 102.163 63.6 15.7607
      vertex 102.324 63.6 15.7926
    endloop
  endfacet
  facet normal -0 -1 0
    outer loop
      vertex 102.163 63.6 15.7607
      vertex 101.837 63.6 15.7607
      vertex 102 63.6 15.75
    endloop
  endfacet
  facet normal 0 -1 0
    outer loop
      vertex 59.6668 63.6 60.9393
      vertex 59.9932 63.6 60.9393
      vertex 59.83 63.6 60.95
    endloop
  endfacet
  facet normal 0 -1 0
    outer loop
      vertex 59.5065 63.6 60.9074
      vertex 59.9932 63.6 60.9393
      vertex 59.6668 63.6 60.9393
    endloop
  endfacet
  facet normal 0 -1 0
    outer loop
      vertex 59.5065 63.6 60.9074
      vertex 60.1535 63.6 60.9074
      vertex 59.9932 63.6 60.9393
    endloop
  endfacet
  facet normal 0 -1 0
    outer loop
      vertex 59.3516 63.6 60.8549
      vertex 60.1535 63.6 60.9074
      vertex 59.5065 63.6 60.9074
    endloop
  endfacet
  facet normal 0 -1 0
    outer loop
      vertex 59.3516 63.6 60.8549
      vertex 60.3084 63.6 60.8549
      vertex 60.1535 63.6 60.9074
    endloop
  endfacet
  facet normal 0 -1 0
    outer loop
      vertex 59.205 63.6 60.7825
      vertex 60.3084 63.6 60.8549
      vertex 59.3516 63.6 60.8549
    endloop
  endfacet
  facet normal 0 -1 0
    outer loop
      vertex 59.205 63.6 60.7825
      vertex 60.455 63.6 60.7825
      vertex 60.3084 63.6 60.8549
    endloop
  endfacet
  facet normal 0 -1 0
    outer loop
      vertex 59.069 63.6 60.6917
      vertex 60.455 63.6 60.7825
      vertex 59.205 63.6 60.7825
    endloop
  endfacet
  facet normal 0 -1 0
    outer loop
      vertex 59.069 63.6 60.6917
      vertex 60.591 63.6 60.6917
      vertex 60.455 63.6 60.7825
    endloop
  endfacet
  facet normal 0 -1 0
    outer loop
      vertex 58.9461 63.6 60.5839
      vertex 60.591 63.6 60.6917
      vertex 59.069 63.6 60.6917
    endloop
  endfacet
  facet normal 0 -1 0
    outer loop
      vertex 58.9461 63.6 60.5839
      vertex 60.7139 63.6 60.5839
      vertex 60.591 63.6 60.6917
    endloop
  endfacet
  facet normal 0 -1 0
    outer loop
      vertex 58.8383 63.6 60.461
      vertex 60.7139 63.6 60.5839
      vertex 58.9461 63.6 60.5839
    endloop
  endfacet
  facet normal 0 -1 0
    outer loop
      vertex 58.8383 63.6 60.461
      vertex 60.8217 63.6 60.461
      vertex 60.7139 63.6 60.5839
    endloop
  endfacet
  facet normal 0 -1 0
    outer loop
      vertex 58.7475 63.6 60.325
      vertex 60.8217 63.6 60.461
      vertex 58.8383 63.6 60.461
    endloop
  endfacet
  facet normal 0 -1 0
    outer loop
      vertex 58.7475 63.6 60.325
      vertex 60.9125 63.6 60.325
      vertex 60.8217 63.6 60.461
    endloop
  endfacet
  facet normal 0 -1 0
    outer loop
      vertex 58.6752 63.6 60.1784
      vertex 60.9125 63.6 60.325
      vertex 58.7475 63.6 60.325
    endloop
  endfacet
  facet normal 0 -1 0
    outer loop
      vertex 58.6752 63.6 60.1784
      vertex 60.9848 63.6 60.1784
      vertex 60.9125 63.6 60.325
    endloop
  endfacet
  facet normal 0 -1 0
    outer loop
      vertex 58.6226 63.6 60.0235
      vertex 60.9848 63.6 60.1784
      vertex 58.6752 63.6 60.1784
    endloop
  endfacet
  facet normal 0 -1 0
    outer loop
      vertex 58.6226 63.6 60.0235
      vertex 61.0374 63.6 60.0235
      vertex 60.9848 63.6 60.1784
    endloop
  endfacet
  facet normal 0 -1 0
    outer loop
      vertex 58.5907 63.6 59.8632
      vertex 61.0374 63.6 60.0235
      vertex 58.6226 63.6 60.0235
    endloop
  endfacet
  facet normal 0 -1 0
    outer loop
      vertex 58.5907 63.6 59.8632
      vertex 61.0693 63.6 59.8632
      vertex 61.0374 63.6 60.0235
    endloop
  endfacet
  facet normal 0 -1 0
    outer loop
      vertex 58.58 63.6 59.7
      vertex 61.0693 63.6 59.8632
      vertex 58.5907 63.6 59.8632
    endloop
  endfacet
  facet normal 0 -1 0
    outer loop
      vertex 58.58 63.6 59.7
      vertex 61.08 63.6 59.7
      vertex 61.0693 63.6 59.8632
    endloop
  endfacet
  facet normal 0 -1 0
    outer loop
      vertex 58.5907 63.6 59.5368
      vertex 61.08 63.6 59.7
      vertex 58.58 63.6 59.7
    endloop
  endfacet
  facet normal 0 -1 0
    outer loop
      vertex 58.5907 63.6 59.5368
      vertex 61.0693 63.6 59.5368
      vertex 61.08 63.6 59.7
    endloop
  endfacet
  facet normal 0 -1 0
    outer loop
      vertex 58.6226 63.6 59.3765
      vertex 61.0693 63.6 59.5368
      vertex 58.5907 63.6 59.5368
    endloop
  endfacet
  facet normal 0 -1 0
    outer loop
      vertex 58.6226 63.6 59.3765
      vertex 61.0374 63.6 59.3765
      vertex 61.0693 63.6 59.5368
    endloop
  endfacet
  facet normal 0 -1 0
    outer loop
      vertex 58.6752 63.6 59.2216
      vertex 61.0374 63.6 59.3765
      vertex 58.6226 63.6 59.3765
    endloop
  endfacet
  facet normal 0 -1 0
    outer loop
      vertex 58.6752 63.6 59.2216
      vertex 60.9848 63.6 59.2216
      vertex 61.0374 63.6 59.3765
    endloop
  endfacet
  facet normal 0 -1 0
    outer loop
      vertex 58.7475 63.6 59.075
      vertex 60.9848 63.6 59.2216
      vertex 58.6752 63.6 59.2216
    endloop
  endfacet
  facet normal 0 -1 0
    outer loop
      vertex 58.7475 63.6 59.075
      vertex 60.9125 63.6 59.075
      vertex 60.9848 63.6 59.2216
    endloop
  endfacet
  facet normal 0 -1 0
    outer loop
      vertex 58.8383 63.6 58.939
      vertex 60.9125 63.6 59.075
      vertex 58.7475 63.6 59.075
    endloop
  endfacet
  facet normal 0 -1 0
    outer loop
      vertex 58.8383 63.6 58.939
      vertex 60.8217 63.6 58.939
      vertex 60.9125 63.6 59.075
    endloop
  endfacet
  facet normal 0 -1 0
    outer loop
      vertex 58.9461 63.6 58.8161
      vertex 60.8217 63.6 58.939
      vertex 58.8383 63.6 58.939
    endloop
  endfacet
  facet normal 0 -1 0
    outer loop
      vertex 58.9461 63.6 58.8161
      vertex 60.7139 63.6 58.8161
      vertex 60.8217 63.6 58.939
    endloop
  endfacet
  facet normal 0 -1 0
    outer loop
      vertex 59.069 63.6 58.7083
      vertex 60.7139 63.6 58.8161
      vertex 58.9461 63.6 58.8161
    endloop
  endfacet
  facet normal 0 -1 0
    outer loop
      vertex 59.069 63.6 58.7083
      vertex 60.591 63.6 58.7083
      vertex 60.7139 63.6 58.8161
    endloop
  endfacet
  facet normal 0 -1 0
    outer loop
      vertex 59.205 63.6 58.6175
      vertex 60.591 63.6 58.7083
      vertex 59.069 63.6 58.7083
    endloop
  endfacet
  facet normal 0 -1 0
    outer loop
      vertex 59.205 63.6 58.6175
      vertex 60.455 63.6 58.6175
      vertex 60.591 63.6 58.7083
    endloop
  endfacet
  facet normal 0 -1 0
    outer loop
      vertex 59.3516 63.6 58.5452
      vertex 60.455 63.6 58.6175
      vertex 59.205 63.6 58.6175
    endloop
  endfacet
  facet normal 0 -1 0
    outer loop
      vertex 59.3516 63.6 58.5452
      vertex 60.3084 63.6 58.5452
      vertex 60.455 63.6 58.6175
    endloop
  endfacet
  facet normal 0 -1 0
    outer loop
      vertex 59.5065 63.6 58.4926
      vertex 60.3084 63.6 58.5452
      vertex 59.3516 63.6 58.5452
    endloop
  endfacet
  facet normal 0 -1 0
    outer loop
      vertex 59.5065 63.6 58.4926
      vertex 60.1535 63.6 58.4926
      vertex 60.3084 63.6 58.5452
    endloop
  endfacet
  facet normal 0 -1 0
    outer loop
      vertex 59.6668 63.6 58.4607
      vertex 60.1535 63.6 58.4926
      vertex 59.5065 63.6 58.4926
    endloop
  endfacet
  facet normal 0 -1 0
    outer loop
      vertex 59.6668 63.6 58.4607
      vertex 59.9932 63.6 58.4607
      vertex 60.1535 63.6 58.4926
    endloop
  endfacet
  facet normal -0 -1 0
    outer loop
      vertex 59.9932 63.6 58.4607
      vertex 59.6668 63.6 58.4607
      vertex 59.83 63.6 58.45
    endloop
  endfacet
  facet normal 0 -1 0
    outer loop
      vertex 101.837 63.6 60.9393
      vertex 102.163 63.6 60.9393
      vertex 102 63.6 60.95
    endloop
  endfacet
  facet normal 0 -1 0
    outer loop
      vertex 101.676 63.6 60.9074
      vertex 102.163 63.6 60.9393
      vertex 101.837 63.6 60.9393
    endloop
  endfacet
  facet normal 0 -1 0
    outer loop
      vertex 101.676 63.6 60.9074
      vertex 102.324 63.6 60.9074
      vertex 102.163 63.6 60.9393
    endloop
  endfacet
  facet normal 0 -1 0
    outer loop
      vertex 101.522 63.6 60.8549
      vertex 102.324 63.6 60.9074
      vertex 101.676 63.6 60.9074
    endloop
  endfacet
  facet normal 0 -1 0
    outer loop
      vertex 101.522 63.6 60.8549
      vertex 102.478 63.6 60.8549
      vertex 102.324 63.6 60.9074
    endloop
  endfacet
  facet normal 0 -1 0
    outer loop
      vertex 101.375 63.6 60.7825
      vertex 102.478 63.6 60.8549
      vertex 101.522 63.6 60.8549
    endloop
  endfacet
  facet normal 0 -1 0
    outer loop
      vertex 101.375 63.6 60.7825
      vertex 102.625 63.6 60.7825
      vertex 102.478 63.6 60.8549
    endloop
  endfacet
  facet normal 0 -1 0
    outer loop
      vertex 101.239 63.6 60.6917
      vertex 102.625 63.6 60.7825
      vertex 101.375 63.6 60.7825
    endloop
  endfacet
  facet normal 0 -1 0
    outer loop
      vertex 101.239 63.6 60.6917
      vertex 102.761 63.6 60.6917
      vertex 102.625 63.6 60.7825
    endloop
  endfacet
  facet normal 0 -1 0
    outer loop
      vertex 101.116 63.6 60.5839
      vertex 102.761 63.6 60.6917
      vertex 101.239 63.6 60.6917
    endloop
  endfacet
  facet normal 0 -1 0
    outer loop
      vertex 101.116 63.6 60.5839
      vertex 102.884 63.6 60.5839
      vertex 102.761 63.6 60.6917
    endloop
  endfacet
  facet normal 0 -1 0
    outer loop
      vertex 101.008 63.6 60.461
      vertex 102.884 63.6 60.5839
      vertex 101.116 63.6 60.5839
    endloop
  endfacet
  facet normal 0 -1 0
    outer loop
      vertex 101.008 63.6 60.461
      vertex 102.992 63.6 60.461
      vertex 102.884 63.6 60.5839
    endloop
  endfacet
  facet normal 0 -1 0
    outer loop
      vertex 100.917 63.6 60.325
      vertex 102.992 63.6 60.461
      vertex 101.008 63.6 60.461
    endloop
  endfacet
  facet normal 0 -1 0
    outer loop
      vertex 100.917 63.6 60.325
      vertex 103.083 63.6 60.325
      vertex 102.992 63.6 60.461
    endloop
  endfacet
  facet normal 0 -1 0
    outer loop
      vertex 100.845 63.6 60.1784
      vertex 103.083 63.6 60.325
      vertex 100.917 63.6 60.325
    endloop
  endfacet
  facet normal 0 -1 0
    outer loop
      vertex 100.845 63.6 60.1784
      vertex 103.155 63.6 60.1784
      vertex 103.083 63.6 60.325
    endloop
  endfacet
  facet normal 0 -1 0
    outer loop
      vertex 100.793 63.6 60.0235
      vertex 103.155 63.6 60.1784
      vertex 100.845 63.6 60.1784
    endloop
  endfacet
  facet normal 0 -1 0
    outer loop
      vertex 100.793 63.6 60.0235
      vertex 103.207 63.6 60.0235
      vertex 103.155 63.6 60.1784
    endloop
  endfacet
  facet normal 0 -1 0
    outer loop
      vertex 100.761 63.6 59.8632
      vertex 103.207 63.6 60.0235
      vertex 100.793 63.6 60.0235
    endloop
  endfacet
  facet normal 0 -1 0
    outer loop
      vertex 100.761 63.6 59.8632
      vertex 103.239 63.6 59.8632
      vertex 103.207 63.6 60.0235
    endloop
  endfacet
  facet normal 0 -1 0
    outer loop
      vertex 100.75 63.6 59.7
      vertex 103.239 63.6 59.8632
      vertex 100.761 63.6 59.8632
    endloop
  endfacet
  facet normal 0 -1 0
    outer loop
      vertex 100.75 63.6 59.7
      vertex 103.25 63.6 59.7
      vertex 103.239 63.6 59.8632
    endloop
  endfacet
  facet normal 0 -1 0
    outer loop
      vertex 100.761 63.6 59.5368
      vertex 103.25 63.6 59.7
      vertex 100.75 63.6 59.7
    endloop
  endfacet
  facet normal 0 -1 0
    outer loop
      vertex 100.761 63.6 59.5368
      vertex 103.239 63.6 59.5368
      vertex 103.25 63.6 59.7
    endloop
  endfacet
  facet normal 0 -1 0
    outer loop
      vertex 100.793 63.6 59.3765
      vertex 103.239 63.6 59.5368
      vertex 100.761 63.6 59.5368
    endloop
  endfacet
  facet normal 0 -1 0
    outer loop
      vertex 100.793 63.6 59.3765
      vertex 103.207 63.6 59.3765
      vertex 103.239 63.6 59.5368
    endloop
  endfacet
  facet normal 0 -1 0
    outer loop
      vertex 100.845 63.6 59.2216
      vertex 103.207 63.6 59.3765
      vertex 100.793 63.6 59.3765
    endloop
  endfacet
  facet normal 0 -1 0
    outer loop
      vertex 100.845 63.6 59.2216
      vertex 103.155 63.6 59.2216
      vertex 103.207 63.6 59.3765
    endloop
  endfacet
  facet normal 0 -1 0
    outer loop
      vertex 100.917 63.6 59.075
      vertex 103.155 63.6 59.2216
      vertex 100.845 63.6 59.2216
    endloop
  endfacet
  facet normal 0 -1 0
    outer loop
      vertex 100.917 63.6 59.075
      vertex 103.083 63.6 59.075
      vertex 103.155 63.6 59.2216
    endloop
  endfacet
  facet normal 0 -1 0
    outer loop
      vertex 101.008 63.6 58.939
      vertex 103.083 63.6 59.075
      vertex 100.917 63.6 59.075
    endloop
  endfacet
  facet normal 0 -1 0
    outer loop
      vertex 101.008 63.6 58.939
      vertex 102.992 63.6 58.939
      vertex 103.083 63.6 59.075
    endloop
  endfacet
  facet normal 0 -1 0
    outer loop
      vertex 101.116 63.6 58.8161
      vertex 102.992 63.6 58.939
      vertex 101.008 63.6 58.939
    endloop
  endfacet
  facet normal 0 -1 0
    outer loop
      vertex 101.116 63.6 58.8161
      vertex 102.884 63.6 58.8161
      vertex 102.992 63.6 58.939
    endloop
  endfacet
  facet normal 0 -1 0
    outer loop
      vertex 101.239 63.6 58.7083
      vertex 102.884 63.6 58.8161
      vertex 101.116 63.6 58.8161
    endloop
  endfacet
  facet normal 0 -1 0
    outer loop
      vertex 101.239 63.6 58.7083
      vertex 102.761 63.6 58.7083
      vertex 102.884 63.6 58.8161
    endloop
  endfacet
  facet normal 0 -1 0
    outer loop
      vertex 101.375 63.6 58.6175
      vertex 102.761 63.6 58.7083
      vertex 101.239 63.6 58.7083
    endloop
  endfacet
  facet normal 0 -1 0
    outer loop
      vertex 101.375 63.6 58.6175
      vertex 102.625 63.6 58.6175
      vertex 102.761 63.6 58.7083
    endloop
  endfacet
  facet normal 0 -1 0
    outer loop
      vertex 101.522 63.6 58.5452
      vertex 102.625 63.6 58.6175
      vertex 101.375 63.6 58.6175
    endloop
  endfacet
  facet normal 0 -1 0
    outer loop
      vertex 101.522 63.6 58.5452
      vertex 102.478 63.6 58.5452
      vertex 102.625 63.6 58.6175
    endloop
  endfacet
  facet normal 0 -1 0
    outer loop
      vertex 101.676 63.6 58.4926
      vertex 102.478 63.6 58.5452
      vertex 101.522 63.6 58.5452
    endloop
  endfacet
  facet normal 0 -1 0
    outer loop
      vertex 101.676 63.6 58.4926
      vertex 102.324 63.6 58.4926
      vertex 102.478 63.6 58.5452
    endloop
  endfacet
  facet normal 0 -1 0
    outer loop
      vertex 101.837 63.6 58.4607
      vertex 102.324 63.6 58.4926
      vertex 101.676 63.6 58.4926
    endloop
  endfacet
  facet normal 0 -1 0
    outer loop
      vertex 101.837 63.6 58.4607
      vertex 102.163 63.6 58.4607
      vertex 102.324 63.6 58.4926
    endloop
  endfacet
  facet normal -0 -1 0
    outer loop
      vertex 102.163 63.6 58.4607
      vertex 101.837 63.6 58.4607
      vertex 102 63.6 58.45
    endloop
  endfacet
  facet normal 1 0 0
    outer loop
      vertex 2.4 63.6 74.882
      vertex 2.4 62.5 14.3
      vertex 2.4 63.6 2.39999
    endloop
  endfacet
  facet normal 1 0 0
    outer loop
      vertex 2.4 63.6 74.882
      vertex 2.4 54.3501 65.9371
      vertex 2.4 62.5 14.3
    endloop
  endfacet
  facet normal 1 0 0
    outer loop
      vertex 2.4 63.6 74.882
      vertex 2.4 50.886 67.9371
      vertex 2.4 54.3501 65.9371
    endloop
  endfacet
  facet normal 1 -0 0
    outer loop
      vertex 2.4 41.3856 74.882
      vertex 2.4 50.886 67.9371
      vertex 2.4 63.6 74.882
    endloop
  endfacet
  facet normal 1 0 0
    outer loop
      vertex 2.4 2.39999 7.35692
      vertex 2.4 50.886 67.9371
      vertex 2.4 41.3856 74.882
    endloop
  endfacet
  facet normal 1 0 0
    outer loop
      vertex 2.4 50.886 67.9371
      vertex 2.4 2.39999 7.35692
      vertex 2.4 13.0481 2.39999
    endloop
  endfacet
  facet normal 1 0 0
    outer loop
      vertex 2.4 13.0481 2.39999
      vertex 2.4 2.39999 7.35692
      vertex 2.4 2.39999 2.39999
    endloop
  endfacet
  facet normal 1 0 0
    outer loop
      vertex 2.4 63.6 2.39999
      vertex 2.4 62.5 14.3
      vertex 2.4 62.5 2.39999
    endloop
  endfacet
  facet normal 1 0 0
    outer loop
      vertex 2.4 62.5 14.3
      vertex 2.4 54.3501 65.9371
      vertex 2.4 24.5374 14.3
    endloop
  endfacet
  facet normal 1 0 -0
    outer loop
      vertex 2.4 21 2.39999
      vertex 2.4 21 8.17307
      vertex 2.4 17.6669 2.39999
    endloop
  endfacet
  facet normal -0 0 1
    outer loop
      vertex 2.4 13.0481 2.39999
      vertex 105.5 2.39999 2.39999
      vertex 105.5 13.0481 2.39999
    endloop
  endfacet
  facet normal 0 0 1
    outer loop
      vertex 105.5 2.39999 2.39999
      vertex 2.4 13.0481 2.39999
      vertex 2.4 2.39999 2.39999
    endloop
  endfacet
  facet normal -0 0 1
    outer loop
      vertex 2.4 63.6 2.39999
      vertex 53.83 62.5 2.39999
      vertex 53.83 63.6 2.39999
    endloop
  endfacet
  facet normal 0 0 1
    outer loop
      vertex 53.83 62.5 2.39999
      vertex 2.4 63.6 2.39999
      vertex 2.4 62.5 2.39999
    endloop
  endfacet
  facet normal 0 0 1
    outer loop
      vertex 96 63.6 2.39999
      vertex 72.9 62.5 2.39999
      vertex 96 58.4 2.39999
    endloop
  endfacet
  facet normal -0 0 1
    outer loop
      vertex 65.83 63.6 2.39999
      vertex 72.9 62.5 2.39999
      vertex 96 63.6 2.39999
    endloop
  endfacet
  facet normal 0 0 1
    outer loop
      vertex 72.9 62.5 2.39999
      vertex 65.83 63.6 2.39999
      vertex 65.83 62.5 2.39999
    endloop
  endfacet
  facet normal -0 0 1
    outer loop
      vertex 96 58.4 2.39999
      vertex 105.5 17.6669 2.39999
      vertex 105.5 58.4 2.39999
    endloop
  endfacet
  facet normal 0 0 1
    outer loop
      vertex 72.9 21 2.39999
      vertex 96 58.4 2.39999
      vertex 72.9 62.5 2.39999
    endloop
  endfacet
  facet normal 0 0 1
    outer loop
      vertex 96 58.4 2.39999
      vertex 72.9 21 2.39999
      vertex 105.5 17.6669 2.39999
    endloop
  endfacet
  facet normal 0 0 1
    outer loop
      vertex 2.4 17.6669 2.39999
      vertex 72.9 21 2.39999
      vertex 2.4 21 2.39999
    endloop
  endfacet
  facet normal 0 0 1
    outer loop
      vertex 72.9 21 2.39999
      vertex 2.4 17.6669 2.39999
      vertex 105.5 17.6669 2.39999
    endloop
  endfacet
  facet normal -0 0 1
    outer loop
      vertex 4.4 60.5 2.39999
      vertex 70.9 23 2.39999
      vertex 70.9 60.5 2.39999
    endloop
  endfacet
  facet normal 0 0 1
    outer loop
      vertex 70.9 23 2.39999
      vertex 4.4 60.5 2.39999
      vertex 4.4 23 2.39999
    endloop
  endfacet
  facet normal -1 -0 0
    outer loop
      vertex 105.5 27.836 28.0133
      vertex 105.5 13.0481 2.39999
      vertex 105.5 20.3881 32.3133
    endloop
  endfacet
  facet normal -1 -0 0
    outer loop
      vertex 105.5 59.6 56.8807
      vertex 105.5 53.574 56.594
      vertex 105.5 59.6 62.5193
    endloop
  endfacet
  facet normal -1 0 0
    outer loop
      vertex 105.5 50.6522 59.5323
      vertex 105.5 59.6 62.5193
      vertex 105.5 53.574 56.594
    endloop
  endfacet
  facet normal -1 -0 0
    outer loop
      vertex 105.5 59.6 62.5193
      vertex 105.5 50.6522 59.5323
      vertex 105.5 54.3501 65.9371
    endloop
  endfacet
  facet normal -1 0 0
    outer loop
      vertex 105.5 57.8988 44.4488
      vertex 105.5 55.1329 48.9821
      vertex 105.5 55.18 49.7
    endloop
  endfacet
  facet normal -1 0 0
    outer loop
      vertex 105.5 55.35 47.012
      vertex 105.5 54.9926 48.2765
      vertex 105.5 55.1329 48.9821
    endloop
  endfacet
  facet normal -1 0 0
    outer loop
      vertex 105.5 55.35 47.012
      vertex 105.5 54.7613 47.5952
      vertex 105.5 54.9926 48.2765
    endloop
  endfacet
  facet normal -1 -0 0
    outer loop
      vertex 105.5 55.35 47.012
      vertex 105.5 54.4431 46.95
      vertex 105.5 54.7613 47.5952
    endloop
  endfacet
  facet normal -1 0 0
    outer loop
      vertex 105.5 55.35 47.012
      vertex 105.5 54.0434 46.3518
      vertex 105.5 54.4431 46.95
    endloop
  endfacet
  facet normal -1 0 0
    outer loop
      vertex 105.5 55.35 47.012
      vertex 105.5 53.5691 45.8109
      vertex 105.5 54.0434 46.3518
    endloop
  endfacet
  facet normal -1 0 0
    outer loop
      vertex 105.5 52.8012 44.4488
      vertex 105.5 53.5691 45.8109
      vertex 105.5 55.35 47.012
    endloop
  endfacet
  facet normal -1 0 0
    outer loop
      vertex 105.5 53.5691 45.8109
      vertex 105.5 52.8012 44.4488
      vertex 105.5 53.0282 45.3366
    endloop
  endfacet
  facet normal -1 0 0
    outer loop
      vertex 105.5 52.43 44.9369
      vertex 105.5 52.8012 44.4488
      vertex 105.5 52.4939 44.0915
    endloop
  endfacet
  facet normal -1 0 0
    outer loop
      vertex 105.5 52.8012 44.4488
      vertex 105.5 52.43 44.9369
      vertex 105.5 53.0282 45.3366
    endloop
  endfacet
  facet normal -1 0 0
    outer loop
      vertex 105.5 51.7848 44.6187
      vertex 105.5 52.4939 44.0915
      vertex 105.5 52.2323 43.7
    endloop
  endfacet
  facet normal -1 0 0
    outer loop
      vertex 105.5 51.1035 44.3874
      vertex 105.5 52.2323 43.7
      vertex 105.5 52.024 43.2777
    endloop
  endfacet
  facet normal -1 0 0
    outer loop
      vertex 105.5 51.1035 44.3874
      vertex 105.5 52.024 43.2777
      vertex 105.5 51.8727 42.8317
    endloop
  endfacet
  facet normal -1 0 0
    outer loop
      vertex 105.5 52.4939 44.0915
      vertex 105.5 51.7848 44.6187
      vertex 105.5 52.43 44.9369
    endloop
  endfacet
  facet normal -1 0 0
    outer loop
      vertex 105.5 50.3979 44.2471
      vertex 105.5 51.8727 42.8317
      vertex 105.5 51.7808 42.3699
    endloop
  endfacet
  facet normal -1 0 0
    outer loop
      vertex 105.5 49.68 44.2
      vertex 105.5 51.7808 42.3699
      vertex 105.5 51.75 41.9
    endloop
  endfacet
  facet normal -1 0 0
    outer loop
      vertex 105.5 52.2323 43.7
      vertex 105.5 51.1035 44.3874
      vertex 105.5 51.7848 44.6187
    endloop
  endfacet
  facet normal -1 0 0
    outer loop
      vertex 105.5 48.2565 22.6874
      vertex 105.5 58.4 14
      vertex 105.5 58.4 2.39999
    endloop
  endfacet
  facet normal -1 0 0
    outer loop
      vertex 105.5 58.4 14
      vertex 105.5 55.1329 27.2821
      vertex 105.5 58.2061 36.7085
    endloop
  endfacet
  facet normal -1 0 -0
    outer loop
      vertex 105.5 55.18 28
      vertex 105.5 58.2061 36.7085
      vertex 105.5 55.1329 27.2821
    endloop
  endfacet
  facet normal -1 0 0
    outer loop
      vertex 105.5 58.2061 36.7085
      vertex 105.5 55.18 28
      vertex 105.5 57.8956 36.3544
    endloop
  endfacet
  facet normal -1 0 0
    outer loop
      vertex 105.5 55.18 31
      vertex 105.5 57.8956 36.3544
      vertex 105.5 55.18 28
    endloop
  endfacet
  facet normal -1 0 0
    outer loop
      vertex 105.5 57.8956 36.3544
      vertex 105.5 55.18 31
      vertex 105.5 57.5415 36.0439
    endloop
  endfacet
  facet normal -1 0 0
    outer loop
      vertex 105.5 55.1329 31.7179
      vertex 105.5 57.5415 36.0439
      vertex 105.5 55.18 31
    endloop
  endfacet
  facet normal -1 0 0
    outer loop
      vertex 105.5 57.15 35.7823
      vertex 105.5 55.1329 31.7179
      vertex 105.5 56.7277 35.574
    endloop
  endfacet
  facet normal -1 0 0
    outer loop
      vertex 105.5 54.9926 32.4235
      vertex 105.5 56.7277 35.574
      vertex 105.5 55.1329 31.7179
    endloop
  endfacet
  facet normal -1 0 0
    outer loop
      vertex 105.5 57.5415 36.0439
      vertex 105.5 55.1329 31.7179
      vertex 105.5 57.15 35.7823
    endloop
  endfacet
  facet normal -1 0 0
    outer loop
      vertex 105.5 58.4 14
      vertex 105.5 54.9926 26.5765
      vertex 105.5 55.1329 27.2821
    endloop
  endfacet
  facet normal -1 0 0
    outer loop
      vertex 105.5 58.4 14
      vertex 105.5 54.7613 25.8952
      vertex 105.5 54.9926 26.5765
    endloop
  endfacet
  facet normal -1 0 0
    outer loop
      vertex 105.5 58.4 14
      vertex 105.5 54.4431 25.25
      vertex 105.5 54.7613 25.8952
    endloop
  endfacet
  facet normal -1 0 0
    outer loop
      vertex 105.5 58.4 14
      vertex 105.5 54.0434 24.6518
      vertex 105.5 54.4431 25.25
    endloop
  endfacet
  facet normal -1 0 0
    outer loop
      vertex 105.5 58.4 14
      vertex 105.5 53.5691 24.1109
      vertex 105.5 54.0434 24.6518
    endloop
  endfacet
  facet normal -1 0 0
    outer loop
      vertex 105.5 58.4 14
      vertex 105.5 53.0282 23.6366
      vertex 105.5 53.5691 24.1109
    endloop
  endfacet
  facet normal -1 0 0
    outer loop
      vertex 105.5 58.4 14
      vertex 105.5 52.43 23.2369
      vertex 105.5 53.0282 23.6366
    endloop
  endfacet
  facet normal -1 0 0
    outer loop
      vertex 105.5 58.4 14
      vertex 105.5 51.7848 22.9187
      vertex 105.5 52.43 23.2369
    endloop
  endfacet
  facet normal -1 0 0
    outer loop
      vertex 105.5 58.4 14
      vertex 105.5 51.1035 22.6874
      vertex 105.5 51.7848 22.9187
    endloop
  endfacet
  facet normal -1 0 0
    outer loop
      vertex 105.5 58.4 14
      vertex 105.5 50.3979 22.5471
      vertex 105.5 51.1035 22.6874
    endloop
  endfacet
  facet normal -1 0 0
    outer loop
      vertex 105.5 58.4 14
      vertex 105.5 49.68 22.5
      vertex 105.5 50.3979 22.5471
    endloop
  endfacet
  facet normal -1 0 0
    outer loop
      vertex 105.5 58.4 14
      vertex 105.5 48.9621 22.5471
      vertex 105.5 49.68 22.5
    endloop
  endfacet
  facet normal -1 0 0
    outer loop
      vertex 105.5 58.4 14
      vertex 105.5 48.2565 22.6874
      vertex 105.5 48.9621 22.5471
    endloop
  endfacet
  facet normal -1 0 0
    outer loop
      vertex 105.5 58.4 2.39999
      vertex 105.5 47.5752 22.9187
      vertex 105.5 48.2565 22.6874
    endloop
  endfacet
  facet normal -1 0 0
    outer loop
      vertex 105.5 58.4 2.39999
      vertex 105.5 46.93 23.2369
      vertex 105.5 47.5752 22.9187
    endloop
  endfacet
  facet normal -1 0 0
    outer loop
      vertex 105.5 17.6669 2.39999
      vertex 105.5 46.93 23.2369
      vertex 105.5 58.4 2.39999
    endloop
  endfacet
  facet normal -1 -0 0
    outer loop
      vertex 105.5 46.93 23.2369
      vertex 105.5 17.6669 2.39999
      vertex 105.5 46.3318 23.6366
    endloop
  endfacet
  facet normal -1 -0 0
    outer loop
      vertex 105.5 46.3318 23.6366
      vertex 105.5 17.6669 2.39999
      vertex 105.5 45.7909 24.1109
    endloop
  endfacet
  facet normal -1 -0 0
    outer loop
      vertex 105.5 45.7909 24.1109
      vertex 105.5 17.6669 2.39999
      vertex 105.5 45.3166 24.6518
    endloop
  endfacet
  facet normal -1 -0 0
    outer loop
      vertex 105.5 44.18 28
      vertex 105.5 17.6669 2.39999
      vertex 105.5 44.18 31
    endloop
  endfacet
  facet normal -1 -0 0
    outer loop
      vertex 105.5 44.2271 27.2821
      vertex 105.5 17.6669 2.39999
      vertex 105.5 44.18 28
    endloop
  endfacet
  facet normal -1 -0 0
    outer loop
      vertex 105.5 44.3674 26.5765
      vertex 105.5 17.6669 2.39999
      vertex 105.5 44.2271 27.2821
    endloop
  endfacet
  facet normal -1 -0 0
    outer loop
      vertex 105.5 44.5987 25.8952
      vertex 105.5 17.6669 2.39999
      vertex 105.5 44.3674 26.5765
    endloop
  endfacet
  facet normal -1 -0 0
    outer loop
      vertex 105.5 44.9169 25.25
      vertex 105.5 17.6669 2.39999
      vertex 105.5 44.5987 25.8952
    endloop
  endfacet
  facet normal -1 -0 0
    outer loop
      vertex 105.5 45.3166 24.6518
      vertex 105.5 17.6669 2.39999
      vertex 105.5 44.9169 25.25
    endloop
  endfacet
  facet normal -1 0 0
    outer loop
      vertex 105.5 61.1 14
      vertex 105.5 59.6 14.1807
      vertex 105.5 61.1 14.1807
    endloop
  endfacet
  facet normal -1 0 0
    outer loop
      vertex 105.5 58.4 14
      vertex 105.5 59.6 19.8193
      vertex 105.5 59.6 14.1807
    endloop
  endfacet
  facet normal -1 0 0
    outer loop
      vertex 105.5 59.6 19.8193
      vertex 105.5 58.95 38.9
      vertex 105.5 59.6 56.8807
    endloop
  endfacet
  facet normal -1 0 0
    outer loop
      vertex 105.5 58.95 41.9
      vertex 105.5 59.6 56.8807
      vertex 105.5 58.95 38.9
    endloop
  endfacet
  facet normal -1 0 0
    outer loop
      vertex 105.5 59.6 19.8193
      vertex 105.5 58.9192 38.4301
      vertex 105.5 58.95 38.9
    endloop
  endfacet
  facet normal -1 0 0
    outer loop
      vertex 105.5 59.6 19.8193
      vertex 105.5 58.8273 37.9683
      vertex 105.5 58.9192 38.4301
    endloop
  endfacet
  facet normal -1 0 0
    outer loop
      vertex 105.5 59.6 19.8193
      vertex 105.5 58.676 37.5223
      vertex 105.5 58.8273 37.9683
    endloop
  endfacet
  facet normal -1 0 0
    outer loop
      vertex 105.5 59.6 19.8193
      vertex 105.5 58.4677 37.1
      vertex 105.5 58.676 37.5223
    endloop
  endfacet
  facet normal -1 0 0
    outer loop
      vertex 105.5 58.4 14
      vertex 105.5 59.6 14.1807
      vertex 105.5 61.1 14
    endloop
  endfacet
  facet normal -1 -0 0
    outer loop
      vertex 105.5 59.6 19.8193
      vertex 105.5 58.4 14
      vertex 105.5 58.2061 36.7085
    endloop
  endfacet
  facet normal -1 0 0
    outer loop
      vertex 105.5 59.6 19.8193
      vertex 105.5 58.2061 36.7085
      vertex 105.5 58.4677 37.1
    endloop
  endfacet
  facet normal -1 0 0
    outer loop
      vertex 105.5 59.6 19.8193
      vertex 105.5 61.1 56.8807
      vertex 105.5 61.1 19.8193
    endloop
  endfacet
  facet normal -1 -0 0
    outer loop
      vertex 105.5 61.1 56.8807
      vertex 105.5 59.6 19.8193
      vertex 105.5 59.6 56.8807
    endloop
  endfacet
  facet normal -1 0 0
    outer loop
      vertex 105.5 61.1 62.5193
      vertex 105.5 59.6 62.5193
      vertex 105.5 61.1 63.1
    endloop
  endfacet
  facet normal -1 0 0
    outer loop
      vertex 105.5 61.1 63.1
      vertex 105.5 63.6 74.882
      vertex 105.5 63.6 63.1
    endloop
  endfacet
  facet normal -1 0 0
    outer loop
      vertex 105.5 54.3501 65.9371
      vertex 105.5 61.1 63.1
      vertex 105.5 59.6 62.5193
    endloop
  endfacet
  facet normal -1 0 0
    outer loop
      vertex 105.5 58.9192 42.3699
      vertex 105.5 59.6 56.8807
      vertex 105.5 58.95 41.9
    endloop
  endfacet
  facet normal -1 0 0
    outer loop
      vertex 105.5 58.8273 42.8317
      vertex 105.5 59.6 56.8807
      vertex 105.5 58.9192 42.3699
    endloop
  endfacet
  facet normal -1 0 0
    outer loop
      vertex 105.5 58.676 43.2777
      vertex 105.5 59.6 56.8807
      vertex 105.5 58.8273 42.8317
    endloop
  endfacet
  facet normal -1 0 0
    outer loop
      vertex 105.5 58.4677 43.7
      vertex 105.5 59.6 56.8807
      vertex 105.5 58.676 43.2777
    endloop
  endfacet
  facet normal -1 0 0
    outer loop
      vertex 105.5 58.2061 44.0915
      vertex 105.5 59.6 56.8807
      vertex 105.5 58.4677 43.7
    endloop
  endfacet
  facet normal -1 0 0
    outer loop
      vertex 105.5 57.8988 44.4488
      vertex 105.5 59.6 56.8807
      vertex 105.5 58.2061 44.0915
    endloop
  endfacet
  facet normal -1 0 0
    outer loop
      vertex 105.5 55.18 49.7
      vertex 105.5 59.6 56.8807
      vertex 105.5 57.8988 44.4488
    endloop
  endfacet
  facet normal -1 0 0
    outer loop
      vertex 105.5 55.1329 48.9821
      vertex 105.5 57.8988 44.4488
      vertex 105.5 55.35 47.012
    endloop
  endfacet
  facet normal -1 0 0
    outer loop
      vertex 105.5 59.6 56.8807
      vertex 105.5 55.18 49.7
      vertex 105.5 55.18 52.7
    endloop
  endfacet
  facet normal -1 0 0
    outer loop
      vertex 105.5 55.1329 53.4179
      vertex 105.5 59.6 56.8807
      vertex 105.5 55.18 52.7
    endloop
  endfacet
  facet normal -1 0 0
    outer loop
      vertex 105.5 54.9926 54.1235
      vertex 105.5 59.6 56.8807
      vertex 105.5 55.1329 53.4179
    endloop
  endfacet
  facet normal -1 0 0
    outer loop
      vertex 105.5 54.7613 54.8048
      vertex 105.5 59.6 56.8807
      vertex 105.5 54.9926 54.1235
    endloop
  endfacet
  facet normal -1 0 0
    outer loop
      vertex 105.5 54.4431 55.45
      vertex 105.5 59.6 56.8807
      vertex 105.5 54.7613 54.8048
    endloop
  endfacet
  facet normal -1 0 0
    outer loop
      vertex 105.5 54.0434 56.0482
      vertex 105.5 59.6 56.8807
      vertex 105.5 54.4431 55.45
    endloop
  endfacet
  facet normal -1 0 0
    outer loop
      vertex 105.5 53.574 56.594
      vertex 105.5 59.6 56.8807
      vertex 105.5 54.0434 56.0482
    endloop
  endfacet
  facet normal -1 0 0
    outer loop
      vertex 105.5 61.1 63.1
      vertex 105.5 54.3501 65.9371
      vertex 105.5 63.6 74.882
    endloop
  endfacet
  facet normal -1 0 0
    outer loop
      vertex 105.5 50.886 67.9371
      vertex 105.5 63.6 74.882
      vertex 105.5 54.3501 65.9371
    endloop
  endfacet
  facet normal -1 0 0
    outer loop
      vertex 105.5 50.886 67.9371
      vertex 105.5 41.3856 74.882
      vertex 105.5 63.6 74.882
    endloop
  endfacet
  facet normal -1 0 0
    outer loop
      vertex 105.5 29.3881 47.9017
      vertex 105.5 50.886 67.9371
      vertex 105.5 36.836 43.6017
    endloop
  endfacet
  facet normal -1 -0 0
    outer loop
      vertex 105.5 50.886 67.9371
      vertex 105.5 29.3881 47.9017
      vertex 105.5 41.3856 74.882
    endloop
  endfacet
  facet normal -1 0 0
    outer loop
      vertex 105.5 20.3881 32.3133
      vertex 105.5 41.3856 74.882
      vertex 105.5 29.3881 47.9017
    endloop
  endfacet
  facet normal -1 0 0
    outer loop
      vertex 105.5 2.39999 7.35692
      vertex 105.5 13.0481 2.39999
      vertex 105.5 2.39999 2.39999
    endloop
  endfacet
  facet normal -1 0 0
    outer loop
      vertex 105.5 13.0481 2.39999
      vertex 105.5 2.39999 7.35692
      vertex 105.5 20.3881 32.3133
    endloop
  endfacet
  facet normal -1 -0 0
    outer loop
      vertex 105.5 20.3881 32.3133
      vertex 105.5 2.39999 7.35692
      vertex 105.5 41.3856 74.882
    endloop
  endfacet
  facet normal -1 0 0
    outer loop
      vertex 105.5 56.7277 35.574
      vertex 105.5 54.9926 32.4235
      vertex 105.5 56.2817 35.4227
    endloop
  endfacet
  facet normal -1 0 0
    outer loop
      vertex 105.5 54.7613 33.1048
      vertex 105.5 56.2817 35.4227
      vertex 105.5 54.9926 32.4235
    endloop
  endfacet
  facet normal -1 0 0
    outer loop
      vertex 105.5 56.2817 35.4227
      vertex 105.5 54.7613 33.1048
      vertex 105.5 55.8199 35.3308
    endloop
  endfacet
  facet normal -1 0 0
    outer loop
      vertex 105.5 54.4431 33.75
      vertex 105.5 55.8199 35.3308
      vertex 105.5 54.7613 33.1048
    endloop
  endfacet
  facet normal -1 0 0
    outer loop
      vertex 105.5 55.8199 35.3308
      vertex 105.5 54.4431 33.75
      vertex 105.5 55.35 35.3
    endloop
  endfacet
  facet normal -1 -0 0
    outer loop
      vertex 105.5 55.35 35.3
      vertex 105.5 54.4431 33.75
      vertex 105.5 54.8801 35.3308
    endloop
  endfacet
  facet normal -1 0 0
    outer loop
      vertex 105.5 54.0434 34.3482
      vertex 105.5 54.8801 35.3308
      vertex 105.5 54.4431 33.75
    endloop
  endfacet
  facet normal -1 -0 0
    outer loop
      vertex 105.5 54.8801 35.3308
      vertex 105.5 54.0434 34.3482
      vertex 105.5 54.4183 35.4227
    endloop
  endfacet
  facet normal -1 0 0
    outer loop
      vertex 105.5 53.574 34.894
      vertex 105.5 54.4183 35.4227
      vertex 105.5 54.0434 34.3482
    endloop
  endfacet
  facet normal -1 -0 0
    outer loop
      vertex 105.5 54.4183 35.4227
      vertex 105.5 53.574 34.894
      vertex 105.5 53.9723 35.574
    endloop
  endfacet
  facet normal -1 0 0
    outer loop
      vertex 105.5 53.574 34.894
      vertex 105.5 53.55 35.7823
      vertex 105.5 53.9723 35.574
    endloop
  endfacet
  facet normal -1 0 0
    outer loop
      vertex 105.5 53.574 34.894
      vertex 105.5 53.1585 36.0439
      vertex 105.5 53.55 35.7823
    endloop
  endfacet
  facet normal -1 0 0
    outer loop
      vertex 105.5 53.574 34.894
      vertex 105.5 52.8044 36.3544
      vertex 105.5 53.1585 36.0439
    endloop
  endfacet
  facet normal -1 0 0
    outer loop
      vertex 105.5 53.574 34.894
      vertex 105.5 52.4939 36.7085
      vertex 105.5 52.8044 36.3544
    endloop
  endfacet
  facet normal -1 0 0
    outer loop
      vertex 105.5 49.68 38.81
      vertex 105.5 52.4939 36.7085
      vertex 105.5 53.574 34.894
    endloop
  endfacet
  facet normal -1 0 0
    outer loop
      vertex 105.5 49.68 38.81
      vertex 105.5 51.75 41.9
      vertex 105.5 51.75 38.9
    endloop
  endfacet
  facet normal -1 0 0
    outer loop
      vertex 105.5 49.68 38.81
      vertex 105.5 51.75 38.9
      vertex 105.5 51.7808 38.4301
    endloop
  endfacet
  facet normal -1 0 0
    outer loop
      vertex 105.5 51.8727 42.8317
      vertex 105.5 50.3979 44.2471
      vertex 105.5 51.1035 44.3874
    endloop
  endfacet
  facet normal -1 0 0
    outer loop
      vertex 105.5 49.68 38.81
      vertex 105.5 51.7808 38.4301
      vertex 105.5 51.8727 37.9683
    endloop
  endfacet
  facet normal -1 0 0
    outer loop
      vertex 105.5 52.4939 36.7085
      vertex 105.5 49.68 38.81
      vertex 105.5 52.2323 37.1
    endloop
  endfacet
  facet normal -1 0 0
    outer loop
      vertex 105.5 49.68 38.81
      vertex 105.5 52.024 37.5223
      vertex 105.5 52.2323 37.1
    endloop
  endfacet
  facet normal -1 0 0
    outer loop
      vertex 105.5 49.68 38.81
      vertex 105.5 51.8727 37.9683
      vertex 105.5 52.024 37.5223
    endloop
  endfacet
  facet normal -1 0 0
    outer loop
      vertex 105.5 48.9621 44.2471
      vertex 105.5 51.75 41.9
      vertex 105.5 49.68 38.81
    endloop
  endfacet
  facet normal -1 0 0
    outer loop
      vertex 105.5 51.7808 42.3699
      vertex 105.5 49.68 44.2
      vertex 105.5 50.3979 44.2471
    endloop
  endfacet
  facet normal -1 0 0
    outer loop
      vertex 105.5 51.75 41.9
      vertex 105.5 48.9621 44.2471
      vertex 105.5 49.68 44.2
    endloop
  endfacet
  facet normal -1 0 0
    outer loop
      vertex 105.5 49.68 38.81
      vertex 105.5 48.2565 44.3874
      vertex 105.5 48.9621 44.2471
    endloop
  endfacet
  facet normal -1 0 0
    outer loop
      vertex 105.5 49.68 38.81
      vertex 105.5 47.5752 44.6187
      vertex 105.5 48.2565 44.3874
    endloop
  endfacet
  facet normal -1 0 0
    outer loop
      vertex 105.5 49.68 38.81
      vertex 105.5 46.93 44.9369
      vertex 105.5 47.5752 44.6187
    endloop
  endfacet
  facet normal -1 0 0
    outer loop
      vertex 105.5 45.786 34.894
      vertex 105.5 46.93 44.9369
      vertex 105.5 49.68 38.81
    endloop
  endfacet
  facet normal -1 -0 0
    outer loop
      vertex 105.5 46.93 44.9369
      vertex 105.5 45.786 34.894
      vertex 105.5 46.3318 45.3366
    endloop
  endfacet
  facet normal -1 -0 0
    outer loop
      vertex 105.5 46.3318 45.3366
      vertex 105.5 45.786 34.894
      vertex 105.5 45.7909 45.8109
    endloop
  endfacet
  facet normal -1 0 0
    outer loop
      vertex 105.5 45.3166 46.3518
      vertex 105.5 45.786 34.894
      vertex 105.5 45.3166 34.3482
    endloop
  endfacet
  facet normal -1 0 0
    outer loop
      vertex 105.5 45.786 34.894
      vertex 105.5 45.3166 46.3518
      vertex 105.5 45.7909 45.8109
    endloop
  endfacet
  facet normal -1 0 0
    outer loop
      vertex 105.5 44.9169 33.75
      vertex 105.5 45.3166 46.3518
      vertex 105.5 45.3166 34.3482
    endloop
  endfacet
  facet normal -1 0 0
    outer loop
      vertex 105.5 44.9169 33.75
      vertex 105.5 44.9169 46.95
      vertex 105.5 45.3166 46.3518
    endloop
  endfacet
  facet normal -1 0 0
    outer loop
      vertex 105.5 44.5987 33.1048
      vertex 105.5 44.9169 46.95
      vertex 105.5 44.9169 33.75
    endloop
  endfacet
  facet normal -1 0 0
    outer loop
      vertex 105.5 44.5987 33.1048
      vertex 105.5 44.5987 47.5952
      vertex 105.5 44.9169 46.95
    endloop
  endfacet
  facet normal -1 0 0
    outer loop
      vertex 105.5 44.3674 32.4235
      vertex 105.5 44.5987 47.5952
      vertex 105.5 44.5987 33.1048
    endloop
  endfacet
  facet normal -1 0 0
    outer loop
      vertex 105.5 44.3674 32.4235
      vertex 105.5 44.3674 48.2765
      vertex 105.5 44.5987 47.5952
    endloop
  endfacet
  facet normal -1 0 0
    outer loop
      vertex 105.5 44.3674 32.4235
      vertex 105.5 44.3127 48.5518
      vertex 105.5 44.3674 48.2765
    endloop
  endfacet
  facet normal -1 0 0
    outer loop
      vertex 105.5 17.6669 2.39999
      vertex 105.5 44.3674 32.4235
      vertex 105.5 44.2271 31.7179
    endloop
  endfacet
  facet normal -1 0 0
    outer loop
      vertex 105.5 17.6669 2.39999
      vertex 105.5 44.2271 31.7179
      vertex 105.5 44.18 31
    endloop
  endfacet
  facet normal -1 -0 0
    outer loop
      vertex 105.5 44.3674 32.4235
      vertex 105.5 17.6669 2.39999
      vertex 105.5 44.3127 48.5518
    endloop
  endfacet
  facet normal 0 0.866041 -0.499972
    outer loop
      vertex 105.5 41.3856 74.882
      vertex 101.55 40.2535 72.921
      vertex 2.4 41.3856 74.882
    endloop
  endfacet
  facet normal 0.000333067 0.865751 -0.500475
    outer loop
      vertex 105.5 41.3856 74.882
      vertex 101.644 40.2504 72.9157
      vertex 101.55 40.2535 72.921
    endloop
  endfacet
  facet normal 4.00917e-05 0.866 -0.500044
    outer loop
      vertex 105.5 41.3856 74.882
      vertex 101.902 40.2419 72.901
      vertex 101.644 40.2504 72.9157
    endloop
  endfacet
  facet normal -0.000157074 0.866155 -0.499776
    outer loop
      vertex 105.5 41.3856 74.882
      vertex 101.994 40.2328 72.8852
      vertex 101.902 40.2419 72.901
    endloop
  endfacet
  facet normal 3.44968e-05 0.866009 -0.500028
    outer loop
      vertex 105.5 41.3856 74.882
      vertex 102.249 40.2075 72.8414
      vertex 101.994 40.2328 72.8852
    endloop
  endfacet
  facet normal 0.000210083 0.865888 -0.500238
    outer loop
      vertex 105.5 41.3856 74.882
      vertex 102.338 40.1924 72.8153
      vertex 102.249 40.2075 72.8414
    endloop
  endfacet
  facet normal -0.000102488 0.866095 -0.499879
    outer loop
      vertex 105.5 41.3856 74.882
      vertex 102.583 40.1507 72.743
      vertex 102.338 40.1924 72.8153
    endloop
  endfacet
  facet normal 0.000168155 0.865935 -0.500156
    outer loop
      vertex 105.5 41.3856 74.882
      vertex 102.816 40.0933 72.6437
      vertex 102.583 40.1507 72.743
    endloop
  endfacet
  facet normal -0.000185058 0.866119 -0.499838
    outer loop
      vertex 105.5 41.3856 74.882
      vertex 102.9 40.0726 72.6078
      vertex 102.816 40.0933 72.6437
    endloop
  endfacet
  facet normal -0.000256041 0.866154 -0.499778
    outer loop
      vertex 105.5 41.3856 74.882
      vertex 102.978 40.0466 72.5627
      vertex 102.9 40.0726 72.6078
    endloop
  endfacet
  facet normal -2.0771e-05 0.866043 -0.499969
    outer loop
      vertex 105.5 41.3856 74.882
      vertex 103.194 39.9745 72.4378
      vertex 102.978 40.0466 72.5627
    endloop
  endfacet
  facet normal 0.000253607 0.865931 -0.500164
    outer loop
      vertex 105.5 41.3856 74.882
      vertex 103.389 39.8889 72.2897
      vertex 103.194 39.9745 72.4378
    endloop
  endfacet
  facet normal -0.000678561 0.866259 -0.499594
    outer loop
      vertex 105.5 41.3856 74.882
      vertex 103.459 39.8581 72.2362
      vertex 103.389 39.8889 72.2897
    endloop
  endfacet
  facet normal 0.000657865 0.865813 -0.500367
    outer loop
      vertex 105.5 41.3856 74.882
      vertex 103.521 39.8228 72.1752
      vertex 103.459 39.8581 72.2362
    endloop
  endfacet
  facet normal -0.000217469 0.86609 -0.499888
    outer loop
      vertex 105.5 41.3856 74.882
      vertex 103.692 39.7253 72.0062
      vertex 103.521 39.8228 72.1752
    endloop
  endfacet
  facet normal 0.000803856 0.865812 -0.500369
    outer loop
      vertex 105.5 41.3856 74.882
      vertex 103.744 39.6863 71.9388
      vertex 103.692 39.7253 72.0062
    endloop
  endfacet
  facet normal -0.000371097 0.866116 -0.499843
    outer loop
      vertex 105.5 41.3856 74.882
      vertex 103.888 39.5785 71.7519
      vertex 103.744 39.6863 71.9388
    endloop
  endfacet
  facet normal 0.000269347 0.865973 -0.500091
    outer loop
      vertex 105.5 41.3856 74.882
      vertex 104.003 39.4621 71.5504
      vertex 103.888 39.5785 71.7519
    endloop
  endfacet
  facet normal -0.000365374 0.866096 -0.499877
    outer loop
      vertex 105.5 41.3856 74.882
      vertex 104.044 39.4201 71.4776
      vertex 104.003 39.4621 71.5504
    endloop
  endfacet
  facet normal 7.35808e-06 0.866027 -0.499996
    outer loop
      vertex 105.5 41.3856 74.882
      vertex 104.158 39.2529 71.188
      vertex 104.044 39.4201 71.4776
    endloop
  endfacet
  facet normal 0.00035614 0.865973 -0.500091
    outer loop
      vertex 105.5 41.3856 74.882
      vertex 104.209 39.1256 70.9676
      vertex 104.158 39.2529 71.188
    endloop
  endfacet
  facet normal -0.00112529 0.866184 -0.499725
    outer loop
      vertex 105.5 41.3856 74.882
      vertex 104.227 39.0797 70.888
      vertex 104.209 39.1256 70.9676
    endloop
  endfacet
  facet normal 0.00096281 0.865896 -0.500224
    outer loop
      vertex 105.5 41.3856 74.882
      vertex 104.233 39.0329 70.807
      vertex 104.227 39.0797 70.888
    endloop
  endfacet
  facet normal -0.000417529 0.866082 -0.499902
    outer loop
      vertex 105.5 41.3856 74.882
      vertex 104.25 38.9035 70.5828
      vertex 104.233 39.0329 70.807
    endloop
  endfacet
  facet normal 3.30059e-05 0.866025 -0.500001
    outer loop
      vertex 105.5 41.3856 74.882
      vertex 104.25 5.25346 12.2993
      vertex 104.25 38.9035 70.5828
    endloop
  endfacet
  facet normal 0.000612173 0.866108 -0.499856
    outer loop
      vertex 105.5 2.39999 7.35692
      vertex 104.128 4.85969 11.6172
      vertex 104.158 4.90405 11.6941
    endloop
  endfacet
  facet normal -8.35925e-05 0.866005 -0.500035
    outer loop
      vertex 105.5 2.39999 7.35692
      vertex 103.521 4.33409 10.7069
      vertex 103.692 4.43163 10.8758
    endloop
  endfacet
  facet normal 6.71536e-05 0.866046 -0.499964
    outer loop
      vertex 105.5 2.39999 7.35692
      vertex 103.264 4.21332 10.4977
      vertex 103.459 4.29886 10.6459
    endloop
  endfacet
  facet normal 6.56693e-05 0.866047 -0.499963
    outer loop
      vertex 105.5 2.39999 7.35692
      vertex 103.116 4.1564 10.3991
      vertex 103.194 4.18243 10.4442
    endloop
  endfacet
  facet normal 6.60509e-05 0.866056 -0.499947
    outer loop
      vertex 105.5 2.39999 7.35692
      vertex 102.495 3.99116 10.1129
      vertex 102.583 4.00622 10.139
    endloop
  endfacet
  facet normal 0 0.866024 -0.500002
    outer loop
      vertex 101.55 3.90346 9.96099
      vertex 105.5 2.39999 7.35692
      vertex 6.35 3.90346 9.96099
    endloop
  endfacet
  facet normal 6.45925e-06 0.866028 -0.499995
    outer loop
      vertex 101.902 3.91501 9.981
      vertex 105.5 2.39999 7.35692
      vertex 101.55 3.90346 9.96099
    endloop
  endfacet
  facet normal -6.03233e-05 0.865989 -0.500064
    outer loop
      vertex 102.157 3.94032 10.0248
      vertex 105.5 2.39999 7.35692
      vertex 101.902 3.91501 9.981
    endloop
  endfacet
  facet normal 0.00030988 0.866189 -0.499716
    outer loop
      vertex 102.249 3.94946 10.0407
      vertex 105.5 2.39999 7.35692
      vertex 102.157 3.94032 10.0248
    endloop
  endfacet
  facet normal -4.05379e-05 0.866006 -0.500034
    outer loop
      vertex 102.495 3.99116 10.1129
      vertex 105.5 2.39999 7.35692
      vertex 102.249 3.94946 10.0407
    endloop
  endfacet
  facet normal 4.85196e-05 0.866048 -0.499961
    outer loop
      vertex 102.667 4.02694 10.1749
      vertex 105.5 2.39999 7.35692
      vertex 102.583 4.00622 10.139
    endloop
  endfacet
  facet normal 2.13582e-05 0.866036 -0.499981
    outer loop
      vertex 102.9 4.08432 10.2743
      vertex 105.5 2.39999 7.35692
      vertex 102.667 4.02694 10.1749
    endloop
  endfacet
  facet normal -7.29047e-05 0.866 -0.500044
    outer loop
      vertex 103.116 4.1564 10.3991
      vertex 105.5 2.39999 7.35692
      vertex 102.9 4.08432 10.2743
    endloop
  endfacet
  facet normal -1.41306e-05 0.866021 -0.500008
    outer loop
      vertex 103.264 4.21332 10.4977
      vertex 105.5 2.39999 7.35692
      vertex 103.194 4.18243 10.4442
    endloop
  endfacet
  facet normal -0.000104672 0.866 -0.500044
    outer loop
      vertex 103.521 4.33409 10.7069
      vertex 105.5 2.39999 7.35692
      vertex 103.459 4.29886 10.6459
    endloop
  endfacet
  facet normal 0.000135276 0.866054 -0.49995
    outer loop
      vertex 103.836 4.5395 11.0627
      vertex 105.5 2.39999 7.35692
      vertex 103.692 4.43163 10.8758
    endloop
  endfacet
  facet normal -0.000494853 0.865931 -0.500163
    outer loop
      vertex 103.888 4.57846 11.1301
      vertex 105.5 2.39999 7.35692
      vertex 103.836 4.5395 11.0627
    endloop
  endfacet
  facet normal 0.000136872 0.866048 -0.49996
    outer loop
      vertex 103.93 4.62048 11.2029
      vertex 105.5 2.39999 7.35692
      vertex 103.888 4.57846 11.1301
    endloop
  endfacet
  facet normal -0.000102684 0.866006 -0.500034
    outer loop
      vertex 104.044 4.73684 11.4044
      vertex 105.5 2.39999 7.35692
      vertex 103.93 4.62048 11.2029
    endloop
  endfacet
  facet normal 6.49859e-05 0.866032 -0.499988
    outer loop
      vertex 104.128 4.85969 11.6172
      vertex 105.5 2.39999 7.35692
      vertex 104.044 4.73684 11.4044
    endloop
  endfacet
  facet normal 0.000139374 0.866045 -0.499966
    outer loop
      vertex 104.176 4.95 11.7737
      vertex 105.5 2.39999 7.35692
      vertex 104.158 4.90405 11.6941
    endloop
  endfacet
  facet normal -2.18589e-05 0.866024 -0.500002
    outer loop
      vertex 104.227 5.07725 11.9941
      vertex 105.5 2.39999 7.35692
      vertex 104.176 4.95 11.7737
    endloop
  endfacet
  facet normal -3.10186e-05 0.866023 -0.500004
    outer loop
      vertex 104.25 5.25346 12.2993
      vertex 105.5 2.39999 7.35692
      vertex 104.227 5.07725 11.9941
    endloop
  endfacet
  facet normal -9.32779e-06 0.866025 -0.5
    outer loop
      vertex 105.5 2.39999 7.35692
      vertex 104.25 5.25346 12.2993
      vertex 105.5 41.3856 74.882
    endloop
  endfacet
  facet normal 0 0.866041 -0.499972
    outer loop
      vertex 6.35 40.2535 72.921
      vertex 2.4 41.3856 74.882
      vertex 101.55 40.2535 72.921
    endloop
  endfacet
  facet normal -0.000334665 0.865749 -0.500478
    outer loop
      vertex 6.2565 40.2504 72.9157
      vertex 2.4 41.3856 74.882
      vertex 6.35 40.2535 72.921
    endloop
  endfacet
  facet normal -3.9963e-05 0.866 -0.500044
    outer loop
      vertex 5.99758 40.2419 72.901
      vertex 2.4 41.3856 74.882
      vertex 6.2565 40.2504 72.9157
    endloop
  endfacet
  facet normal 0.000157209 0.866155 -0.499776
    outer loop
      vertex 5.90568 40.2328 72.8852
      vertex 2.4 41.3856 74.882
      vertex 5.99758 40.2419 72.901
    endloop
  endfacet
  facet normal -3.45506e-05 0.866009 -0.500028
    outer loop
      vertex 5.65119 40.2075 72.8414
      vertex 2.4 41.3856 74.882
      vertex 5.90568 40.2328 72.8852
    endloop
  endfacet
  facet normal -0.000210514 0.865888 -0.500238
    outer loop
      vertex 5.56246 40.1924 72.8153
      vertex 2.4 41.3856 74.882
      vertex 5.65119 40.2075 72.8414
    endloop
  endfacet
  facet normal 0.00010228 0.866095 -0.49988
    outer loop
      vertex 5.31675 40.1507 72.743
      vertex 2.4 41.3856 74.882
      vertex 5.56246 40.1924 72.8153
    endloop
  endfacet
  facet normal -0.000168293 0.865935 -0.500156
    outer loop
      vertex 5.08404 40.0933 72.6437
      vertex 2.4 41.3856 74.882
      vertex 5.31675 40.1507 72.743
    endloop
  endfacet
  facet normal 0.000184998 0.866119 -0.499839
    outer loop
      vertex 5 40.0726 72.6078
      vertex 2.4 41.3856 74.882
      vertex 5.08404 40.0933 72.6437
    endloop
  endfacet
  facet normal 0.000256219 0.866154 -0.499777
    outer loop
      vertex 4.92209 40.0466 72.5627
      vertex 2.4 41.3856 74.882
      vertex 5 40.0726 72.6078
    endloop
  endfacet
  facet normal 2.07855e-05 0.866043 -0.499969
    outer loop
      vertex 4.70634 39.9745 72.4378
      vertex 2.4 41.3856 74.882
      vertex 4.92209 40.0466 72.5627
    endloop
  endfacet
  facet normal -0.000253531 0.865931 -0.500164
    outer loop
      vertex 4.51126 39.8889 72.2897
      vertex 2.4 41.3856 74.882
      vertex 4.70634 39.9745 72.4378
    endloop
  endfacet
  facet normal 0.00067585 0.866258 -0.499596
    outer loop
      vertex 4.44081 39.8581 72.2362
      vertex 2.4 41.3856 74.882
      vertex 4.51126 39.8889 72.2897
    endloop
  endfacet
  facet normal -0.000659221 0.865813 -0.500368
    outer loop
      vertex 4.37903 39.8228 72.1752
      vertex 2.4 41.3856 74.882
      vertex 4.44081 39.8581 72.2362
    endloop
  endfacet
  facet normal 0.000217401 0.86609 -0.499888
    outer loop
      vertex 4.20794 39.7253 72.0062
      vertex 2.4 41.3856 74.882
      vertex 4.37903 39.8228 72.1752
    endloop
  endfacet
  facet normal -0.000803443 0.865812 -0.500369
    outer loop
      vertex 4.15589 39.6863 71.9388
      vertex 2.4 41.3856 74.882
      vertex 4.20794 39.7253 72.0062
    endloop
  endfacet
  facet normal 0.000370875 0.866116 -0.499843
    outer loop
      vertex 4.01173 39.5785 71.7519
      vertex 2.4 41.3856 74.882
      vertex 4.15589 39.6863 71.9388
    endloop
  endfacet
  facet normal -0.000269665 0.865973 -0.500091
    outer loop
      vertex 3.89697 39.4621 71.5504
      vertex 2.4 41.3856 74.882
      vertex 4.01173 39.5785 71.7519
    endloop
  endfacet
  facet normal 0.00036316 0.866096 -0.499878
    outer loop
      vertex 3.85552 39.4201 71.4776
      vertex 2.4 41.3856 74.882
      vertex 3.89697 39.4621 71.5504
    endloop
  endfacet
  facet normal -7.37422e-06 0.866027 -0.499996
    outer loop
      vertex 3.742 39.2529 71.188
      vertex 2.4 41.3856 74.882
      vertex 3.85552 39.4201 71.4776
    endloop
  endfacet
  facet normal -0.000357175 0.865972 -0.500092
    outer loop
      vertex 3.69138 39.1256 70.9676
      vertex 2.4 41.3856 74.882
      vertex 3.742 39.2529 71.188
    endloop
  endfacet
  facet normal 0.00111802 0.866183 -0.499726
    outer loop
      vertex 3.6731 39.0797 70.888
      vertex 2.4 41.3856 74.882
      vertex 3.69138 39.1256 70.9676
    endloop
  endfacet
  facet normal -0.000958832 0.865896 -0.500223
    outer loop
      vertex 3.66697 39.0329 70.807
      vertex 2.4 41.3856 74.882
      vertex 3.6731 39.0797 70.888
    endloop
  endfacet
  facet normal 0.000417682 0.866082 -0.499902
    outer loop
      vertex 3.65 38.9035 70.5828
      vertex 2.4 41.3856 74.882
      vertex 3.66697 39.0329 70.807
    endloop
  endfacet
  facet normal -3.30059e-05 0.866025 -0.500001
    outer loop
      vertex 3.65 5.25346 12.2993
      vertex 2.4 41.3856 74.882
      vertex 3.65 38.9035 70.5828
    endloop
  endfacet
  facet normal -0.000138464 0.866045 -0.499966
    outer loop
      vertex 2.4 2.39999 7.35692
      vertex 3.72372 4.95 11.7737
      vertex 3.742 4.90405 11.6941
    endloop
  endfacet
  facet normal -6.524e-05 0.866032 -0.499988
    outer loop
      vertex 2.4 2.39999 7.35692
      vertex 3.77212 4.85969 11.6172
      vertex 3.85552 4.73684 11.4044
    endloop
  endfacet
  facet normal 0.000104907 0.866 -0.500044
    outer loop
      vertex 2.4 2.39999 7.35692
      vertex 4.37903 4.33409 10.7069
      vertex 4.44081 4.29886 10.6459
    endloop
  endfacet
  facet normal 6.04224e-05 0.865989 -0.500064
    outer loop
      vertex 2.4 2.39999 7.35692
      vertex 5.74309 3.94032 10.0248
      vertex 5.99758 3.91501 9.981
    endloop
  endfacet
  facet normal 9.32779e-06 0.866025 -0.5
    outer loop
      vertex 3.65 5.25346 12.2993
      vertex 2.4 2.39999 7.35692
      vertex 2.4 41.3856 74.882
    endloop
  endfacet
  facet normal 3.09876e-05 0.866023 -0.500004
    outer loop
      vertex 3.6731 5.07725 11.9941
      vertex 2.4 2.39999 7.35692
      vertex 3.65 5.25346 12.2993
    endloop
  endfacet
  facet normal 2.19327e-05 0.866024 -0.500002
    outer loop
      vertex 3.72372 4.95 11.7737
      vertex 2.4 2.39999 7.35692
      vertex 3.6731 5.07725 11.9941
    endloop
  endfacet
  facet normal -0.00061081 0.866108 -0.499856
    outer loop
      vertex 3.77212 4.85969 11.6172
      vertex 2.4 2.39999 7.35692
      vertex 3.742 4.90405 11.6941
    endloop
  endfacet
  facet normal 0.000102275 0.866006 -0.500033
    outer loop
      vertex 3.97029 4.62048 11.2029
      vertex 2.4 2.39999 7.35692
      vertex 3.85552 4.73684 11.4044
    endloop
  endfacet
  facet normal -0.000137939 0.866049 -0.49996
    outer loop
      vertex 4.01173 4.57846 11.1301
      vertex 2.4 2.39999 7.35692
      vertex 3.97029 4.62048 11.2029
    endloop
  endfacet
  facet normal 0.000494516 0.865931 -0.500162
    outer loop
      vertex 4.06379 4.5395 11.0627
      vertex 2.4 2.39999 7.35692
      vertex 4.01173 4.57846 11.1301
    endloop
  endfacet
  facet normal -0.000135193 0.866054 -0.49995
    outer loop
      vertex 4.20794 4.43163 10.8758
      vertex 2.4 2.39999 7.35692
      vertex 4.06379 4.5395 11.0627
    endloop
  endfacet
  facet normal 8.35643e-05 0.866005 -0.500035
    outer loop
      vertex 4.37903 4.33409 10.7069
      vertex 2.4 2.39999 7.35692
      vertex 4.20794 4.43163 10.8758
    endloop
  endfacet
  facet normal -6.71346e-05 0.866046 -0.499964
    outer loop
      vertex 4.6359 4.21332 10.4977
      vertex 2.4 2.39999 7.35692
      vertex 4.44081 4.29886 10.6459
    endloop
  endfacet
  facet normal 1.40735e-05 0.866021 -0.500007
    outer loop
      vertex 4.70634 4.18243 10.4442
      vertex 2.4 2.39999 7.35692
      vertex 4.6359 4.21332 10.4977
    endloop
  endfacet
  facet normal -6.57193e-05 0.866047 -0.499963
    outer loop
      vertex 4.78425 4.1564 10.3991
      vertex 2.4 2.39999 7.35692
      vertex 4.70634 4.18243 10.4442
    endloop
  endfacet
  facet normal 7.29604e-05 0.866 -0.500044
    outer loop
      vertex 5 4.08432 10.2743
      vertex 2.4 2.39999 7.35692
      vertex 4.78425 4.1564 10.3991
    endloop
  endfacet
  facet normal -2.13768e-05 0.866036 -0.499981
    outer loop
      vertex 5.23272 4.02694 10.1749
      vertex 2.4 2.39999 7.35692
      vertex 5 4.08432 10.2743
    endloop
  endfacet
  facet normal -4.85089e-05 0.866048 -0.499961
    outer loop
      vertex 5.31675 4.00622 10.139
      vertex 2.4 2.39999 7.35692
      vertex 5.23272 4.02694 10.1749
    endloop
  endfacet
  facet normal -6.56369e-05 0.866056 -0.499947
    outer loop
      vertex 5.40548 3.99116 10.1129
      vertex 2.4 2.39999 7.35692
      vertex 5.31675 4.00622 10.139
    endloop
  endfacet
  facet normal 4.05726e-05 0.866006 -0.500034
    outer loop
      vertex 5.65119 3.94946 10.0407
      vertex 2.4 2.39999 7.35692
      vertex 5.40548 3.99116 10.1129
    endloop
  endfacet
  facet normal -0.000310155 0.86619 -0.499715
    outer loop
      vertex 5.74309 3.94032 10.0248
      vertex 2.4 2.39999 7.35692
      vertex 5.65119 3.94946 10.0407
    endloop
  endfacet
  facet normal -6.45217e-06 0.866028 -0.499995
    outer loop
      vertex 6.35 3.90346 9.96099
      vertex 2.4 2.39999 7.35692
      vertex 5.99758 3.91501 9.981
    endloop
  endfacet
  facet normal 0 0.866024 -0.500002
    outer loop
      vertex 2.4 2.39999 7.35692
      vertex 6.35 3.90346 9.96099
      vertex 105.5 2.39999 7.35692
    endloop
  endfacet
  facet normal 0 0 -1
    outer loop
      vertex 2.4 41.3856 74.882
      vertex 105.5 63.6 74.882
      vertex 105.5 41.3856 74.882
    endloop
  endfacet
  facet normal -0 0 -1
    outer loop
      vertex 105.5 63.6 74.882
      vertex 2.4 41.3856 74.882
      vertex 2.4 63.6 74.882
    endloop
  endfacet
  facet normal -0.752041 -0.32963 -0.57077
    outer loop
      vertex 103.692 39.7253 72.0062
      vertex 103.534 37.7371 73.3626
      vertex 103.521 39.8228 72.1752
    endloop
  endfacet
  facet normal -0.752622 -0.329222 -0.57024
    outer loop
      vertex 103.534 37.7371 73.3626
      vertex 103.692 39.7253 72.0062
      vertex 103.692 37.6468 73.2062
    endloop
  endfacet
  facet normal -0.75082 -0.330249 -0.572018
    outer loop
      vertex 103.521 39.8228 72.1752
      vertex 103.459 37.7796 73.4362
      vertex 103.459 39.8581 72.2362
    endloop
  endfacet
  facet normal -0.749797 -0.330882 -0.572993
    outer loop
      vertex 103.459 37.7796 73.4362
      vertex 103.521 39.8228 72.1752
      vertex 103.534 37.7371 73.3626
    endloop
  endfacet
  facet normal -0.981348 -0.0960118 -0.166549
    outer loop
      vertex 104.227 39.0797 70.888
      vertex 104.205 37.0566 72.1839
      vertex 104.209 39.1256 70.9676
    endloop
  endfacet
  facet normal -0.980836 -0.0974164 -0.168733
    outer loop
      vertex 104.205 37.0566 72.1839
      vertex 104.227 39.0797 70.888
      vertex 104.227 37.0012 72.088
    endloop
  endfacet
  facet normal 0.55557 -0.415729 -0.720077
    outer loop
      vertex 5 37.9941 73.8078
      vertex 4.92209 40.0466 72.5627
      vertex 5 40.0726 72.6078
    endloop
  endfacet
  facet normal 0.555732 -0.415668 -0.719987
    outer loop
      vertex 4.92209 40.0466 72.5627
      vertex 5 37.9941 73.8078
      vertex 4.90611 37.9628 73.7534
    endloop
  endfacet
  facet normal -0.98051 -0.0982337 -0.170149
    outer loop
      vertex 104.209 39.1256 70.9676
      vertex 104.158 37.1744 72.388
      vertex 104.158 39.2529 71.188
    endloop
  endfacet
  facet normal -0.980685 -0.0977103 -0.169436
    outer loop
      vertex 104.158 37.1744 72.388
      vertex 104.209 39.1256 70.9676
      vertex 104.205 37.0566 72.1839
    endloop
  endfacet
  facet normal -0.997949 -0.0320029 -0.0554316
    outer loop
      vertex 104.233 39.0329 70.807
      vertex 104.227 37.0012 72.088
      vertex 104.227 39.0797 70.888
    endloop
  endfacet
  facet normal -0.998076 -0.030935 -0.0537386
    outer loop
      vertex 104.227 37.0012 72.088
      vertex 104.233 39.0329 70.807
      vertex 104.234 36.9449 71.9904
    endloop
  endfacet
  facet normal 0.555658 -0.4157 -0.720026
    outer loop
      vertex 4.70634 39.9745 72.4378
      vertex 4.90611 37.9628 73.7534
      vertex 4.70634 37.896 73.6378
    endloop
  endfacet
  facet normal 0.555722 -0.415671 -0.719993
    outer loop
      vertex 4.90611 37.9628 73.7534
      vertex 4.70634 39.9745 72.4378
      vertex 4.92209 40.0466 72.5627
    endloop
  endfacet
  facet normal -0.194588 0.490463 0.849459
    outer loop
      vertex 101.902 3.91501 9.981
      vertex 102.138 1.85998 11.2216
      vertex 102.157 3.94032 10.0248
    endloop
  endfacet
  facet normal -0.19482 0.49042 0.849431
    outer loop
      vertex 102.138 1.85998 11.2216
      vertex 101.902 3.91501 9.981
      vertex 101.902 1.83655 11.181
    endloop
  endfacet
  facet normal 1 0 0
    outer loop
      vertex 3.65 36.825 71.7828
      vertex 3.65 5.25346 12.2993
      vertex 3.65 38.9035 70.5828
    endloop
  endfacet
  facet normal 1 0 -0
    outer loop
      vertex 3.65 5.25346 12.2993
      vertex 3.65 36.825 71.7828
      vertex 3.65 3.175 13.4993
    endloop
  endfacet
  facet normal -0 0.500003 0.866023
    outer loop
      vertex 6.35 3.90346 9.96099
      vertex 101.55 1.825 11.161
      vertex 101.55 3.90346 9.96099
    endloop
  endfacet
  facet normal 0 0.500003 0.866023
    outer loop
      vertex 101.55 1.825 11.161
      vertex 6.35 3.90346 9.96099
      vertex 6.35 1.825 11.161
    endloop
  endfacet
  facet normal -1 0 0
    outer loop
      vertex 104.25 5.25346 12.2993
      vertex 104.25 36.825 71.7828
      vertex 104.25 38.9035 70.5828
    endloop
  endfacet
  facet normal -1 0 0
    outer loop
      vertex 104.25 36.825 71.7828
      vertex 104.25 5.25346 12.2993
      vertex 104.25 3.175 13.4993
    endloop
  endfacet
  facet normal -0.831623 -0.277666 -0.480941
    outer loop
      vertex 103.744 39.6863 71.9388
      vertex 103.692 37.6468 73.2062
      vertex 103.692 39.7253 72.0062
    endloop
  endfacet
  facet normal -0.830298 -0.278736 -0.482608
    outer loop
      vertex 103.692 37.6468 73.2062
      vertex 103.744 39.6863 71.9388
      vertex 103.755 37.5999 73.1249
    endloop
  endfacet
  facet normal -0.831766 -0.277658 -0.480699
    outer loop
      vertex 103.888 39.5785 71.7519
      vertex 103.755 37.5999 73.1249
      vertex 103.744 39.6863 71.9388
    endloop
  endfacet
  facet normal -0.832399 -0.277084 -0.479933
    outer loop
      vertex 103.755 37.5999 73.1249
      vertex 103.888 39.5785 71.7519
      vertex 103.888 37.5 72.9519
    endloop
  endfacet
  facet normal 0.442159 -0.448455 -0.776778
    outer loop
      vertex 5.08404 40.0933 72.6437
      vertex 5.31675 38.0722 73.943
      vertex 5.10127 38.0191 73.851
    endloop
  endfacet
  facet normal 0.442092 -0.448479 -0.776802
    outer loop
      vertex 5.31675 38.0722 73.943
      vertex 5.08404 40.0933 72.6437
      vertex 5.31675 40.1507 72.743
    endloop
  endfacet
  facet normal -0.997877 0.0325626 0.0564001
    outer loop
      vertex 104.227 5.07725 11.9941
      vertex 104.25 3.175 13.4993
      vertex 104.25 5.25346 12.2993
    endloop
  endfacet
  facet normal -0.997877 0.0325626 0.0564001
    outer loop
      vertex 104.25 3.175 13.4993
      vertex 104.227 5.07725 11.9941
      vertex 104.227 2.99879 13.1941
    endloop
  endfacet
  facet normal -0.997851 -0.0326727 -0.0568047
    outer loop
      vertex 104.25 38.9035 70.5828
      vertex 104.234 36.9449 71.9904
      vertex 104.233 39.0329 70.807
    endloop
  endfacet
  facet normal -0.99778 -0.0332954 -0.0576704
    outer loop
      vertex 104.234 36.9449 71.9904
      vertex 104.25 38.9035 70.5828
      vertex 104.25 36.825 71.7828
    endloop
  endfacet
  facet normal -0.981357 0.0959852 0.166506
    outer loop
      vertex 104.158 4.90405 11.6941
      vertex 104.18 2.88097 12.99
      vertex 104.176 4.95 11.7737
    endloop
  endfacet
  facet normal -0.980833 0.0974263 0.168747
    outer loop
      vertex 104.18 2.88097 12.99
      vertex 104.158 4.90405 11.6941
      vertex 104.158 2.82559 12.8941
    endloop
  endfacet
  facet normal 0.831261 0.277941 0.481408
    outer loop
      vertex 4.01173 2.5 12.3301
      vertex 4.06379 4.5395 11.0627
      vertex 4.01173 4.57846 11.1301
    endloop
  endfacet
  facet normal 0.831431 0.277804 0.481194
    outer loop
      vertex 4.06379 4.5395 11.0627
      vertex 4.01173 2.5 12.3301
      vertex 4.07447 2.45305 12.2488
    endloop
  endfacet
  facet normal 0.555681 0.415698 0.72001
    outer loop
      vertex 4.70634 2.10397 11.6442
      vertex 4.78425 4.1564 10.3991
      vertex 4.70634 4.18243 10.4442
    endloop
  endfacet
  facet normal 0.555416 0.415797 0.720156
    outer loop
      vertex 4.78425 4.1564 10.3991
      vertex 4.70634 2.10397 11.6442
      vertex 4.80023 2.0726 11.5899
    endloop
  endfacet
  facet normal 0.946925 -0.160725 -0.27839
    outer loop
      vertex 3.85552 37.3416 72.6776
      vertex 3.742 39.2529 71.188
      vertex 3.85552 39.4201 71.4776
    endloop
  endfacet
  facet normal 0.946925 -0.160725 -0.27839
    outer loop
      vertex 3.742 39.2529 71.188
      vertex 3.85552 37.3416 72.6776
      vertex 3.742 37.1744 72.388
    endloop
  endfacet
  facet normal 0.99786 -0.0326933 -0.0566276
    outer loop
      vertex 3.6731 37.0012 72.088
      vertex 3.66697 39.0329 70.807
      vertex 3.6731 39.0797 70.888
    endloop
  endfacet
  facet normal 0.997856 -0.0327249 -0.0566777
    outer loop
      vertex 3.66697 39.0329 70.807
      vertex 3.6731 37.0012 72.088
      vertex 3.66571 36.9449 71.9904
    endloop
  endfacet
  facet normal 0.997858 -0.0327095 -0.0566505
    outer loop
      vertex 3.66571 36.9449 71.9904
      vertex 3.65 38.9035 70.5828
      vertex 3.66697 39.0329 70.807
    endloop
  endfacet
  facet normal 0.99786 -0.0326945 -0.0566296
    outer loop
      vertex 3.65 38.9035 70.5828
      vertex 3.66571 36.9449 71.9904
      vertex 3.65 36.825 71.7828
    endloop
  endfacet
  facet normal 0.896868 -0.221146 -0.383043
    outer loop
      vertex 4.01173 37.5 72.9519
      vertex 3.89697 39.4621 71.5504
      vertex 4.01173 39.5785 71.7519
    endloop
  endfacet
  facet normal 0.896854 -0.221164 -0.383067
    outer loop
      vertex 3.89697 39.4621 71.5504
      vertex 4.01173 37.5 72.9519
      vertex 3.90547 37.3923 72.7653
    endloop
  endfacet
  facet normal -0.19476 -0.490419 -0.849446
    outer loop
      vertex 102.013 38.1524 74.082
      vertex 102.249 40.2075 72.8414
      vertex 102.249 38.129 74.0414
    endloop
  endfacet
  facet normal -0.19457 -0.490454 -0.849469
    outer loop
      vertex 102.249 40.2075 72.8414
      vertex 102.013 38.1524 74.082
      vertex 101.994 40.2328 72.8852
    endloop
  endfacet
  facet normal -0.443035 -0.448246 -0.776399
    outer loop
      vertex 102.799 38.0191 73.851
      vertex 102.9 40.0726 72.6078
      vertex 102.9 37.9941 73.8078
    endloop
  endfacet
  facet normal -0.442427 -0.448424 -0.776643
    outer loop
      vertex 102.9 40.0726 72.6078
      vertex 102.799 38.0191 73.851
      vertex 102.816 40.0933 72.6437
    endloop
  endfacet
  facet normal -0.894548 0.22368 0.386977
    outer loop
      vertex 103.888 4.57846 11.1301
      vertex 103.938 2.55064 12.4178
      vertex 103.93 4.62048 11.2029
    endloop
  endfacet
  facet normal -0.896666 0.221354 0.383397
    outer loop
      vertex 103.938 2.55064 12.4178
      vertex 103.888 4.57846 11.1301
      vertex 103.888 2.5 12.3301
    endloop
  endfacet
  facet normal -0.323957 0.473036 0.819322
    outer loop
      vertex 102.495 3.99116 10.1129
      vertex 102.583 1.92776 11.339
      vertex 102.583 4.00622 10.139
    endloop
  endfacet
  facet normal -0.321703 0.4735 0.819942
    outer loop
      vertex 102.583 1.92776 11.339
      vertex 102.495 3.99116 10.1129
      vertex 102.476 1.90961 11.3075
    endloop
  endfacet
  facet normal -0.75193 0.329622 0.570922
    outer loop
      vertex 103.521 4.33409 10.7069
      vertex 103.692 2.35317 12.0758
      vertex 103.692 4.43163 10.8758
    endloop
  endfacet
  facet normal -0.75264 0.329115 0.570277
    outer loop
      vertex 103.692 2.35317 12.0758
      vertex 103.521 4.33409 10.7069
      vertex 103.534 2.26285 11.9194
    endloop
  endfacet
  facet normal 0.751869 -0.329636 -0.570993
    outer loop
      vertex 4.36636 37.7371 73.3626
      vertex 4.20794 39.7253 72.0062
      vertex 4.37903 39.8228 72.1752
    endloop
  endfacet
  facet normal 0.751755 -0.329717 -0.571097
    outer loop
      vertex 4.20794 39.7253 72.0062
      vertex 4.36636 37.7371 73.3626
      vertex 4.20794 37.6468 73.2062
    endloop
  endfacet
  facet normal 0.751758 0.32972 0.571091
    outer loop
      vertex 4.20794 2.35317 12.0758
      vertex 4.37903 4.33409 10.7069
      vertex 4.20794 4.43163 10.8758
    endloop
  endfacet
  facet normal 0.751773 0.329709 0.571078
    outer loop
      vertex 4.37903 4.33409 10.7069
      vertex 4.20794 2.35317 12.0758
      vertex 4.36636 2.26285 11.9194
    endloop
  endfacet
  facet normal 0.751821 0.329681 0.57103
    outer loop
      vertex 4.36636 2.26285 11.9194
      vertex 4.44081 4.29886 10.6459
      vertex 4.37903 4.33409 10.7069
    endloop
  endfacet
  facet normal 0.751759 0.329721 0.57109
    outer loop
      vertex 4.44081 4.29886 10.6459
      vertex 4.36636 2.26285 11.9194
      vertex 4.44081 2.22041 11.8459
    endloop
  endfacet
  facet normal 0.321164 0.473512 0.820146
    outer loop
      vertex 5.65119 3.94946 10.0407
      vertex 5.42368 1.90961 11.3075
      vertex 5.65119 1.871 11.2407
    endloop
  endfacet
  facet normal 0.321335 0.473467 0.820105
    outer loop
      vertex 5.42368 1.90961 11.3075
      vertex 5.65119 3.94946 10.0407
      vertex 5.40548 3.99116 10.1129
    endloop
  endfacet
  facet normal -0.896501 -0.221518 -0.383687
    outer loop
      vertex 104.003 39.4621 71.5504
      vertex 103.888 37.5 72.9519
      vertex 103.888 39.5785 71.7519
    endloop
  endfacet
  facet normal -0.89563 -0.222581 -0.385104
    outer loop
      vertex 103.888 37.5 72.9519
      vertex 104.003 39.4621 71.5504
      vertex 103.995 37.3923 72.7653
    endloop
  endfacet
  facet normal 0.831377 -0.277851 -0.481261
    outer loop
      vertex 4.20794 37.6468 73.2062
      vertex 4.15589 39.6863 71.9388
      vertex 4.20794 39.7253 72.0062
    endloop
  endfacet
  facet normal 0.831403 -0.277829 -0.481227
    outer loop
      vertex 4.15589 39.6863 71.9388
      vertex 4.20794 37.6468 73.2062
      vertex 4.14521 37.5999 73.1249
    endloop
  endfacet
  facet normal 0.98078 -0.0975594 -0.168978
    outer loop
      vertex 3.69513 37.0566 72.1839
      vertex 3.6731 39.0797 70.888
      vertex 3.69138 39.1256 70.9676
    endloop
  endfacet
  facet normal 0.980785 -0.0975442 -0.168955
    outer loop
      vertex 3.6731 39.0797 70.888
      vertex 3.69513 37.0566 72.1839
      vertex 3.6731 37.0012 72.088
    endloop
  endfacet
  facet normal 0.442085 -0.44848 -0.776805
    outer loop
      vertex 5 40.0726 72.6078
      vertex 5.10127 38.0191 73.851
      vertex 5 37.9941 73.8078
    endloop
  endfacet
  facet normal 0.442258 -0.44843 -0.776736
    outer loop
      vertex 5.10127 38.0191 73.851
      vertex 5 40.0726 72.6078
      vertex 5.08404 40.0933 72.6437
    endloop
  endfacet
  facet normal -0.321505 -0.473425 -0.820063
    outer loop
      vertex 102.249 38.129 74.0414
      vertex 102.338 40.1924 72.8153
      vertex 102.356 38.1109 74.0099
    endloop
  endfacet
  facet normal -0.320884 -0.473553 -0.820232
    outer loop
      vertex 102.338 40.1924 72.8153
      vertex 102.249 38.129 74.0414
      vertex 102.249 40.2075 72.8414
    endloop
  endfacet
  facet normal 0.0652562 -0.498945 -0.864173
    outer loop
      vertex 5.99758 40.2419 72.901
      vertex 6.23732 38.1713 74.1146
      vertex 5.99758 38.1635 74.101
    endloop
  endfacet
  facet normal 0.0654417 -0.498923 -0.864172
    outer loop
      vertex 6.23732 38.1713 74.1146
      vertex 5.99758 40.2419 72.901
      vertex 6.2565 40.2504 72.9157
    endloop
  endfacet
  facet normal -0.661427 -0.374864 -0.649609
    outer loop
      vertex 103.459 39.8581 72.2362
      vertex 103.374 37.8168 73.5007
      vertex 103.389 39.8889 72.2897
    endloop
  endfacet
  facet normal -0.658924 -0.3761 -0.651436
    outer loop
      vertex 103.374 37.8168 73.5007
      vertex 103.459 39.8581 72.2362
      vertex 103.459 37.7796 73.4362
    endloop
  endfacet
  facet normal -0.320995 0.473615 0.820153
    outer loop
      vertex 102.249 3.94946 10.0407
      vertex 102.476 1.90961 11.3075
      vertex 102.495 3.99116 10.1129
    endloop
  endfacet
  facet normal -0.321811 0.473402 0.819956
    outer loop
      vertex 102.476 1.90961 11.3075
      vertex 102.249 3.94946 10.0407
      vertex 102.249 1.871 11.2407
    endloop
  endfacet
  facet normal -0.555237 0.415846 0.720266
    outer loop
      vertex 103.116 4.1564 10.3991
      vertex 103.194 2.10397 11.6442
      vertex 103.194 4.18243 10.4442
    endloop
  endfacet
  facet normal -0.554967 0.415947 0.720416
    outer loop
      vertex 103.194 2.10397 11.6442
      vertex 103.116 4.1564 10.3991
      vertex 103.1 2.0726 11.5899
    endloop
  endfacet
  facet normal -0.831807 0.277323 0.480821
    outer loop
      vertex 103.692 4.43163 10.8758
      vertex 103.826 2.45305 12.2488
      vertex 103.836 4.5395 11.0627
    endloop
  endfacet
  facet normal -0.830464 0.278536 0.482439
    outer loop
      vertex 103.826 2.45305 12.2488
      vertex 103.692 4.43163 10.8758
      vertex 103.692 2.35317 12.0758
    endloop
  endfacet
  facet normal 0.195106 0.490391 0.849382
    outer loop
      vertex 5.99758 3.91501 9.981
      vertex 5.76194 1.85998 11.2216
      vertex 5.99758 1.83655 11.181
    endloop
  endfacet
  facet normal 0.194963 0.490418 0.849399
    outer loop
      vertex 5.76194 1.85998 11.2216
      vertex 5.99758 3.91501 9.981
      vertex 5.74309 3.94032 10.0248
    endloop
  endfacet
  facet normal 0.195704 0.490332 0.849279
    outer loop
      vertex 5.65119 1.871 11.2407
      vertex 5.74309 3.94032 10.0248
      vertex 5.65119 3.94946 10.0407
    endloop
  endfacet
  facet normal 0.195274 0.490389 0.849345
    outer loop
      vertex 5.74309 3.94032 10.0248
      vertex 5.65119 1.871 11.2407
      vertex 5.76194 1.85998 11.2216
    endloop
  endfacet
  facet normal 0.83154 0.277723 0.481051
    outer loop
      vertex 4.07447 2.45305 12.2488
      vertex 4.20794 4.43163 10.8758
      vertex 4.06379 4.5395 11.0627
    endloop
  endfacet
  facet normal 0.831483 0.277775 0.481121
    outer loop
      vertex 4.20794 4.43163 10.8758
      vertex 4.07447 2.45305 12.2488
      vertex 4.20794 2.35317 12.0758
    endloop
  endfacet
  facet normal 0.65904 -0.376066 -0.651337
    outer loop
      vertex 4.52571 37.8168 73.5007
      vertex 4.44081 39.8581 72.2362
      vertex 4.51126 39.8889 72.2897
    endloop
  endfacet
  facet normal 0.659363 -0.375907 -0.651103
    outer loop
      vertex 4.44081 39.8581 72.2362
      vertex 4.52571 37.8168 73.5007
      vertex 4.44081 37.7796 73.4362
    endloop
  endfacet
  facet normal 0.659297 -0.375936 -0.651152
    outer loop
      vertex 4.70634 37.896 73.6378
      vertex 4.51126 39.8889 72.2897
      vertex 4.70634 39.9745 72.4378
    endloop
  endfacet
  facet normal 0.659167 -0.37601 -0.651242
    outer loop
      vertex 4.51126 39.8889 72.2897
      vertex 4.70634 37.896 73.6378
      vertex 4.52571 37.8168 73.5007
    endloop
  endfacet
  facet normal 0.831481 -0.277772 -0.481126
    outer loop
      vertex 4.14521 37.5999 73.1249
      vertex 4.01173 39.5785 71.7519
      vertex 4.15589 39.6863 71.9388
    endloop
  endfacet
  facet normal 0.831477 -0.277776 -0.481131
    outer loop
      vertex 4.01173 39.5785 71.7519
      vertex 4.14521 37.5999 73.1249
      vertex 4.01173 37.5 72.9519
    endloop
  endfacet
  facet normal 0.980791 -0.0975298 -0.16893
    outer loop
      vertex 3.742 37.1744 72.388
      vertex 3.69138 39.1256 70.9676
      vertex 3.742 39.2529 71.188
    endloop
  endfacet
  facet normal 0.980789 -0.0975349 -0.168937
    outer loop
      vertex 3.69138 39.1256 70.9676
      vertex 3.742 37.1744 72.388
      vertex 3.69513 37.0566 72.1839
    endloop
  endfacet
  facet normal 0.896861 -0.221156 -0.383054
    outer loop
      vertex 3.90547 37.3923 72.7653
      vertex 3.85552 39.4201 71.4776
      vertex 3.89697 39.4621 71.5504
    endloop
  endfacet
  facet normal 0.896893 -0.22112 -0.382999
    outer loop
      vertex 3.85552 39.4201 71.4776
      vertex 3.90547 37.3923 72.7653
      vertex 3.85552 37.3416 72.6776
    endloop
  endfacet
  facet normal 0.32176 -0.473404 -0.819975
    outer loop
      vertex 5.65119 38.129 74.0414
      vertex 5.56246 40.1924 72.8153
      vertex 5.65119 40.2075 72.8414
    endloop
  endfacet
  facet normal 0.321693 -0.473418 -0.819993
    outer loop
      vertex 5.56246 40.1924 72.8153
      vertex 5.65119 38.129 74.0414
      vertex 5.54426 38.1109 74.0099
    endloop
  endfacet
  facet normal 0 -0.499993 -0.866029
    outer loop
      vertex 6.35 38.175 74.121
      vertex 101.55 40.2535 72.921
      vertex 101.55 38.175 74.121
    endloop
  endfacet
  facet normal -0 -0.499993 -0.866029
    outer loop
      vertex 101.55 40.2535 72.921
      vertex 6.35 38.175 74.121
      vertex 6.35 40.2535 72.921
    endloop
  endfacet
  facet normal -0.0652814 -0.498923 -0.864184
    outer loop
      vertex 101.55 38.175 74.121
      vertex 101.644 40.2504 72.9157
      vertex 101.663 38.1713 74.1146
    endloop
  endfacet
  facet normal -0.0651796 -0.49893 -0.864188
    outer loop
      vertex 101.644 40.2504 72.9157
      vertex 101.55 38.175 74.121
      vertex 101.55 40.2535 72.921
    endloop
  endfacet
  facet normal -0.555283 -0.415819 -0.720247
    outer loop
      vertex 102.9 37.9941 73.8078
      vertex 102.978 40.0466 72.5627
      vertex 102.994 37.9628 73.7534
    endloop
  endfacet
  facet normal -0.555126 -0.415877 -0.720334
    outer loop
      vertex 102.978 40.0466 72.5627
      vertex 102.9 37.9941 73.8078
      vertex 102.9 40.0726 72.6078
    endloop
  endfacet
  facet normal -0.65945 -0.375869 -0.651036
    outer loop
      vertex 103.389 39.8889 72.2897
      vertex 103.194 37.896 73.6378
      vertex 103.194 39.9745 72.4378
    endloop
  endfacet
  facet normal -0.660468 -0.375295 -0.650335
    outer loop
      vertex 103.194 37.896 73.6378
      vertex 103.389 39.8889 72.2897
      vertex 103.374 37.8168 73.5007
    endloop
  endfacet
  facet normal -0.0654959 0.498927 0.864166
    outer loop
      vertex 101.55 3.90346 9.96099
      vertex 101.902 1.83655 11.181
      vertex 101.902 3.91501 9.981
    endloop
  endfacet
  facet normal -0.0654715 0.498931 0.864165
    outer loop
      vertex 101.902 1.83655 11.181
      vertex 101.55 3.90346 9.96099
      vertex 101.55 1.825 11.161
    endloop
  endfacet
  facet normal -0.55502 0.41593 0.720385
    outer loop
      vertex 102.9 4.08432 10.2743
      vertex 103.1 2.0726 11.5899
      vertex 103.116 4.1564 10.3991
    endloop
  endfacet
  facet normal -0.555115 0.415888 0.720336
    outer loop
      vertex 103.1 2.0726 11.5899
      vertex 102.9 4.08432 10.2743
      vertex 102.9 2.00587 11.4743
    endloop
  endfacet
  facet normal -0.980506 0.0982444 0.170164
    outer loop
      vertex 104.176 4.95 11.7737
      vertex 104.227 2.99879 13.1941
      vertex 104.227 5.07725 11.9941
    endloop
  endfacet
  facet normal -0.980687 0.0977052 0.16943
    outer loop
      vertex 104.227 2.99879 13.1941
      vertex 104.176 4.95 11.7737
      vertex 104.18 2.88097 12.99
    endloop
  endfacet
  facet normal -0.442513 0.44824 0.7767
    outer loop
      vertex 102.583 4.00622 10.139
      vertex 102.685 1.95273 11.3822
      vertex 102.667 4.02694 10.1749
    endloop
  endfacet
  facet normal -0.439428 0.449139 0.777931
    outer loop
      vertex 102.685 1.95273 11.3822
      vertex 102.583 4.00622 10.139
      vertex 102.583 1.92776 11.339
    endloop
  endfacet
  facet normal 0.442314 0.448432 0.776703
    outer loop
      vertex 5 2.00587 11.4743
      vertex 5.23272 4.02694 10.1749
      vertex 5 4.08432 10.2743
    endloop
  endfacet
  facet normal 0.442516 0.448361 0.776629
    outer loop
      vertex 5.23272 4.02694 10.1749
      vertex 5 2.00587 11.4743
      vertex 5.21548 1.95273 11.3822
    endloop
  endfacet
  facet normal -0.898762 -0.219351 -0.379622
    outer loop
      vertex 104.044 39.4201 71.4776
      vertex 103.995 37.3923 72.7653
      vertex 104.003 39.4621 71.5504
    endloop
  endfacet
  facet normal -0.900216 -0.217719 -0.377107
    outer loop
      vertex 103.995 37.3923 72.7653
      vertex 104.044 39.4201 71.4776
      vertex 104.044 37.3416 72.6776
    endloop
  endfacet
  facet normal -0.94651 -0.161334 -0.279444
    outer loop
      vertex 104.158 39.2529 71.188
      vertex 104.044 37.3416 72.6776
      vertex 104.044 39.4201 71.4776
    endloop
  endfacet
  facet normal -0.94651 -0.161334 -0.279444
    outer loop
      vertex 104.044 37.3416 72.6776
      vertex 104.158 39.2529 71.188
      vertex 104.158 37.1744 72.388
    endloop
  endfacet
  facet normal 0.751983 -0.329586 -0.570871
    outer loop
      vertex 4.44081 37.7796 73.4362
      vertex 4.37903 39.8228 72.1752
      vertex 4.44081 39.8581 72.2362
    endloop
  endfacet
  facet normal 0.752207 -0.329447 -0.570657
    outer loop
      vertex 4.37903 39.8228 72.1752
      vertex 4.44081 37.7796 73.4362
      vertex 4.36636 37.7371 73.3626
    endloop
  endfacet
  facet normal -0.0654574 -0.498939 -0.864162
    outer loop
      vertex 101.663 38.1713 74.1146
      vertex 101.902 40.2419 72.901
      vertex 101.902 38.1635 74.101
    endloop
  endfacet
  facet normal -0.0656741 -0.498913 -0.86416
    outer loop
      vertex 101.902 40.2419 72.901
      vertex 101.663 38.1713 74.1146
      vertex 101.644 40.2504 72.9157
    endloop
  endfacet
  facet normal -0.194455 -0.490465 -0.849489
    outer loop
      vertex 101.902 38.1635 74.101
      vertex 101.994 40.2328 72.8852
      vertex 102.013 38.1524 74.082
    endloop
  endfacet
  facet normal -0.194406 -0.490471 -0.849496
    outer loop
      vertex 101.994 40.2328 72.8852
      vertex 101.902 38.1635 74.101
      vertex 101.902 40.2419 72.901
    endloop
  endfacet
  facet normal -0.322303 -0.473312 -0.819815
    outer loop
      vertex 102.356 38.1109 74.0099
      vertex 102.583 40.1507 72.743
      vertex 102.583 38.0722 73.943
    endloop
  endfacet
  facet normal -0.322469 -0.473268 -0.819775
    outer loop
      vertex 102.583 40.1507 72.743
      vertex 102.356 38.1109 74.0099
      vertex 102.338 40.1924 72.8153
    endloop
  endfacet
  facet normal -0.195499 0.490352 0.849314
    outer loop
      vertex 102.157 3.94032 10.0248
      vertex 102.249 1.871 11.2407
      vertex 102.249 3.94946 10.0407
    endloop
  endfacet
  facet normal -0.194851 0.490439 0.849413
    outer loop
      vertex 102.249 1.871 11.2407
      vertex 102.157 3.94032 10.0248
      vertex 102.138 1.85998 11.2216
    endloop
  endfacet
  facet normal -0.441886 0.448537 0.776885
    outer loop
      vertex 102.667 4.02694 10.1749
      vertex 102.9 2.00587 11.4743
      vertex 102.9 4.08432 10.2743
    endloop
  endfacet
  facet normal -0.44331 0.448037 0.776363
    outer loop
      vertex 102.9 2.00587 11.4743
      vertex 102.667 4.02694 10.1749
      vertex 102.685 1.95273 11.3822
    endloop
  endfacet
  facet normal -0.946235 0.16167 0.280181
    outer loop
      vertex 104.044 4.73684 11.4044
      vertex 104.122 2.77213 12.8015
      vertex 104.128 4.85969 11.6172
    endloop
  endfacet
  facet normal -0.945976 0.162118 0.280797
    outer loop
      vertex 104.122 2.77213 12.8015
      vertex 104.044 4.73684 11.4044
      vertex 104.044 2.65838 12.6044
    endloop
  endfacet
  facet normal -0.898014 0.219984 0.381023
    outer loop
      vertex 103.93 4.62048 11.2029
      vertex 104.044 2.65838 12.6044
      vertex 104.044 4.73684 11.4044
    endloop
  endfacet
  facet normal -0.897299 0.220863 0.382196
    outer loop
      vertex 104.044 2.65838 12.6044
      vertex 103.93 4.62048 11.2029
      vertex 103.938 2.55064 12.4178
    endloop
  endfacet
  facet normal -0.94737 0.16007 0.277249
    outer loop
      vertex 104.128 4.85969 11.6172
      vertex 104.158 2.82559 12.8941
      vertex 104.158 4.90405 11.6941
    endloop
  endfacet
  facet normal -0.947725 0.159506 0.27636
    outer loop
      vertex 104.158 2.82559 12.8941
      vertex 104.128 4.85969 11.6172
      vertex 104.122 2.77213 12.8015
    endloop
  endfacet
  facet normal -0.831557 0.27772 0.481024
    outer loop
      vertex 103.836 4.5395 11.0627
      vertex 103.888 2.5 12.3301
      vertex 103.888 4.57846 11.1301
    endloop
  endfacet
  facet normal -0.834457 0.27536 0.477346
    outer loop
      vertex 103.888 2.5 12.3301
      vertex 103.836 4.5395 11.0627
      vertex 103.826 2.45305 12.2488
    endloop
  endfacet
  facet normal -0.750658 0.330266 0.572221
    outer loop
      vertex 103.459 4.29886 10.6459
      vertex 103.534 2.26285 11.9194
      vertex 103.521 4.33409 10.7069
    endloop
  endfacet
  facet normal -0.749346 0.33109 0.573462
    outer loop
      vertex 103.534 2.26285 11.9194
      vertex 103.459 4.29886 10.6459
      vertex 103.459 2.22041 11.8459
    endloop
  endfacet
  facet normal 0.659365 0.375918 0.651094
    outer loop
      vertex 4.62145 2.1412 11.7087
      vertex 4.70634 4.18243 10.4442
      vertex 4.6359 4.21332 10.4977
    endloop
  endfacet
  facet normal 0.659481 0.375861 0.651009
    outer loop
      vertex 4.70634 4.18243 10.4442
      vertex 4.62145 2.1412 11.7087
      vertex 4.70634 2.10397 11.6442
    endloop
  endfacet
  facet normal 0.659402 0.375897 0.651069
    outer loop
      vertex 4.44081 2.22041 11.8459
      vertex 4.6359 4.21332 10.4977
      vertex 4.44081 4.29886 10.6459
    endloop
  endfacet
  facet normal 0.659361 0.37592 0.651097
    outer loop
      vertex 4.6359 4.21332 10.4977
      vertex 4.44081 2.22041 11.8459
      vertex 4.62145 2.1412 11.7087
    endloop
  endfacet
  facet normal 0.442386 0.448394 0.776684
    outer loop
      vertex 5.21548 1.95273 11.3822
      vertex 5.31675 4.00622 10.139
      vertex 5.23272 4.02694 10.1749
    endloop
  endfacet
  facet normal 0.441978 0.448513 0.776847
    outer loop
      vertex 5.31675 4.00622 10.139
      vertex 5.21548 1.95273 11.3822
      vertex 5.31675 1.92776 11.339
    endloop
  endfacet
  facet normal 0.321569 0.473443 0.820028
    outer loop
      vertex 5.31675 1.92776 11.339
      vertex 5.40548 3.99116 10.1129
      vertex 5.31675 4.00622 10.139
    endloop
  endfacet
  facet normal 0.321892 0.473377 0.819939
    outer loop
      vertex 5.40548 3.99116 10.1129
      vertex 5.31675 1.92776 11.339
      vertex 5.42368 1.90961 11.3075
    endloop
  endfacet
  facet normal 0.0654182 0.498929 0.86417
    outer loop
      vertex 5.99758 1.83655 11.181
      vertex 6.35 3.90346 9.96099
      vertex 5.99758 3.91501 9.981
    endloop
  endfacet
  facet normal 0.0653938 0.498933 0.86417
    outer loop
      vertex 6.35 3.90346 9.96099
      vertex 5.99758 1.83655 11.181
      vertex 6.35 1.825 11.161
    endloop
  endfacet
  facet normal 0.997859 0.0327036 0.0566443
    outer loop
      vertex 3.65 3.175 13.4993
      vertex 3.6731 5.07725 11.9941
      vertex 3.65 5.25346 12.2993
    endloop
  endfacet
  facet normal 0.997859 0.0327036 0.0566443
    outer loop
      vertex 3.6731 5.07725 11.9941
      vertex 3.65 3.175 13.4993
      vertex 3.6731 2.99879 13.1941
    endloop
  endfacet
  facet normal 0.896924 0.221088 0.382945
    outer loop
      vertex 3.96179 2.55064 12.4178
      vertex 4.01173 4.57846 11.1301
      vertex 3.97029 4.62048 11.2029
    endloop
  endfacet
  facet normal 0.896876 0.221141 0.383027
    outer loop
      vertex 4.01173 4.57846 11.1301
      vertex 3.96179 2.55064 12.4178
      vertex 4.01173 2.5 12.3301
    endloop
  endfacet
  facet normal 0.980787 0.0975404 0.168945
    outer loop
      vertex 3.6731 2.99879 13.1941
      vertex 3.72372 4.95 11.7737
      vertex 3.6731 5.07725 11.9941
    endloop
  endfacet
  facet normal 0.980791 0.0975298 0.16893
    outer loop
      vertex 3.72372 4.95 11.7737
      vertex 3.6731 2.99879 13.1941
      vertex 3.71997 2.88097 12.99
    endloop
  endfacet
  facet normal 0.0655266 -0.498918 -0.864168
    outer loop
      vertex 6.35 38.175 74.121
      vertex 6.2565 40.2504 72.9157
      vertex 6.35 40.2535 72.921
    endloop
  endfacet
  facet normal 0.065466 -0.498922 -0.86417
    outer loop
      vertex 6.2565 40.2504 72.9157
      vertex 6.35 38.175 74.121
      vertex 6.23732 38.1713 74.1146
    endloop
  endfacet
  facet normal 0.321655 -0.473422 -0.820006
    outer loop
      vertex 5.31675 40.1507 72.743
      vertex 5.54426 38.1109 74.0099
      vertex 5.31675 38.0722 73.943
    endloop
  endfacet
  facet normal 0.321634 -0.473427 -0.820011
    outer loop
      vertex 5.54426 38.1109 74.0099
      vertex 5.31675 40.1507 72.743
      vertex 5.56246 40.1924 72.8153
    endloop
  endfacet
  facet normal -0.555216 -0.415847 -0.720282
    outer loop
      vertex 102.994 37.9628 73.7534
      vertex 103.194 39.9745 72.4378
      vertex 103.194 37.896 73.6378
    endloop
  endfacet
  facet normal -0.555277 -0.41582 -0.72025
    outer loop
      vertex 103.194 39.9745 72.4378
      vertex 102.994 37.9628 73.7534
      vertex 102.978 40.0466 72.5627
    endloop
  endfacet
  facet normal -0.661698 0.374739 0.649405
    outer loop
      vertex 103.194 4.18243 10.4442
      vertex 103.279 2.1412 11.7087
      vertex 103.264 4.21332 10.4977
    endloop
  endfacet
  facet normal -0.658999 0.376072 0.651376
    outer loop
      vertex 103.279 2.1412 11.7087
      vertex 103.194 4.18243 10.4442
      vertex 103.194 2.10397 11.6442
    endloop
  endfacet
  facet normal -0.659574 0.375821 0.650938
    outer loop
      vertex 103.264 4.21332 10.4977
      vertex 103.459 2.22041 11.8459
      vertex 103.459 4.29886 10.6459
    endloop
  endfacet
  facet normal -0.660684 0.375195 0.650174
    outer loop
      vertex 103.459 2.22041 11.8459
      vertex 103.264 4.21332 10.4977
      vertex 103.279 2.1412 11.7087
    endloop
  endfacet
  facet normal 0.555557 0.415741 0.72008
    outer loop
      vertex 5 4.08432 10.2743
      vertex 4.80023 2.0726 11.5899
      vertex 5 2.00587 11.4743
    endloop
  endfacet
  facet normal 0.555465 0.415781 0.720128
    outer loop
      vertex 4.80023 2.0726 11.5899
      vertex 5 4.08432 10.2743
      vertex 4.78425 4.1564 10.3991
    endloop
  endfacet
  facet normal 0.946941 0.160711 0.278343
    outer loop
      vertex 3.7783 2.77213 12.8015
      vertex 3.85552 4.73684 11.4044
      vertex 3.77212 4.85969 11.6172
    endloop
  endfacet
  facet normal 0.946967 0.160665 0.278281
    outer loop
      vertex 3.85552 4.73684 11.4044
      vertex 3.7783 2.77213 12.8015
      vertex 3.85552 2.65838 12.6044
    endloop
  endfacet
  facet normal 0.195046 -0.49039 -0.849397
    outer loop
      vertex 5.65119 40.2075 72.8414
      vertex 5.88683 38.1524 74.082
      vertex 5.65119 38.129 74.0414
    endloop
  endfacet
  facet normal 0.194945 -0.490409 -0.849409
    outer loop
      vertex 5.88683 38.1524 74.082
      vertex 5.65119 40.2075 72.8414
      vertex 5.90568 40.2328 72.8852
    endloop
  endfacet
  facet normal 0.194609 -0.490451 -0.849461
    outer loop
      vertex 5.99758 38.1635 74.101
      vertex 5.90568 40.2328 72.8852
      vertex 5.99758 40.2419 72.901
    endloop
  endfacet
  facet normal 0.194877 -0.490415 -0.849421
    outer loop
      vertex 5.90568 40.2328 72.8852
      vertex 5.99758 38.1635 74.101
      vertex 5.88683 38.1524 74.082
    endloop
  endfacet
  facet normal -0.441302 -0.448709 -0.777118
    outer loop
      vertex 102.583 38.0722 73.943
      vertex 102.816 40.0933 72.6437
      vertex 102.799 38.0191 73.851
    endloop
  endfacet
  facet normal -0.441649 -0.448588 -0.776991
    outer loop
      vertex 102.816 40.0933 72.6437
      vertex 102.583 38.0722 73.943
      vertex 102.583 40.1507 72.743
    endloop
  endfacet
  facet normal 0.98079 0.0975325 0.168935
    outer loop
      vertex 3.71997 2.88097 12.99
      vertex 3.742 4.90405 11.6941
      vertex 3.72372 4.95 11.7737
    endloop
  endfacet
  facet normal 0.980782 0.0975541 0.168968
    outer loop
      vertex 3.742 4.90405 11.6941
      vertex 3.71997 2.88097 12.99
      vertex 3.742 2.82559 12.8941
    endloop
  endfacet
  facet normal 0.946982 0.160644 0.278243
    outer loop
      vertex 3.742 2.82559 12.8941
      vertex 3.77212 4.85969 11.6172
      vertex 3.742 4.90405 11.6941
    endloop
  endfacet
  facet normal 0.946919 0.160743 0.2784
    outer loop
      vertex 3.77212 4.85969 11.6172
      vertex 3.742 2.82559 12.8941
      vertex 3.7783 2.77213 12.8015
    endloop
  endfacet
  facet normal 0.896838 0.22118 0.383095
    outer loop
      vertex 3.85552 2.65838 12.6044
      vertex 3.97029 4.62048 11.2029
      vertex 3.85552 4.73684 11.4044
    endloop
  endfacet
  facet normal 0.896853 0.221161 0.383069
    outer loop
      vertex 3.97029 4.62048 11.2029
      vertex 3.85552 2.65838 12.6044
      vertex 3.96179 2.55064 12.4178
    endloop
  endfacet
  facet normal 0 -0.866026 0.499999
    outer loop
      vertex 90.85 19.586 13.7239
      vertex 90.85 15.411 6.49256
      vertex 96.85 19.586 13.7239
    endloop
  endfacet
  facet normal 0 -0.866023 0.500004
    outer loop
      vertex 96.85 22.586 18.92
      vertex 96.85 19.586 13.7239
      vertex 101.5 22.586 18.92
    endloop
  endfacet
  facet normal 1.40941e-05 -0.866026 0.5
    outer loop
      vertex 101.5 22.586 18.92
      vertex 103.45 36.836 43.6017
      vertex 101.5 49.011 64.6895
    endloop
  endfacet
  facet normal -1.70941e-05 -0.866025 0.500001
    outer loop
      vertex 103.45 36.836 43.6017
      vertex 101.5 22.586 18.92
      vertex 103.45 27.836 28.0133
    endloop
  endfacet
  facet normal 0 -0.866026 0.499999
    outer loop
      vertex 101.5 22.586 18.92
      vertex 105.5 27.836 28.0133
      vertex 103.45 27.836 28.0133
    endloop
  endfacet
  facet normal -3.00988e-06 -0.866025 0.5
    outer loop
      vertex 105.5 13.0481 2.39999
      vertex 96.85 19.586 13.7239
      vertex 90.85 15.411 6.49256
    endloop
  endfacet
  facet normal -7.89135e-06 -0.866025 0.500001
    outer loop
      vertex 101.5 22.586 18.92
      vertex 105.5 13.0481 2.39999
      vertex 105.5 27.836 28.0133
    endloop
  endfacet
  facet normal 1.31151e-06 -0.866024 0.500003
    outer loop
      vertex 96.85 19.586 13.7239
      vertex 105.5 13.0481 2.39999
      vertex 101.5 22.586 18.92
    endloop
  endfacet
  facet normal 0 -0.86602 0.500009
    outer loop
      vertex 105.5 13.0481 2.39999
      vertex 90.85 15.411 6.49256
      vertex 2.4 13.0481 2.39999
    endloop
  endfacet
  facet normal 0 -0.866025 0.500001
    outer loop
      vertex 89.125 44.836 57.4582
      vertex 83.125 49.011 64.6895
      vertex 83.125 44.836 57.4582
    endloop
  endfacet
  facet normal 0 -0.866025 0.500001
    outer loop
      vertex 83.125 49.011 64.6895
      vertex 89.125 44.836 57.4582
      vertex 90.625 49.011 64.6895
    endloop
  endfacet
  facet normal 0 -0.866027 0.499997
    outer loop
      vertex 90.625 41.836 52.262
      vertex 89.125 44.836 57.4582
      vertex 89.125 41.836 52.262
    endloop
  endfacet
  facet normal 1.09175e-05 -0.866026 0.499999
    outer loop
      vertex 89.125 44.836 57.4582
      vertex 90.625 41.836 52.262
      vertex 90.625 49.011 64.6895
    endloop
  endfacet
  facet normal 0 -0.866026 0.499999
    outer loop
      vertex 83.125 49.011 64.6895
      vertex 2.4 50.886 67.9371
      vertex 16.35 49.011 64.6895
    endloop
  endfacet
  facet normal 3.05794e-07 -0.866025 0.5
    outer loop
      vertex 2.4 50.886 67.9371
      vertex 10.35 44.836 57.4582
      vertex 16.35 49.011 64.6895
    endloop
  endfacet
  facet normal -3.24623e-06 -0.866026 0.499998
    outer loop
      vertex 2.4 50.886 67.9371
      vertex 6.4 41.836 52.262
      vertex 10.35 44.836 57.4582
    endloop
  endfacet
  facet normal 3.73376e-06 -0.866026 0.5
    outer loop
      vertex 2.4 50.886 67.9371
      vertex 6.4 22.586 18.92
      vertex 6.4 41.836 52.262
    endloop
  endfacet
  facet normal 0 -0.866023 0.500004
    outer loop
      vertex 6.4 22.586 18.92
      vertex 10.35 19.586 13.7239
      vertex 10.35 22.586 18.92
    endloop
  endfacet
  facet normal 0 -0.866026 0.499999
    outer loop
      vertex 10.35 19.586 13.7239
      vertex 16.35 15.411 6.49256
      vertex 16.35 19.586 13.7239
    endloop
  endfacet
  facet normal 0 -0.86602 0.500009
    outer loop
      vertex 16.35 15.411 6.49256
      vertex 2.4 13.0481 2.39999
      vertex 90.85 15.411 6.49256
    endloop
  endfacet
  facet normal 3.13135e-06 -0.866025 0.500001
    outer loop
      vertex 10.35 19.586 13.7239
      vertex 2.4 13.0481 2.39999
      vertex 16.35 15.411 6.49256
    endloop
  endfacet
  facet normal -1.48779e-06 -0.866024 0.500003
    outer loop
      vertex 6.4 22.586 18.92
      vertex 2.4 13.0481 2.39999
      vertex 10.35 19.586 13.7239
    endloop
  endfacet
  facet normal 1.29338e-05 -0.866025 0.5
    outer loop
      vertex 2.4 13.0481 2.39999
      vertex 6.4 22.586 18.92
      vertex 2.4 50.886 67.9371
    endloop
  endfacet
  facet normal 0 -0.866026 0.499999
    outer loop
      vertex 2.4 50.886 67.9371
      vertex 83.125 49.011 64.6895
      vertex 105.5 50.886 67.9371
    endloop
  endfacet
  facet normal 0 -0.866026 0.499999
    outer loop
      vertex 90.625 49.011 64.6895
      vertex 105.5 50.886 67.9371
      vertex 83.125 49.011 64.6895
    endloop
  endfacet
  facet normal 0 -0.866026 0.499999
    outer loop
      vertex 101.5 49.011 64.6895
      vertex 105.5 50.886 67.9371
      vertex 90.625 49.011 64.6895
    endloop
  endfacet
  facet normal 0 -0.866026 0.499999
    outer loop
      vertex 105.5 36.836 43.6017
      vertex 101.5 49.011 64.6895
      vertex 103.45 36.836 43.6017
    endloop
  endfacet
  facet normal 8.45193e-07 -0.866026 0.499999
    outer loop
      vertex 101.5 49.011 64.6895
      vertex 105.5 36.836 43.6017
      vertex 105.5 50.886 67.9371
    endloop
  endfacet
  facet normal 0 -0.866025 0.500001
    outer loop
      vertex 16.35 49.011 64.6895
      vertex 10.35 44.836 57.4582
      vertex 16.35 44.836 57.4582
    endloop
  endfacet
  facet normal 0 -0.866027 0.499997
    outer loop
      vertex 10.35 44.836 57.4582
      vertex 6.4 41.836 52.262
      vertex 10.35 41.836 52.262
    endloop
  endfacet
  facet normal 0 0.866023 -0.500004
    outer loop
      vertex 16.35 22.228 10.3
      vertex 6.4 26.0501 16.92
      vertex 16.35 26.0501 16.92
    endloop
  endfacet
  facet normal 0 0.866023 -0.500004
    outer loop
      vertex 4.4 22.228 10.3
      vertex 6.4 26.0501 16.92
      vertex 16.35 22.228 10.3
    endloop
  endfacet
  facet normal -1.86195e-05 0.866026 -0.5
    outer loop
      vertex 6.4 26.0501 16.92
      vertex 4.4 22.228 10.3
      vertex 4.4 24.5374 14.3
    endloop
  endfacet
  facet normal 0 0.866026 -0.499999
    outer loop
      vertex 105.5 44.3127 48.5518
      vertex 101.5 26.0501 16.92
      vertex 103.5 44.3127 48.5518
    endloop
  endfacet
  facet normal 0 0.866025 -0.500001
    outer loop
      vertex 101.5 26.0501 16.92
      vertex 90.85 18.8751 4.49256
      vertex 90.85 26.0501 16.92
    endloop
  endfacet
  facet normal 0 0.866016 -0.500017
    outer loop
      vertex 105.5 17.6669 2.39999
      vertex 82.425 18.8751 4.49256
      vertex 90.85 18.8751 4.49256
    endloop
  endfacet
  facet normal 0 0.866016 -0.500017
    outer loop
      vertex 82.425 18.8751 4.49256
      vertex 105.5 17.6669 2.39999
      vertex 75.425 18.8751 4.49256
    endloop
  endfacet
  facet normal 0 0.866016 -0.500017
    outer loop
      vertex 75.425 18.8751 4.49256
      vertex 105.5 17.6669 2.39999
      vertex 32.475 18.8751 4.49256
    endloop
  endfacet
  facet normal 0 0.866016 -0.500017
    outer loop
      vertex 2.4 17.6669 2.39999
      vertex 32.475 18.8751 4.49256
      vertex 105.5 17.6669 2.39999
    endloop
  endfacet
  facet normal 0 0.866016 -0.500017
    outer loop
      vertex 32.475 18.8751 4.49256
      vertex 2.4 17.6669 2.39999
      vertex 25.475 18.8751 4.49256
    endloop
  endfacet
  facet normal 2.72612e-06 0.866024 -0.500002
    outer loop
      vertex 101.5 26.0501 16.92
      vertex 105.5 17.6669 2.39999
      vertex 90.85 18.8751 4.49256
    endloop
  endfacet
  facet normal 1.20616e-05 0.866025 -0.500001
    outer loop
      vertex 105.5 17.6669 2.39999
      vertex 101.5 26.0501 16.92
      vertex 105.5 44.3127 48.5518
    endloop
  endfacet
  facet normal 0 0.866038 -0.499978
    outer loop
      vertex 32.475 51.8251 61.5636
      vertex 25.475 52.4751 62.6895
      vertex 32.475 52.4751 62.6895
    endloop
  endfacet
  facet normal 0 0.866038 -0.499978
    outer loop
      vertex 25.475 52.4751 62.6895
      vertex 32.475 51.8251 61.5636
      vertex 25.475 51.8251 61.5636
    endloop
  endfacet
  facet normal 0 0.866038 -0.499978
    outer loop
      vertex 82.425 51.8251 61.5636
      vertex 75.425 52.4751 62.6895
      vertex 82.425 52.4751 62.6895
    endloop
  endfacet
  facet normal 0 0.866038 -0.499978
    outer loop
      vertex 75.425 52.4751 62.6895
      vertex 82.425 51.8251 61.5636
      vertex 75.425 51.8251 61.5636
    endloop
  endfacet
  facet normal 0 0.866026 -0.499999
    outer loop
      vertex 90.625 45.3001 50.262
      vertex 83.125 52.4751 62.6895
      vertex 90.625 52.4751 62.6895
    endloop
  endfacet
  facet normal 0 0.866026 -0.499999
    outer loop
      vertex 83.125 52.4751 62.6895
      vertex 90.625 45.3001 50.262
      vertex 83.125 45.3001 50.262
    endloop
  endfacet
  facet normal 0 0.866026 -0.499999
    outer loop
      vertex 90.625 52.4751 62.6895
      vertex 105.5 54.3501 65.9371
      vertex 101.5 52.4751 62.6895
    endloop
  endfacet
  facet normal 1.01424e-05 0.86602 -0.500009
    outer loop
      vertex 105.5 50.6522 59.5323
      vertex 101.5 52.4751 62.6895
      vertex 105.5 54.3501 65.9371
    endloop
  endfacet
  facet normal 0 0.866015 -0.500018
    outer loop
      vertex 103.5 50.6522 59.5323
      vertex 101.5 52.4751 62.6895
      vertex 105.5 50.6522 59.5323
    endloop
  endfacet
  facet normal 5.06363e-05 0.866029 -0.499994
    outer loop
      vertex 103.5 44.3127 48.5518
      vertex 101.5 52.4751 62.6895
      vertex 103.5 50.6522 59.5323
    endloop
  endfacet
  facet normal 2.31126e-06 0.866026 -0.5
    outer loop
      vertex 101.5 52.4751 62.6895
      vertex 103.5 44.3127 48.5518
      vertex 101.5 26.0501 16.92
    endloop
  endfacet
  facet normal 0 0.866026 -0.499999
    outer loop
      vertex 83.125 52.4751 62.6895
      vertex 105.5 54.3501 65.9371
      vertex 90.625 52.4751 62.6895
    endloop
  endfacet
  facet normal 0 0.866026 -0.499999
    outer loop
      vertex 82.425 52.4751 62.6895
      vertex 105.5 54.3501 65.9371
      vertex 83.125 52.4751 62.6895
    endloop
  endfacet
  facet normal 0 0.866026 -0.499999
    outer loop
      vertex 75.425 52.4751 62.6895
      vertex 105.5 54.3501 65.9371
      vertex 82.425 52.4751 62.6895
    endloop
  endfacet
  facet normal 0 0.866026 -0.499999
    outer loop
      vertex 105.5 54.3501 65.9371
      vertex 75.425 52.4751 62.6895
      vertex 2.4 54.3501 65.9371
    endloop
  endfacet
  facet normal 0 0.866026 -0.499999
    outer loop
      vertex 32.475 52.4751 62.6895
      vertex 2.4 54.3501 65.9371
      vertex 75.425 52.4751 62.6895
    endloop
  endfacet
  facet normal 0 0.866026 -0.499999
    outer loop
      vertex 25.475 52.4751 62.6895
      vertex 2.4 54.3501 65.9371
      vertex 32.475 52.4751 62.6895
    endloop
  endfacet
  facet normal 0 0.866026 -0.499999
    outer loop
      vertex 16.35 52.4751 62.6895
      vertex 2.4 54.3501 65.9371
      vertex 25.475 52.4751 62.6895
    endloop
  endfacet
  facet normal 0 0.866026 -0.499999
    outer loop
      vertex 6.4 45.3001 50.262
      vertex 16.35 52.4751 62.6895
      vertex 16.35 45.3001 50.262
    endloop
  endfacet
  facet normal 1.36845e-07 0.866026 -0.499999
    outer loop
      vertex 16.35 52.4751 62.6895
      vertex 6.4 45.3001 50.262
      vertex 2.4 54.3501 65.9371
    endloop
  endfacet
  facet normal -9.37272e-06 0.866026 -0.5
    outer loop
      vertex 2.4 24.5374 14.3
      vertex 6.4 45.3001 50.262
      vertex 6.4 26.0501 16.92
    endloop
  endfacet
  facet normal 0 0.866019 -0.50001
    outer loop
      vertex 2.4 24.5374 14.3
      vertex 6.4 26.0501 16.92
      vertex 4.4 24.5374 14.3
    endloop
  endfacet
  facet normal -5.44554e-06 0.866025 -0.5
    outer loop
      vertex 6.4 45.3001 50.262
      vertex 2.4 24.5374 14.3
      vertex 2.4 54.3501 65.9371
    endloop
  endfacet
  facet normal 0 0.866027 -0.499998
    outer loop
      vertex 82.425 18.8751 4.49256
      vertex 75.425 19.5251 5.6184
      vertex 82.425 19.5251 5.6184
    endloop
  endfacet
  facet normal 0 0.866027 -0.499998
    outer loop
      vertex 75.425 19.5251 5.6184
      vertex 82.425 18.8751 4.49256
      vertex 75.425 18.8751 4.49256
    endloop
  endfacet
  facet normal 0 0.866027 -0.499998
    outer loop
      vertex 32.475 18.8751 4.49256
      vertex 25.475 19.5251 5.6184
      vertex 32.475 19.5251 5.6184
    endloop
  endfacet
  facet normal 0 0.866027 -0.499998
    outer loop
      vertex 25.475 19.5251 5.6184
      vertex 32.475 18.8751 4.49256
      vertex 25.475 18.8751 4.49256
    endloop
  endfacet
  facet normal 0 0.86603 -0.499992
    outer loop
      vertex 16.35 18.8751 4.49256
      vertex 2.4 21 8.17307
      vertex 16.35 21 8.17307
    endloop
  endfacet
  facet normal -3.12054e-06 0.866025 -0.500001
    outer loop
      vertex 16.35 18.8751 4.49256
      vertex 2.4 17.6669 2.39999
      vertex 2.4 21 8.17307
    endloop
  endfacet
  facet normal 0 0.866016 -0.500017
    outer loop
      vertex 25.475 18.8751 4.49256
      vertex 2.4 17.6669 2.39999
      vertex 16.35 18.8751 4.49256
    endloop
  endfacet
  facet normal -0 0.5 0.866025
    outer loop
      vertex 2.4 54.3501 65.9371
      vertex 105.5 50.886 67.9371
      vertex 105.5 54.3501 65.9371
    endloop
  endfacet
  facet normal 0 0.5 0.866025
    outer loop
      vertex 105.5 50.886 67.9371
      vertex 2.4 54.3501 65.9371
      vertex 2.4 50.886 67.9371
    endloop
  endfacet
  facet normal -1 0 0
    outer loop
      vertex 101.5 26.0501 16.92
      vertex 101.5 49.011 64.6895
      vertex 101.5 52.4751 62.6895
    endloop
  endfacet
  facet normal -1 0 0
    outer loop
      vertex 101.5 49.011 64.6895
      vertex 101.5 26.0501 16.92
      vertex 101.5 22.586 18.92
    endloop
  endfacet
  facet normal 1 0 0
    outer loop
      vertex 6.4 41.836 52.262
      vertex 6.4 26.0501 16.92
      vertex 6.4 45.3001 50.262
    endloop
  endfacet
  facet normal 1 0 -0
    outer loop
      vertex 6.4 26.0501 16.92
      vertex 6.4 41.836 52.262
      vertex 6.4 22.586 18.92
    endloop
  endfacet
  facet normal 0 -0.5 -0.866025
    outer loop
      vertex 90.625 49.011 64.6895
      vertex 101.5 52.4751 62.6895
      vertex 101.5 49.011 64.6895
    endloop
  endfacet
  facet normal -0 -0.5 -0.866025
    outer loop
      vertex 101.5 52.4751 62.6895
      vertex 90.625 49.011 64.6895
      vertex 90.625 52.4751 62.6895
    endloop
  endfacet
  facet normal 4.28572e-05 -0.5 -0.866025
    outer loop
      vertex 83.125 49.011 64.6895
      vertex 82.425 51.0894 63.4895
      vertex 83.125 52.4751 62.6895
    endloop
  endfacet
  facet normal 0 -0.500011 -0.866019
    outer loop
      vertex 83.125 49.011 64.6895
      vertex 75.425 51.0894 63.4895
      vertex 82.425 51.0894 63.4895
    endloop
  endfacet
  facet normal -0 -0.499984 -0.866035
    outer loop
      vertex 75.425 51.0894 63.4895
      vertex 32.475 51.0894 63.4895
      vertex 75.425 52.4751 62.6895
    endloop
  endfacet
  facet normal 0 -0.500011 -0.866019
    outer loop
      vertex 83.125 49.011 64.6895
      vertex 32.475 51.0894 63.4895
      vertex 75.425 51.0894 63.4895
    endloop
  endfacet
  facet normal 0 -0.500011 -0.866019
    outer loop
      vertex 16.35 49.011 64.6895
      vertex 32.475 51.0894 63.4895
      vertex 83.125 49.011 64.6895
    endloop
  endfacet
  facet normal -0 -0.500011 -0.866019
    outer loop
      vertex 32.475 51.0894 63.4895
      vertex 16.35 49.011 64.6895
      vertex 25.475 51.0894 63.4895
    endloop
  endfacet
  facet normal -3.28767e-06 -0.5 -0.866025
    outer loop
      vertex 16.35 52.4751 62.6895
      vertex 25.475 51.0894 63.4895
      vertex 16.35 49.011 64.6895
    endloop
  endfacet
  facet normal 0 -0.499984 -0.866035
    outer loop
      vertex 25.475 51.0894 63.4895
      vertex 16.35 52.4751 62.6895
      vertex 25.475 52.4751 62.6895
    endloop
  endfacet
  facet normal -0 -0.499984 -0.866035
    outer loop
      vertex 83.125 52.4751 62.6895
      vertex 82.425 51.0894 63.4895
      vertex 82.425 52.4751 62.6895
    endloop
  endfacet
  facet normal -0 -0.499984 -0.866035
    outer loop
      vertex 75.425 52.4751 62.6895
      vertex 32.475 51.0894 63.4895
      vertex 32.475 52.4751 62.6895
    endloop
  endfacet
  facet normal 0 0.499984 0.866035
    outer loop
      vertex 25.475 18.8751 4.49256
      vertex 16.35 18.8751 4.49256
      vertex 25.475 17.4894 5.29256
    endloop
  endfacet
  facet normal 0 0.499984 0.866035
    outer loop
      vertex 75.425 18.8751 4.49256
      vertex 32.475 18.8751 4.49256
      vertex 75.425 17.4894 5.29256
    endloop
  endfacet
  facet normal 0 0.499984 0.866035
    outer loop
      vertex 82.425 17.4894 5.29256
      vertex 90.85 18.8751 4.49256
      vertex 82.425 18.8751 4.49256
    endloop
  endfacet
  facet normal -3.56083e-06 0.5 0.866025
    outer loop
      vertex 90.85 18.8751 4.49256
      vertex 82.425 17.4894 5.29256
      vertex 90.85 15.411 6.49256
    endloop
  endfacet
  facet normal -0 0.500011 0.866019
    outer loop
      vertex 75.425 17.4894 5.29256
      vertex 90.85 15.411 6.49256
      vertex 82.425 17.4894 5.29256
    endloop
  endfacet
  facet normal -0 0.499984 0.866035
    outer loop
      vertex 32.475 17.4894 5.29256
      vertex 75.425 17.4894 5.29256
      vertex 32.475 18.8751 4.49256
    endloop
  endfacet
  facet normal 0 0.500011 0.866019
    outer loop
      vertex 75.425 17.4894 5.29256
      vertex 32.475 17.4894 5.29256
      vertex 90.85 15.411 6.49256
    endloop
  endfacet
  facet normal 0 0.500011 0.866019
    outer loop
      vertex 16.35 15.411 6.49256
      vertex 32.475 17.4894 5.29256
      vertex 25.475 17.4894 5.29256
    endloop
  endfacet
  facet normal 0 0.500011 0.866019
    outer loop
      vertex 32.475 17.4894 5.29256
      vertex 16.35 15.411 6.49256
      vertex 90.85 15.411 6.49256
    endloop
  endfacet
  facet normal 3.28767e-06 0.5 0.866025
    outer loop
      vertex 16.35 15.411 6.49256
      vertex 25.475 17.4894 5.29256
      vertex 16.35 18.8751 4.49256
    endloop
  endfacet
  facet normal 1 -0 0
    outer loop
      vertex 16.35 19.586 13.7239
      vertex 16.35 22.228 10.3
      vertex 16.35 26.0501 16.92
    endloop
  endfacet
  facet normal 1 0 0
    outer loop
      vertex 16.35 15.411 6.49256
      vertex 16.35 21 10.3
      vertex 16.35 19.586 13.7239
    endloop
  endfacet
  facet normal 1 0 0
    outer loop
      vertex 16.35 22.228 10.3
      vertex 16.35 19.586 13.7239
      vertex 16.35 21 10.3
    endloop
  endfacet
  facet normal 1 0 0
    outer loop
      vertex 16.35 17.4331 21.895
      vertex 16.35 19.586 13.7239
      vertex 16.35 26.0501 16.92
    endloop
  endfacet
  facet normal 1 0 0
    outer loop
      vertex 16.35 19.586 13.7239
      vertex 16.35 17.4331 21.895
      vertex 16.35 14.4331 16.6989
    endloop
  endfacet
  facet normal 1 0 0
    outer loop
      vertex 16.35 21 10.3
      vertex 16.35 15.411 6.49256
      vertex 16.35 21 8.17307
    endloop
  endfacet
  facet normal 1 0 0
    outer loop
      vertex 16.35 21 8.17307
      vertex 16.35 15.411 6.49256
      vertex 16.35 18.8751 4.49256
    endloop
  endfacet
  facet normal 1.71691e-06 0.499998 0.866027
    outer loop
      vertex 16.35 26.0501 16.92
      vertex 10.35 22.586 18.92
      vertex 16.35 17.4331 21.895
    endloop
  endfacet
  facet normal -0 0.5 0.866025
    outer loop
      vertex 6.4 26.0501 16.92
      vertex 10.35 22.586 18.92
      vertex 16.35 26.0501 16.92
    endloop
  endfacet
  facet normal 0 0.5 0.866025
    outer loop
      vertex 10.35 22.586 18.92
      vertex 6.4 26.0501 16.92
      vertex 6.4 22.586 18.92
    endloop
  endfacet
  facet normal 0 0.499996 0.866027
    outer loop
      vertex 16.35 17.4331 21.895
      vertex 10.35 22.586 18.92
      vertex 10.35 17.4331 21.895
    endloop
  endfacet
  facet normal 0 -0.866023 0.500004
    outer loop
      vertex 10.35 14.4331 16.6989
      vertex 16.35 17.4331 21.895
      vertex 10.35 17.4331 21.895
    endloop
  endfacet
  facet normal 0 -0.866023 0.500004
    outer loop
      vertex 16.35 17.4331 21.895
      vertex 10.35 14.4331 16.6989
      vertex 16.35 14.4331 16.6989
    endloop
  endfacet
  facet normal -1 0 0
    outer loop
      vertex 10.35 19.586 13.7239
      vertex 10.35 17.4331 21.895
      vertex 10.35 22.586 18.92
    endloop
  endfacet
  facet normal -1 0 -0
    outer loop
      vertex 10.35 17.4331 21.895
      vertex 10.35 19.586 13.7239
      vertex 10.35 14.4331 16.6989
    endloop
  endfacet
  facet normal 0 -0.499996 -0.866027
    outer loop
      vertex 10.35 14.4331 16.6989
      vertex 16.35 19.586 13.7239
      vertex 16.35 14.4331 16.6989
    endloop
  endfacet
  facet normal -0 -0.499996 -0.866027
    outer loop
      vertex 16.35 19.586 13.7239
      vertex 10.35 14.4331 16.6989
      vertex 10.35 19.586 13.7239
    endloop
  endfacet
  facet normal 1 0 0
    outer loop
      vertex 16.35 44.836 57.4582
      vertex 16.35 52.4751 62.6895
      vertex 16.35 49.011 64.6895
    endloop
  endfacet
  facet normal 1 0 0
    outer loop
      vertex 16.35 52.4751 62.6895
      vertex 16.35 44.836 57.4582
      vertex 16.35 45.3001 50.262
    endloop
  endfacet
  facet normal 1 0 0
    outer loop
      vertex 16.35 36.6831 55.237
      vertex 16.35 44.836 57.4582
      vertex 16.35 39.6831 60.4332
    endloop
  endfacet
  facet normal 1 0 0
    outer loop
      vertex 16.35 44.836 57.4582
      vertex 16.35 36.6831 55.237
      vertex 16.35 45.3001 50.262
    endloop
  endfacet
  facet normal 0 -0.499996 -0.866027
    outer loop
      vertex 10.35 41.836 52.262
      vertex 16.35 36.6831 55.237
      vertex 10.35 36.6831 55.237
    endloop
  endfacet
  facet normal -1.71691e-06 -0.499998 -0.866027
    outer loop
      vertex 16.35 36.6831 55.237
      vertex 10.35 41.836 52.262
      vertex 16.35 45.3001 50.262
    endloop
  endfacet
  facet normal 0 -0.5 -0.866025
    outer loop
      vertex 6.4 45.3001 50.262
      vertex 10.35 41.836 52.262
      vertex 6.4 41.836 52.262
    endloop
  endfacet
  facet normal 0 -0.5 -0.866025
    outer loop
      vertex 10.35 41.836 52.262
      vertex 6.4 45.3001 50.262
      vertex 16.35 45.3001 50.262
    endloop
  endfacet
  facet normal 0 -0.866027 0.499997
    outer loop
      vertex 10.35 36.6831 55.237
      vertex 16.35 39.6831 60.4332
      vertex 10.35 39.6831 60.4332
    endloop
  endfacet
  facet normal 0 -0.866027 0.499997
    outer loop
      vertex 16.35 39.6831 60.4332
      vertex 10.35 36.6831 55.237
      vertex 16.35 36.6831 55.237
    endloop
  endfacet
  facet normal -1 0 0
    outer loop
      vertex 10.35 41.836 52.262
      vertex 10.35 39.6831 60.4332
      vertex 10.35 44.836 57.4582
    endloop
  endfacet
  facet normal -1 0 -0
    outer loop
      vertex 10.35 39.6831 60.4332
      vertex 10.35 41.836 52.262
      vertex 10.35 36.6831 55.237
    endloop
  endfacet
  facet normal -0 0.499996 0.866027
    outer loop
      vertex 10.35 44.836 57.4582
      vertex 16.35 39.6831 60.4332
      vertex 16.35 44.836 57.4582
    endloop
  endfacet
  facet normal 0 0.499996 0.866027
    outer loop
      vertex 16.35 39.6831 60.4332
      vertex 10.35 44.836 57.4582
      vertex 10.35 39.6831 60.4332
    endloop
  endfacet
  facet normal -1 0 0
    outer loop
      vertex 90.85 18.8751 4.49256
      vertex 90.85 19.586 13.7239
      vertex 90.85 26.0501 16.92
    endloop
  endfacet
  facet normal -1 0 0
    outer loop
      vertex 90.85 19.586 13.7239
      vertex 90.85 18.8751 4.49256
      vertex 90.85 15.411 6.49256
    endloop
  endfacet
  facet normal -1 0 0
    outer loop
      vertex 90.85 19.586 13.7239
      vertex 90.85 17.4331 21.895
      vertex 90.85 26.0501 16.92
    endloop
  endfacet
  facet normal -1 0 -0
    outer loop
      vertex 90.85 17.4331 21.895
      vertex 90.85 19.586 13.7239
      vertex 90.85 14.4331 16.6989
    endloop
  endfacet
  facet normal 0 0.5 0.866025
    outer loop
      vertex 101.5 26.0501 16.92
      vertex 96.85 22.586 18.92
      vertex 101.5 22.586 18.92
    endloop
  endfacet
  facet normal -0 0.5 0.866025
    outer loop
      vertex 90.85 26.0501 16.92
      vertex 96.85 22.586 18.92
      vertex 101.5 26.0501 16.92
    endloop
  endfacet
  facet normal -1.71691e-06 0.499998 0.866027
    outer loop
      vertex 90.85 17.4331 21.895
      vertex 96.85 22.586 18.92
      vertex 90.85 26.0501 16.92
    endloop
  endfacet
  facet normal 0 0.499996 0.866027
    outer loop
      vertex 96.85 22.586 18.92
      vertex 90.85 17.4331 21.895
      vertex 96.85 17.4331 21.895
    endloop
  endfacet
  facet normal 1 0 0
    outer loop
      vertex 96.85 17.4331 21.895
      vertex 96.85 19.586 13.7239
      vertex 96.85 22.586 18.92
    endloop
  endfacet
  facet normal 1 0 0
    outer loop
      vertex 96.85 19.586 13.7239
      vertex 96.85 17.4331 21.895
      vertex 96.85 14.4331 16.6989
    endloop
  endfacet
  facet normal 0 -0.866023 0.500004
    outer loop
      vertex 90.85 14.4331 16.6989
      vertex 96.85 17.4331 21.895
      vertex 90.85 17.4331 21.895
    endloop
  endfacet
  facet normal 0 -0.866023 0.500004
    outer loop
      vertex 96.85 17.4331 21.895
      vertex 90.85 14.4331 16.6989
      vertex 96.85 14.4331 16.6989
    endloop
  endfacet
  facet normal 0 -0.499996 -0.866027
    outer loop
      vertex 90.85 14.4331 16.6989
      vertex 96.85 19.586 13.7239
      vertex 96.85 14.4331 16.6989
    endloop
  endfacet
  facet normal -0 -0.499996 -0.866027
    outer loop
      vertex 96.85 19.586 13.7239
      vertex 90.85 14.4331 16.6989
      vertex 90.85 19.586 13.7239
    endloop
  endfacet
  facet normal 1 0 0
    outer loop
      vertex 90.625 49.011 64.6895
      vertex 90.625 45.3001 50.262
      vertex 90.625 52.4751 62.6895
    endloop
  endfacet
  facet normal 1 0 -0
    outer loop
      vertex 90.625 45.3001 50.262
      vertex 90.625 49.011 64.6895
      vertex 90.625 41.836 52.262
    endloop
  endfacet
  facet normal -1 0 0
    outer loop
      vertex 83.125 44.836 57.4582
      vertex 83.125 52.4751 62.6895
      vertex 83.125 45.3001 50.262
    endloop
  endfacet
  facet normal -1 -0 0
    outer loop
      vertex 83.125 52.4751 62.6895
      vertex 83.125 44.836 57.4582
      vertex 83.125 49.011 64.6895
    endloop
  endfacet
  facet normal -1 0 0
    outer loop
      vertex 83.125 36.6831 55.237
      vertex 83.125 44.836 57.4582
      vertex 83.125 45.3001 50.262
    endloop
  endfacet
  facet normal -1 -0 0
    outer loop
      vertex 83.125 44.836 57.4582
      vertex 83.125 36.6831 55.237
      vertex 83.125 39.6831 60.4332
    endloop
  endfacet
  facet normal -0 -0.499996 -0.866027
    outer loop
      vertex 89.125 36.6831 55.237
      vertex 83.125 36.6831 55.237
      vertex 89.125 41.836 52.262
    endloop
  endfacet
  facet normal 0 -0.5 -0.866025
    outer loop
      vertex 89.125 41.836 52.262
      vertex 90.625 45.3001 50.262
      vertex 90.625 41.836 52.262
    endloop
  endfacet
  facet normal 1.71691e-06 -0.499998 -0.866027
    outer loop
      vertex 83.125 45.3001 50.262
      vertex 89.125 41.836 52.262
      vertex 83.125 36.6831 55.237
    endloop
  endfacet
  facet normal 0 -0.5 -0.866025
    outer loop
      vertex 89.125 41.836 52.262
      vertex 83.125 45.3001 50.262
      vertex 90.625 45.3001 50.262
    endloop
  endfacet
  facet normal 1 0 0
    outer loop
      vertex 89.125 39.6831 60.4332
      vertex 89.125 41.836 52.262
      vertex 89.125 44.836 57.4582
    endloop
  endfacet
  facet normal 1 0 0
    outer loop
      vertex 89.125 41.836 52.262
      vertex 89.125 39.6831 60.4332
      vertex 89.125 36.6831 55.237
    endloop
  endfacet
  facet normal 0 -0.866027 0.499997
    outer loop
      vertex 83.125 36.6831 55.237
      vertex 89.125 39.6831 60.4332
      vertex 83.125 39.6831 60.4332
    endloop
  endfacet
  facet normal 0 -0.866027 0.499997
    outer loop
      vertex 89.125 39.6831 60.4332
      vertex 83.125 36.6831 55.237
      vertex 89.125 36.6831 55.237
    endloop
  endfacet
  facet normal -0 0.499996 0.866027
    outer loop
      vertex 83.125 44.836 57.4582
      vertex 89.125 39.6831 60.4332
      vertex 89.125 44.836 57.4582
    endloop
  endfacet
  facet normal 0 0.499996 0.866027
    outer loop
      vertex 89.125 39.6831 60.4332
      vertex 83.125 44.836 57.4582
      vertex 83.125 39.6831 60.4332
    endloop
  endfacet
  facet normal 1 0 0
    outer loop
      vertex 32.475 18.0644 6.28849
      vertex 32.475 8.08144 10.8975
      vertex 32.475 17.5644 5.42247
    endloop
  endfacet
  facet normal 1 0 0
    outer loop
      vertex 32.475 7.41231 12.4385
      vertex 32.475 8.08144 10.8975
      vertex 32.475 18.0644 6.28849
    endloop
  endfacet
  facet normal 1 -0 0
    outer loop
      vertex 32.475 6.95561 11.5475
      vertex 32.475 8.08144 10.8975
      vertex 32.475 7.41231 12.4385
    endloop
  endfacet
  facet normal 1 -0 0
    outer loop
      vertex 32.475 6.93061 11.5042
      vertex 32.475 8.08144 10.8975
      vertex 32.475 6.95561 11.5475
    endloop
  endfacet
  facet normal 1 0 0
    outer loop
      vertex 32.475 8.08144 10.8975
      vertex 32.475 7.38503 10.4912
      vertex 32.475 7.73144 10.2912
    endloop
  endfacet
  facet normal 1 0 -0
    outer loop
      vertex 32.475 6.95561 11.5475
      vertex 32.475 7.41231 12.4385
      vertex 32.475 6.91231 11.5725
    endloop
  endfacet
  facet normal 1 -0 0
    outer loop
      vertex 32.475 18.0644 6.28849
      vertex 32.475 19.5251 5.6184
      vertex 32.475 18.1394 6.4184
    endloop
  endfacet
  facet normal 1 0 0
    outer loop
      vertex 32.475 19.5251 5.6184
      vertex 32.475 18.0644 6.28849
      vertex 32.475 18.8751 4.49256
    endloop
  endfacet
  facet normal 1 -0 0
    outer loop
      vertex 32.475 17.5644 5.42247
      vertex 32.475 18.8751 4.49256
      vertex 32.475 18.0644 6.28849
    endloop
  endfacet
  facet normal 1 0 0
    outer loop
      vertex 32.475 18.8751 4.49256
      vertex 32.475 17.5644 5.42247
      vertex 32.475 17.4894 5.29256
    endloop
  endfacet
  facet normal 1 0 0
    outer loop
      vertex 32.475 8.08144 10.8975
      vertex 32.475 6.93061 11.5042
      vertex 32.475 7.38503 10.4912
    endloop
  endfacet
  facet normal 0 -0.866036 0.499982
    outer loop
      vertex 25.475 18.0644 6.28849
      vertex 32.475 18.1394 6.4184
      vertex 25.475 18.1394 6.4184
    endloop
  endfacet
  facet normal 0 -0.866036 0.499982
    outer loop
      vertex 32.475 18.1394 6.4184
      vertex 25.475 18.0644 6.28849
      vertex 32.475 18.0644 6.28849
    endloop
  endfacet
  facet normal 0 -0.866036 0.499982
    outer loop
      vertex 25.475 17.4894 5.29256
      vertex 32.475 17.5644 5.42247
      vertex 25.475 17.5644 5.42247
    endloop
  endfacet
  facet normal 0 -0.866036 0.499982
    outer loop
      vertex 32.475 17.5644 5.42247
      vertex 25.475 17.4894 5.29256
      vertex 32.475 17.4894 5.29256
    endloop
  endfacet
  facet normal -1 0 0
    outer loop
      vertex 25.475 8.08144 10.8975
      vertex 25.475 6.93061 11.5042
      vertex 25.475 6.95561 11.5475
    endloop
  endfacet
  facet normal -1 0 0
    outer loop
      vertex 25.475 18.0644 6.28849
      vertex 25.475 19.5251 5.6184
      vertex 25.475 18.8751 4.49256
    endloop
  endfacet
  facet normal -1 0 0
    outer loop
      vertex 25.475 19.5251 5.6184
      vertex 25.475 18.0644 6.28849
      vertex 25.475 18.1394 6.4184
    endloop
  endfacet
  facet normal -1 0 0
    outer loop
      vertex 25.475 18.8751 4.49256
      vertex 25.475 17.5644 5.42247
      vertex 25.475 18.0644 6.28849
    endloop
  endfacet
  facet normal -1 0 -0
    outer loop
      vertex 25.475 17.5644 5.42247
      vertex 25.475 18.8751 4.49256
      vertex 25.475 17.4894 5.29256
    endloop
  endfacet
  facet normal -1 0 0
    outer loop
      vertex 25.475 8.08144 10.8975
      vertex 25.475 18.0644 6.28849
      vertex 25.475 17.5644 5.42247
    endloop
  endfacet
  facet normal -1 0 0
    outer loop
      vertex 25.475 8.08144 10.8975
      vertex 25.475 7.41231 12.4385
      vertex 25.475 18.0644 6.28849
    endloop
  endfacet
  facet normal -1 0 0
    outer loop
      vertex 25.475 7.38503 10.4912
      vertex 25.475 8.08144 10.8975
      vertex 25.475 7.73144 10.2912
    endloop
  endfacet
  facet normal -1 0 0
    outer loop
      vertex 25.475 6.93061 11.5042
      vertex 25.475 8.08144 10.8975
      vertex 25.475 7.38503 10.4912
    endloop
  endfacet
  facet normal -1 0 0
    outer loop
      vertex 25.475 8.08144 10.8975
      vertex 25.475 6.95561 11.5475
      vertex 25.475 7.41231 12.4385
    endloop
  endfacet
  facet normal -1 0 0
    outer loop
      vertex 25.475 7.41231 12.4385
      vertex 25.475 6.95561 11.5475
      vertex 25.475 6.91231 11.5725
    endloop
  endfacet
  facet normal -0 0.499984 0.866035
    outer loop
      vertex 25.475 19.5251 5.6184
      vertex 32.475 18.1394 6.4184
      vertex 32.475 19.5251 5.6184
    endloop
  endfacet
  facet normal 0 0.499984 0.866035
    outer loop
      vertex 32.475 18.1394 6.4184
      vertex 25.475 19.5251 5.6184
      vertex 25.475 18.1394 6.4184
    endloop
  endfacet
  facet normal 0 -0.866019 0.500011
    outer loop
      vertex 25.475 6.91231 11.5725
      vertex 32.475 7.41231 12.4385
      vertex 25.475 7.41231 12.4385
    endloop
  endfacet
  facet normal 0 -0.866019 0.500011
    outer loop
      vertex 32.475 7.41231 12.4385
      vertex 25.475 6.91231 11.5725
      vertex 32.475 6.91231 11.5725
    endloop
  endfacet
  facet normal -0 0.500001 0.866025
    outer loop
      vertex 25.475 18.0644 6.28849
      vertex 32.475 7.41231 12.4385
      vertex 32.475 18.0644 6.28849
    endloop
  endfacet
  facet normal 0 0.500001 0.866025
    outer loop
      vertex 32.475 7.41231 12.4385
      vertex 25.475 18.0644 6.28849
      vertex 25.475 7.41231 12.4385
    endloop
  endfacet
  facet normal 0 -0.500011 -0.866019
    outer loop
      vertex 25.475 6.91231 11.5725
      vertex 32.475 6.95561 11.5475
      vertex 32.475 6.91231 11.5725
    endloop
  endfacet
  facet normal -0 -0.500011 -0.866019
    outer loop
      vertex 32.475 6.95561 11.5475
      vertex 25.475 6.91231 11.5725
      vertex 25.475 6.95561 11.5475
    endloop
  endfacet
  facet normal 0 -0.500003 -0.866024
    outer loop
      vertex 25.475 8.08144 10.8975
      vertex 32.475 17.5644 5.42247
      vertex 32.475 8.08144 10.8975
    endloop
  endfacet
  facet normal -0 -0.500003 -0.866024
    outer loop
      vertex 32.475 17.5644 5.42247
      vertex 25.475 8.08144 10.8975
      vertex 25.475 17.5644 5.42247
    endloop
  endfacet
  facet normal 0 -0.5 -0.866025
    outer loop
      vertex 25.475 7.38503 10.4912
      vertex 32.475 7.73144 10.2912
      vertex 32.475 7.38503 10.4912
    endloop
  endfacet
  facet normal -0 -0.5 -0.866025
    outer loop
      vertex 32.475 7.73144 10.2912
      vertex 25.475 7.38503 10.4912
      vertex 25.475 7.73144 10.2912
    endloop
  endfacet
  facet normal 0 -0.866019 0.500011
    outer loop
      vertex 25.475 6.93061 11.5042
      vertex 32.475 6.95561 11.5475
      vertex 25.475 6.95561 11.5475
    endloop
  endfacet
  facet normal 0 -0.866019 0.500011
    outer loop
      vertex 32.475 6.95561 11.5475
      vertex 25.475 6.93061 11.5042
      vertex 32.475 6.93061 11.5042
    endloop
  endfacet
  facet normal 0 -0.912403 -0.409293
    outer loop
      vertex 25.475 7.38503 10.4912
      vertex 32.475 6.93061 11.5042
      vertex 25.475 6.93061 11.5042
    endloop
  endfacet
  facet normal 0 -0.912403 -0.409293
    outer loop
      vertex 32.475 6.93061 11.5042
      vertex 25.475 7.38503 10.4912
      vertex 32.475 7.38503 10.4912
    endloop
  endfacet
  facet normal 0 0.866055 -0.499949
    outer loop
      vertex 32.475 7.73144 10.2912
      vertex 25.475 8.08144 10.8975
      vertex 32.475 8.08144 10.8975
    endloop
  endfacet
  facet normal 0 0.866055 -0.499949
    outer loop
      vertex 25.475 8.08144 10.8975
      vertex 32.475 7.73144 10.2912
      vertex 25.475 7.73144 10.2912
    endloop
  endfacet
  facet normal 1 0 0
    outer loop
      vertex 32.475 41.535 69.6408
      vertex 32.475 41.5314 68.8346
      vertex 32.475 41.8814 69.4408
    endloop
  endfacet
  facet normal 1 0 -0
    outer loop
      vertex 32.475 41.5314 68.8346
      vertex 32.475 41.535 69.6408
      vertex 32.475 40.4306 69.5279
    endloop
  endfacet
  facet normal 1 0 0
    outer loop
      vertex 32.475 41.5314 68.8346
      vertex 32.475 50.5144 62.4935
      vertex 32.475 51.0144 63.3596
    endloop
  endfacet
  facet normal 1 -0 0
    outer loop
      vertex 32.475 40.4056 69.4846
      vertex 32.475 41.5314 68.8346
      vertex 32.475 40.4306 69.5279
    endloop
  endfacet
  facet normal 1 0 0
    outer loop
      vertex 32.475 39.8623 68.6435
      vertex 32.475 41.5314 68.8346
      vertex 32.475 40.4056 69.4846
    endloop
  endfacet
  facet normal 1 0 0
    outer loop
      vertex 32.475 39.8623 68.6435
      vertex 32.475 40.4056 69.4846
      vertex 32.475 40.3623 69.5096
    endloop
  endfacet
  facet normal 1 0 0
    outer loop
      vertex 32.475 41.5314 68.8346
      vertex 32.475 39.8623 68.6435
      vertex 32.475 50.5144 62.4935
    endloop
  endfacet
  facet normal 1 -0 0
    outer loop
      vertex 32.475 51.0144 63.3596
      vertex 32.475 52.4751 62.6895
      vertex 32.475 51.0894 63.4895
    endloop
  endfacet
  facet normal 1 0 0
    outer loop
      vertex 32.475 52.4751 62.6895
      vertex 32.475 51.0144 63.3596
      vertex 32.475 51.8251 61.5636
    endloop
  endfacet
  facet normal 1 -0 0
    outer loop
      vertex 32.475 50.5144 62.4935
      vertex 32.475 51.8251 61.5636
      vertex 32.475 51.0144 63.3596
    endloop
  endfacet
  facet normal 1 0 0
    outer loop
      vertex 32.475 51.8251 61.5636
      vertex 32.475 50.5144 62.4935
      vertex 32.475 50.4394 62.3636
    endloop
  endfacet
  facet normal 0 -0.866019 0.500011
    outer loop
      vertex 25.475 50.4394 62.3636
      vertex 32.475 50.5144 62.4935
      vertex 25.475 50.5144 62.4935
    endloop
  endfacet
  facet normal 0 -0.866019 0.500011
    outer loop
      vertex 32.475 50.5144 62.4935
      vertex 25.475 50.4394 62.3636
      vertex 32.475 50.4394 62.3636
    endloop
  endfacet
  facet normal 0 -0.866019 0.500011
    outer loop
      vertex 25.475 51.0144 63.3596
      vertex 32.475 51.0894 63.4895
      vertex 25.475 51.0894 63.4895
    endloop
  endfacet
  facet normal 0 -0.866019 0.500011
    outer loop
      vertex 32.475 51.0894 63.4895
      vertex 25.475 51.0144 63.3596
      vertex 32.475 51.0144 63.3596
    endloop
  endfacet
  facet normal -1 0 0
    outer loop
      vertex 25.475 51.0144 63.3596
      vertex 25.475 52.4751 62.6895
      vertex 25.475 51.8251 61.5636
    endloop
  endfacet
  facet normal -1 0 0
    outer loop
      vertex 25.475 52.4751 62.6895
      vertex 25.475 51.0144 63.3596
      vertex 25.475 51.0894 63.4895
    endloop
  endfacet
  facet normal -1 0 0
    outer loop
      vertex 25.475 51.8251 61.5636
      vertex 25.475 50.5144 62.4935
      vertex 25.475 51.0144 63.3596
    endloop
  endfacet
  facet normal -1 0 -0
    outer loop
      vertex 25.475 50.5144 62.4935
      vertex 25.475 51.8251 61.5636
      vertex 25.475 50.4394 62.3636
    endloop
  endfacet
  facet normal -1 0 0
    outer loop
      vertex 25.475 50.5144 62.4935
      vertex 25.475 41.5314 68.8346
      vertex 25.475 51.0144 63.3596
    endloop
  endfacet
  facet normal -1 0 0
    outer loop
      vertex 25.475 39.8623 68.6435
      vertex 25.475 41.5314 68.8346
      vertex 25.475 50.5144 62.4935
    endloop
  endfacet
  facet normal -1 0 0
    outer loop
      vertex 25.475 41.5314 68.8346
      vertex 25.475 40.4056 69.4846
      vertex 25.475 40.4306 69.5279
    endloop
  endfacet
  facet normal -1 -0 0
    outer loop
      vertex 25.475 41.5314 68.8346
      vertex 25.475 39.8623 68.6435
      vertex 25.475 40.4056 69.4846
    endloop
  endfacet
  facet normal -1 -0 0
    outer loop
      vertex 25.475 40.4056 69.4846
      vertex 25.475 39.8623 68.6435
      vertex 25.475 40.3623 69.5096
    endloop
  endfacet
  facet normal -1 0 0
    outer loop
      vertex 25.475 41.5314 68.8346
      vertex 25.475 41.535 69.6408
      vertex 25.475 41.8814 69.4408
    endloop
  endfacet
  facet normal -1 0 0
    outer loop
      vertex 25.475 41.535 69.6408
      vertex 25.475 41.5314 68.8346
      vertex 25.475 40.4306 69.5279
    endloop
  endfacet
  facet normal 0 -0.499984 -0.866035
    outer loop
      vertex 25.475 50.4394 62.3636
      vertex 32.475 51.8251 61.5636
      vertex 32.475 50.4394 62.3636
    endloop
  endfacet
  facet normal -0 -0.499984 -0.866035
    outer loop
      vertex 32.475 51.8251 61.5636
      vertex 25.475 50.4394 62.3636
      vertex 25.475 51.8251 61.5636
    endloop
  endfacet
  facet normal 0 -0.866044 0.499968
    outer loop
      vertex 25.475 39.8623 68.6435
      vertex 32.475 40.3623 69.5096
      vertex 25.475 40.3623 69.5096
    endloop
  endfacet
  facet normal 0 -0.866044 0.499968
    outer loop
      vertex 32.475 40.3623 69.5096
      vertex 25.475 39.8623 68.6435
      vertex 32.475 39.8623 68.6435
    endloop
  endfacet
  facet normal 0 -0.5 -0.866025
    outer loop
      vertex 25.475 39.8623 68.6435
      vertex 32.475 50.5144 62.4935
      vertex 32.475 39.8623 68.6435
    endloop
  endfacet
  facet normal -0 -0.5 -0.866025
    outer loop
      vertex 32.475 50.5144 62.4935
      vertex 25.475 39.8623 68.6435
      vertex 25.475 50.5144 62.4935
    endloop
  endfacet
  facet normal -0 0.500011 0.866019
    outer loop
      vertex 25.475 40.4056 69.4846
      vertex 32.475 40.3623 69.5096
      vertex 32.475 40.4056 69.4846
    endloop
  endfacet
  facet normal 0 0.500011 0.866019
    outer loop
      vertex 32.475 40.3623 69.5096
      vertex 25.475 40.4056 69.4846
      vertex 25.475 40.3623 69.5096
    endloop
  endfacet
  facet normal -0 0.499999 0.866026
    outer loop
      vertex 25.475 51.0144 63.3596
      vertex 32.475 41.5314 68.8346
      vertex 32.475 51.0144 63.3596
    endloop
  endfacet
  facet normal 0 0.499999 0.866026
    outer loop
      vertex 32.475 41.5314 68.8346
      vertex 25.475 51.0144 63.3596
      vertex 25.475 41.5314 68.8346
    endloop
  endfacet
  facet normal -0 0.500011 0.866019
    outer loop
      vertex 25.475 41.8814 69.4408
      vertex 32.475 41.535 69.6408
      vertex 32.475 41.8814 69.4408
    endloop
  endfacet
  facet normal 0 0.500011 0.866019
    outer loop
      vertex 32.475 41.535 69.6408
      vertex 25.475 41.8814 69.4408
      vertex 25.475 41.535 69.6408
    endloop
  endfacet
  facet normal 0 -0.866019 0.500011
    outer loop
      vertex 25.475 40.4056 69.4846
      vertex 32.475 40.4306 69.5279
      vertex 25.475 40.4306 69.5279
    endloop
  endfacet
  facet normal 0 -0.866019 0.500011
    outer loop
      vertex 32.475 40.4306 69.5279
      vertex 25.475 40.4056 69.4846
      vertex 32.475 40.4056 69.4846
    endloop
  endfacet
  facet normal 0 -0.101697 0.994815
    outer loop
      vertex 25.475 41.535 69.6408
      vertex 32.475 40.4306 69.5279
      vertex 32.475 41.535 69.6408
    endloop
  endfacet
  facet normal 0 -0.101697 0.994815
    outer loop
      vertex 32.475 40.4306 69.5279
      vertex 25.475 41.535 69.6408
      vertex 25.475 40.4306 69.5279
    endloop
  endfacet
  facet normal 0 0.866019 -0.500011
    outer loop
      vertex 32.475 41.5314 68.8346
      vertex 25.475 41.8814 69.4408
      vertex 32.475 41.8814 69.4408
    endloop
  endfacet
  facet normal 0 0.866019 -0.500011
    outer loop
      vertex 25.475 41.8814 69.4408
      vertex 32.475 41.5314 68.8346
      vertex 25.475 41.5314 68.8346
    endloop
  endfacet
  facet normal 1 0 0
    outer loop
      vertex 82.425 18.0644 6.28849
      vertex 82.425 8.08144 10.8975
      vertex 82.425 17.5644 5.42247
    endloop
  endfacet
  facet normal 1 0 0
    outer loop
      vertex 82.425 7.41231 12.4385
      vertex 82.425 8.08144 10.8975
      vertex 82.425 18.0644 6.28849
    endloop
  endfacet
  facet normal 1 -0 0
    outer loop
      vertex 82.425 6.95561 11.5475
      vertex 82.425 8.08144 10.8975
      vertex 82.425 7.41231 12.4385
    endloop
  endfacet
  facet normal 1 -0 0
    outer loop
      vertex 82.425 6.93061 11.5042
      vertex 82.425 8.08144 10.8975
      vertex 82.425 6.95561 11.5475
    endloop
  endfacet
  facet normal 1 0 0
    outer loop
      vertex 82.425 8.08144 10.8975
      vertex 82.425 7.38503 10.4912
      vertex 82.425 7.73144 10.2912
    endloop
  endfacet
  facet normal 1 0 -0
    outer loop
      vertex 82.425 6.95561 11.5475
      vertex 82.425 7.41231 12.4385
      vertex 82.425 6.91231 11.5725
    endloop
  endfacet
  facet normal 1 -0 0
    outer loop
      vertex 82.425 18.0644 6.28849
      vertex 82.425 19.5251 5.6184
      vertex 82.425 18.1394 6.4184
    endloop
  endfacet
  facet normal 1 0 0
    outer loop
      vertex 82.425 19.5251 5.6184
      vertex 82.425 18.0644 6.28849
      vertex 82.425 18.8751 4.49256
    endloop
  endfacet
  facet normal 1 -0 0
    outer loop
      vertex 82.425 17.5644 5.42247
      vertex 82.425 18.8751 4.49256
      vertex 82.425 18.0644 6.28849
    endloop
  endfacet
  facet normal 1 0 0
    outer loop
      vertex 82.425 18.8751 4.49256
      vertex 82.425 17.5644 5.42247
      vertex 82.425 17.4894 5.29256
    endloop
  endfacet
  facet normal 1 0 0
    outer loop
      vertex 82.425 8.08144 10.8975
      vertex 82.425 6.93061 11.5042
      vertex 82.425 7.38503 10.4912
    endloop
  endfacet
  facet normal 0 -0.866036 0.499982
    outer loop
      vertex 75.425 18.0644 6.28849
      vertex 82.425 18.1394 6.4184
      vertex 75.425 18.1394 6.4184
    endloop
  endfacet
  facet normal 0 -0.866036 0.499982
    outer loop
      vertex 82.425 18.1394 6.4184
      vertex 75.425 18.0644 6.28849
      vertex 82.425 18.0644 6.28849
    endloop
  endfacet
  facet normal 0 -0.866036 0.499982
    outer loop
      vertex 75.425 17.4894 5.29256
      vertex 82.425 17.5644 5.42247
      vertex 75.425 17.5644 5.42247
    endloop
  endfacet
  facet normal 0 -0.866036 0.499982
    outer loop
      vertex 82.425 17.5644 5.42247
      vertex 75.425 17.4894 5.29256
      vertex 82.425 17.4894 5.29256
    endloop
  endfacet
  facet normal -1 0 0
    outer loop
      vertex 75.425 8.08144 10.8975
      vertex 75.425 6.93061 11.5042
      vertex 75.425 6.95561 11.5475
    endloop
  endfacet
  facet normal -1 0 0
    outer loop
      vertex 75.425 18.0644 6.28849
      vertex 75.425 19.5251 5.6184
      vertex 75.425 18.8751 4.49256
    endloop
  endfacet
  facet normal -1 0 0
    outer loop
      vertex 75.425 19.5251 5.6184
      vertex 75.425 18.0644 6.28849
      vertex 75.425 18.1394 6.4184
    endloop
  endfacet
  facet normal -1 0 0
    outer loop
      vertex 75.425 18.8751 4.49256
      vertex 75.425 17.5644 5.42247
      vertex 75.425 18.0644 6.28849
    endloop
  endfacet
  facet normal -1 0 -0
    outer loop
      vertex 75.425 17.5644 5.42247
      vertex 75.425 18.8751 4.49256
      vertex 75.425 17.4894 5.29256
    endloop
  endfacet
  facet normal -1 0 0
    outer loop
      vertex 75.425 8.08144 10.8975
      vertex 75.425 18.0644 6.28849
      vertex 75.425 17.5644 5.42247
    endloop
  endfacet
  facet normal -1 0 0
    outer loop
      vertex 75.425 8.08144 10.8975
      vertex 75.425 7.41231 12.4385
      vertex 75.425 18.0644 6.28849
    endloop
  endfacet
  facet normal -1 0 0
    outer loop
      vertex 75.425 7.38503 10.4912
      vertex 75.425 8.08144 10.8975
      vertex 75.425 7.73144 10.2912
    endloop
  endfacet
  facet normal -1 0 0
    outer loop
      vertex 75.425 6.93061 11.5042
      vertex 75.425 8.08144 10.8975
      vertex 75.425 7.38503 10.4912
    endloop
  endfacet
  facet normal -1 0 0
    outer loop
      vertex 75.425 8.08144 10.8975
      vertex 75.425 6.95561 11.5475
      vertex 75.425 7.41231 12.4385
    endloop
  endfacet
  facet normal -1 0 0
    outer loop
      vertex 75.425 7.41231 12.4385
      vertex 75.425 6.95561 11.5475
      vertex 75.425 6.91231 11.5725
    endloop
  endfacet
  facet normal -0 0.499984 0.866035
    outer loop
      vertex 75.425 19.5251 5.6184
      vertex 82.425 18.1394 6.4184
      vertex 82.425 19.5251 5.6184
    endloop
  endfacet
  facet normal 0 0.499984 0.866035
    outer loop
      vertex 82.425 18.1394 6.4184
      vertex 75.425 19.5251 5.6184
      vertex 75.425 18.1394 6.4184
    endloop
  endfacet
  facet normal 0 -0.866019 0.500011
    outer loop
      vertex 75.425 6.91231 11.5725
      vertex 82.425 7.41231 12.4385
      vertex 75.425 7.41231 12.4385
    endloop
  endfacet
  facet normal 0 -0.866019 0.500011
    outer loop
      vertex 82.425 7.41231 12.4385
      vertex 75.425 6.91231 11.5725
      vertex 82.425 6.91231 11.5725
    endloop
  endfacet
  facet normal -0 0.500001 0.866025
    outer loop
      vertex 75.425 18.0644 6.28849
      vertex 82.425 7.41231 12.4385
      vertex 82.425 18.0644 6.28849
    endloop
  endfacet
  facet normal 0 0.500001 0.866025
    outer loop
      vertex 82.425 7.41231 12.4385
      vertex 75.425 18.0644 6.28849
      vertex 75.425 7.41231 12.4385
    endloop
  endfacet
  facet normal 0 -0.500011 -0.866019
    outer loop
      vertex 75.425 6.91231 11.5725
      vertex 82.425 6.95561 11.5475
      vertex 82.425 6.91231 11.5725
    endloop
  endfacet
  facet normal -0 -0.500011 -0.866019
    outer loop
      vertex 82.425 6.95561 11.5475
      vertex 75.425 6.91231 11.5725
      vertex 75.425 6.95561 11.5475
    endloop
  endfacet
  facet normal 0 -0.500003 -0.866024
    outer loop
      vertex 75.425 8.08144 10.8975
      vertex 82.425 17.5644 5.42247
      vertex 82.425 8.08144 10.8975
    endloop
  endfacet
  facet normal -0 -0.500003 -0.866024
    outer loop
      vertex 82.425 17.5644 5.42247
      vertex 75.425 8.08144 10.8975
      vertex 75.425 17.5644 5.42247
    endloop
  endfacet
  facet normal 0 -0.5 -0.866025
    outer loop
      vertex 75.425 7.38503 10.4912
      vertex 82.425 7.73144 10.2912
      vertex 82.425 7.38503 10.4912
    endloop
  endfacet
  facet normal -0 -0.5 -0.866025
    outer loop
      vertex 82.425 7.73144 10.2912
      vertex 75.425 7.38503 10.4912
      vertex 75.425 7.73144 10.2912
    endloop
  endfacet
  facet normal 0 -0.866019 0.500011
    outer loop
      vertex 75.425 6.93061 11.5042
      vertex 82.425 6.95561 11.5475
      vertex 75.425 6.95561 11.5475
    endloop
  endfacet
  facet normal 0 -0.866019 0.500011
    outer loop
      vertex 82.425 6.95561 11.5475
      vertex 75.425 6.93061 11.5042
      vertex 82.425 6.93061 11.5042
    endloop
  endfacet
  facet normal 0 -0.912403 -0.409293
    outer loop
      vertex 75.425 7.38503 10.4912
      vertex 82.425 6.93061 11.5042
      vertex 75.425 6.93061 11.5042
    endloop
  endfacet
  facet normal 0 -0.912403 -0.409293
    outer loop
      vertex 82.425 6.93061 11.5042
      vertex 75.425 7.38503 10.4912
      vertex 82.425 7.38503 10.4912
    endloop
  endfacet
  facet normal 0 0.866055 -0.499949
    outer loop
      vertex 82.425 7.73144 10.2912
      vertex 75.425 8.08144 10.8975
      vertex 82.425 8.08144 10.8975
    endloop
  endfacet
  facet normal 0 0.866055 -0.499949
    outer loop
      vertex 75.425 8.08144 10.8975
      vertex 82.425 7.73144 10.2912
      vertex 75.425 7.73144 10.2912
    endloop
  endfacet
  facet normal 1 0 0
    outer loop
      vertex 82.425 41.535 69.6408
      vertex 82.425 41.5314 68.8346
      vertex 82.425 41.8814 69.4408
    endloop
  endfacet
  facet normal 1 0 -0
    outer loop
      vertex 82.425 41.5314 68.8346
      vertex 82.425 41.535 69.6408
      vertex 82.425 40.4306 69.5279
    endloop
  endfacet
  facet normal 1 0 0
    outer loop
      vertex 82.425 41.5314 68.8346
      vertex 82.425 50.5144 62.4935
      vertex 82.425 51.0144 63.3596
    endloop
  endfacet
  facet normal 1 -0 0
    outer loop
      vertex 82.425 40.4056 69.4846
      vertex 82.425 41.5314 68.8346
      vertex 82.425 40.4306 69.5279
    endloop
  endfacet
  facet normal 1 0 0
    outer loop
      vertex 82.425 39.8623 68.6435
      vertex 82.425 41.5314 68.8346
      vertex 82.425 40.4056 69.4846
    endloop
  endfacet
  facet normal 1 0 0
    outer loop
      vertex 82.425 39.8623 68.6435
      vertex 82.425 40.4056 69.4846
      vertex 82.425 40.3623 69.5096
    endloop
  endfacet
  facet normal 1 0 0
    outer loop
      vertex 82.425 41.5314 68.8346
      vertex 82.425 39.8623 68.6435
      vertex 82.425 50.5144 62.4935
    endloop
  endfacet
  facet normal 1 -0 0
    outer loop
      vertex 82.425 51.0144 63.3596
      vertex 82.425 52.4751 62.6895
      vertex 82.425 51.0894 63.4895
    endloop
  endfacet
  facet normal 1 0 0
    outer loop
      vertex 82.425 52.4751 62.6895
      vertex 82.425 51.0144 63.3596
      vertex 82.425 51.8251 61.5636
    endloop
  endfacet
  facet normal 1 -0 0
    outer loop
      vertex 82.425 50.5144 62.4935
      vertex 82.425 51.8251 61.5636
      vertex 82.425 51.0144 63.3596
    endloop
  endfacet
  facet normal 1 0 0
    outer loop
      vertex 82.425 51.8251 61.5636
      vertex 82.425 50.5144 62.4935
      vertex 82.425 50.4394 62.3636
    endloop
  endfacet
  facet normal 0 -0.866019 0.500011
    outer loop
      vertex 75.425 50.4394 62.3636
      vertex 82.425 50.5144 62.4935
      vertex 75.425 50.5144 62.4935
    endloop
  endfacet
  facet normal 0 -0.866019 0.500011
    outer loop
      vertex 82.425 50.5144 62.4935
      vertex 75.425 50.4394 62.3636
      vertex 82.425 50.4394 62.3636
    endloop
  endfacet
  facet normal 0 -0.866019 0.500011
    outer loop
      vertex 75.425 51.0144 63.3596
      vertex 82.425 51.0894 63.4895
      vertex 75.425 51.0894 63.4895
    endloop
  endfacet
  facet normal 0 -0.866019 0.500011
    outer loop
      vertex 82.425 51.0894 63.4895
      vertex 75.425 51.0144 63.3596
      vertex 82.425 51.0144 63.3596
    endloop
  endfacet
  facet normal -1 0 0
    outer loop
      vertex 75.425 51.0144 63.3596
      vertex 75.425 52.4751 62.6895
      vertex 75.425 51.8251 61.5636
    endloop
  endfacet
  facet normal -1 0 0
    outer loop
      vertex 75.425 52.4751 62.6895
      vertex 75.425 51.0144 63.3596
      vertex 75.425 51.0894 63.4895
    endloop
  endfacet
  facet normal -1 0 0
    outer loop
      vertex 75.425 51.8251 61.5636
      vertex 75.425 50.5144 62.4935
      vertex 75.425 51.0144 63.3596
    endloop
  endfacet
  facet normal -1 0 -0
    outer loop
      vertex 75.425 50.5144 62.4935
      vertex 75.425 51.8251 61.5636
      vertex 75.425 50.4394 62.3636
    endloop
  endfacet
  facet normal -1 0 0
    outer loop
      vertex 75.425 50.5144 62.4935
      vertex 75.425 41.5314 68.8346
      vertex 75.425 51.0144 63.3596
    endloop
  endfacet
  facet normal -1 0 0
    outer loop
      vertex 75.425 39.8623 68.6435
      vertex 75.425 41.5314 68.8346
      vertex 75.425 50.5144 62.4935
    endloop
  endfacet
  facet normal -1 0 0
    outer loop
      vertex 75.425 41.5314 68.8346
      vertex 75.425 40.4056 69.4846
      vertex 75.425 40.4306 69.5279
    endloop
  endfacet
  facet normal -1 -0 0
    outer loop
      vertex 75.425 41.5314 68.8346
      vertex 75.425 39.8623 68.6435
      vertex 75.425 40.4056 69.4846
    endloop
  endfacet
  facet normal -1 -0 0
    outer loop
      vertex 75.425 40.4056 69.4846
      vertex 75.425 39.8623 68.6435
      vertex 75.425 40.3623 69.5096
    endloop
  endfacet
  facet normal -1 0 0
    outer loop
      vertex 75.425 41.5314 68.8346
      vertex 75.425 41.535 69.6408
      vertex 75.425 41.8814 69.4408
    endloop
  endfacet
  facet normal -1 0 0
    outer loop
      vertex 75.425 41.535 69.6408
      vertex 75.425 41.5314 68.8346
      vertex 75.425 40.4306 69.5279
    endloop
  endfacet
  facet normal 0 -0.499984 -0.866035
    outer loop
      vertex 75.425 50.4394 62.3636
      vertex 82.425 51.8251 61.5636
      vertex 82.425 50.4394 62.3636
    endloop
  endfacet
  facet normal -0 -0.499984 -0.866035
    outer loop
      vertex 82.425 51.8251 61.5636
      vertex 75.425 50.4394 62.3636
      vertex 75.425 51.8251 61.5636
    endloop
  endfacet
  facet normal 0 -0.866044 0.499968
    outer loop
      vertex 75.425 39.8623 68.6435
      vertex 82.425 40.3623 69.5096
      vertex 75.425 40.3623 69.5096
    endloop
  endfacet
  facet normal 0 -0.866044 0.499968
    outer loop
      vertex 82.425 40.3623 69.5096
      vertex 75.425 39.8623 68.6435
      vertex 82.425 39.8623 68.6435
    endloop
  endfacet
  facet normal 0 -0.5 -0.866025
    outer loop
      vertex 75.425 39.8623 68.6435
      vertex 82.425 50.5144 62.4935
      vertex 82.425 39.8623 68.6435
    endloop
  endfacet
  facet normal -0 -0.5 -0.866025
    outer loop
      vertex 82.425 50.5144 62.4935
      vertex 75.425 39.8623 68.6435
      vertex 75.425 50.5144 62.4935
    endloop
  endfacet
  facet normal -0 0.500011 0.866019
    outer loop
      vertex 75.425 40.4056 69.4846
      vertex 82.425 40.3623 69.5096
      vertex 82.425 40.4056 69.4846
    endloop
  endfacet
  facet normal 0 0.500011 0.866019
    outer loop
      vertex 82.425 40.3623 69.5096
      vertex 75.425 40.4056 69.4846
      vertex 75.425 40.3623 69.5096
    endloop
  endfacet
  facet normal -0 0.499999 0.866026
    outer loop
      vertex 75.425 51.0144 63.3596
      vertex 82.425 41.5314 68.8346
      vertex 82.425 51.0144 63.3596
    endloop
  endfacet
  facet normal 0 0.499999 0.866026
    outer loop
      vertex 82.425 41.5314 68.8346
      vertex 75.425 51.0144 63.3596
      vertex 75.425 41.5314 68.8346
    endloop
  endfacet
  facet normal -0 0.500011 0.866019
    outer loop
      vertex 75.425 41.8814 69.4408
      vertex 82.425 41.535 69.6408
      vertex 82.425 41.8814 69.4408
    endloop
  endfacet
  facet normal 0 0.500011 0.866019
    outer loop
      vertex 82.425 41.535 69.6408
      vertex 75.425 41.8814 69.4408
      vertex 75.425 41.535 69.6408
    endloop
  endfacet
  facet normal 0 -0.866019 0.500011
    outer loop
      vertex 75.425 40.4056 69.4846
      vertex 82.425 40.4306 69.5279
      vertex 75.425 40.4306 69.5279
    endloop
  endfacet
  facet normal 0 -0.866019 0.500011
    outer loop
      vertex 82.425 40.4306 69.5279
      vertex 75.425 40.4056 69.4846
      vertex 82.425 40.4056 69.4846
    endloop
  endfacet
  facet normal 0 -0.101697 0.994815
    outer loop
      vertex 75.425 41.535 69.6408
      vertex 82.425 40.4306 69.5279
      vertex 82.425 41.535 69.6408
    endloop
  endfacet
  facet normal 0 -0.101697 0.994815
    outer loop
      vertex 82.425 40.4306 69.5279
      vertex 75.425 41.535 69.6408
      vertex 75.425 40.4306 69.5279
    endloop
  endfacet
  facet normal 0 0.866019 -0.500011
    outer loop
      vertex 82.425 41.5314 68.8346
      vertex 75.425 41.8814 69.4408
      vertex 82.425 41.8814 69.4408
    endloop
  endfacet
  facet normal 0 0.866019 -0.500011
    outer loop
      vertex 75.425 41.8814 69.4408
      vertex 82.425 41.5314 68.8346
      vertex 75.425 41.5314 68.8346
    endloop
  endfacet
  facet normal 1 0 0
    outer loop
      vertex 4.4 24.5374 14.3
      vertex 4.4 22.228 10.3
      vertex 4.4 23 10.3
    endloop
  endfacet
  facet normal 1 -0 0
    outer loop
      vertex 4.4 24.5374 14.3
      vertex 4.4 60.5 2.39999
      vertex 4.4 60.5 14.3
    endloop
  endfacet
  facet normal 1 0 0
    outer loop
      vertex 4.4 23 2.39999
      vertex 4.4 24.5374 14.3
      vertex 4.4 23 10.3
    endloop
  endfacet
  facet normal 1 0 0
    outer loop
      vertex 4.4 24.5374 14.3
      vertex 4.4 23 2.39999
      vertex 4.4 60.5 2.39999
    endloop
  endfacet
  facet normal 0 0 1
    outer loop
      vertex 53.83 62.5 14.3
      vertex 4.4 60.5 14.3
      vertex 53.83 61.1 14.3
    endloop
  endfacet
  facet normal -0 0 1
    outer loop
      vertex 2.4 62.5 14.3
      vertex 4.4 60.5 14.3
      vertex 53.83 62.5 14.3
    endloop
  endfacet
  facet normal 0 0 1
    outer loop
      vertex 2.4 24.5374 14.3
      vertex 4.4 60.5 14.3
      vertex 2.4 62.5 14.3
    endloop
  endfacet
  facet normal 0 0 1
    outer loop
      vertex 4.4 60.5 14.3
      vertex 2.4 24.5374 14.3
      vertex 4.4 24.5374 14.3
    endloop
  endfacet
  facet normal -0 0 1
    outer loop
      vertex 53.83 61.1 14.3
      vertex 56.2336 60.5 14.3
      vertex 56.2336 61.1 14.3
    endloop
  endfacet
  facet normal 0 0 1
    outer loop
      vertex 56.2336 60.5 14.3
      vertex 53.83 61.1 14.3
      vertex 4.4 60.5 14.3
    endloop
  endfacet
  facet normal 0 0 1
    outer loop
      vertex 72.9 62.5 14.3
      vertex 70.9 60.5 14.3
      vertex 72.9 21 14.3
    endloop
  endfacet
  facet normal -0 0 1
    outer loop
      vertex 65.83 62.5 14.3
      vertex 70.9 60.5 14.3
      vertex 72.9 62.5 14.3
    endloop
  endfacet
  facet normal -0 0 1
    outer loop
      vertex 65.83 61.1 14.3
      vertex 70.9 60.5 14.3
      vertex 65.83 62.5 14.3
    endloop
  endfacet
  facet normal 0 0 1
    outer loop
      vertex 63.4264 60.5 14.3
      vertex 65.83 61.1 14.3
      vertex 63.4264 61.1 14.3
    endloop
  endfacet
  facet normal 0 0 1
    outer loop
      vertex 65.83 61.1 14.3
      vertex 63.4264 60.5 14.3
      vertex 70.9 60.5 14.3
    endloop
  endfacet
  facet normal 0 0 1
    outer loop
      vertex 72.9 21 14.3
      vertex 70.9 60.5 14.3
      vertex 70.9 21 14.3
    endloop
  endfacet
  facet normal 0 1 -0
    outer loop
      vertex 53.83 62.5 2.39999
      vertex 2.4 62.5 14.3
      vertex 53.83 62.5 14.3
    endloop
  endfacet
  facet normal 0 1 0
    outer loop
      vertex 2.4 62.5 14.3
      vertex 53.83 62.5 2.39999
      vertex 2.4 62.5 2.39999
    endloop
  endfacet
  facet normal 0 1 -0
    outer loop
      vertex 72.9 62.5 2.39999
      vertex 65.83 62.5 14.3
      vertex 72.9 62.5 14.3
    endloop
  endfacet
  facet normal 0 1 0
    outer loop
      vertex 65.83 62.5 14.3
      vertex 72.9 62.5 2.39999
      vertex 65.83 62.5 2.39999
    endloop
  endfacet
  facet normal 0 -1 0
    outer loop
      vertex 2.4 21 2.39999
      vertex 16.35 21 8.17307
      vertex 2.4 21 8.17307
    endloop
  endfacet
  facet normal 0 -1 0
    outer loop
      vertex 72.9 21 2.39999
      vertex 46.9 21 3.4
      vertex 2.4 21 2.39999
    endloop
  endfacet
  facet normal 0 -1 -0
    outer loop
      vertex 16.35 21 8.17307
      vertex 2.4 21 2.39999
      vertex 46.9 21 3.4
    endloop
  endfacet
  facet normal 0 -1 0
    outer loop
      vertex 16.35 21 8.17307
      vertex 46.9 21 10.3
      vertex 16.35 21 10.3
    endloop
  endfacet
  facet normal 0 -1 -0
    outer loop
      vertex 46.9 21 10.3
      vertex 16.35 21 8.17307
      vertex 46.9 21 3.4
    endloop
  endfacet
  facet normal 0 -1 0
    outer loop
      vertex 62.9 21 10.3
      vertex 62.9 21 3.4
      vertex 70.9 21 10.3
    endloop
  endfacet
  facet normal 0 -1 0
    outer loop
      vertex 70.9 21 10.3
      vertex 72.9 21 14.3
      vertex 70.9 21 14.3
    endloop
  endfacet
  facet normal 0 -1 0
    outer loop
      vertex 70.9 21 10.3
      vertex 72.9 21 2.39999
      vertex 72.9 21 14.3
    endloop
  endfacet
  facet normal 0 -1 0
    outer loop
      vertex 62.9 21 3.4
      vertex 72.9 21 2.39999
      vertex 70.9 21 10.3
    endloop
  endfacet
  facet normal 0 -1 0
    outer loop
      vertex 46.9 21 3.4
      vertex 72.9 21 2.39999
      vertex 62.9 21 3.4
    endloop
  endfacet
  facet normal 1 -0 0
    outer loop
      vertex 72.9 21 14.3
      vertex 72.9 62.5 2.39999
      vertex 72.9 62.5 14.3
    endloop
  endfacet
  facet normal 1 0 0
    outer loop
      vertex 72.9 62.5 2.39999
      vertex 72.9 21 14.3
      vertex 72.9 21 2.39999
    endloop
  endfacet
  facet normal -1 0 0
    outer loop
      vertex 70.9 23 10.3
      vertex 70.9 60.5 2.39999
      vertex 70.9 23 2.39999
    endloop
  endfacet
  facet normal -1 0 0
    outer loop
      vertex 70.9 60.5 2.39999
      vertex 70.9 23 10.3
      vertex 70.9 60.5 14.3
    endloop
  endfacet
  facet normal -1 0 0
    outer loop
      vertex 70.9 21 14.3
      vertex 70.9 23 10.3
      vertex 70.9 21 10.3
    endloop
  endfacet
  facet normal -1 0 0
    outer loop
      vertex 70.9 23 10.3
      vertex 70.9 21 14.3
      vertex 70.9 60.5 14.3
    endloop
  endfacet
  facet normal -0 0 1
    outer loop
      vertex 62.9 23 10.3
      vertex 70.9 21 10.3
      vertex 70.9 23 10.3
    endloop
  endfacet
  facet normal 0 0 1
    outer loop
      vertex 70.9 21 10.3
      vertex 62.9 23 10.3
      vertex 62.9 21 10.3
    endloop
  endfacet
  facet normal 0 0 1
    outer loop
      vertex 46.9 23 10.3
      vertex 16.35 22.228 10.3
      vertex 46.9 21 10.3
    endloop
  endfacet
  facet normal -0 0 1
    outer loop
      vertex 4.4 23 10.3
      vertex 16.35 22.228 10.3
      vertex 46.9 23 10.3
    endloop
  endfacet
  facet normal 0 0 1
    outer loop
      vertex 16.35 22.228 10.3
      vertex 4.4 23 10.3
      vertex 4.4 22.228 10.3
    endloop
  endfacet
  facet normal 0 0 1
    outer loop
      vertex 46.9 21 10.3
      vertex 16.35 22.228 10.3
      vertex 16.35 21 10.3
    endloop
  endfacet
  facet normal 0 1 0
    outer loop
      vertex 70.9 23 10.3
      vertex 62.9 23 3.4
      vertex 62.9 23 10.3
    endloop
  endfacet
  facet normal 0 1 0
    outer loop
      vertex 62.9 23 3.4
      vertex 70.9 23 2.39999
      vertex 46.9 23 3.4
    endloop
  endfacet
  facet normal 0 1 -0
    outer loop
      vertex 70.9 23 2.39999
      vertex 62.9 23 3.4
      vertex 70.9 23 10.3
    endloop
  endfacet
  facet normal 0 1 -0
    outer loop
      vertex 46.9 23 3.4
      vertex 4.4 23 10.3
      vertex 46.9 23 10.3
    endloop
  endfacet
  facet normal 0 1 0
    outer loop
      vertex 46.9 23 3.4
      vertex 4.4 23 2.39999
      vertex 4.4 23 10.3
    endloop
  endfacet
  facet normal 0 1 0
    outer loop
      vertex 4.4 23 2.39999
      vertex 46.9 23 3.4
      vertex 70.9 23 2.39999
    endloop
  endfacet
  facet normal 0 -1 0
    outer loop
      vertex 4.4 60.5 2.39999
      vertex 56.2336 60.5 14.3
      vertex 4.4 60.5 14.3
    endloop
  endfacet
  facet normal 0 -1 -0
    outer loop
      vertex 56.2336 60.5 14.3
      vertex 4.4 60.5 2.39999
      vertex 56.2599 60.5 14.2606
    endloop
  endfacet
  facet normal 0 -1 -0
    outer loop
      vertex 56.2599 60.5 14.2606
      vertex 4.4 60.5 2.39999
      vertex 56.648 60.5 13.818
    endloop
  endfacet
  facet normal 0 -1 -0
    outer loop
      vertex 56.648 60.5 13.818
      vertex 4.4 60.5 2.39999
      vertex 57.0906 60.5 13.4299
    endloop
  endfacet
  facet normal 0 -1 -0
    outer loop
      vertex 57.0906 60.5 13.4299
      vertex 4.4 60.5 2.39999
      vertex 57.58 60.5 13.1029
    endloop
  endfacet
  facet normal 0 -1 0
    outer loop
      vertex 70.9 60.5 2.39999
      vertex 57.58 60.5 13.1029
      vertex 4.4 60.5 2.39999
    endloop
  endfacet
  facet normal 0 -1 0
    outer loop
      vertex 57.58 60.5 13.1029
      vertex 70.9 60.5 2.39999
      vertex 58.1079 60.5 12.8425
    endloop
  endfacet
  facet normal 0 -1 0
    outer loop
      vertex 58.1079 60.5 12.8425
      vertex 70.9 60.5 2.39999
      vertex 58.6653 60.5 12.6533
    endloop
  endfacet
  facet normal 0 -1 0
    outer loop
      vertex 58.6653 60.5 12.6533
      vertex 70.9 60.5 2.39999
      vertex 59.2426 60.5 12.5385
    endloop
  endfacet
  facet normal 0 -1 0
    outer loop
      vertex 63.4001 60.5 14.2606
      vertex 70.9 60.5 14.3
      vertex 63.4264 60.5 14.3
    endloop
  endfacet
  facet normal 0 -1 0
    outer loop
      vertex 63.012 60.5 13.818
      vertex 70.9 60.5 14.3
      vertex 63.4001 60.5 14.2606
    endloop
  endfacet
  facet normal 0 -1 0
    outer loop
      vertex 62.5694 60.5 13.4299
      vertex 70.9 60.5 14.3
      vertex 63.012 60.5 13.818
    endloop
  endfacet
  facet normal 0 -1 0
    outer loop
      vertex 70.9 60.5 2.39999
      vertex 62.5694 60.5 13.4299
      vertex 62.08 60.5 13.1029
    endloop
  endfacet
  facet normal 0 -1 0
    outer loop
      vertex 70.9 60.5 2.39999
      vertex 62.08 60.5 13.1029
      vertex 61.5521 60.5 12.8425
    endloop
  endfacet
  facet normal 0 -1 0
    outer loop
      vertex 70.9 60.5 2.39999
      vertex 61.5521 60.5 12.8425
      vertex 60.9947 60.5 12.6533
    endloop
  endfacet
  facet normal 0 -1 0
    outer loop
      vertex 70.9 60.5 2.39999
      vertex 60.9947 60.5 12.6533
      vertex 60.4174 60.5 12.5385
    endloop
  endfacet
  facet normal 0 -1 0
    outer loop
      vertex 59.2426 60.5 12.5385
      vertex 70.9 60.5 2.39999
      vertex 59.83 60.5 12.5
    endloop
  endfacet
  facet normal 0 -1 0
    outer loop
      vertex 59.83 60.5 12.5
      vertex 70.9 60.5 2.39999
      vertex 60.4174 60.5 12.5385
    endloop
  endfacet
  facet normal 0 -1 0
    outer loop
      vertex 62.5694 60.5 13.4299
      vertex 70.9 60.5 2.39999
      vertex 70.9 60.5 14.3
    endloop
  endfacet
  facet normal -1 0 0
    outer loop
      vertex 62.9 21 3.4
      vertex 62.9 23 10.3
      vertex 62.9 23 3.4
    endloop
  endfacet
  facet normal -1 -0 0
    outer loop
      vertex 62.9 23 10.3
      vertex 62.9 21 3.4
      vertex 62.9 21 10.3
    endloop
  endfacet
  facet normal -0 0 1
    outer loop
      vertex 46.9 23 3.4
      vertex 62.9 21 3.4
      vertex 62.9 23 3.4
    endloop
  endfacet
  facet normal 0 0 1
    outer loop
      vertex 62.9 21 3.4
      vertex 46.9 23 3.4
      vertex 46.9 21 3.4
    endloop
  endfacet
  facet normal 1 -0 0
    outer loop
      vertex 46.9 21 10.3
      vertex 46.9 23 3.4
      vertex 46.9 23 10.3
    endloop
  endfacet
  facet normal 1 0 0
    outer loop
      vertex 46.9 23 3.4
      vertex 46.9 21 10.3
      vertex 46.9 21 3.4
    endloop
  endfacet
  facet normal 0.980796 0 -0.195038
    outer loop
      vertex 64.2915 59.6 16.4126
      vertex 64.1767 61.1 15.8353
      vertex 64.2915 61.1 16.4126
    endloop
  endfacet
  facet normal 0.980796 0 -0.195038
    outer loop
      vertex 64.1767 61.1 15.8353
      vertex 64.2915 59.6 16.4126
      vertex 64.1767 59.6 15.8353
    endloop
  endfacet
  facet normal 0.997859 0 -0.0654027
    outer loop
      vertex 64.33 59.6 17
      vertex 64.2915 61.1 16.4126
      vertex 64.33 61.1 17
    endloop
  endfacet
  facet normal 0.997859 0 -0.0654027
    outer loop
      vertex 64.2915 61.1 16.4126
      vertex 64.33 59.6 17
      vertex 64.2915 59.6 16.4126
    endloop
  endfacet
  facet normal 0.946936 0 -0.321421
    outer loop
      vertex 64.1767 59.6 15.8353
      vertex 63.9875 61.1 15.2779
      vertex 64.1767 61.1 15.8353
    endloop
  endfacet
  facet normal 0.946936 0 -0.321421
    outer loop
      vertex 63.9875 61.1 15.2779
      vertex 64.1767 59.6 15.8353
      vertex 63.9875 59.6 15.2779
    endloop
  endfacet
  facet normal 0.659298 0 0.751882
    outer loop
      vertex 62.5694 61.1 20.5701
      vertex 63.012 59.6 20.182
      vertex 63.012 61.1 20.182
    endloop
  endfacet
  facet normal 0.659298 0 0.751882
    outer loop
      vertex 63.012 59.6 20.182
      vertex 62.5694 61.1 20.5701
      vertex 62.5694 59.6 20.5701
    endloop
  endfacet
  facet normal -0.659298 0 0.751882
    outer loop
      vertex 56.648 61.1 20.182
      vertex 57.0906 59.6 20.5701
      vertex 57.0906 61.1 20.5701
    endloop
  endfacet
  facet normal -0.659298 0 0.751882
    outer loop
      vertex 57.0906 59.6 20.5701
      vertex 56.648 61.1 20.182
      vertex 56.648 59.6 20.182
    endloop
  endfacet
  facet normal 0.831453 0 -0.555595
    outer loop
      vertex 63.7271 61.1 14.75
      vertex 63.4264 60.5 14.3
      vertex 63.4264 61.1 14.3
    endloop
  endfacet
  facet normal 0.831453 0 -0.555595
    outer loop
      vertex 63.7271 59.6 14.75
      vertex 63.4264 60.5 14.3
      vertex 63.7271 61.1 14.75
    endloop
  endfacet
  facet normal 0.831475 2.37478e-05 -0.555562
    outer loop
      vertex 63.4001 59.6 14.2606
      vertex 63.4264 60.5 14.3
      vertex 63.7271 59.6 14.75
    endloop
  endfacet
  facet normal 0.831725 0 -0.555187
    outer loop
      vertex 63.4264 60.5 14.3
      vertex 63.4001 59.6 14.2606
      vertex 63.4001 60.5 14.2606
    endloop
  endfacet
  facet normal 0.195038 0 -0.980796
    outer loop
      vertex 60.4174 59.6 12.5385
      vertex 60.9947 60.5 12.6533
      vertex 60.9947 59.6 12.6533
    endloop
  endfacet
  facet normal 0.195038 0 -0.980796
    outer loop
      vertex 60.9947 60.5 12.6533
      vertex 60.4174 59.6 12.5385
      vertex 60.4174 60.5 12.5385
    endloop
  endfacet
  facet normal -0.555562 0 -0.831475
    outer loop
      vertex 57.0906 59.6 13.4299
      vertex 57.58 60.5 13.1029
      vertex 57.58 59.6 13.1029
    endloop
  endfacet
  facet normal -0.555562 0 -0.831475
    outer loop
      vertex 57.58 60.5 13.1029
      vertex 57.0906 59.6 13.4299
      vertex 57.0906 60.5 13.4299
    endloop
  endfacet
  facet normal -0.195038 0 0.980796
    outer loop
      vertex 58.6653 61.1 21.3467
      vertex 59.2426 59.6 21.4615
      vertex 59.2426 61.1 21.4615
    endloop
  endfacet
  facet normal -0.195038 0 0.980796
    outer loop
      vertex 59.2426 59.6 21.4615
      vertex 58.6653 61.1 21.3467
      vertex 58.6653 59.6 21.3467
    endloop
  endfacet
  facet normal 0.896827 -0 0.442382
    outer loop
      vertex 63.7271 59.6 19.25
      vertex 63.9875 61.1 18.7221
      vertex 63.7271 61.1 19.25
    endloop
  endfacet
  facet normal 0.896827 0 0.442382
    outer loop
      vertex 63.9875 61.1 18.7221
      vertex 63.7271 59.6 19.25
      vertex 63.9875 59.6 18.7221
    endloop
  endfacet
  facet normal 0.321421 0 0.946936
    outer loop
      vertex 60.9947 61.1 21.3467
      vertex 61.5521 59.6 21.1575
      vertex 61.5521 61.1 21.1575
    endloop
  endfacet
  facet normal 0.321421 0 0.946936
    outer loop
      vertex 61.5521 59.6 21.1575
      vertex 60.9947 61.1 21.3467
      vertex 60.9947 59.6 21.3467
    endloop
  endfacet
  facet normal -0.946936 0 -0.321421
    outer loop
      vertex 55.6725 59.6 15.2779
      vertex 55.4833 61.1 15.8353
      vertex 55.6725 61.1 15.2779
    endloop
  endfacet
  facet normal -0.946936 -0 -0.321421
    outer loop
      vertex 55.4833 61.1 15.8353
      vertex 55.6725 59.6 15.2779
      vertex 55.4833 59.6 15.8353
    endloop
  endfacet
  facet normal -0.896827 0 -0.442382
    outer loop
      vertex 55.9329 59.6 14.75
      vertex 55.6725 61.1 15.2779
      vertex 55.9329 61.1 14.75
    endloop
  endfacet
  facet normal -0.896827 -0 -0.442382
    outer loop
      vertex 55.6725 61.1 15.2779
      vertex 55.9329 59.6 14.75
      vertex 55.6725 59.6 15.2779
    endloop
  endfacet
  facet normal 0.659298 0 -0.751882
    outer loop
      vertex 62.5694 59.6 13.4299
      vertex 63.012 60.5 13.818
      vertex 63.012 59.6 13.818
    endloop
  endfacet
  facet normal 0.659298 0 -0.751882
    outer loop
      vertex 63.012 60.5 13.818
      vertex 62.5694 59.6 13.4299
      vertex 62.5694 60.5 13.4299
    endloop
  endfacet
  facet normal -0.980796 0 -0.195038
    outer loop
      vertex 55.4833 59.6 15.8353
      vertex 55.3685 61.1 16.4126
      vertex 55.4833 61.1 15.8353
    endloop
  endfacet
  facet normal -0.980796 -0 -0.195038
    outer loop
      vertex 55.3685 61.1 16.4126
      vertex 55.4833 59.6 15.8353
      vertex 55.3685 59.6 16.4126
    endloop
  endfacet
  facet normal -0.555562 0 0.831475
    outer loop
      vertex 57.0906 61.1 20.5701
      vertex 57.58 59.6 20.8971
      vertex 57.58 61.1 20.8971
    endloop
  endfacet
  facet normal -0.555562 0 0.831475
    outer loop
      vertex 57.58 59.6 20.8971
      vertex 57.0906 61.1 20.5701
      vertex 57.0906 59.6 20.5701
    endloop
  endfacet
  facet normal -0.946936 0 0.321421
    outer loop
      vertex 55.4833 59.6 18.1647
      vertex 55.6725 61.1 18.7221
      vertex 55.4833 61.1 18.1647
    endloop
  endfacet
  facet normal -0.946936 0 0.321421
    outer loop
      vertex 55.6725 61.1 18.7221
      vertex 55.4833 59.6 18.1647
      vertex 55.6725 59.6 18.7221
    endloop
  endfacet
  facet normal 0.195038 0 0.980796
    outer loop
      vertex 60.4174 61.1 21.4615
      vertex 60.9947 59.6 21.3467
      vertex 60.9947 61.1 21.3467
    endloop
  endfacet
  facet normal 0.195038 0 0.980796
    outer loop
      vertex 60.9947 59.6 21.3467
      vertex 60.4174 61.1 21.4615
      vertex 60.4174 59.6 21.4615
    endloop
  endfacet
  facet normal -0.659298 0 -0.751882
    outer loop
      vertex 56.648 59.6 13.818
      vertex 57.0906 60.5 13.4299
      vertex 57.0906 59.6 13.4299
    endloop
  endfacet
  facet normal -0.659298 0 -0.751882
    outer loop
      vertex 57.0906 60.5 13.4299
      vertex 56.648 59.6 13.818
      vertex 56.648 60.5 13.818
    endloop
  endfacet
  facet normal -0.751882 0 -0.659298
    outer loop
      vertex 56.648 59.6 13.818
      vertex 56.2599 60.5 14.2606
      vertex 56.648 60.5 13.818
    endloop
  endfacet
  facet normal -0.751882 -0 -0.659298
    outer loop
      vertex 56.2599 60.5 14.2606
      vertex 56.648 59.6 13.818
      vertex 56.2599 59.6 14.2606
    endloop
  endfacet
  facet normal -0.442382 0 0.896827
    outer loop
      vertex 57.58 61.1 20.8971
      vertex 58.1079 59.6 21.1575
      vertex 58.1079 61.1 21.1575
    endloop
  endfacet
  facet normal -0.442382 0 0.896827
    outer loop
      vertex 58.1079 59.6 21.1575
      vertex 57.58 61.1 20.8971
      vertex 57.58 59.6 20.8971
    endloop
  endfacet
  facet normal 0.896827 0 -0.442382
    outer loop
      vertex 63.9875 59.6 15.2779
      vertex 63.7271 61.1 14.75
      vertex 63.9875 61.1 15.2779
    endloop
  endfacet
  facet normal 0.896827 0 -0.442382
    outer loop
      vertex 63.7271 61.1 14.75
      vertex 63.9875 59.6 15.2779
      vertex 63.7271 59.6 14.75
    endloop
  endfacet
  facet normal 0.0654027 0 0.997859
    outer loop
      vertex 59.83 61.1 21.5
      vertex 60.4174 59.6 21.4615
      vertex 60.4174 61.1 21.4615
    endloop
  endfacet
  facet normal 0.0654027 0 0.997859
    outer loop
      vertex 60.4174 59.6 21.4615
      vertex 59.83 61.1 21.5
      vertex 59.83 59.6 21.5
    endloop
  endfacet
  facet normal 0.980796 -0 0.195038
    outer loop
      vertex 64.1767 59.6 18.1647
      vertex 64.2915 61.1 17.5874
      vertex 64.1767 61.1 18.1647
    endloop
  endfacet
  facet normal 0.980796 0 0.195038
    outer loop
      vertex 64.2915 61.1 17.5874
      vertex 64.1767 59.6 18.1647
      vertex 64.2915 59.6 17.5874
    endloop
  endfacet
  facet normal -0.321421 0 -0.946936
    outer loop
      vertex 58.1079 59.6 12.8425
      vertex 58.6653 60.5 12.6533
      vertex 58.6653 59.6 12.6533
    endloop
  endfacet
  facet normal -0.321421 0 -0.946936
    outer loop
      vertex 58.6653 60.5 12.6533
      vertex 58.1079 59.6 12.8425
      vertex 58.1079 60.5 12.8425
    endloop
  endfacet
  facet normal 0.946936 -0 0.321421
    outer loop
      vertex 63.9875 59.6 18.7221
      vertex 64.1767 61.1 18.1647
      vertex 63.9875 61.1 18.7221
    endloop
  endfacet
  facet normal 0.946936 0 0.321421
    outer loop
      vertex 64.1767 61.1 18.1647
      vertex 63.9875 59.6 18.7221
      vertex 64.1767 59.6 18.1647
    endloop
  endfacet
  facet normal 0.442382 0 -0.896827
    outer loop
      vertex 61.5521 59.6 12.8425
      vertex 62.08 60.5 13.1029
      vertex 62.08 59.6 13.1029
    endloop
  endfacet
  facet normal 0.442382 0 -0.896827
    outer loop
      vertex 62.08 60.5 13.1029
      vertex 61.5521 59.6 12.8425
      vertex 61.5521 60.5 12.8425
    endloop
  endfacet
  facet normal 0.555562 0 -0.831475
    outer loop
      vertex 62.08 59.6 13.1029
      vertex 62.5694 60.5 13.4299
      vertex 62.5694 59.6 13.4299
    endloop
  endfacet
  facet normal 0.555562 0 -0.831475
    outer loop
      vertex 62.5694 60.5 13.4299
      vertex 62.08 59.6 13.1029
      vertex 62.08 60.5 13.1029
    endloop
  endfacet
  facet normal 0.751882 -0 0.659298
    outer loop
      vertex 63.012 59.6 20.182
      vertex 63.4001 61.1 19.7394
      vertex 63.012 61.1 20.182
    endloop
  endfacet
  facet normal 0.751882 0 0.659298
    outer loop
      vertex 63.4001 61.1 19.7394
      vertex 63.012 59.6 20.182
      vertex 63.4001 59.6 19.7394
    endloop
  endfacet
  facet normal 0.997859 -0 0.0654027
    outer loop
      vertex 64.2915 59.6 17.5874
      vertex 64.33 61.1 17
      vertex 64.2915 61.1 17.5874
    endloop
  endfacet
  facet normal 0.997859 0 0.0654027
    outer loop
      vertex 64.33 61.1 17
      vertex 64.2915 59.6 17.5874
      vertex 64.33 59.6 17
    endloop
  endfacet
  facet normal -0.442382 0 -0.896827
    outer loop
      vertex 57.58 59.6 13.1029
      vertex 58.1079 60.5 12.8425
      vertex 58.1079 59.6 12.8425
    endloop
  endfacet
  facet normal -0.442382 0 -0.896827
    outer loop
      vertex 58.1079 60.5 12.8425
      vertex 57.58 59.6 13.1029
      vertex 57.58 60.5 13.1029
    endloop
  endfacet
  facet normal -0.195038 0 -0.980796
    outer loop
      vertex 58.6653 59.6 12.6533
      vertex 59.2426 60.5 12.5385
      vertex 59.2426 59.6 12.5385
    endloop
  endfacet
  facet normal -0.195038 0 -0.980796
    outer loop
      vertex 59.2426 60.5 12.5385
      vertex 58.6653 59.6 12.6533
      vertex 58.6653 60.5 12.6533
    endloop
  endfacet
  facet normal -0.896827 0 0.442382
    outer loop
      vertex 55.6725 59.6 18.7221
      vertex 55.9329 61.1 19.25
      vertex 55.6725 61.1 18.7221
    endloop
  endfacet
  facet normal -0.896827 0 0.442382
    outer loop
      vertex 55.9329 61.1 19.25
      vertex 55.6725 59.6 18.7221
      vertex 55.9329 59.6 19.25
    endloop
  endfacet
  facet normal 0.0654027 0 -0.997859
    outer loop
      vertex 59.83 59.6 12.5
      vertex 60.4174 60.5 12.5385
      vertex 60.4174 59.6 12.5385
    endloop
  endfacet
  facet normal 0.0654027 0 -0.997859
    outer loop
      vertex 60.4174 60.5 12.5385
      vertex 59.83 59.6 12.5
      vertex 59.83 60.5 12.5
    endloop
  endfacet
  facet normal -0.997859 0 0.0654027
    outer loop
      vertex 55.33 59.6 17
      vertex 55.3685 61.1 17.5874
      vertex 55.33 61.1 17
    endloop
  endfacet
  facet normal -0.997859 0 0.0654027
    outer loop
      vertex 55.3685 61.1 17.5874
      vertex 55.33 59.6 17
      vertex 55.3685 59.6 17.5874
    endloop
  endfacet
  facet normal 0.442382 0 0.896827
    outer loop
      vertex 61.5521 61.1 21.1575
      vertex 62.08 59.6 20.8971
      vertex 62.08 61.1 20.8971
    endloop
  endfacet
  facet normal 0.442382 0 0.896827
    outer loop
      vertex 62.08 59.6 20.8971
      vertex 61.5521 61.1 21.1575
      vertex 61.5521 59.6 21.1575
    endloop
  endfacet
  facet normal 0 -1 0
    outer loop
      vertex 59.83 59.6 18.25
      vertex 59.83 59.6 21.5
      vertex 59.2426 59.6 21.4615
    endloop
  endfacet
  facet normal 0 -1 0
    outer loop
      vertex 59.6668 59.6 18.2393
      vertex 59.2426 59.6 21.4615
      vertex 58.6653 59.6 21.3467
    endloop
  endfacet
  facet normal 0 -1 0
    outer loop
      vertex 59.83 59.6 21.5
      vertex 59.83 59.6 18.25
      vertex 60.4174 59.6 21.4615
    endloop
  endfacet
  facet normal 0 -1 0
    outer loop
      vertex 59.5065 59.6 18.2074
      vertex 58.6653 59.6 21.3467
      vertex 58.1079 59.6 21.1575
    endloop
  endfacet
  facet normal 0 -1 0
    outer loop
      vertex 59.9932 59.6 18.2393
      vertex 60.4174 59.6 21.4615
      vertex 59.83 59.6 18.25
    endloop
  endfacet
  facet normal 0 -1 0
    outer loop
      vertex 59.3516 59.6 18.1549
      vertex 58.1079 59.6 21.1575
      vertex 57.58 59.6 20.8971
    endloop
  endfacet
  facet normal 0 -1 -0
    outer loop
      vertex 60.4174 59.6 21.4615
      vertex 59.9932 59.6 18.2393
      vertex 60.9947 59.6 21.3467
    endloop
  endfacet
  facet normal 0 -1 0
    outer loop
      vertex 59.205 59.6 18.0825
      vertex 57.58 59.6 20.8971
      vertex 57.0906 59.6 20.5701
    endloop
  endfacet
  facet normal 0 -1 0
    outer loop
      vertex 60.1535 59.6 18.2074
      vertex 60.9947 59.6 21.3467
      vertex 59.9932 59.6 18.2393
    endloop
  endfacet
  facet normal 0 -1 0
    outer loop
      vertex 59.069 59.6 17.9917
      vertex 57.0906 59.6 20.5701
      vertex 56.648 59.6 20.182
    endloop
  endfacet
  facet normal 0 -1 -0
    outer loop
      vertex 60.9947 59.6 21.3467
      vertex 60.1535 59.6 18.2074
      vertex 61.5521 59.6 21.1575
    endloop
  endfacet
  facet normal 0 -1 0
    outer loop
      vertex 58.9461 59.6 17.8839
      vertex 56.648 59.6 20.182
      vertex 56.2599 59.6 19.7394
    endloop
  endfacet
  facet normal 0 -1 0
    outer loop
      vertex 60.3084 59.6 18.1549
      vertex 61.5521 59.6 21.1575
      vertex 60.1535 59.6 18.2074
    endloop
  endfacet
  facet normal 0 -1 0
    outer loop
      vertex 58.8383 59.6 17.761
      vertex 56.2599 59.6 19.7394
      vertex 55.9329 59.6 19.25
    endloop
  endfacet
  facet normal 0 -1 -0
    outer loop
      vertex 61.5521 59.6 21.1575
      vertex 60.3084 59.6 18.1549
      vertex 62.08 59.6 20.8971
    endloop
  endfacet
  facet normal 0 -1 0
    outer loop
      vertex 58.7475 59.6 17.625
      vertex 55.9329 59.6 19.25
      vertex 55.6725 59.6 18.7221
    endloop
  endfacet
  facet normal 0 -1 0
    outer loop
      vertex 60.455 59.6 18.0825
      vertex 62.08 59.6 20.8971
      vertex 60.3084 59.6 18.1549
    endloop
  endfacet
  facet normal 0 -1 -0
    outer loop
      vertex 62.08 59.6 20.8971
      vertex 60.455 59.6 18.0825
      vertex 62.5694 59.6 20.5701
    endloop
  endfacet
  facet normal 0 -1 0
    outer loop
      vertex 59.2426 59.6 21.4615
      vertex 59.6668 59.6 18.2393
      vertex 59.83 59.6 18.25
    endloop
  endfacet
  facet normal 0 -1 0
    outer loop
      vertex 58.6653 59.6 21.3467
      vertex 59.5065 59.6 18.2074
      vertex 59.6668 59.6 18.2393
    endloop
  endfacet
  facet normal 0 -1 0
    outer loop
      vertex 58.6752 59.6 17.4784
      vertex 55.6725 59.6 18.7221
      vertex 55.4833 59.6 18.1647
    endloop
  endfacet
  facet normal 0 -1 0
    outer loop
      vertex 58.1079 59.6 21.1575
      vertex 59.3516 59.6 18.1549
      vertex 59.5065 59.6 18.2074
    endloop
  endfacet
  facet normal 0 -1 0
    outer loop
      vertex 57.58 59.6 20.8971
      vertex 59.205 59.6 18.0825
      vertex 59.3516 59.6 18.1549
    endloop
  endfacet
  facet normal 0 -1 0
    outer loop
      vertex 57.0906 59.6 20.5701
      vertex 59.069 59.6 17.9917
      vertex 59.205 59.6 18.0825
    endloop
  endfacet
  facet normal 0 -1 0
    outer loop
      vertex 56.648 59.6 20.182
      vertex 58.9461 59.6 17.8839
      vertex 59.069 59.6 17.9917
    endloop
  endfacet
  facet normal 0 -1 0
    outer loop
      vertex 56.2599 59.6 19.7394
      vertex 58.8383 59.6 17.761
      vertex 58.9461 59.6 17.8839
    endloop
  endfacet
  facet normal 0 -1 0
    outer loop
      vertex 55.9329 59.6 19.25
      vertex 58.7475 59.6 17.625
      vertex 58.8383 59.6 17.761
    endloop
  endfacet
  facet normal 0 -1 0
    outer loop
      vertex 58.6226 59.6 17.3235
      vertex 55.4833 59.6 18.1647
      vertex 55.3685 59.6 17.5874
    endloop
  endfacet
  facet normal 0 -1 0
    outer loop
      vertex 55.6725 59.6 18.7221
      vertex 58.6752 59.6 17.4784
      vertex 58.7475 59.6 17.625
    endloop
  endfacet
  facet normal 0 -1 0
    outer loop
      vertex 55.4833 59.6 18.1647
      vertex 58.6226 59.6 17.3235
      vertex 58.6752 59.6 17.4784
    endloop
  endfacet
  facet normal 0 -1 0
    outer loop
      vertex 55.3685 59.6 17.5874
      vertex 58.5907 59.6 17.1632
      vertex 58.6226 59.6 17.3235
    endloop
  endfacet
  facet normal 0 -1 0
    outer loop
      vertex 55.33 59.6 17
      vertex 58.5907 59.6 17.1632
      vertex 55.3685 59.6 17.5874
    endloop
  endfacet
  facet normal 0 -1 0
    outer loop
      vertex 55.33 59.6 17
      vertex 58.58 59.6 17
      vertex 58.5907 59.6 17.1632
    endloop
  endfacet
  facet normal 0 -1 0
    outer loop
      vertex 55.33 59.6 17
      vertex 58.5907 59.6 16.8368
      vertex 58.58 59.6 17
    endloop
  endfacet
  facet normal 0 -1 0
    outer loop
      vertex 55.3685 59.6 16.4126
      vertex 58.5907 59.6 16.8368
      vertex 55.33 59.6 17
    endloop
  endfacet
  facet normal 0 -1 -0
    outer loop
      vertex 58.5907 59.6 16.8368
      vertex 55.3685 59.6 16.4126
      vertex 58.6226 59.6 16.6765
    endloop
  endfacet
  facet normal 0 -1 0
    outer loop
      vertex 55.4833 59.6 15.8353
      vertex 58.6226 59.6 16.6765
      vertex 55.3685 59.6 16.4126
    endloop
  endfacet
  facet normal 0 -1 -0
    outer loop
      vertex 58.6226 59.6 16.6765
      vertex 55.4833 59.6 15.8353
      vertex 58.6752 59.6 16.5216
    endloop
  endfacet
  facet normal 0 -1 0
    outer loop
      vertex 55.6725 59.6 15.2779
      vertex 58.6752 59.6 16.5216
      vertex 55.4833 59.6 15.8353
    endloop
  endfacet
  facet normal 0 -1 -0
    outer loop
      vertex 58.6752 59.6 16.5216
      vertex 55.6725 59.6 15.2779
      vertex 58.7475 59.6 16.375
    endloop
  endfacet
  facet normal 0 -1 0
    outer loop
      vertex 55.9329 59.6 14.75
      vertex 58.7475 59.6 16.375
      vertex 55.6725 59.6 15.2779
    endloop
  endfacet
  facet normal 0 -1 -0
    outer loop
      vertex 58.7475 59.6 16.375
      vertex 55.9329 59.6 14.75
      vertex 58.8383 59.6 16.239
    endloop
  endfacet
  facet normal 0 -1 0
    outer loop
      vertex 56.2599 59.6 14.2606
      vertex 58.8383 59.6 16.239
      vertex 55.9329 59.6 14.75
    endloop
  endfacet
  facet normal 0 -1 -0
    outer loop
      vertex 58.8383 59.6 16.239
      vertex 56.2599 59.6 14.2606
      vertex 58.9461 59.6 16.1161
    endloop
  endfacet
  facet normal 0 -1 0
    outer loop
      vertex 56.648 59.6 13.818
      vertex 58.9461 59.6 16.1161
      vertex 56.2599 59.6 14.2606
    endloop
  endfacet
  facet normal 0 -1 -0
    outer loop
      vertex 58.9461 59.6 16.1161
      vertex 56.648 59.6 13.818
      vertex 59.069 59.6 16.0083
    endloop
  endfacet
  facet normal 0 -1 0
    outer loop
      vertex 57.0906 59.6 13.4299
      vertex 59.069 59.6 16.0083
      vertex 56.648 59.6 13.818
    endloop
  endfacet
  facet normal 0 -1 -0
    outer loop
      vertex 59.069 59.6 16.0083
      vertex 57.0906 59.6 13.4299
      vertex 59.205 59.6 15.9175
    endloop
  endfacet
  facet normal 0 -1 0
    outer loop
      vertex 60.591 59.6 17.9917
      vertex 62.5694 59.6 20.5701
      vertex 60.455 59.6 18.0825
    endloop
  endfacet
  facet normal 0 -1 -0
    outer loop
      vertex 62.5694 59.6 20.5701
      vertex 60.591 59.6 17.9917
      vertex 63.012 59.6 20.182
    endloop
  endfacet
  facet normal 0 -1 0
    outer loop
      vertex 60.7139 59.6 17.8839
      vertex 63.012 59.6 20.182
      vertex 60.591 59.6 17.9917
    endloop
  endfacet
  facet normal 0 -1 -0
    outer loop
      vertex 63.012 59.6 20.182
      vertex 60.7139 59.6 17.8839
      vertex 63.4001 59.6 19.7394
    endloop
  endfacet
  facet normal 0 -1 0
    outer loop
      vertex 60.8217 59.6 17.761
      vertex 63.4001 59.6 19.7394
      vertex 60.7139 59.6 17.8839
    endloop
  endfacet
  facet normal 0 -1 -0
    outer loop
      vertex 63.4001 59.6 19.7394
      vertex 60.8217 59.6 17.761
      vertex 63.7271 59.6 19.25
    endloop
  endfacet
  facet normal 0 -1 0
    outer loop
      vertex 60.9125 59.6 17.625
      vertex 63.7271 59.6 19.25
      vertex 60.8217 59.6 17.761
    endloop
  endfacet
  facet normal 0 -1 -0
    outer loop
      vertex 63.7271 59.6 19.25
      vertex 60.9125 59.6 17.625
      vertex 63.9875 59.6 18.7221
    endloop
  endfacet
  facet normal 0 -1 0
    outer loop
      vertex 60.9848 59.6 17.4784
      vertex 63.9875 59.6 18.7221
      vertex 60.9125 59.6 17.625
    endloop
  endfacet
  facet normal 0 -1 -0
    outer loop
      vertex 63.9875 59.6 18.7221
      vertex 60.9848 59.6 17.4784
      vertex 64.1767 59.6 18.1647
    endloop
  endfacet
  facet normal 0 -1 0
    outer loop
      vertex 61.0374 59.6 17.3235
      vertex 64.1767 59.6 18.1647
      vertex 60.9848 59.6 17.4784
    endloop
  endfacet
  facet normal 0 -1 -0
    outer loop
      vertex 64.1767 59.6 18.1647
      vertex 61.0374 59.6 17.3235
      vertex 64.2915 59.6 17.5874
    endloop
  endfacet
  facet normal 0 -1 0
    outer loop
      vertex 61.0693 59.6 17.1632
      vertex 64.2915 59.6 17.5874
      vertex 61.0374 59.6 17.3235
    endloop
  endfacet
  facet normal 0 -1 0
    outer loop
      vertex 61.08 59.6 17
      vertex 64.2915 59.6 17.5874
      vertex 61.0693 59.6 17.1632
    endloop
  endfacet
  facet normal 0 -1 0
    outer loop
      vertex 61.08 59.6 17
      vertex 64.33 59.6 17
      vertex 64.2915 59.6 17.5874
    endloop
  endfacet
  facet normal 0 -1 0
    outer loop
      vertex 61.0693 59.6 16.8368
      vertex 64.33 59.6 17
      vertex 61.08 59.6 17
    endloop
  endfacet
  facet normal 0 -1 0
    outer loop
      vertex 64.2915 59.6 16.4126
      vertex 61.0693 59.6 16.8368
      vertex 61.0374 59.6 16.6765
    endloop
  endfacet
  facet normal 0 -1 0
    outer loop
      vertex 64.1767 59.6 15.8353
      vertex 61.0374 59.6 16.6765
      vertex 60.9848 59.6 16.5216
    endloop
  endfacet
  facet normal 0 -1 0
    outer loop
      vertex 61.0693 59.6 16.8368
      vertex 64.2915 59.6 16.4126
      vertex 64.33 59.6 17
    endloop
  endfacet
  facet normal 0 -1 0
    outer loop
      vertex 63.9875 59.6 15.2779
      vertex 60.9848 59.6 16.5216
      vertex 60.9125 59.6 16.375
    endloop
  endfacet
  facet normal 0 -1 0
    outer loop
      vertex 63.7271 59.6 14.75
      vertex 60.9125 59.6 16.375
      vertex 60.8217 59.6 16.239
    endloop
  endfacet
  facet normal 0 -1 0
    outer loop
      vertex 63.4001 59.6 14.2606
      vertex 60.8217 59.6 16.239
      vertex 60.7139 59.6 16.1161
    endloop
  endfacet
  facet normal 0 -1 0
    outer loop
      vertex 63.012 59.6 13.818
      vertex 60.7139 59.6 16.1161
      vertex 60.591 59.6 16.0083
    endloop
  endfacet
  facet normal 0 -1 0
    outer loop
      vertex 62.5694 59.6 13.4299
      vertex 60.591 59.6 16.0083
      vertex 60.455 59.6 15.9175
    endloop
  endfacet
  facet normal 0 -1 0
    outer loop
      vertex 62.08 59.6 13.1029
      vertex 60.455 59.6 15.9175
      vertex 60.3084 59.6 15.8451
    endloop
  endfacet
  facet normal 0 -1 0
    outer loop
      vertex 61.0374 59.6 16.6765
      vertex 64.1767 59.6 15.8353
      vertex 64.2915 59.6 16.4126
    endloop
  endfacet
  facet normal 0 -1 0
    outer loop
      vertex 61.5521 59.6 12.8425
      vertex 60.3084 59.6 15.8451
      vertex 60.1535 59.6 15.7926
    endloop
  endfacet
  facet normal 0 -1 0
    outer loop
      vertex 60.9947 59.6 12.6533
      vertex 60.1535 59.6 15.7926
      vertex 59.9932 59.6 15.7607
    endloop
  endfacet
  facet normal 0 -1 0
    outer loop
      vertex 60.4174 59.6 12.5385
      vertex 59.9932 59.6 15.7607
      vertex 59.83 59.6 15.75
    endloop
  endfacet
  facet normal 0 -1 0
    outer loop
      vertex 57.58 59.6 13.1029
      vertex 59.205 59.6 15.9175
      vertex 57.0906 59.6 13.4299
    endloop
  endfacet
  facet normal 0 -1 0
    outer loop
      vertex 60.9848 59.6 16.5216
      vertex 63.9875 59.6 15.2779
      vertex 64.1767 59.6 15.8353
    endloop
  endfacet
  facet normal 0 -1 -0
    outer loop
      vertex 59.205 59.6 15.9175
      vertex 57.58 59.6 13.1029
      vertex 59.3516 59.6 15.8451
    endloop
  endfacet
  facet normal 0 -1 0
    outer loop
      vertex 60.9125 59.6 16.375
      vertex 63.7271 59.6 14.75
      vertex 63.9875 59.6 15.2779
    endloop
  endfacet
  facet normal 0 -1 0
    outer loop
      vertex 58.1079 59.6 12.8425
      vertex 59.3516 59.6 15.8451
      vertex 57.58 59.6 13.1029
    endloop
  endfacet
  facet normal 0 -1 0
    outer loop
      vertex 60.8217 59.6 16.239
      vertex 63.4001 59.6 14.2606
      vertex 63.7271 59.6 14.75
    endloop
  endfacet
  facet normal 0 -1 -0
    outer loop
      vertex 59.3516 59.6 15.8451
      vertex 58.1079 59.6 12.8425
      vertex 59.5065 59.6 15.7926
    endloop
  endfacet
  facet normal 0 -1 0
    outer loop
      vertex 60.7139 59.6 16.1161
      vertex 63.012 59.6 13.818
      vertex 63.4001 59.6 14.2606
    endloop
  endfacet
  facet normal 0 -1 0
    outer loop
      vertex 58.6653 59.6 12.6533
      vertex 59.5065 59.6 15.7926
      vertex 58.1079 59.6 12.8425
    endloop
  endfacet
  facet normal 0 -1 0
    outer loop
      vertex 60.591 59.6 16.0083
      vertex 62.5694 59.6 13.4299
      vertex 63.012 59.6 13.818
    endloop
  endfacet
  facet normal 0 -1 -0
    outer loop
      vertex 59.5065 59.6 15.7926
      vertex 58.6653 59.6 12.6533
      vertex 59.6668 59.6 15.7607
    endloop
  endfacet
  facet normal 0 -1 0
    outer loop
      vertex 60.455 59.6 15.9175
      vertex 62.08 59.6 13.1029
      vertex 62.5694 59.6 13.4299
    endloop
  endfacet
  facet normal 0 -1 0
    outer loop
      vertex 59.2426 59.6 12.5385
      vertex 59.6668 59.6 15.7607
      vertex 58.6653 59.6 12.6533
    endloop
  endfacet
  facet normal 0 -1 0
    outer loop
      vertex 60.3084 59.6 15.8451
      vertex 61.5521 59.6 12.8425
      vertex 62.08 59.6 13.1029
    endloop
  endfacet
  facet normal 0 -1 -0
    outer loop
      vertex 59.6668 59.6 15.7607
      vertex 59.2426 59.6 12.5385
      vertex 59.83 59.6 15.75
    endloop
  endfacet
  facet normal 0 -1 0
    outer loop
      vertex 60.1535 59.6 15.7926
      vertex 60.9947 59.6 12.6533
      vertex 61.5521 59.6 12.8425
    endloop
  endfacet
  facet normal 0 -1 0
    outer loop
      vertex 59.83 59.6 12.5
      vertex 59.83 59.6 15.75
      vertex 59.2426 59.6 12.5385
    endloop
  endfacet
  facet normal 0 -1 0
    outer loop
      vertex 59.9932 59.6 15.7607
      vertex 60.4174 59.6 12.5385
      vertex 60.9947 59.6 12.6533
    endloop
  endfacet
  facet normal 0 -1 0
    outer loop
      vertex 59.83 59.6 15.75
      vertex 59.83 59.6 12.5
      vertex 60.4174 59.6 12.5385
    endloop
  endfacet
  facet normal 0.831475 -0 0.555562
    outer loop
      vertex 63.4001 59.6 19.7394
      vertex 63.7271 61.1 19.25
      vertex 63.4001 61.1 19.7394
    endloop
  endfacet
  facet normal 0.831475 0 0.555562
    outer loop
      vertex 63.7271 61.1 19.25
      vertex 63.4001 59.6 19.7394
      vertex 63.7271 59.6 19.25
    endloop
  endfacet
  facet normal -0.831475 0 0.555562
    outer loop
      vertex 55.9329 59.6 19.25
      vertex 56.2599 61.1 19.7394
      vertex 55.9329 61.1 19.25
    endloop
  endfacet
  facet normal -0.831475 0 0.555562
    outer loop
      vertex 56.2599 61.1 19.7394
      vertex 55.9329 59.6 19.25
      vertex 56.2599 59.6 19.7394
    endloop
  endfacet
  facet normal 0.321421 0 -0.946936
    outer loop
      vertex 60.9947 59.6 12.6533
      vertex 61.5521 60.5 12.8425
      vertex 61.5521 59.6 12.8425
    endloop
  endfacet
  facet normal 0.321421 0 -0.946936
    outer loop
      vertex 61.5521 60.5 12.8425
      vertex 60.9947 59.6 12.6533
      vertex 60.9947 60.5 12.6533
    endloop
  endfacet
  facet normal -0.0654027 0 0.997859
    outer loop
      vertex 59.2426 61.1 21.4615
      vertex 59.83 59.6 21.5
      vertex 59.83 61.1 21.5
    endloop
  endfacet
  facet normal -0.0654027 0 0.997859
    outer loop
      vertex 59.83 59.6 21.5
      vertex 59.2426 61.1 21.4615
      vertex 59.2426 59.6 21.4615
    endloop
  endfacet
  facet normal 0.751882 0 -0.659298
    outer loop
      vertex 63.4001 59.6 14.2606
      vertex 63.012 60.5 13.818
      vertex 63.4001 60.5 14.2606
    endloop
  endfacet
  facet normal 0.751882 0 -0.659298
    outer loop
      vertex 63.012 60.5 13.818
      vertex 63.4001 59.6 14.2606
      vertex 63.012 59.6 13.818
    endloop
  endfacet
  facet normal 0.555562 0 0.831475
    outer loop
      vertex 62.08 61.1 20.8971
      vertex 62.5694 59.6 20.5701
      vertex 62.5694 61.1 20.5701
    endloop
  endfacet
  facet normal 0.555562 0 0.831475
    outer loop
      vertex 62.5694 59.6 20.5701
      vertex 62.08 61.1 20.8971
      vertex 62.08 59.6 20.8971
    endloop
  endfacet
  facet normal -0.980796 0 0.195038
    outer loop
      vertex 55.3685 59.6 17.5874
      vertex 55.4833 61.1 18.1647
      vertex 55.3685 61.1 17.5874
    endloop
  endfacet
  facet normal -0.980796 0 0.195038
    outer loop
      vertex 55.4833 61.1 18.1647
      vertex 55.3685 59.6 17.5874
      vertex 55.4833 59.6 18.1647
    endloop
  endfacet
  facet normal -0.997859 0 -0.0654027
    outer loop
      vertex 55.3685 59.6 16.4126
      vertex 55.33 61.1 17
      vertex 55.3685 61.1 16.4126
    endloop
  endfacet
  facet normal -0.997859 -0 -0.0654027
    outer loop
      vertex 55.33 61.1 17
      vertex 55.3685 59.6 16.4126
      vertex 55.33 59.6 17
    endloop
  endfacet
  facet normal -0.321421 0 0.946936
    outer loop
      vertex 58.1079 61.1 21.1575
      vertex 58.6653 59.6 21.3467
      vertex 58.6653 61.1 21.3467
    endloop
  endfacet
  facet normal -0.321421 0 0.946936
    outer loop
      vertex 58.6653 59.6 21.3467
      vertex 58.1079 61.1 21.1575
      vertex 58.1079 59.6 21.1575
    endloop
  endfacet
  facet normal -0.751882 0 0.659298
    outer loop
      vertex 56.2599 59.6 19.7394
      vertex 56.648 61.1 20.182
      vertex 56.2599 61.1 19.7394
    endloop
  endfacet
  facet normal -0.751882 0 0.659298
    outer loop
      vertex 56.648 61.1 20.182
      vertex 56.2599 59.6 19.7394
      vertex 56.648 59.6 20.182
    endloop
  endfacet
  facet normal -0.0654027 0 -0.997859
    outer loop
      vertex 59.2426 59.6 12.5385
      vertex 59.83 60.5 12.5
      vertex 59.83 59.6 12.5
    endloop
  endfacet
  facet normal -0.0654027 0 -0.997859
    outer loop
      vertex 59.83 60.5 12.5
      vertex 59.2426 59.6 12.5385
      vertex 59.2426 60.5 12.5385
    endloop
  endfacet
  facet normal -0.831725 -0 -0.555187
    outer loop
      vertex 56.2599 60.5 14.2606
      vertex 56.2599 59.6 14.2606
      vertex 56.2336 60.5 14.3
    endloop
  endfacet
  facet normal -0.831453 0 -0.555595
    outer loop
      vertex 56.2336 60.5 14.3
      vertex 55.9329 61.1 14.75
      vertex 56.2336 61.1 14.3
    endloop
  endfacet
  facet normal -0.831475 2.37478e-05 -0.555562
    outer loop
      vertex 55.9329 59.6 14.75
      vertex 56.2336 60.5 14.3
      vertex 56.2599 59.6 14.2606
    endloop
  endfacet
  facet normal -0.831453 0 -0.555595
    outer loop
      vertex 56.2336 60.5 14.3
      vertex 55.9329 59.6 14.75
      vertex 55.9329 61.1 14.75
    endloop
  endfacet
  facet normal 0.980796 0 -0.195038
    outer loop
      vertex 64.2915 59.6 59.1126
      vertex 64.1767 61.1 58.5353
      vertex 64.2915 61.1 59.1126
    endloop
  endfacet
  facet normal 0.980796 0 -0.195038
    outer loop
      vertex 64.1767 61.1 58.5353
      vertex 64.2915 59.6 59.1126
      vertex 64.1767 59.6 58.5353
    endloop
  endfacet
  facet normal 0.997859 0 -0.0654027
    outer loop
      vertex 64.33 59.6 59.7
      vertex 64.2915 61.1 59.1126
      vertex 64.33 61.1 59.7
    endloop
  endfacet
  facet normal 0.997859 0 -0.0654027
    outer loop
      vertex 64.2915 61.1 59.1126
      vertex 64.33 59.6 59.7
      vertex 64.2915 59.6 59.1126
    endloop
  endfacet
  facet normal 0.946936 0 -0.321421
    outer loop
      vertex 64.1767 59.6 58.5353
      vertex 63.9875 61.1 57.9779
      vertex 64.1767 61.1 58.5353
    endloop
  endfacet
  facet normal 0.946936 0 -0.321421
    outer loop
      vertex 63.9875 61.1 57.9779
      vertex 64.1767 59.6 58.5353
      vertex 63.9875 59.6 57.9779
    endloop
  endfacet
  facet normal -0.997859 0 0.0654027
    outer loop
      vertex 55.33 59.6 59.7
      vertex 55.3685 61.1 60.2874
      vertex 55.33 61.1 59.7
    endloop
  endfacet
  facet normal -0.997859 0 0.0654027
    outer loop
      vertex 55.3685 61.1 60.2874
      vertex 55.33 59.6 59.7
      vertex 55.3685 59.6 60.2874
    endloop
  endfacet
  facet normal 0.896827 0 -0.442382
    outer loop
      vertex 63.9875 59.6 57.9779
      vertex 63.7271 61.1 57.45
      vertex 63.9875 61.1 57.9779
    endloop
  endfacet
  facet normal 0.896827 0 -0.442382
    outer loop
      vertex 63.7271 61.1 57.45
      vertex 63.9875 59.6 57.9779
      vertex 63.7271 59.6 57.45
    endloop
  endfacet
  facet normal -0.896827 0 -0.442382
    outer loop
      vertex 55.9329 59.6 57.45
      vertex 55.6725 61.1 57.9779
      vertex 55.9329 61.1 57.45
    endloop
  endfacet
  facet normal -0.896827 -0 -0.442382
    outer loop
      vertex 55.6725 61.1 57.9779
      vertex 55.9329 59.6 57.45
      vertex 55.6725 59.6 57.9779
    endloop
  endfacet
  facet normal -0.555562 0 -0.831475
    outer loop
      vertex 57.0906 59.6 56.1299
      vertex 57.58 61.1 55.8029
      vertex 57.58 59.6 55.8029
    endloop
  endfacet
  facet normal -0.555562 0 -0.831475
    outer loop
      vertex 57.58 61.1 55.8029
      vertex 57.0906 59.6 56.1299
      vertex 57.0906 61.1 56.1299
    endloop
  endfacet
  facet normal 0.442382 0 -0.896827
    outer loop
      vertex 61.5521 59.6 55.5425
      vertex 62.08 61.1 55.8029
      vertex 62.08 59.6 55.8029
    endloop
  endfacet
  facet normal 0.442382 0 -0.896827
    outer loop
      vertex 62.08 61.1 55.8029
      vertex 61.5521 59.6 55.5425
      vertex 61.5521 61.1 55.5425
    endloop
  endfacet
  facet normal 0.195038 0 -0.980796
    outer loop
      vertex 60.4174 59.6 55.2385
      vertex 60.9947 61.1 55.3533
      vertex 60.9947 59.6 55.3533
    endloop
  endfacet
  facet normal 0.195038 0 -0.980796
    outer loop
      vertex 60.9947 61.1 55.3533
      vertex 60.4174 59.6 55.2385
      vertex 60.4174 61.1 55.2385
    endloop
  endfacet
  facet normal -0.659298 0 -0.751882
    outer loop
      vertex 56.648 59.6 56.518
      vertex 57.0906 61.1 56.1299
      vertex 57.0906 59.6 56.1299
    endloop
  endfacet
  facet normal -0.659298 0 -0.751882
    outer loop
      vertex 57.0906 61.1 56.1299
      vertex 56.648 59.6 56.518
      vertex 56.648 61.1 56.518
    endloop
  endfacet
  facet normal 0.0654027 0 -0.997859
    outer loop
      vertex 59.83 59.6 55.2
      vertex 60.4174 61.1 55.2385
      vertex 60.4174 59.6 55.2385
    endloop
  endfacet
  facet normal 0.0654027 0 -0.997859
    outer loop
      vertex 60.4174 61.1 55.2385
      vertex 59.83 59.6 55.2
      vertex 59.83 61.1 55.2
    endloop
  endfacet
  facet normal -0.555562 0 0.831475
    outer loop
      vertex 57.0906 61.2 63.2701
      vertex 57.58 59.6 63.5971
      vertex 57.58 61.2 63.5971
    endloop
  endfacet
  facet normal -0.555562 0 0.831475
    outer loop
      vertex 57.58 59.6 63.5971
      vertex 57.0906 61.2 63.2701
      vertex 57.0906 59.6 63.2701
    endloop
  endfacet
  facet normal -0.831475 0 0.555562
    outer loop
      vertex 55.9329 59.6 61.95
      vertex 56.2599 61.1 62.4394
      vertex 55.9329 61.1 61.95
    endloop
  endfacet
  facet normal -0.831475 0 0.555562
    outer loop
      vertex 56.2599 61.1 62.4394
      vertex 55.9329 59.6 61.95
      vertex 56.2599 59.6 62.4394
    endloop
  endfacet
  facet normal -0.980796 0 -0.195038
    outer loop
      vertex 55.4833 59.6 58.5353
      vertex 55.3685 61.1 59.1126
      vertex 55.4833 61.1 58.5353
    endloop
  endfacet
  facet normal -0.980796 -0 -0.195038
    outer loop
      vertex 55.3685 61.1 59.1126
      vertex 55.4833 59.6 58.5353
      vertex 55.3685 59.6 59.1126
    endloop
  endfacet
  facet normal 0.321421 0 -0.946936
    outer loop
      vertex 60.9947 59.6 55.3533
      vertex 61.5521 61.1 55.5425
      vertex 61.5521 59.6 55.5425
    endloop
  endfacet
  facet normal 0.321421 0 -0.946936
    outer loop
      vertex 61.5521 61.1 55.5425
      vertex 60.9947 59.6 55.3533
      vertex 60.9947 61.1 55.3533
    endloop
  endfacet
  facet normal -0.0654027 0 0.997859
    outer loop
      vertex 59.2426 61.2 64.1615
      vertex 59.83 59.6 64.2
      vertex 59.83 61.2 64.2
    endloop
  endfacet
  facet normal -0.0654027 0 0.997859
    outer loop
      vertex 59.83 59.6 64.2
      vertex 59.2426 61.2 64.1615
      vertex 59.2426 59.6 64.1615
    endloop
  endfacet
  facet normal -0.751882 0 0.659298
    outer loop
      vertex 56.2599 59.6 62.4394
      vertex 56.648 61.1 62.882
      vertex 56.2599 61.1 62.4394
    endloop
  endfacet
  facet normal -0.751882 0 0.659298
    outer loop
      vertex 56.648 61.1 62.882
      vertex 56.2599 59.6 62.4394
      vertex 56.648 59.6 62.882
    endloop
  endfacet
  facet normal 0.555562 0 -0.831475
    outer loop
      vertex 62.08 59.6 55.8029
      vertex 62.5694 61.1 56.1299
      vertex 62.5694 59.6 56.1299
    endloop
  endfacet
  facet normal 0.555562 0 -0.831475
    outer loop
      vertex 62.5694 61.1 56.1299
      vertex 62.08 59.6 55.8029
      vertex 62.08 61.1 55.8029
    endloop
  endfacet
  facet normal -0.442382 0 0.896827
    outer loop
      vertex 57.58 61.2 63.5971
      vertex 58.1079 59.6 63.8575
      vertex 58.1079 61.2 63.8575
    endloop
  endfacet
  facet normal -0.442382 0 0.896827
    outer loop
      vertex 58.1079 59.6 63.8575
      vertex 57.58 61.2 63.5971
      vertex 57.58 59.6 63.5971
    endloop
  endfacet
  facet normal 0.555562 0 0.831475
    outer loop
      vertex 62.08 61.2 63.5971
      vertex 62.5694 59.6 63.2701
      vertex 62.5694 61.2 63.2701
    endloop
  endfacet
  facet normal 0.555562 0 0.831475
    outer loop
      vertex 62.5694 59.6 63.2701
      vertex 62.08 61.2 63.5971
      vertex 62.08 59.6 63.5971
    endloop
  endfacet
  facet normal -0.997859 0 -0.0654027
    outer loop
      vertex 55.3685 59.6 59.1126
      vertex 55.33 61.1 59.7
      vertex 55.3685 61.1 59.1126
    endloop
  endfacet
  facet normal -0.997859 -0 -0.0654027
    outer loop
      vertex 55.33 61.1 59.7
      vertex 55.3685 59.6 59.1126
      vertex 55.33 59.6 59.7
    endloop
  endfacet
  facet normal 0.0654027 0 0.997859
    outer loop
      vertex 59.83 61.2 64.2
      vertex 60.4174 59.6 64.1615
      vertex 60.4174 61.2 64.1615
    endloop
  endfacet
  facet normal 0.0654027 0 0.997859
    outer loop
      vertex 60.4174 59.6 64.1615
      vertex 59.83 61.2 64.2
      vertex 59.83 59.6 64.2
    endloop
  endfacet
  facet normal -0.751882 0 -0.659298
    outer loop
      vertex 56.648 59.6 56.518
      vertex 56.2599 61.1 56.9606
      vertex 56.648 61.1 56.518
    endloop
  endfacet
  facet normal -0.751882 -0 -0.659298
    outer loop
      vertex 56.2599 61.1 56.9606
      vertex 56.648 59.6 56.518
      vertex 56.2599 59.6 56.9606
    endloop
  endfacet
  facet normal -0.980796 0 0.195038
    outer loop
      vertex 55.3685 59.6 60.2874
      vertex 55.4833 61.1 60.8647
      vertex 55.3685 61.1 60.2874
    endloop
  endfacet
  facet normal -0.980796 0 0.195038
    outer loop
      vertex 55.4833 61.1 60.8647
      vertex 55.3685 59.6 60.2874
      vertex 55.4833 59.6 60.8647
    endloop
  endfacet
  facet normal 0.831475 0 -0.555562
    outer loop
      vertex 63.7271 59.6 57.45
      vertex 63.4001 61.1 56.9606
      vertex 63.7271 61.1 57.45
    endloop
  endfacet
  facet normal 0.831475 0 -0.555562
    outer loop
      vertex 63.4001 61.1 56.9606
      vertex 63.7271 59.6 57.45
      vertex 63.4001 59.6 56.9606
    endloop
  endfacet
  facet normal -0.946936 0 -0.321421
    outer loop
      vertex 55.6725 59.6 57.9779
      vertex 55.4833 61.1 58.5353
      vertex 55.6725 61.1 57.9779
    endloop
  endfacet
  facet normal -0.946936 -0 -0.321421
    outer loop
      vertex 55.4833 61.1 58.5353
      vertex 55.6725 59.6 57.9779
      vertex 55.4833 59.6 58.5353
    endloop
  endfacet
  facet normal 0.896827 -0 0.442382
    outer loop
      vertex 63.7271 59.6 61.95
      vertex 63.9875 61.1 61.4221
      vertex 63.7271 61.1 61.95
    endloop
  endfacet
  facet normal 0.896827 0 0.442382
    outer loop
      vertex 63.9875 61.1 61.4221
      vertex 63.7271 59.6 61.95
      vertex 63.9875 59.6 61.4221
    endloop
  endfacet
  facet normal 0.751882 0 -0.659298
    outer loop
      vertex 63.4001 59.6 56.9606
      vertex 63.012 61.1 56.518
      vertex 63.4001 61.1 56.9606
    endloop
  endfacet
  facet normal 0.751882 0 -0.659298
    outer loop
      vertex 63.012 61.1 56.518
      vertex 63.4001 59.6 56.9606
      vertex 63.012 59.6 56.518
    endloop
  endfacet
  facet normal 0.659298 0 -0.751882
    outer loop
      vertex 62.5694 59.6 56.1299
      vertex 63.012 61.1 56.518
      vertex 63.012 59.6 56.518
    endloop
  endfacet
  facet normal 0.659298 0 -0.751882
    outer loop
      vertex 63.012 61.1 56.518
      vertex 62.5694 59.6 56.1299
      vertex 62.5694 61.1 56.1299
    endloop
  endfacet
  facet normal 0.442382 0 0.896827
    outer loop
      vertex 61.5521 61.2 63.8575
      vertex 62.08 59.6 63.5971
      vertex 62.08 61.2 63.5971
    endloop
  endfacet
  facet normal 0.442382 0 0.896827
    outer loop
      vertex 62.08 59.6 63.5971
      vertex 61.5521 61.2 63.8575
      vertex 61.5521 59.6 63.8575
    endloop
  endfacet
  facet normal 0.659273 0 0.751904
    outer loop
      vertex 62.7634 61.2 63.1
      vertex 62.5694 61.2 63.2701
      vertex 62.7634 61.1 63.1
    endloop
  endfacet
  facet normal 0.659318 0 0.751864
    outer loop
      vertex 62.7634 61.1 63.1
      vertex 63.012 59.6 62.882
      vertex 63.012 61.1 62.882
    endloop
  endfacet
  facet normal 0.659273 -0 0.751904
    outer loop
      vertex 62.5694 59.6 63.2701
      vertex 62.7634 61.1 63.1
      vertex 62.5694 61.2 63.2701
    endloop
  endfacet
  facet normal 0.659298 -5.82117e-06 0.751882
    outer loop
      vertex 62.7634 61.1 63.1
      vertex 62.5694 59.6 63.2701
      vertex 63.012 59.6 62.882
    endloop
  endfacet
  facet normal 0 -1 0
    outer loop
      vertex 59.83 59.6 60.95
      vertex 59.83 59.6 64.2
      vertex 59.2426 59.6 64.1615
    endloop
  endfacet
  facet normal 0 -1 0
    outer loop
      vertex 59.6668 59.6 60.9393
      vertex 59.2426 59.6 64.1615
      vertex 58.6653 59.6 64.0467
    endloop
  endfacet
  facet normal 0 -1 0
    outer loop
      vertex 59.83 59.6 64.2
      vertex 59.83 59.6 60.95
      vertex 60.4174 59.6 64.1615
    endloop
  endfacet
  facet normal 0 -1 0
    outer loop
      vertex 59.5065 59.6 60.9074
      vertex 58.6653 59.6 64.0467
      vertex 58.1079 59.6 63.8575
    endloop
  endfacet
  facet normal 0 -1 0
    outer loop
      vertex 59.9932 59.6 60.9393
      vertex 60.4174 59.6 64.1615
      vertex 59.83 59.6 60.95
    endloop
  endfacet
  facet normal 0 -1 0
    outer loop
      vertex 59.3516 59.6 60.8549
      vertex 58.1079 59.6 63.8575
      vertex 57.58 59.6 63.5971
    endloop
  endfacet
  facet normal 0 -1 -0
    outer loop
      vertex 60.4174 59.6 64.1615
      vertex 59.9932 59.6 60.9393
      vertex 60.9947 59.6 64.0467
    endloop
  endfacet
  facet normal 0 -1 0
    outer loop
      vertex 59.205 59.6 60.7825
      vertex 57.58 59.6 63.5971
      vertex 57.0906 59.6 63.2701
    endloop
  endfacet
  facet normal 0 -1 0
    outer loop
      vertex 60.1535 59.6 60.9074
      vertex 60.9947 59.6 64.0467
      vertex 59.9932 59.6 60.9393
    endloop
  endfacet
  facet normal 0 -1 0
    outer loop
      vertex 59.069 59.6 60.6917
      vertex 57.0906 59.6 63.2701
      vertex 56.648 59.6 62.882
    endloop
  endfacet
  facet normal 0 -1 -0
    outer loop
      vertex 60.9947 59.6 64.0467
      vertex 60.1535 59.6 60.9074
      vertex 61.5521 59.6 63.8575
    endloop
  endfacet
  facet normal 0 -1 0
    outer loop
      vertex 58.9461 59.6 60.5839
      vertex 56.648 59.6 62.882
      vertex 56.2599 59.6 62.4394
    endloop
  endfacet
  facet normal 0 -1 0
    outer loop
      vertex 60.3084 59.6 60.8549
      vertex 61.5521 59.6 63.8575
      vertex 60.1535 59.6 60.9074
    endloop
  endfacet
  facet normal 0 -1 0
    outer loop
      vertex 58.8383 59.6 60.461
      vertex 56.2599 59.6 62.4394
      vertex 55.9329 59.6 61.95
    endloop
  endfacet
  facet normal 0 -1 -0
    outer loop
      vertex 61.5521 59.6 63.8575
      vertex 60.3084 59.6 60.8549
      vertex 62.08 59.6 63.5971
    endloop
  endfacet
  facet normal 0 -1 0
    outer loop
      vertex 58.7475 59.6 60.325
      vertex 55.9329 59.6 61.95
      vertex 55.6725 59.6 61.4221
    endloop
  endfacet
  facet normal 0 -1 0
    outer loop
      vertex 60.455 59.6 60.7825
      vertex 62.08 59.6 63.5971
      vertex 60.3084 59.6 60.8549
    endloop
  endfacet
  facet normal 0 -1 -0
    outer loop
      vertex 62.08 59.6 63.5971
      vertex 60.455 59.6 60.7825
      vertex 62.5694 59.6 63.2701
    endloop
  endfacet
  facet normal 0 -1 0
    outer loop
      vertex 59.2426 59.6 64.1615
      vertex 59.6668 59.6 60.9393
      vertex 59.83 59.6 60.95
    endloop
  endfacet
  facet normal 0 -1 0
    outer loop
      vertex 58.6653 59.6 64.0467
      vertex 59.5065 59.6 60.9074
      vertex 59.6668 59.6 60.9393
    endloop
  endfacet
  facet normal 0 -1 0
    outer loop
      vertex 58.6752 59.6 60.1784
      vertex 55.6725 59.6 61.4221
      vertex 55.4833 59.6 60.8647
    endloop
  endfacet
  facet normal 0 -1 0
    outer loop
      vertex 58.1079 59.6 63.8575
      vertex 59.3516 59.6 60.8549
      vertex 59.5065 59.6 60.9074
    endloop
  endfacet
  facet normal 0 -1 0
    outer loop
      vertex 57.58 59.6 63.5971
      vertex 59.205 59.6 60.7825
      vertex 59.3516 59.6 60.8549
    endloop
  endfacet
  facet normal 0 -1 0
    outer loop
      vertex 57.0906 59.6 63.2701
      vertex 59.069 59.6 60.6917
      vertex 59.205 59.6 60.7825
    endloop
  endfacet
  facet normal 0 -1 0
    outer loop
      vertex 56.648 59.6 62.882
      vertex 58.9461 59.6 60.5839
      vertex 59.069 59.6 60.6917
    endloop
  endfacet
  facet normal 0 -1 0
    outer loop
      vertex 56.2599 59.6 62.4394
      vertex 58.8383 59.6 60.461
      vertex 58.9461 59.6 60.5839
    endloop
  endfacet
  facet normal 0 -1 0
    outer loop
      vertex 55.9329 59.6 61.95
      vertex 58.7475 59.6 60.325
      vertex 58.8383 59.6 60.461
    endloop
  endfacet
  facet normal 0 -1 0
    outer loop
      vertex 58.6226 59.6 60.0235
      vertex 55.4833 59.6 60.8647
      vertex 55.3685 59.6 60.2874
    endloop
  endfacet
  facet normal 0 -1 0
    outer loop
      vertex 55.6725 59.6 61.4221
      vertex 58.6752 59.6 60.1784
      vertex 58.7475 59.6 60.325
    endloop
  endfacet
  facet normal 0 -1 0
    outer loop
      vertex 55.4833 59.6 60.8647
      vertex 58.6226 59.6 60.0235
      vertex 58.6752 59.6 60.1784
    endloop
  endfacet
  facet normal 0 -1 0
    outer loop
      vertex 55.3685 59.6 60.2874
      vertex 58.5907 59.6 59.8632
      vertex 58.6226 59.6 60.0235
    endloop
  endfacet
  facet normal 0 -1 0
    outer loop
      vertex 55.33 59.6 59.7
      vertex 58.5907 59.6 59.8632
      vertex 55.3685 59.6 60.2874
    endloop
  endfacet
  facet normal 0 -1 0
    outer loop
      vertex 55.33 59.6 59.7
      vertex 58.58 59.6 59.7
      vertex 58.5907 59.6 59.8632
    endloop
  endfacet
  facet normal 0 -1 0
    outer loop
      vertex 55.33 59.6 59.7
      vertex 58.5907 59.6 59.5368
      vertex 58.58 59.6 59.7
    endloop
  endfacet
  facet normal 0 -1 0
    outer loop
      vertex 55.3685 59.6 59.1126
      vertex 58.5907 59.6 59.5368
      vertex 55.33 59.6 59.7
    endloop
  endfacet
  facet normal 0 -1 -0
    outer loop
      vertex 58.5907 59.6 59.5368
      vertex 55.3685 59.6 59.1126
      vertex 58.6226 59.6 59.3765
    endloop
  endfacet
  facet normal 0 -1 0
    outer loop
      vertex 55.4833 59.6 58.5353
      vertex 58.6226 59.6 59.3765
      vertex 55.3685 59.6 59.1126
    endloop
  endfacet
  facet normal 0 -1 -0
    outer loop
      vertex 58.6226 59.6 59.3765
      vertex 55.4833 59.6 58.5353
      vertex 58.6752 59.6 59.2216
    endloop
  endfacet
  facet normal 0 -1 0
    outer loop
      vertex 55.6725 59.6 57.9779
      vertex 58.6752 59.6 59.2216
      vertex 55.4833 59.6 58.5353
    endloop
  endfacet
  facet normal 0 -1 -0
    outer loop
      vertex 58.6752 59.6 59.2216
      vertex 55.6725 59.6 57.9779
      vertex 58.7475 59.6 59.075
    endloop
  endfacet
  facet normal 0 -1 0
    outer loop
      vertex 55.9329 59.6 57.45
      vertex 58.7475 59.6 59.075
      vertex 55.6725 59.6 57.9779
    endloop
  endfacet
  facet normal 0 -1 -0
    outer loop
      vertex 58.7475 59.6 59.075
      vertex 55.9329 59.6 57.45
      vertex 58.8383 59.6 58.939
    endloop
  endfacet
  facet normal 0 -1 0
    outer loop
      vertex 56.2599 59.6 56.9606
      vertex 58.8383 59.6 58.939
      vertex 55.9329 59.6 57.45
    endloop
  endfacet
  facet normal 0 -1 -0
    outer loop
      vertex 58.8383 59.6 58.939
      vertex 56.2599 59.6 56.9606
      vertex 58.9461 59.6 58.8161
    endloop
  endfacet
  facet normal 0 -1 0
    outer loop
      vertex 56.648 59.6 56.518
      vertex 58.9461 59.6 58.8161
      vertex 56.2599 59.6 56.9606
    endloop
  endfacet
  facet normal 0 -1 -0
    outer loop
      vertex 58.9461 59.6 58.8161
      vertex 56.648 59.6 56.518
      vertex 59.069 59.6 58.7083
    endloop
  endfacet
  facet normal 0 -1 0
    outer loop
      vertex 57.0906 59.6 56.1299
      vertex 59.069 59.6 58.7083
      vertex 56.648 59.6 56.518
    endloop
  endfacet
  facet normal 0 -1 -0
    outer loop
      vertex 59.069 59.6 58.7083
      vertex 57.0906 59.6 56.1299
      vertex 59.205 59.6 58.6175
    endloop
  endfacet
  facet normal 0 -1 0
    outer loop
      vertex 60.591 59.6 60.6917
      vertex 62.5694 59.6 63.2701
      vertex 60.455 59.6 60.7825
    endloop
  endfacet
  facet normal 0 -1 -0
    outer loop
      vertex 62.5694 59.6 63.2701
      vertex 60.591 59.6 60.6917
      vertex 63.012 59.6 62.882
    endloop
  endfacet
  facet normal 0 -1 0
    outer loop
      vertex 60.7139 59.6 60.5839
      vertex 63.012 59.6 62.882
      vertex 60.591 59.6 60.6917
    endloop
  endfacet
  facet normal 0 -1 -0
    outer loop
      vertex 63.012 59.6 62.882
      vertex 60.7139 59.6 60.5839
      vertex 63.4001 59.6 62.4394
    endloop
  endfacet
  facet normal 0 -1 0
    outer loop
      vertex 60.8217 59.6 60.461
      vertex 63.4001 59.6 62.4394
      vertex 60.7139 59.6 60.5839
    endloop
  endfacet
  facet normal 0 -1 -0
    outer loop
      vertex 63.4001 59.6 62.4394
      vertex 60.8217 59.6 60.461
      vertex 63.7271 59.6 61.95
    endloop
  endfacet
  facet normal 0 -1 0
    outer loop
      vertex 60.9125 59.6 60.325
      vertex 63.7271 59.6 61.95
      vertex 60.8217 59.6 60.461
    endloop
  endfacet
  facet normal 0 -1 -0
    outer loop
      vertex 63.7271 59.6 61.95
      vertex 60.9125 59.6 60.325
      vertex 63.9875 59.6 61.4221
    endloop
  endfacet
  facet normal 0 -1 0
    outer loop
      vertex 60.9848 59.6 60.1784
      vertex 63.9875 59.6 61.4221
      vertex 60.9125 59.6 60.325
    endloop
  endfacet
  facet normal 0 -1 -0
    outer loop
      vertex 63.9875 59.6 61.4221
      vertex 60.9848 59.6 60.1784
      vertex 64.1767 59.6 60.8647
    endloop
  endfacet
  facet normal 0 -1 0
    outer loop
      vertex 61.0374 59.6 60.0235
      vertex 64.1767 59.6 60.8647
      vertex 60.9848 59.6 60.1784
    endloop
  endfacet
  facet normal 0 -1 -0
    outer loop
      vertex 64.1767 59.6 60.8647
      vertex 61.0374 59.6 60.0235
      vertex 64.2915 59.6 60.2874
    endloop
  endfacet
  facet normal 0 -1 0
    outer loop
      vertex 61.0693 59.6 59.8632
      vertex 64.2915 59.6 60.2874
      vertex 61.0374 59.6 60.0235
    endloop
  endfacet
  facet normal 0 -1 0
    outer loop
      vertex 61.08 59.6 59.7
      vertex 64.2915 59.6 60.2874
      vertex 61.0693 59.6 59.8632
    endloop
  endfacet
  facet normal 0 -1 0
    outer loop
      vertex 61.08 59.6 59.7
      vertex 64.33 59.6 59.7
      vertex 64.2915 59.6 60.2874
    endloop
  endfacet
  facet normal 0 -1 0
    outer loop
      vertex 61.0693 59.6 59.5368
      vertex 64.33 59.6 59.7
      vertex 61.08 59.6 59.7
    endloop
  endfacet
  facet normal 0 -1 0
    outer loop
      vertex 64.2915 59.6 59.1126
      vertex 61.0693 59.6 59.5368
      vertex 61.0374 59.6 59.3765
    endloop
  endfacet
  facet normal 0 -1 0
    outer loop
      vertex 64.1767 59.6 58.5353
      vertex 61.0374 59.6 59.3765
      vertex 60.9848 59.6 59.2216
    endloop
  endfacet
  facet normal 0 -1 0
    outer loop
      vertex 61.0693 59.6 59.5368
      vertex 64.2915 59.6 59.1126
      vertex 64.33 59.6 59.7
    endloop
  endfacet
  facet normal 0 -1 0
    outer loop
      vertex 63.9875 59.6 57.9779
      vertex 60.9848 59.6 59.2216
      vertex 60.9125 59.6 59.075
    endloop
  endfacet
  facet normal 0 -1 0
    outer loop
      vertex 63.7271 59.6 57.45
      vertex 60.9125 59.6 59.075
      vertex 60.8217 59.6 58.939
    endloop
  endfacet
  facet normal 0 -1 0
    outer loop
      vertex 63.4001 59.6 56.9606
      vertex 60.8217 59.6 58.939
      vertex 60.7139 59.6 58.8161
    endloop
  endfacet
  facet normal 0 -1 0
    outer loop
      vertex 63.012 59.6 56.518
      vertex 60.7139 59.6 58.8161
      vertex 60.591 59.6 58.7083
    endloop
  endfacet
  facet normal 0 -1 0
    outer loop
      vertex 62.5694 59.6 56.1299
      vertex 60.591 59.6 58.7083
      vertex 60.455 59.6 58.6175
    endloop
  endfacet
  facet normal 0 -1 0
    outer loop
      vertex 62.08 59.6 55.8029
      vertex 60.455 59.6 58.6175
      vertex 60.3084 59.6 58.5452
    endloop
  endfacet
  facet normal 0 -1 0
    outer loop
      vertex 61.0374 59.6 59.3765
      vertex 64.1767 59.6 58.5353
      vertex 64.2915 59.6 59.1126
    endloop
  endfacet
  facet normal 0 -1 0
    outer loop
      vertex 61.5521 59.6 55.5425
      vertex 60.3084 59.6 58.5452
      vertex 60.1535 59.6 58.4926
    endloop
  endfacet
  facet normal 0 -1 0
    outer loop
      vertex 60.9947 59.6 55.3533
      vertex 60.1535 59.6 58.4926
      vertex 59.9932 59.6 58.4607
    endloop
  endfacet
  facet normal 0 -1 0
    outer loop
      vertex 60.4174 59.6 55.2385
      vertex 59.9932 59.6 58.4607
      vertex 59.83 59.6 58.45
    endloop
  endfacet
  facet normal 0 -1 0
    outer loop
      vertex 57.58 59.6 55.8029
      vertex 59.205 59.6 58.6175
      vertex 57.0906 59.6 56.1299
    endloop
  endfacet
  facet normal 0 -1 0
    outer loop
      vertex 60.9848 59.6 59.2216
      vertex 63.9875 59.6 57.9779
      vertex 64.1767 59.6 58.5353
    endloop
  endfacet
  facet normal 0 -1 -0
    outer loop
      vertex 59.205 59.6 58.6175
      vertex 57.58 59.6 55.8029
      vertex 59.3516 59.6 58.5452
    endloop
  endfacet
  facet normal 0 -1 0
    outer loop
      vertex 60.9125 59.6 59.075
      vertex 63.7271 59.6 57.45
      vertex 63.9875 59.6 57.9779
    endloop
  endfacet
  facet normal 0 -1 0
    outer loop
      vertex 58.1079 59.6 55.5425
      vertex 59.3516 59.6 58.5452
      vertex 57.58 59.6 55.8029
    endloop
  endfacet
  facet normal 0 -1 0
    outer loop
      vertex 60.8217 59.6 58.939
      vertex 63.4001 59.6 56.9606
      vertex 63.7271 59.6 57.45
    endloop
  endfacet
  facet normal 0 -1 -0
    outer loop
      vertex 59.3516 59.6 58.5452
      vertex 58.1079 59.6 55.5425
      vertex 59.5065 59.6 58.4926
    endloop
  endfacet
  facet normal 0 -1 0
    outer loop
      vertex 60.7139 59.6 58.8161
      vertex 63.012 59.6 56.518
      vertex 63.4001 59.6 56.9606
    endloop
  endfacet
  facet normal 0 -1 0
    outer loop
      vertex 58.6653 59.6 55.3533
      vertex 59.5065 59.6 58.4926
      vertex 58.1079 59.6 55.5425
    endloop
  endfacet
  facet normal 0 -1 0
    outer loop
      vertex 60.591 59.6 58.7083
      vertex 62.5694 59.6 56.1299
      vertex 63.012 59.6 56.518
    endloop
  endfacet
  facet normal 0 -1 -0
    outer loop
      vertex 59.5065 59.6 58.4926
      vertex 58.6653 59.6 55.3533
      vertex 59.6668 59.6 58.4607
    endloop
  endfacet
  facet normal 0 -1 0
    outer loop
      vertex 60.455 59.6 58.6175
      vertex 62.08 59.6 55.8029
      vertex 62.5694 59.6 56.1299
    endloop
  endfacet
  facet normal 0 -1 0
    outer loop
      vertex 59.2426 59.6 55.2385
      vertex 59.6668 59.6 58.4607
      vertex 58.6653 59.6 55.3533
    endloop
  endfacet
  facet normal 0 -1 0
    outer loop
      vertex 60.3084 59.6 58.5452
      vertex 61.5521 59.6 55.5425
      vertex 62.08 59.6 55.8029
    endloop
  endfacet
  facet normal 0 -1 -0
    outer loop
      vertex 59.6668 59.6 58.4607
      vertex 59.2426 59.6 55.2385
      vertex 59.83 59.6 58.45
    endloop
  endfacet
  facet normal 0 -1 0
    outer loop
      vertex 60.1535 59.6 58.4926
      vertex 60.9947 59.6 55.3533
      vertex 61.5521 59.6 55.5425
    endloop
  endfacet
  facet normal 0 -1 0
    outer loop
      vertex 59.83 59.6 55.2
      vertex 59.83 59.6 58.45
      vertex 59.2426 59.6 55.2385
    endloop
  endfacet
  facet normal 0 -1 0
    outer loop
      vertex 59.9932 59.6 58.4607
      vertex 60.4174 59.6 55.2385
      vertex 60.9947 59.6 55.3533
    endloop
  endfacet
  facet normal 0 -1 0
    outer loop
      vertex 59.83 59.6 58.45
      vertex 59.83 59.6 55.2
      vertex 60.4174 59.6 55.2385
    endloop
  endfacet
  facet normal -0.195038 0 -0.980796
    outer loop
      vertex 58.6653 59.6 55.3533
      vertex 59.2426 61.1 55.2385
      vertex 59.2426 59.6 55.2385
    endloop
  endfacet
  facet normal -0.195038 0 -0.980796
    outer loop
      vertex 59.2426 61.1 55.2385
      vertex 58.6653 59.6 55.3533
      vertex 58.6653 61.1 55.3533
    endloop
  endfacet
  facet normal -0.896827 0 0.442382
    outer loop
      vertex 55.6725 59.6 61.4221
      vertex 55.9329 61.1 61.95
      vertex 55.6725 61.1 61.4221
    endloop
  endfacet
  facet normal -0.896827 0 0.442382
    outer loop
      vertex 55.9329 61.1 61.95
      vertex 55.6725 59.6 61.4221
      vertex 55.9329 59.6 61.95
    endloop
  endfacet
  facet normal 0.195038 0 0.980796
    outer loop
      vertex 60.4174 61.2 64.1615
      vertex 60.9947 59.6 64.0467
      vertex 60.9947 61.2 64.0467
    endloop
  endfacet
  facet normal 0.195038 0 0.980796
    outer loop
      vertex 60.9947 59.6 64.0467
      vertex 60.4174 61.2 64.1615
      vertex 60.4174 59.6 64.1615
    endloop
  endfacet
  facet normal 0.997859 -0 0.0654027
    outer loop
      vertex 64.2915 59.6 60.2874
      vertex 64.33 61.1 59.7
      vertex 64.2915 61.1 60.2874
    endloop
  endfacet
  facet normal 0.997859 0 0.0654027
    outer loop
      vertex 64.33 61.1 59.7
      vertex 64.2915 59.6 60.2874
      vertex 64.33 59.6 59.7
    endloop
  endfacet
  facet normal 0.831475 -0 0.555562
    outer loop
      vertex 63.4001 59.6 62.4394
      vertex 63.7271 61.1 61.95
      vertex 63.4001 61.1 62.4394
    endloop
  endfacet
  facet normal 0.831475 0 0.555562
    outer loop
      vertex 63.7271 61.1 61.95
      vertex 63.4001 59.6 62.4394
      vertex 63.7271 59.6 61.95
    endloop
  endfacet
  facet normal -0.321421 0 -0.946936
    outer loop
      vertex 58.1079 59.6 55.5425
      vertex 58.6653 61.1 55.3533
      vertex 58.6653 59.6 55.3533
    endloop
  endfacet
  facet normal -0.321421 0 -0.946936
    outer loop
      vertex 58.6653 61.1 55.3533
      vertex 58.1079 59.6 55.5425
      vertex 58.1079 61.1 55.5425
    endloop
  endfacet
  facet normal 0.751882 -0 0.659298
    outer loop
      vertex 63.012 59.6 62.882
      vertex 63.4001 61.1 62.4394
      vertex 63.012 61.1 62.882
    endloop
  endfacet
  facet normal 0.751882 0 0.659298
    outer loop
      vertex 63.4001 61.1 62.4394
      vertex 63.012 59.6 62.882
      vertex 63.4001 59.6 62.4394
    endloop
  endfacet
  facet normal 0.946936 -0 0.321421
    outer loop
      vertex 63.9875 59.6 61.4221
      vertex 64.1767 61.1 60.8647
      vertex 63.9875 61.1 61.4221
    endloop
  endfacet
  facet normal 0.946936 0 0.321421
    outer loop
      vertex 64.1767 61.1 60.8647
      vertex 63.9875 59.6 61.4221
      vertex 64.1767 59.6 60.8647
    endloop
  endfacet
  facet normal 0 1 0
    outer loop
      vertex 60.4174 61.2 64.1615
      vertex 59.2426 61.2 64.1615
      vertex 59.83 61.2 64.2
    endloop
  endfacet
  facet normal 0 1 0
    outer loop
      vertex 60.9947 61.2 64.0467
      vertex 59.2426 61.2 64.1615
      vertex 60.4174 61.2 64.1615
    endloop
  endfacet
  facet normal 0 1 0
    outer loop
      vertex 60.9947 61.2 64.0467
      vertex 58.6653 61.2 64.0467
      vertex 59.2426 61.2 64.1615
    endloop
  endfacet
  facet normal 0 1 0
    outer loop
      vertex 61.5521 61.2 63.8575
      vertex 58.6653 61.2 64.0467
      vertex 60.9947 61.2 64.0467
    endloop
  endfacet
  facet normal 0 1 0
    outer loop
      vertex 61.5521 61.2 63.8575
      vertex 58.1079 61.2 63.8575
      vertex 58.6653 61.2 64.0467
    endloop
  endfacet
  facet normal 0 1 0
    outer loop
      vertex 62.08 61.2 63.5971
      vertex 58.1079 61.2 63.8575
      vertex 61.5521 61.2 63.8575
    endloop
  endfacet
  facet normal 0 1 0
    outer loop
      vertex 62.08 61.2 63.5971
      vertex 57.58 61.2 63.5971
      vertex 58.1079 61.2 63.8575
    endloop
  endfacet
  facet normal 0 1 0
    outer loop
      vertex 62.7634 61.2 63.1
      vertex 62.08 61.2 63.5971
      vertex 62.5694 61.2 63.2701
    endloop
  endfacet
  facet normal 0 1 0
    outer loop
      vertex 62.08 61.2 63.5971
      vertex 62.7634 61.2 63.1
      vertex 57.58 61.2 63.5971
    endloop
  endfacet
  facet normal 0 1 0
    outer loop
      vertex 56.8966 61.2 63.1
      vertex 57.58 61.2 63.5971
      vertex 62.7634 61.2 63.1
    endloop
  endfacet
  facet normal 0 1 0
    outer loop
      vertex 57.58 61.2 63.5971
      vertex 56.8966 61.2 63.1
      vertex 57.0906 61.2 63.2701
    endloop
  endfacet
  facet normal 0.321421 0 0.946936
    outer loop
      vertex 60.9947 61.2 64.0467
      vertex 61.5521 59.6 63.8575
      vertex 61.5521 61.2 63.8575
    endloop
  endfacet
  facet normal 0.321421 0 0.946936
    outer loop
      vertex 61.5521 59.6 63.8575
      vertex 60.9947 61.2 64.0467
      vertex 60.9947 59.6 64.0467
    endloop
  endfacet
  facet normal -0.442382 0 -0.896827
    outer loop
      vertex 57.58 59.6 55.8029
      vertex 58.1079 61.1 55.5425
      vertex 58.1079 59.6 55.5425
    endloop
  endfacet
  facet normal -0.442382 0 -0.896827
    outer loop
      vertex 58.1079 61.1 55.5425
      vertex 57.58 59.6 55.8029
      vertex 57.58 61.1 55.8029
    endloop
  endfacet
  facet normal 0.980796 -0 0.195038
    outer loop
      vertex 64.1767 59.6 60.8647
      vertex 64.2915 61.1 60.2874
      vertex 64.1767 61.1 60.8647
    endloop
  endfacet
  facet normal 0.980796 0 0.195038
    outer loop
      vertex 64.2915 61.1 60.2874
      vertex 64.1767 59.6 60.8647
      vertex 64.2915 59.6 60.2874
    endloop
  endfacet
  facet normal -0.946936 0 0.321421
    outer loop
      vertex 55.4833 59.6 60.8647
      vertex 55.6725 61.1 61.4221
      vertex 55.4833 61.1 60.8647
    endloop
  endfacet
  facet normal -0.946936 0 0.321421
    outer loop
      vertex 55.6725 61.1 61.4221
      vertex 55.4833 59.6 60.8647
      vertex 55.6725 59.6 61.4221
    endloop
  endfacet
  facet normal -0.321421 0 0.946936
    outer loop
      vertex 58.1079 61.2 63.8575
      vertex 58.6653 59.6 64.0467
      vertex 58.6653 61.2 64.0467
    endloop
  endfacet
  facet normal -0.321421 0 0.946936
    outer loop
      vertex 58.6653 59.6 64.0467
      vertex 58.1079 61.2 63.8575
      vertex 58.1079 59.6 63.8575
    endloop
  endfacet
  facet normal -0.0654027 0 -0.997859
    outer loop
      vertex 59.2426 59.6 55.2385
      vertex 59.83 61.1 55.2
      vertex 59.83 59.6 55.2
    endloop
  endfacet
  facet normal -0.0654027 0 -0.997859
    outer loop
      vertex 59.83 61.1 55.2
      vertex 59.2426 59.6 55.2385
      vertex 59.2426 61.1 55.2385
    endloop
  endfacet
  facet normal -0.195038 0 0.980796
    outer loop
      vertex 58.6653 61.2 64.0467
      vertex 59.2426 59.6 64.1615
      vertex 59.2426 61.2 64.1615
    endloop
  endfacet
  facet normal -0.195038 0 0.980796
    outer loop
      vertex 59.2426 59.6 64.1615
      vertex 58.6653 61.2 64.0467
      vertex 58.6653 59.6 64.0467
    endloop
  endfacet
  facet normal -0.831475 0 -0.555562
    outer loop
      vertex 56.2599 59.6 56.9606
      vertex 55.9329 61.1 57.45
      vertex 56.2599 61.1 56.9606
    endloop
  endfacet
  facet normal -0.831475 -0 -0.555562
    outer loop
      vertex 55.9329 61.1 57.45
      vertex 56.2599 59.6 56.9606
      vertex 55.9329 59.6 57.45
    endloop
  endfacet
  facet normal -0.659273 0 0.751904
    outer loop
      vertex 56.8966 61.1 63.1
      vertex 57.0906 61.2 63.2701
      vertex 56.8966 61.2 63.1
    endloop
  endfacet
  facet normal -0.659273 0 0.751904
    outer loop
      vertex 57.0906 61.2 63.2701
      vertex 56.8966 61.1 63.1
      vertex 57.0906 59.6 63.2701
    endloop
  endfacet
  facet normal -0.659318 0 0.751864
    outer loop
      vertex 56.648 59.6 62.882
      vertex 56.8966 61.1 63.1
      vertex 56.648 61.1 62.882
    endloop
  endfacet
  facet normal -0.659298 -5.82117e-06 0.751882
    outer loop
      vertex 56.8966 61.1 63.1
      vertex 56.648 59.6 62.882
      vertex 57.0906 59.6 63.2701
    endloop
  endfacet
  facet normal 1 0 0
    outer loop
      vertex 65.83 63.6 63.1
      vertex 65.83 62.5 14.3
      vertex 65.83 63.6 2.39999
    endloop
  endfacet
  facet normal 1 -0 0
    outer loop
      vertex 65.83 61.1 63.1
      vertex 65.83 62.5 14.3
      vertex 65.83 63.6 63.1
    endloop
  endfacet
  facet normal 1 0 0
    outer loop
      vertex 65.83 62.5 14.3
      vertex 65.83 61.1 63.1
      vertex 65.83 61.1 14.3
    endloop
  endfacet
  facet normal 1 0 0
    outer loop
      vertex 65.83 63.6 2.39999
      vertex 65.83 62.5 14.3
      vertex 65.83 62.5 2.39999
    endloop
  endfacet
  facet normal 0 0 1
    outer loop
      vertex 65.83 63.6 63.1
      vertex 62.7634 61.2 63.1
      vertex 65.83 61.1 63.1
    endloop
  endfacet
  facet normal 0 0 1
    outer loop
      vertex 65.83 63.6 63.1
      vertex 56.8966 61.2 63.1
      vertex 62.7634 61.2 63.1
    endloop
  endfacet
  facet normal -0 0 1
    outer loop
      vertex 53.83 63.6 63.1
      vertex 56.8966 61.2 63.1
      vertex 65.83 63.6 63.1
    endloop
  endfacet
  facet normal 0 0 1
    outer loop
      vertex 53.83 61.1 63.1
      vertex 56.8966 61.2 63.1
      vertex 53.83 63.6 63.1
    endloop
  endfacet
  facet normal 0 0 1
    outer loop
      vertex 56.8966 61.2 63.1
      vertex 53.83 61.1 63.1
      vertex 56.8966 61.1 63.1
    endloop
  endfacet
  facet normal 0 0 1
    outer loop
      vertex 65.83 61.1 63.1
      vertex 62.7634 61.2 63.1
      vertex 62.7634 61.1 63.1
    endloop
  endfacet
  facet normal -1 0 0
    outer loop
      vertex 53.83 62.5 14.3
      vertex 53.83 63.6 2.39999
      vertex 53.83 62.5 2.39999
    endloop
  endfacet
  facet normal -1 0 0
    outer loop
      vertex 53.83 63.6 2.39999
      vertex 53.83 62.5 14.3
      vertex 53.83 63.6 63.1
    endloop
  endfacet
  facet normal -1 0 0
    outer loop
      vertex 53.83 61.1 63.1
      vertex 53.83 62.5 14.3
      vertex 53.83 61.1 14.3
    endloop
  endfacet
  facet normal -1 0 0
    outer loop
      vertex 53.83 62.5 14.3
      vertex 53.83 61.1 63.1
      vertex 53.83 63.6 63.1
    endloop
  endfacet
  facet normal 0 -1 0
    outer loop
      vertex 53.83 61.1 63.1
      vertex 56.648 61.1 62.882
      vertex 56.8966 61.1 63.1
    endloop
  endfacet
  facet normal 0 -1 0
    outer loop
      vertex 53.83 61.1 63.1
      vertex 56.2599 61.1 62.4394
      vertex 56.648 61.1 62.882
    endloop
  endfacet
  facet normal 0 -1 0
    outer loop
      vertex 53.83 61.1 63.1
      vertex 55.9329 61.1 61.95
      vertex 56.2599 61.1 62.4394
    endloop
  endfacet
  facet normal 0 -1 0
    outer loop
      vertex 53.83 61.1 63.1
      vertex 55.6725 61.1 61.4221
      vertex 55.9329 61.1 61.95
    endloop
  endfacet
  facet normal 0 -1 0
    outer loop
      vertex 53.83 61.1 63.1
      vertex 55.4833 61.1 60.8647
      vertex 55.6725 61.1 61.4221
    endloop
  endfacet
  facet normal 0 -1 0
    outer loop
      vertex 53.83 61.1 63.1
      vertex 55.3685 61.1 60.2874
      vertex 55.4833 61.1 60.8647
    endloop
  endfacet
  facet normal 0 -1 0
    outer loop
      vertex 53.83 61.1 63.1
      vertex 55.33 61.1 59.7
      vertex 55.3685 61.1 60.2874
    endloop
  endfacet
  facet normal 0 -1 0
    outer loop
      vertex 53.83 61.1 63.1
      vertex 55.3685 61.1 59.1126
      vertex 55.33 61.1 59.7
    endloop
  endfacet
  facet normal 0 -1 0
    outer loop
      vertex 53.83 61.1 63.1
      vertex 55.4833 61.1 58.5353
      vertex 55.3685 61.1 59.1126
    endloop
  endfacet
  facet normal 0 -1 0
    outer loop
      vertex 53.83 61.1 14.3
      vertex 55.4833 61.1 58.5353
      vertex 53.83 61.1 63.1
    endloop
  endfacet
  facet normal 0 -1 0
    outer loop
      vertex 59.2426 61.1 55.2385
      vertex 59.83 61.1 21.5
      vertex 59.83 61.1 55.2
    endloop
  endfacet
  facet normal 0 -1 0
    outer loop
      vertex 59.2426 61.1 21.4615
      vertex 59.2426 61.1 55.2385
      vertex 58.6653 61.1 55.3533
    endloop
  endfacet
  facet normal 0 -1 0
    outer loop
      vertex 58.6653 61.1 21.3467
      vertex 58.6653 61.1 55.3533
      vertex 58.1079 61.1 55.5425
    endloop
  endfacet
  facet normal 0 -1 0
    outer loop
      vertex 58.1079 61.1 21.1575
      vertex 58.1079 61.1 55.5425
      vertex 57.58 61.1 55.8029
    endloop
  endfacet
  facet normal 0 -1 0
    outer loop
      vertex 57.58 61.1 20.8971
      vertex 57.58 61.1 55.8029
      vertex 57.0906 61.1 56.1299
    endloop
  endfacet
  facet normal 0 -1 0
    outer loop
      vertex 57.0906 61.1 20.5701
      vertex 57.0906 61.1 56.1299
      vertex 56.648 61.1 56.518
    endloop
  endfacet
  facet normal 0 -1 0
    outer loop
      vertex 56.648 61.1 20.182
      vertex 56.648 61.1 56.518
      vertex 56.2599 61.1 56.9606
    endloop
  endfacet
  facet normal 0 -1 0
    outer loop
      vertex 56.2599 61.1 19.7394
      vertex 56.2599 61.1 56.9606
      vertex 55.9329 61.1 57.45
    endloop
  endfacet
  facet normal 0 -1 0
    outer loop
      vertex 55.9329 61.1 19.25
      vertex 55.9329 61.1 57.45
      vertex 55.6725 61.1 57.9779
    endloop
  endfacet
  facet normal 0 -1 -0
    outer loop
      vertex 55.4833 61.1 58.5353
      vertex 53.83 61.1 14.3
      vertex 55.6725 61.1 57.9779
    endloop
  endfacet
  facet normal 0 -1 0
    outer loop
      vertex 59.2426 61.1 55.2385
      vertex 59.2426 61.1 21.4615
      vertex 59.83 61.1 21.5
    endloop
  endfacet
  facet normal 0 -1 0
    outer loop
      vertex 58.6653 61.1 55.3533
      vertex 58.6653 61.1 21.3467
      vertex 59.2426 61.1 21.4615
    endloop
  endfacet
  facet normal 0 -1 0
    outer loop
      vertex 58.1079 61.1 55.5425
      vertex 58.1079 61.1 21.1575
      vertex 58.6653 61.1 21.3467
    endloop
  endfacet
  facet normal 0 -1 0
    outer loop
      vertex 57.58 61.1 55.8029
      vertex 57.58 61.1 20.8971
      vertex 58.1079 61.1 21.1575
    endloop
  endfacet
  facet normal 0 -1 0
    outer loop
      vertex 57.0906 61.1 56.1299
      vertex 57.0906 61.1 20.5701
      vertex 57.58 61.1 20.8971
    endloop
  endfacet
  facet normal 0 -1 0
    outer loop
      vertex 56.648 61.1 56.518
      vertex 56.648 61.1 20.182
      vertex 57.0906 61.1 20.5701
    endloop
  endfacet
  facet normal 0 -1 0
    outer loop
      vertex 56.2599 61.1 56.9606
      vertex 56.2599 61.1 19.7394
      vertex 56.648 61.1 20.182
    endloop
  endfacet
  facet normal 0 -1 0
    outer loop
      vertex 55.9329 61.1 57.45
      vertex 55.9329 61.1 19.25
      vertex 56.2599 61.1 19.7394
    endloop
  endfacet
  facet normal 0 -1 0
    outer loop
      vertex 55.6725 61.1 57.9779
      vertex 55.6725 61.1 18.7221
      vertex 55.9329 61.1 19.25
    endloop
  endfacet
  facet normal 0 -1 -0
    outer loop
      vertex 55.6725 61.1 57.9779
      vertex 53.83 61.1 14.3
      vertex 55.6725 61.1 18.7221
    endloop
  endfacet
  facet normal 0 -1 0
    outer loop
      vertex 55.6725 61.1 18.7221
      vertex 53.83 61.1 14.3
      vertex 55.4833 61.1 18.1647
    endloop
  endfacet
  facet normal 0 -1 0
    outer loop
      vertex 55.4833 61.1 18.1647
      vertex 53.83 61.1 14.3
      vertex 55.3685 61.1 17.5874
    endloop
  endfacet
  facet normal 0 -1 0
    outer loop
      vertex 55.3685 61.1 17.5874
      vertex 53.83 61.1 14.3
      vertex 55.33 61.1 17
    endloop
  endfacet
  facet normal 0 -1 0
    outer loop
      vertex 53.83 61.1 14.3
      vertex 55.3685 61.1 16.4126
      vertex 55.33 61.1 17
    endloop
  endfacet
  facet normal 0 -1 0
    outer loop
      vertex 53.83 61.1 14.3
      vertex 55.4833 61.1 15.8353
      vertex 55.3685 61.1 16.4126
    endloop
  endfacet
  facet normal 0 -1 0
    outer loop
      vertex 53.83 61.1 14.3
      vertex 55.6725 61.1 15.2779
      vertex 55.4833 61.1 15.8353
    endloop
  endfacet
  facet normal 0 -1 0
    outer loop
      vertex 53.83 61.1 14.3
      vertex 55.9329 61.1 14.75
      vertex 55.6725 61.1 15.2779
    endloop
  endfacet
  facet normal 0 -1 -0
    outer loop
      vertex 55.9329 61.1 14.75
      vertex 53.83 61.1 14.3
      vertex 56.2336 61.1 14.3
    endloop
  endfacet
  facet normal 0 -1 0
    outer loop
      vertex 63.012 61.1 62.882
      vertex 65.83 61.1 63.1
      vertex 62.7634 61.1 63.1
    endloop
  endfacet
  facet normal 0 -1 0
    outer loop
      vertex 63.4001 61.1 62.4394
      vertex 65.83 61.1 63.1
      vertex 63.012 61.1 62.882
    endloop
  endfacet
  facet normal 0 -1 0
    outer loop
      vertex 63.7271 61.1 61.95
      vertex 65.83 61.1 63.1
      vertex 63.4001 61.1 62.4394
    endloop
  endfacet
  facet normal 0 -1 0
    outer loop
      vertex 63.9875 61.1 61.4221
      vertex 65.83 61.1 63.1
      vertex 63.7271 61.1 61.95
    endloop
  endfacet
  facet normal 0 -1 0
    outer loop
      vertex 64.1767 61.1 60.8647
      vertex 65.83 61.1 63.1
      vertex 63.9875 61.1 61.4221
    endloop
  endfacet
  facet normal 0 -1 0
    outer loop
      vertex 64.2915 61.1 60.2874
      vertex 65.83 61.1 63.1
      vertex 64.1767 61.1 60.8647
    endloop
  endfacet
  facet normal 0 -1 0
    outer loop
      vertex 64.33 61.1 59.7
      vertex 65.83 61.1 63.1
      vertex 64.2915 61.1 60.2874
    endloop
  endfacet
  facet normal 0 -1 0
    outer loop
      vertex 64.2915 61.1 59.1126
      vertex 65.83 61.1 63.1
      vertex 64.33 61.1 59.7
    endloop
  endfacet
  facet normal 0 -1 0
    outer loop
      vertex 64.1767 61.1 58.5353
      vertex 65.83 61.1 63.1
      vertex 64.2915 61.1 59.1126
    endloop
  endfacet
  facet normal 0 -1 0
    outer loop
      vertex 65.83 61.1 14.3
      vertex 64.1767 61.1 58.5353
      vertex 63.9875 61.1 57.9779
    endloop
  endfacet
  facet normal 0 -1 0
    outer loop
      vertex 59.83 61.1 21.5
      vertex 60.4174 61.1 55.2385
      vertex 59.83 61.1 55.2
    endloop
  endfacet
  facet normal 0 -1 0
    outer loop
      vertex 60.4174 61.1 21.4615
      vertex 60.4174 61.1 55.2385
      vertex 59.83 61.1 21.5
    endloop
  endfacet
  facet normal 0 -1 0
    outer loop
      vertex 60.4174 61.1 55.2385
      vertex 60.4174 61.1 21.4615
      vertex 60.9947 61.1 55.3533
    endloop
  endfacet
  facet normal 0 -1 0
    outer loop
      vertex 60.9947 61.1 21.3467
      vertex 60.9947 61.1 55.3533
      vertex 60.4174 61.1 21.4615
    endloop
  endfacet
  facet normal 0 -1 0
    outer loop
      vertex 60.9947 61.1 55.3533
      vertex 60.9947 61.1 21.3467
      vertex 61.5521 61.1 55.5425
    endloop
  endfacet
  facet normal 0 -1 0
    outer loop
      vertex 61.5521 61.1 21.1575
      vertex 61.5521 61.1 55.5425
      vertex 60.9947 61.1 21.3467
    endloop
  endfacet
  facet normal 0 -1 0
    outer loop
      vertex 61.5521 61.1 55.5425
      vertex 61.5521 61.1 21.1575
      vertex 62.08 61.1 55.8029
    endloop
  endfacet
  facet normal 0 -1 0
    outer loop
      vertex 62.08 61.1 20.8971
      vertex 62.08 61.1 55.8029
      vertex 61.5521 61.1 21.1575
    endloop
  endfacet
  facet normal 0 -1 0
    outer loop
      vertex 62.08 61.1 55.8029
      vertex 62.08 61.1 20.8971
      vertex 62.5694 61.1 56.1299
    endloop
  endfacet
  facet normal 0 -1 0
    outer loop
      vertex 62.5694 61.1 20.5701
      vertex 62.5694 61.1 56.1299
      vertex 62.08 61.1 20.8971
    endloop
  endfacet
  facet normal 0 -1 0
    outer loop
      vertex 62.5694 61.1 56.1299
      vertex 62.5694 61.1 20.5701
      vertex 63.012 61.1 56.518
    endloop
  endfacet
  facet normal 0 -1 0
    outer loop
      vertex 63.012 61.1 20.182
      vertex 63.012 61.1 56.518
      vertex 62.5694 61.1 20.5701
    endloop
  endfacet
  facet normal 0 -1 0
    outer loop
      vertex 63.012 61.1 56.518
      vertex 63.012 61.1 20.182
      vertex 63.4001 61.1 56.9606
    endloop
  endfacet
  facet normal 0 -1 0
    outer loop
      vertex 63.4001 61.1 19.7394
      vertex 63.4001 61.1 56.9606
      vertex 63.012 61.1 20.182
    endloop
  endfacet
  facet normal 0 -1 0
    outer loop
      vertex 63.4001 61.1 56.9606
      vertex 63.4001 61.1 19.7394
      vertex 63.7271 61.1 57.45
    endloop
  endfacet
  facet normal 0 -1 0
    outer loop
      vertex 63.7271 61.1 19.25
      vertex 63.7271 61.1 57.45
      vertex 63.4001 61.1 19.7394
    endloop
  endfacet
  facet normal 0 -1 0
    outer loop
      vertex 63.7271 61.1 57.45
      vertex 63.7271 61.1 19.25
      vertex 63.9875 61.1 57.9779
    endloop
  endfacet
  facet normal 0 -1 0
    outer loop
      vertex 63.9875 61.1 18.7221
      vertex 63.9875 61.1 57.9779
      vertex 63.7271 61.1 19.25
    endloop
  endfacet
  facet normal 0 -1 0
    outer loop
      vertex 65.83 61.1 14.3
      vertex 63.9875 61.1 57.9779
      vertex 63.9875 61.1 18.7221
    endloop
  endfacet
  facet normal 0 -1 0
    outer loop
      vertex 65.83 61.1 14.3
      vertex 63.9875 61.1 18.7221
      vertex 64.1767 61.1 18.1647
    endloop
  endfacet
  facet normal 0 -1 0
    outer loop
      vertex 65.83 61.1 14.3
      vertex 64.1767 61.1 18.1647
      vertex 64.2915 61.1 17.5874
    endloop
  endfacet
  facet normal 0 -1 0
    outer loop
      vertex 65.83 61.1 14.3
      vertex 64.2915 61.1 17.5874
      vertex 64.33 61.1 17
    endloop
  endfacet
  facet normal 0 -1 0
    outer loop
      vertex 64.1767 61.1 58.5353
      vertex 65.83 61.1 14.3
      vertex 65.83 61.1 63.1
    endloop
  endfacet
  facet normal 0 -1 0
    outer loop
      vertex 64.2915 61.1 16.4126
      vertex 65.83 61.1 14.3
      vertex 64.33 61.1 17
    endloop
  endfacet
  facet normal 0 -1 0
    outer loop
      vertex 64.1767 61.1 15.8353
      vertex 65.83 61.1 14.3
      vertex 64.2915 61.1 16.4126
    endloop
  endfacet
  facet normal 0 -1 0
    outer loop
      vertex 63.9875 61.1 15.2779
      vertex 65.83 61.1 14.3
      vertex 64.1767 61.1 15.8353
    endloop
  endfacet
  facet normal 0 -1 0
    outer loop
      vertex 63.7271 61.1 14.75
      vertex 65.83 61.1 14.3
      vertex 63.9875 61.1 15.2779
    endloop
  endfacet
  facet normal 0 -1 0
    outer loop
      vertex 65.83 61.1 14.3
      vertex 63.7271 61.1 14.75
      vertex 63.4264 61.1 14.3
    endloop
  endfacet
  facet normal -0.980768 0 -0.195175
    outer loop
      vertex 61.0693 59.6 17.1632
      vertex 61.0374 63.6 17.3235
      vertex 61.0693 63.6 17.1632
    endloop
  endfacet
  facet normal -0.980768 -0 -0.195175
    outer loop
      vertex 61.0374 63.6 17.3235
      vertex 61.0693 59.6 17.1632
      vertex 61.0374 59.6 17.3235
    endloop
  endfacet
  facet normal -0.980768 0 0.195175
    outer loop
      vertex 61.0374 59.6 16.6765
      vertex 61.0693 63.6 16.8368
      vertex 61.0374 63.6 16.6765
    endloop
  endfacet
  facet normal -0.980768 0 0.195175
    outer loop
      vertex 61.0693 63.6 16.8368
      vertex 61.0374 59.6 16.6765
      vertex 61.0693 59.6 16.8368
    endloop
  endfacet
  facet normal -0.997858 0 0.0654233
    outer loop
      vertex 61.0693 59.6 16.8368
      vertex 61.08 63.6 17
      vertex 61.0693 63.6 16.8368
    endloop
  endfacet
  facet normal -0.997858 0 0.0654233
    outer loop
      vertex 61.08 63.6 17
      vertex 61.0693 59.6 16.8368
      vertex 61.08 59.6 17
    endloop
  endfacet
  facet normal -0.442805 0 -0.896618
    outer loop
      vertex 60.3084 59.6 18.1549
      vertex 60.455 63.6 18.0825
      vertex 60.455 59.6 18.0825
    endloop
  endfacet
  facet normal -0.442805 0 -0.896618
    outer loop
      vertex 60.455 63.6 18.0825
      vertex 60.3084 59.6 18.1549
      vertex 60.3084 63.6 18.1549
    endloop
  endfacet
  facet normal -0.946896 0 -0.321541
    outer loop
      vertex 61.0374 59.6 17.3235
      vertex 60.9848 63.6 17.4784
      vertex 61.0374 63.6 17.3235
    endloop
  endfacet
  facet normal -0.946896 -0 -0.321541
    outer loop
      vertex 60.9848 63.6 17.4784
      vertex 61.0374 59.6 17.3235
      vertex 60.9848 59.6 17.4784
    endloop
  endfacet
  facet normal 0.946896 -0 0.321541
    outer loop
      vertex 58.6226 59.6 16.6765
      vertex 58.6752 63.6 16.5216
      vertex 58.6226 63.6 16.6765
    endloop
  endfacet
  facet normal 0.946896 0 0.321541
    outer loop
      vertex 58.6752 63.6 16.5216
      vertex 58.6226 59.6 16.6765
      vertex 58.6752 59.6 16.5216
    endloop
  endfacet
  facet normal 0.0654233 0 -0.997858
    outer loop
      vertex 59.6668 59.6 18.2393
      vertex 59.83 63.6 18.25
      vertex 59.83 59.6 18.25
    endloop
  endfacet
  facet normal 0.0654233 0 -0.997858
    outer loop
      vertex 59.83 63.6 18.25
      vertex 59.6668 59.6 18.2393
      vertex 59.6668 63.6 18.2393
    endloop
  endfacet
  facet normal 0.442805 0 0.896618
    outer loop
      vertex 59.205 63.6 15.9175
      vertex 59.3516 59.6 15.8451
      vertex 59.3516 63.6 15.8451
    endloop
  endfacet
  facet normal 0.442805 0 0.896618
    outer loop
      vertex 59.3516 59.6 15.8451
      vertex 59.205 63.6 15.9175
      vertex 59.205 59.6 15.9175
    endloop
  endfacet
  facet normal -0.195175 0 0.980768
    outer loop
      vertex 59.9932 63.6 15.7607
      vertex 60.1535 59.6 15.7926
      vertex 60.1535 63.6 15.7926
    endloop
  endfacet
  facet normal -0.195175 0 0.980768
    outer loop
      vertex 60.1535 59.6 15.7926
      vertex 59.9932 63.6 15.7607
      vertex 59.9932 59.6 15.7607
    endloop
  endfacet
  facet normal 0.980768 0 -0.195175
    outer loop
      vertex 58.6226 59.6 17.3235
      vertex 58.5907 63.6 17.1632
      vertex 58.6226 63.6 17.3235
    endloop
  endfacet
  facet normal 0.980768 0 -0.195175
    outer loop
      vertex 58.5907 63.6 17.1632
      vertex 58.6226 59.6 17.3235
      vertex 58.5907 59.6 17.1632
    endloop
  endfacet
  facet normal 0.946896 0 -0.321541
    outer loop
      vertex 58.6752 59.6 17.4784
      vertex 58.6226 63.6 17.3235
      vertex 58.6752 63.6 17.4784
    endloop
  endfacet
  facet normal 0.946896 0 -0.321541
    outer loop
      vertex 58.6226 63.6 17.3235
      vertex 58.6752 59.6 17.4784
      vertex 58.6226 59.6 17.3235
    endloop
  endfacet
  facet normal 0.75178 0 -0.659414
    outer loop
      vertex 58.9461 59.6 17.8839
      vertex 58.8383 63.6 17.761
      vertex 58.9461 63.6 17.8839
    endloop
  endfacet
  facet normal 0.75178 0 -0.659414
    outer loop
      vertex 58.8383 63.6 17.761
      vertex 58.9461 59.6 17.8839
      vertex 58.8383 59.6 17.761
    endloop
  endfacet
  facet normal 0.997858 0 -0.0654233
    outer loop
      vertex 58.5907 59.6 17.1632
      vertex 58.58 63.6 17
      vertex 58.5907 63.6 17.1632
    endloop
  endfacet
  facet normal 0.997858 0 -0.0654233
    outer loop
      vertex 58.58 63.6 17
      vertex 58.5907 59.6 17.1632
      vertex 58.58 59.6 17
    endloop
  endfacet
  facet normal -0.320993 0 -0.947082
    outer loop
      vertex 60.1535 59.6 18.2074
      vertex 60.3084 63.6 18.1549
      vertex 60.3084 59.6 18.1549
    endloop
  endfacet
  facet normal -0.320993 0 -0.947082
    outer loop
      vertex 60.3084 63.6 18.1549
      vertex 60.1535 59.6 18.2074
      vertex 60.1535 63.6 18.2074
    endloop
  endfacet
  facet normal 0.831674 -0 0.555265
    outer loop
      vertex 58.7475 59.6 16.375
      vertex 58.8383 63.6 16.239
      vertex 58.7475 63.6 16.375
    endloop
  endfacet
  facet normal 0.831674 0 0.555265
    outer loop
      vertex 58.8383 63.6 16.239
      vertex 58.7475 59.6 16.375
      vertex 58.8383 59.6 16.239
    endloop
  endfacet
  facet normal 0.320993 0 0.947082
    outer loop
      vertex 59.3516 63.6 15.8451
      vertex 59.5065 59.6 15.7926
      vertex 59.5065 63.6 15.7926
    endloop
  endfacet
  facet normal 0.320993 0 0.947082
    outer loop
      vertex 59.5065 59.6 15.7926
      vertex 59.3516 63.6 15.8451
      vertex 59.3516 59.6 15.8451
    endloop
  endfacet
  facet normal -0.442805 0 0.896618
    outer loop
      vertex 60.3084 63.6 15.8451
      vertex 60.455 59.6 15.9175
      vertex 60.455 63.6 15.9175
    endloop
  endfacet
  facet normal -0.442805 0 0.896618
    outer loop
      vertex 60.455 59.6 15.9175
      vertex 60.3084 63.6 15.8451
      vertex 60.3084 59.6 15.8451
    endloop
  endfacet
  facet normal -0.831674 0 0.555265
    outer loop
      vertex 60.8217 59.6 16.239
      vertex 60.9125 63.6 16.375
      vertex 60.8217 63.6 16.239
    endloop
  endfacet
  facet normal -0.831674 0 0.555265
    outer loop
      vertex 60.9125 63.6 16.375
      vertex 60.8217 59.6 16.239
      vertex 60.9125 59.6 16.375
    endloop
  endfacet
  facet normal -0.0654233 0 0.997858
    outer loop
      vertex 59.83 63.6 15.75
      vertex 59.9932 59.6 15.7607
      vertex 59.9932 63.6 15.7607
    endloop
  endfacet
  facet normal -0.0654233 0 0.997858
    outer loop
      vertex 59.9932 59.6 15.7607
      vertex 59.83 63.6 15.75
      vertex 59.83 59.6 15.75
    endloop
  endfacet
  facet normal -0.555265 0 0.831674
    outer loop
      vertex 60.455 63.6 15.9175
      vertex 60.591 59.6 16.0083
      vertex 60.591 63.6 16.0083
    endloop
  endfacet
  facet normal -0.555265 0 0.831674
    outer loop
      vertex 60.591 59.6 16.0083
      vertex 60.455 63.6 15.9175
      vertex 60.455 59.6 15.9175
    endloop
  endfacet
  facet normal -0.0654233 0 -0.997858
    outer loop
      vertex 59.83 59.6 18.25
      vertex 59.9932 63.6 18.2393
      vertex 59.9932 59.6 18.2393
    endloop
  endfacet
  facet normal -0.0654233 0 -0.997858
    outer loop
      vertex 59.9932 63.6 18.2393
      vertex 59.83 59.6 18.25
      vertex 59.83 63.6 18.25
    endloop
  endfacet
  facet normal 0.980768 -0 0.195175
    outer loop
      vertex 58.5907 59.6 16.8368
      vertex 58.6226 63.6 16.6765
      vertex 58.5907 63.6 16.8368
    endloop
  endfacet
  facet normal 0.980768 0 0.195175
    outer loop
      vertex 58.6226 63.6 16.6765
      vertex 58.5907 59.6 16.8368
      vertex 58.6226 59.6 16.6765
    endloop
  endfacet
  facet normal 0.659414 0 0.75178
    outer loop
      vertex 58.9461 63.6 16.1161
      vertex 59.069 59.6 16.0083
      vertex 59.069 63.6 16.0083
    endloop
  endfacet
  facet normal 0.659414 0 0.75178
    outer loop
      vertex 59.069 59.6 16.0083
      vertex 58.9461 63.6 16.1161
      vertex 58.9461 59.6 16.1161
    endloop
  endfacet
  facet normal -0.997858 0 -0.0654233
    outer loop
      vertex 61.08 59.6 17
      vertex 61.0693 63.6 17.1632
      vertex 61.08 63.6 17
    endloop
  endfacet
  facet normal -0.997858 -0 -0.0654233
    outer loop
      vertex 61.0693 63.6 17.1632
      vertex 61.08 59.6 17
      vertex 61.0693 59.6 17.1632
    endloop
  endfacet
  facet normal -0.320993 0 0.947082
    outer loop
      vertex 60.1535 63.6 15.7926
      vertex 60.3084 59.6 15.8451
      vertex 60.3084 63.6 15.8451
    endloop
  endfacet
  facet normal -0.320993 0 0.947082
    outer loop
      vertex 60.3084 59.6 15.8451
      vertex 60.1535 63.6 15.7926
      vertex 60.1535 59.6 15.7926
    endloop
  endfacet
  facet normal -0.659414 0 0.75178
    outer loop
      vertex 60.591 63.6 16.0083
      vertex 60.7139 59.6 16.1161
      vertex 60.7139 63.6 16.1161
    endloop
  endfacet
  facet normal -0.659414 0 0.75178
    outer loop
      vertex 60.7139 59.6 16.1161
      vertex 60.591 63.6 16.0083
      vertex 60.591 59.6 16.0083
    endloop
  endfacet
  facet normal 0.320993 0 -0.947082
    outer loop
      vertex 59.3516 59.6 18.1549
      vertex 59.5065 63.6 18.2074
      vertex 59.5065 59.6 18.2074
    endloop
  endfacet
  facet normal 0.320993 0 -0.947082
    outer loop
      vertex 59.5065 63.6 18.2074
      vertex 59.3516 59.6 18.1549
      vertex 59.3516 63.6 18.1549
    endloop
  endfacet
  facet normal -0.75178 0 -0.659414
    outer loop
      vertex 60.8217 59.6 17.761
      vertex 60.7139 63.6 17.8839
      vertex 60.8217 63.6 17.761
    endloop
  endfacet
  facet normal -0.75178 -0 -0.659414
    outer loop
      vertex 60.7139 63.6 17.8839
      vertex 60.8217 59.6 17.761
      vertex 60.7139 59.6 17.8839
    endloop
  endfacet
  facet normal -0.195175 0 -0.980768
    outer loop
      vertex 59.9932 59.6 18.2393
      vertex 60.1535 63.6 18.2074
      vertex 60.1535 59.6 18.2074
    endloop
  endfacet
  facet normal -0.195175 0 -0.980768
    outer loop
      vertex 60.1535 63.6 18.2074
      vertex 59.9932 59.6 18.2393
      vertex 59.9932 63.6 18.2393
    endloop
  endfacet
  facet normal 0.442805 0 -0.896618
    outer loop
      vertex 59.205 59.6 18.0825
      vertex 59.3516 63.6 18.1549
      vertex 59.3516 59.6 18.1549
    endloop
  endfacet
  facet normal 0.442805 0 -0.896618
    outer loop
      vertex 59.3516 63.6 18.1549
      vertex 59.205 59.6 18.0825
      vertex 59.205 63.6 18.0825
    endloop
  endfacet
  facet normal 0.195175 0 0.980768
    outer loop
      vertex 59.5065 63.6 15.7926
      vertex 59.6668 59.6 15.7607
      vertex 59.6668 63.6 15.7607
    endloop
  endfacet
  facet normal 0.195175 0 0.980768
    outer loop
      vertex 59.6668 59.6 15.7607
      vertex 59.5065 63.6 15.7926
      vertex 59.5065 59.6 15.7926
    endloop
  endfacet
  facet normal 0.896861 0 -0.442313
    outer loop
      vertex 58.7475 59.6 17.625
      vertex 58.6752 63.6 17.4784
      vertex 58.7475 63.6 17.625
    endloop
  endfacet
  facet normal 0.896861 0 -0.442313
    outer loop
      vertex 58.6752 63.6 17.4784
      vertex 58.7475 59.6 17.625
      vertex 58.6752 59.6 17.4784
    endloop
  endfacet
  facet normal -0.896861 0 -0.442313
    outer loop
      vertex 60.9848 59.6 17.4784
      vertex 60.9125 63.6 17.625
      vertex 60.9848 63.6 17.4784
    endloop
  endfacet
  facet normal -0.896861 -0 -0.442313
    outer loop
      vertex 60.9125 63.6 17.625
      vertex 60.9848 59.6 17.4784
      vertex 60.9125 59.6 17.625
    endloop
  endfacet
  facet normal 0.75178 -0 0.659414
    outer loop
      vertex 58.8383 59.6 16.239
      vertex 58.9461 63.6 16.1161
      vertex 58.8383 63.6 16.239
    endloop
  endfacet
  facet normal 0.75178 0 0.659414
    outer loop
      vertex 58.9461 63.6 16.1161
      vertex 58.8383 59.6 16.239
      vertex 58.9461 59.6 16.1161
    endloop
  endfacet
  facet normal 0.831674 0 -0.555265
    outer loop
      vertex 58.8383 59.6 17.761
      vertex 58.7475 63.6 17.625
      vertex 58.8383 63.6 17.761
    endloop
  endfacet
  facet normal 0.831674 0 -0.555265
    outer loop
      vertex 58.7475 63.6 17.625
      vertex 58.8383 59.6 17.761
      vertex 58.7475 59.6 17.625
    endloop
  endfacet
  facet normal -0.831674 0 -0.555265
    outer loop
      vertex 60.9125 59.6 17.625
      vertex 60.8217 63.6 17.761
      vertex 60.9125 63.6 17.625
    endloop
  endfacet
  facet normal -0.831674 -0 -0.555265
    outer loop
      vertex 60.8217 63.6 17.761
      vertex 60.9125 59.6 17.625
      vertex 60.8217 59.6 17.761
    endloop
  endfacet
  facet normal 0.997858 -0 0.0654233
    outer loop
      vertex 58.58 59.6 17
      vertex 58.5907 63.6 16.8368
      vertex 58.58 63.6 17
    endloop
  endfacet
  facet normal 0.997858 0 0.0654233
    outer loop
      vertex 58.5907 63.6 16.8368
      vertex 58.58 59.6 17
      vertex 58.5907 59.6 16.8368
    endloop
  endfacet
  facet normal 0.195175 0 -0.980768
    outer loop
      vertex 59.5065 59.6 18.2074
      vertex 59.6668 63.6 18.2393
      vertex 59.6668 59.6 18.2393
    endloop
  endfacet
  facet normal 0.195175 0 -0.980768
    outer loop
      vertex 59.6668 63.6 18.2393
      vertex 59.5065 59.6 18.2074
      vertex 59.5065 63.6 18.2074
    endloop
  endfacet
  facet normal 0.555265 0 -0.831674
    outer loop
      vertex 59.069 59.6 17.9917
      vertex 59.205 63.6 18.0825
      vertex 59.205 59.6 18.0825
    endloop
  endfacet
  facet normal 0.555265 0 -0.831674
    outer loop
      vertex 59.205 63.6 18.0825
      vertex 59.069 59.6 17.9917
      vertex 59.069 63.6 17.9917
    endloop
  endfacet
  facet normal -0.896861 0 0.442313
    outer loop
      vertex 60.9125 59.6 16.375
      vertex 60.9848 63.6 16.5216
      vertex 60.9125 63.6 16.375
    endloop
  endfacet
  facet normal -0.896861 0 0.442313
    outer loop
      vertex 60.9848 63.6 16.5216
      vertex 60.9125 59.6 16.375
      vertex 60.9848 59.6 16.5216
    endloop
  endfacet
  facet normal -0.75178 0 0.659414
    outer loop
      vertex 60.7139 59.6 16.1161
      vertex 60.8217 63.6 16.239
      vertex 60.7139 63.6 16.1161
    endloop
  endfacet
  facet normal -0.75178 0 0.659414
    outer loop
      vertex 60.8217 63.6 16.239
      vertex 60.7139 59.6 16.1161
      vertex 60.8217 59.6 16.239
    endloop
  endfacet
  facet normal 0.555265 0 0.831674
    outer loop
      vertex 59.069 63.6 16.0083
      vertex 59.205 59.6 15.9175
      vertex 59.205 63.6 15.9175
    endloop
  endfacet
  facet normal 0.555265 0 0.831674
    outer loop
      vertex 59.205 59.6 15.9175
      vertex 59.069 63.6 16.0083
      vertex 59.069 59.6 16.0083
    endloop
  endfacet
  facet normal -0.946896 0 0.321541
    outer loop
      vertex 60.9848 59.6 16.5216
      vertex 61.0374 63.6 16.6765
      vertex 60.9848 63.6 16.5216
    endloop
  endfacet
  facet normal -0.946896 0 0.321541
    outer loop
      vertex 61.0374 63.6 16.6765
      vertex 60.9848 59.6 16.5216
      vertex 61.0374 59.6 16.6765
    endloop
  endfacet
  facet normal 0.896861 -0 0.442313
    outer loop
      vertex 58.6752 59.6 16.5216
      vertex 58.7475 63.6 16.375
      vertex 58.6752 63.6 16.5216
    endloop
  endfacet
  facet normal 0.896861 0 0.442313
    outer loop
      vertex 58.7475 63.6 16.375
      vertex 58.6752 59.6 16.5216
      vertex 58.7475 59.6 16.375
    endloop
  endfacet
  facet normal -0.659414 0 -0.75178
    outer loop
      vertex 60.591 59.6 17.9917
      vertex 60.7139 63.6 17.8839
      vertex 60.7139 59.6 17.8839
    endloop
  endfacet
  facet normal -0.659414 0 -0.75178
    outer loop
      vertex 60.7139 63.6 17.8839
      vertex 60.591 59.6 17.9917
      vertex 60.591 63.6 17.9917
    endloop
  endfacet
  facet normal 0.0654233 0 0.997858
    outer loop
      vertex 59.6668 63.6 15.7607
      vertex 59.83 59.6 15.75
      vertex 59.83 63.6 15.75
    endloop
  endfacet
  facet normal 0.0654233 0 0.997858
    outer loop
      vertex 59.83 59.6 15.75
      vertex 59.6668 63.6 15.7607
      vertex 59.6668 59.6 15.7607
    endloop
  endfacet
  facet normal 0.659414 0 -0.75178
    outer loop
      vertex 58.9461 59.6 17.8839
      vertex 59.069 63.6 17.9917
      vertex 59.069 59.6 17.9917
    endloop
  endfacet
  facet normal 0.659414 0 -0.75178
    outer loop
      vertex 59.069 63.6 17.9917
      vertex 58.9461 59.6 17.8839
      vertex 58.9461 63.6 17.8839
    endloop
  endfacet
  facet normal -0.555265 0 -0.831674
    outer loop
      vertex 60.455 59.6 18.0825
      vertex 60.591 63.6 17.9917
      vertex 60.591 59.6 17.9917
    endloop
  endfacet
  facet normal -0.555265 0 -0.831674
    outer loop
      vertex 60.591 63.6 17.9917
      vertex 60.455 59.6 18.0825
      vertex 60.455 63.6 18.0825
    endloop
  endfacet
  facet normal -0.980768 0 -0.195175
    outer loop
      vertex 61.0693 59.6 59.8632
      vertex 61.0374 63.6 60.0235
      vertex 61.0693 63.6 59.8632
    endloop
  endfacet
  facet normal -0.980768 -0 -0.195175
    outer loop
      vertex 61.0374 63.6 60.0235
      vertex 61.0693 59.6 59.8632
      vertex 61.0374 59.6 60.0235
    endloop
  endfacet
  facet normal -0.980768 0 0.195175
    outer loop
      vertex 61.0374 59.6 59.3765
      vertex 61.0693 63.6 59.5368
      vertex 61.0374 63.6 59.3765
    endloop
  endfacet
  facet normal -0.980768 0 0.195175
    outer loop
      vertex 61.0693 63.6 59.5368
      vertex 61.0374 59.6 59.3765
      vertex 61.0693 59.6 59.5368
    endloop
  endfacet
  facet normal -0.997858 0 0.0654233
    outer loop
      vertex 61.0693 59.6 59.5368
      vertex 61.08 63.6 59.7
      vertex 61.0693 63.6 59.5368
    endloop
  endfacet
  facet normal -0.997858 0 0.0654233
    outer loop
      vertex 61.08 63.6 59.7
      vertex 61.0693 59.6 59.5368
      vertex 61.08 59.6 59.7
    endloop
  endfacet
  facet normal 0.75178 -0 0.659414
    outer loop
      vertex 58.8383 59.6 58.939
      vertex 58.9461 63.6 58.8161
      vertex 58.8383 63.6 58.939
    endloop
  endfacet
  facet normal 0.75178 0 0.659414
    outer loop
      vertex 58.9461 63.6 58.8161
      vertex 58.8383 59.6 58.939
      vertex 58.9461 59.6 58.8161
    endloop
  endfacet
  facet normal -0.442805 0 -0.896618
    outer loop
      vertex 60.3084 59.6 60.8549
      vertex 60.455 63.6 60.7825
      vertex 60.455 59.6 60.7825
    endloop
  endfacet
  facet normal -0.442805 0 -0.896618
    outer loop
      vertex 60.455 63.6 60.7825
      vertex 60.3084 59.6 60.8549
      vertex 60.3084 63.6 60.8549
    endloop
  endfacet
  facet normal -0.75178 0 0.659414
    outer loop
      vertex 60.7139 59.6 58.8161
      vertex 60.8217 63.6 58.939
      vertex 60.7139 63.6 58.8161
    endloop
  endfacet
  facet normal -0.75178 0 0.659414
    outer loop
      vertex 60.8217 63.6 58.939
      vertex 60.7139 59.6 58.8161
      vertex 60.8217 59.6 58.939
    endloop
  endfacet
  facet normal -0.75178 0 -0.659414
    outer loop
      vertex 60.8217 59.6 60.461
      vertex 60.7139 63.6 60.5839
      vertex 60.8217 63.6 60.461
    endloop
  endfacet
  facet normal -0.75178 -0 -0.659414
    outer loop
      vertex 60.7139 63.6 60.5839
      vertex 60.8217 59.6 60.461
      vertex 60.7139 59.6 60.5839
    endloop
  endfacet
  facet normal -0.442313 0 0.896861
    outer loop
      vertex 60.3084 63.6 58.5452
      vertex 60.455 59.6 58.6175
      vertex 60.455 63.6 58.6175
    endloop
  endfacet
  facet normal -0.442313 0 0.896861
    outer loop
      vertex 60.455 59.6 58.6175
      vertex 60.3084 63.6 58.5452
      vertex 60.3084 59.6 58.5452
    endloop
  endfacet
  facet normal -0.659414 0 0.75178
    outer loop
      vertex 60.591 63.6 58.7083
      vertex 60.7139 59.6 58.8161
      vertex 60.7139 63.6 58.8161
    endloop
  endfacet
  facet normal -0.659414 0 0.75178
    outer loop
      vertex 60.7139 59.6 58.8161
      vertex 60.591 63.6 58.7083
      vertex 60.591 59.6 58.7083
    endloop
  endfacet
  facet normal 0.555265 0 -0.831674
    outer loop
      vertex 59.069 59.6 60.6917
      vertex 59.205 63.6 60.7825
      vertex 59.205 59.6 60.7825
    endloop
  endfacet
  facet normal 0.555265 0 -0.831674
    outer loop
      vertex 59.205 63.6 60.7825
      vertex 59.069 59.6 60.6917
      vertex 59.069 63.6 60.6917
    endloop
  endfacet
  facet normal 0.0654233 0 0.997858
    outer loop
      vertex 59.6668 63.6 58.4607
      vertex 59.83 59.6 58.45
      vertex 59.83 63.6 58.45
    endloop
  endfacet
  facet normal 0.0654233 0 0.997858
    outer loop
      vertex 59.83 59.6 58.45
      vertex 59.6668 63.6 58.4607
      vertex 59.6668 59.6 58.4607
    endloop
  endfacet
  facet normal 0.831674 0 -0.555265
    outer loop
      vertex 58.8383 59.6 60.461
      vertex 58.7475 63.6 60.325
      vertex 58.8383 63.6 60.461
    endloop
  endfacet
  facet normal 0.831674 0 -0.555265
    outer loop
      vertex 58.7475 63.6 60.325
      vertex 58.8383 59.6 60.461
      vertex 58.7475 59.6 60.325
    endloop
  endfacet
  facet normal 0.946896 0 -0.321541
    outer loop
      vertex 58.6752 59.6 60.1784
      vertex 58.6226 63.6 60.0235
      vertex 58.6752 63.6 60.1784
    endloop
  endfacet
  facet normal 0.946896 0 -0.321541
    outer loop
      vertex 58.6226 63.6 60.0235
      vertex 58.6752 59.6 60.1784
      vertex 58.6226 59.6 60.0235
    endloop
  endfacet
  facet normal -0.320993 0 -0.947082
    outer loop
      vertex 60.1535 59.6 60.9074
      vertex 60.3084 63.6 60.8549
      vertex 60.3084 59.6 60.8549
    endloop
  endfacet
  facet normal -0.320993 0 -0.947082
    outer loop
      vertex 60.3084 63.6 60.8549
      vertex 60.1535 59.6 60.9074
      vertex 60.1535 63.6 60.9074
    endloop
  endfacet
  facet normal 0.442805 0 -0.896618
    outer loop
      vertex 59.205 59.6 60.7825
      vertex 59.3516 63.6 60.8549
      vertex 59.3516 59.6 60.8549
    endloop
  endfacet
  facet normal 0.442805 0 -0.896618
    outer loop
      vertex 59.3516 63.6 60.8549
      vertex 59.205 59.6 60.7825
      vertex 59.205 63.6 60.7825
    endloop
  endfacet
  facet normal -0.946896 0 0.321541
    outer loop
      vertex 60.9848 59.6 59.2216
      vertex 61.0374 63.6 59.3765
      vertex 60.9848 63.6 59.2216
    endloop
  endfacet
  facet normal -0.946896 0 0.321541
    outer loop
      vertex 61.0374 63.6 59.3765
      vertex 60.9848 59.6 59.2216
      vertex 61.0374 59.6 59.3765
    endloop
  endfacet
  facet normal -0.831674 0 -0.555265
    outer loop
      vertex 60.9125 59.6 60.325
      vertex 60.8217 63.6 60.461
      vertex 60.9125 63.6 60.325
    endloop
  endfacet
  facet normal -0.831674 -0 -0.555265
    outer loop
      vertex 60.8217 63.6 60.461
      vertex 60.9125 59.6 60.325
      vertex 60.8217 59.6 60.461
    endloop
  endfacet
  facet normal 0.980768 -0 0.195175
    outer loop
      vertex 58.5907 59.6 59.5368
      vertex 58.6226 63.6 59.3765
      vertex 58.5907 63.6 59.5368
    endloop
  endfacet
  facet normal 0.980768 0 0.195175
    outer loop
      vertex 58.6226 63.6 59.3765
      vertex 58.5907 59.6 59.5368
      vertex 58.6226 59.6 59.3765
    endloop
  endfacet
  facet normal -0.0654233 0 0.997858
    outer loop
      vertex 59.83 63.6 58.45
      vertex 59.9932 59.6 58.4607
      vertex 59.9932 63.6 58.4607
    endloop
  endfacet
  facet normal -0.0654233 0 0.997858
    outer loop
      vertex 59.9932 59.6 58.4607
      vertex 59.83 63.6 58.45
      vertex 59.83 59.6 58.45
    endloop
  endfacet
  facet normal -0.831674 0 0.555265
    outer loop
      vertex 60.8217 59.6 58.939
      vertex 60.9125 63.6 59.075
      vertex 60.8217 63.6 58.939
    endloop
  endfacet
  facet normal -0.831674 0 0.555265
    outer loop
      vertex 60.9125 63.6 59.075
      vertex 60.8217 59.6 58.939
      vertex 60.9125 59.6 59.075
    endloop
  endfacet
  facet normal -0.896861 0 -0.442313
    outer loop
      vertex 60.9848 59.6 60.1784
      vertex 60.9125 63.6 60.325
      vertex 60.9848 63.6 60.1784
    endloop
  endfacet
  facet normal -0.896861 -0 -0.442313
    outer loop
      vertex 60.9125 63.6 60.325
      vertex 60.9848 59.6 60.1784
      vertex 60.9125 59.6 60.325
    endloop
  endfacet
  facet normal -0.997858 0 -0.0654233
    outer loop
      vertex 61.08 59.6 59.7
      vertex 61.0693 63.6 59.8632
      vertex 61.08 63.6 59.7
    endloop
  endfacet
  facet normal -0.997858 -0 -0.0654233
    outer loop
      vertex 61.0693 63.6 59.8632
      vertex 61.08 59.6 59.7
      vertex 61.0693 59.6 59.8632
    endloop
  endfacet
  facet normal 0.997858 0 -0.0654233
    outer loop
      vertex 58.5907 59.6 59.8632
      vertex 58.58 63.6 59.7
      vertex 58.5907 63.6 59.8632
    endloop
  endfacet
  facet normal 0.997858 0 -0.0654233
    outer loop
      vertex 58.58 63.6 59.7
      vertex 58.5907 59.6 59.8632
      vertex 58.58 59.6 59.7
    endloop
  endfacet
  facet normal -0.195175 0 -0.980768
    outer loop
      vertex 59.9932 59.6 60.9393
      vertex 60.1535 63.6 60.9074
      vertex 60.1535 59.6 60.9074
    endloop
  endfacet
  facet normal -0.195175 0 -0.980768
    outer loop
      vertex 60.1535 63.6 60.9074
      vertex 59.9932 59.6 60.9393
      vertex 59.9932 63.6 60.9393
    endloop
  endfacet
  facet normal -0.0654233 0 -0.997858
    outer loop
      vertex 59.83 59.6 60.95
      vertex 59.9932 63.6 60.9393
      vertex 59.9932 59.6 60.9393
    endloop
  endfacet
  facet normal -0.0654233 0 -0.997858
    outer loop
      vertex 59.9932 63.6 60.9393
      vertex 59.83 59.6 60.95
      vertex 59.83 63.6 60.95
    endloop
  endfacet
  facet normal -0.555265 0 0.831674
    outer loop
      vertex 60.455 63.6 58.6175
      vertex 60.591 59.6 58.7083
      vertex 60.591 63.6 58.7083
    endloop
  endfacet
  facet normal -0.555265 0 0.831674
    outer loop
      vertex 60.591 59.6 58.7083
      vertex 60.455 63.6 58.6175
      vertex 60.455 59.6 58.6175
    endloop
  endfacet
  facet normal -0.321541 0 0.946896
    outer loop
      vertex 60.1535 63.6 58.4926
      vertex 60.3084 59.6 58.5452
      vertex 60.3084 63.6 58.5452
    endloop
  endfacet
  facet normal -0.321541 0 0.946896
    outer loop
      vertex 60.3084 59.6 58.5452
      vertex 60.1535 63.6 58.4926
      vertex 60.1535 59.6 58.4926
    endloop
  endfacet
  facet normal 0.195175 0 0.980768
    outer loop
      vertex 59.5065 63.6 58.4926
      vertex 59.6668 59.6 58.4607
      vertex 59.6668 63.6 58.4607
    endloop
  endfacet
  facet normal 0.195175 0 0.980768
    outer loop
      vertex 59.6668 59.6 58.4607
      vertex 59.5065 63.6 58.4926
      vertex 59.5065 59.6 58.4926
    endloop
  endfacet
  facet normal -0.946896 0 -0.321541
    outer loop
      vertex 61.0374 59.6 60.0235
      vertex 60.9848 63.6 60.1784
      vertex 61.0374 63.6 60.0235
    endloop
  endfacet
  facet normal -0.946896 -0 -0.321541
    outer loop
      vertex 60.9848 63.6 60.1784
      vertex 61.0374 59.6 60.0235
      vertex 60.9848 59.6 60.1784
    endloop
  endfacet
  facet normal 0.997858 -0 0.0654233
    outer loop
      vertex 58.58 59.6 59.7
      vertex 58.5907 63.6 59.5368
      vertex 58.58 63.6 59.7
    endloop
  endfacet
  facet normal 0.997858 0 0.0654233
    outer loop
      vertex 58.5907 63.6 59.5368
      vertex 58.58 59.6 59.7
      vertex 58.5907 59.6 59.5368
    endloop
  endfacet
  facet normal 0.946896 -0 0.321541
    outer loop
      vertex 58.6226 59.6 59.3765
      vertex 58.6752 63.6 59.2216
      vertex 58.6226 63.6 59.3765
    endloop
  endfacet
  facet normal 0.946896 0 0.321541
    outer loop
      vertex 58.6752 63.6 59.2216
      vertex 58.6226 59.6 59.3765
      vertex 58.6752 59.6 59.2216
    endloop
  endfacet
  facet normal 0.75178 0 -0.659414
    outer loop
      vertex 58.9461 59.6 60.5839
      vertex 58.8383 63.6 60.461
      vertex 58.9461 63.6 60.5839
    endloop
  endfacet
  facet normal 0.75178 0 -0.659414
    outer loop
      vertex 58.8383 63.6 60.461
      vertex 58.9461 59.6 60.5839
      vertex 58.8383 59.6 60.461
    endloop
  endfacet
  facet normal 0.442313 0 0.896861
    outer loop
      vertex 59.205 63.6 58.6175
      vertex 59.3516 59.6 58.5452
      vertex 59.3516 63.6 58.5452
    endloop
  endfacet
  facet normal 0.442313 0 0.896861
    outer loop
      vertex 59.3516 59.6 58.5452
      vertex 59.205 63.6 58.6175
      vertex 59.205 59.6 58.6175
    endloop
  endfacet
  facet normal 0.896861 0 -0.442313
    outer loop
      vertex 58.7475 59.6 60.325
      vertex 58.6752 63.6 60.1784
      vertex 58.7475 63.6 60.325
    endloop
  endfacet
  facet normal 0.896861 0 -0.442313
    outer loop
      vertex 58.6752 63.6 60.1784
      vertex 58.7475 59.6 60.325
      vertex 58.6752 59.6 60.1784
    endloop
  endfacet
  facet normal -0.896861 0 0.442313
    outer loop
      vertex 60.9125 59.6 59.075
      vertex 60.9848 63.6 59.2216
      vertex 60.9125 63.6 59.075
    endloop
  endfacet
  facet normal -0.896861 0 0.442313
    outer loop
      vertex 60.9848 63.6 59.2216
      vertex 60.9125 59.6 59.075
      vertex 60.9848 59.6 59.2216
    endloop
  endfacet
  facet normal -0.195175 0 0.980768
    outer loop
      vertex 59.9932 63.6 58.4607
      vertex 60.1535 59.6 58.4926
      vertex 60.1535 63.6 58.4926
    endloop
  endfacet
  facet normal -0.195175 0 0.980768
    outer loop
      vertex 60.1535 59.6 58.4926
      vertex 59.9932 63.6 58.4607
      vertex 59.9932 59.6 58.4607
    endloop
  endfacet
  facet normal 0.321541 0 0.946896
    outer loop
      vertex 59.3516 63.6 58.5452
      vertex 59.5065 59.6 58.4926
      vertex 59.5065 63.6 58.4926
    endloop
  endfacet
  facet normal 0.321541 0 0.946896
    outer loop
      vertex 59.5065 59.6 58.4926
      vertex 59.3516 63.6 58.5452
      vertex 59.3516 59.6 58.5452
    endloop
  endfacet
  facet normal 0.980768 0 -0.195175
    outer loop
      vertex 58.6226 59.6 60.0235
      vertex 58.5907 63.6 59.8632
      vertex 58.6226 63.6 60.0235
    endloop
  endfacet
  facet normal 0.980768 0 -0.195175
    outer loop
      vertex 58.5907 63.6 59.8632
      vertex 58.6226 59.6 60.0235
      vertex 58.5907 59.6 59.8632
    endloop
  endfacet
  facet normal 0.320993 0 -0.947082
    outer loop
      vertex 59.3516 59.6 60.8549
      vertex 59.5065 63.6 60.9074
      vertex 59.5065 59.6 60.9074
    endloop
  endfacet
  facet normal 0.320993 0 -0.947082
    outer loop
      vertex 59.5065 63.6 60.9074
      vertex 59.3516 59.6 60.8549
      vertex 59.3516 63.6 60.8549
    endloop
  endfacet
  facet normal 0.555265 0 0.831674
    outer loop
      vertex 59.069 63.6 58.7083
      vertex 59.205 59.6 58.6175
      vertex 59.205 63.6 58.6175
    endloop
  endfacet
  facet normal 0.555265 0 0.831674
    outer loop
      vertex 59.205 59.6 58.6175
      vertex 59.069 63.6 58.7083
      vertex 59.069 59.6 58.7083
    endloop
  endfacet
  facet normal 0.896861 -0 0.442313
    outer loop
      vertex 58.6752 59.6 59.2216
      vertex 58.7475 63.6 59.075
      vertex 58.6752 63.6 59.2216
    endloop
  endfacet
  facet normal 0.896861 0 0.442313
    outer loop
      vertex 58.7475 63.6 59.075
      vertex 58.6752 59.6 59.2216
      vertex 58.7475 59.6 59.075
    endloop
  endfacet
  facet normal -0.659414 0 -0.75178
    outer loop
      vertex 60.591 59.6 60.6917
      vertex 60.7139 63.6 60.5839
      vertex 60.7139 59.6 60.5839
    endloop
  endfacet
  facet normal -0.659414 0 -0.75178
    outer loop
      vertex 60.7139 63.6 60.5839
      vertex 60.591 59.6 60.6917
      vertex 60.591 63.6 60.6917
    endloop
  endfacet
  facet normal 0.659414 0 0.75178
    outer loop
      vertex 58.9461 63.6 58.8161
      vertex 59.069 59.6 58.7083
      vertex 59.069 63.6 58.7083
    endloop
  endfacet
  facet normal 0.659414 0 0.75178
    outer loop
      vertex 59.069 59.6 58.7083
      vertex 58.9461 63.6 58.8161
      vertex 58.9461 59.6 58.8161
    endloop
  endfacet
  facet normal 0.195175 0 -0.980768
    outer loop
      vertex 59.5065 59.6 60.9074
      vertex 59.6668 63.6 60.9393
      vertex 59.6668 59.6 60.9393
    endloop
  endfacet
  facet normal 0.195175 0 -0.980768
    outer loop
      vertex 59.6668 63.6 60.9393
      vertex 59.5065 59.6 60.9074
      vertex 59.5065 63.6 60.9074
    endloop
  endfacet
  facet normal 0.659414 0 -0.75178
    outer loop
      vertex 58.9461 59.6 60.5839
      vertex 59.069 63.6 60.6917
      vertex 59.069 59.6 60.6917
    endloop
  endfacet
  facet normal 0.659414 0 -0.75178
    outer loop
      vertex 59.069 63.6 60.6917
      vertex 58.9461 59.6 60.5839
      vertex 58.9461 63.6 60.5839
    endloop
  endfacet
  facet normal 0.0654233 0 -0.997858
    outer loop
      vertex 59.6668 59.6 60.9393
      vertex 59.83 63.6 60.95
      vertex 59.83 59.6 60.95
    endloop
  endfacet
  facet normal 0.0654233 0 -0.997858
    outer loop
      vertex 59.83 63.6 60.95
      vertex 59.6668 59.6 60.9393
      vertex 59.6668 63.6 60.9393
    endloop
  endfacet
  facet normal -0.555265 0 -0.831674
    outer loop
      vertex 60.455 59.6 60.7825
      vertex 60.591 63.6 60.6917
      vertex 60.591 59.6 60.6917
    endloop
  endfacet
  facet normal -0.555265 0 -0.831674
    outer loop
      vertex 60.591 63.6 60.6917
      vertex 60.455 59.6 60.7825
      vertex 60.455 63.6 60.7825
    endloop
  endfacet
  facet normal 0.831674 -0 0.555265
    outer loop
      vertex 58.7475 59.6 59.075
      vertex 58.8383 63.6 58.939
      vertex 58.7475 63.6 59.075
    endloop
  endfacet
  facet normal 0.831674 0 0.555265
    outer loop
      vertex 58.8383 63.6 58.939
      vertex 58.7475 59.6 59.075
      vertex 58.8383 59.6 58.939
    endloop
  endfacet
  facet normal 0.658961 0 0.752177
    outer loop
      vertex 104.739 61.1 20.5701
      vertex 105.182 59.6 20.182
      vertex 105.182 61.1 20.182
    endloop
  endfacet
  facet normal 0.658961 0 0.752177
    outer loop
      vertex 105.182 59.6 20.182
      vertex 104.739 61.1 20.5701
      vertex 104.739 59.6 20.5701
    endloop
  endfacet
  facet normal -0.659298 0 0.751882
    outer loop
      vertex 98.818 61.1 20.182
      vertex 99.2606 59.6 20.5701
      vertex 99.2606 61.1 20.5701
    endloop
  endfacet
  facet normal -0.659298 0 0.751882
    outer loop
      vertex 99.2606 59.6 20.5701
      vertex 98.818 61.1 20.182
      vertex 98.818 59.6 20.182
    endloop
  endfacet
  facet normal -0.194811 0 0.980841
    outer loop
      vertex 100.835 61.1 21.3467
      vertex 101.413 59.6 21.4615
      vertex 101.413 61.1 21.4615
    endloop
  endfacet
  facet normal -0.194811 0 0.980841
    outer loop
      vertex 101.413 59.6 21.4615
      vertex 100.835 61.1 21.3467
      vertex 100.835 59.6 21.3467
    endloop
  endfacet
  facet normal 0.321628 0 0.946866
    outer loop
      vertex 103.165 61.1 21.3467
      vertex 103.722 59.6 21.1575
      vertex 103.722 61.1 21.1575
    endloop
  endfacet
  facet normal 0.321628 0 0.946866
    outer loop
      vertex 103.722 59.6 21.1575
      vertex 103.165 61.1 21.3467
      vertex 103.165 59.6 21.3467
    endloop
  endfacet
  facet normal -0.946936 0 -0.321421
    outer loop
      vertex 97.8425 59.6 15.2779
      vertex 97.6533 61.1 15.8353
      vertex 97.8425 61.1 15.2779
    endloop
  endfacet
  facet normal -0.946936 -0 -0.321421
    outer loop
      vertex 97.6533 61.1 15.8353
      vertex 97.8425 59.6 15.2779
      vertex 97.6533 59.6 15.8353
    endloop
  endfacet
  facet normal -0.896827 0 -0.442382
    outer loop
      vertex 98.1029 59.6 14.75
      vertex 97.8425 61.1 15.2779
      vertex 98.1029 61.1 14.75
    endloop
  endfacet
  facet normal -0.896827 -0 -0.442382
    outer loop
      vertex 97.8425 61.1 15.2779
      vertex 98.1029 59.6 14.75
      vertex 97.8425 59.6 15.2779
    endloop
  endfacet
  facet normal -0.980796 0 -0.195038
    outer loop
      vertex 97.6533 59.6 15.8353
      vertex 97.5385 61.1 16.4126
      vertex 97.6533 61.1 15.8353
    endloop
  endfacet
  facet normal -0.980796 -0 -0.195038
    outer loop
      vertex 97.5385 61.1 16.4126
      vertex 97.6533 59.6 15.8353
      vertex 97.5385 59.6 16.4126
    endloop
  endfacet
  facet normal -0.555562 0 0.831475
    outer loop
      vertex 99.2606 61.1 20.5701
      vertex 99.75 59.6 20.8971
      vertex 99.75 61.1 20.8971
    endloop
  endfacet
  facet normal -0.555562 0 0.831475
    outer loop
      vertex 99.75 59.6 20.8971
      vertex 99.2606 61.1 20.5701
      vertex 99.2606 59.6 20.5701
    endloop
  endfacet
  facet normal -0.946936 0 0.321421
    outer loop
      vertex 97.6533 59.6 18.1647
      vertex 97.8425 61.1 18.7221
      vertex 97.6533 61.1 18.1647
    endloop
  endfacet
  facet normal -0.946936 0 0.321421
    outer loop
      vertex 97.8425 61.1 18.7221
      vertex 97.6533 59.6 18.1647
      vertex 97.8425 59.6 18.7221
    endloop
  endfacet
  facet normal 0.194811 0 0.980841
    outer loop
      vertex 102.587 61.1 21.4615
      vertex 103.165 59.6 21.3467
      vertex 103.165 61.1 21.3467
    endloop
  endfacet
  facet normal 0.194811 0 0.980841
    outer loop
      vertex 103.165 59.6 21.3467
      vertex 102.587 61.1 21.4615
      vertex 102.587 59.6 21.4615
    endloop
  endfacet
  facet normal -0.751897 0 -0.65928
    outer loop
      vertex 98.6584 59.6 14
      vertex 98.4299 61.1 14.2606
      vertex 98.6584 61.1 14
    endloop
  endfacet
  facet normal -0.751897 -0 -0.65928
    outer loop
      vertex 98.4299 61.1 14.2606
      vertex 98.6584 59.6 14
      vertex 98.4299 59.6 14.2606
    endloop
  endfacet
  facet normal -0.442315 0 0.89686
    outer loop
      vertex 99.75 61.1 20.8971
      vertex 100.278 59.6 21.1575
      vertex 100.278 61.1 21.1575
    endloop
  endfacet
  facet normal -0.442315 0 0.89686
    outer loop
      vertex 100.278 59.6 21.1575
      vertex 99.75 61.1 20.8971
      vertex 99.75 59.6 20.8971
    endloop
  endfacet
  facet normal 0.0654471 0 0.997856
    outer loop
      vertex 102 61.1 21.5
      vertex 102.587 59.6 21.4615
      vertex 102.587 61.1 21.4615
    endloop
  endfacet
  facet normal 0.0654471 0 0.997856
    outer loop
      vertex 102.587 59.6 21.4615
      vertex 102 61.1 21.5
      vertex 102 59.6 21.5
    endloop
  endfacet
  facet normal 0.751921 -0 0.659253
    outer loop
      vertex 105.182 59.6 20.182
      vertex 105.5 61.1 19.8193
      vertex 105.182 61.1 20.182
    endloop
  endfacet
  facet normal 0.751921 0 0.659253
    outer loop
      vertex 105.5 61.1 19.8193
      vertex 105.182 59.6 20.182
      vertex 105.5 59.6 19.8193
    endloop
  endfacet
  facet normal -0.896827 0 0.442382
    outer loop
      vertex 97.8425 59.6 18.7221
      vertex 98.1029 61.1 19.25
      vertex 97.8425 61.1 18.7221
    endloop
  endfacet
  facet normal -0.896827 0 0.442382
    outer loop
      vertex 98.1029 61.1 19.25
      vertex 97.8425 59.6 18.7221
      vertex 98.1029 59.6 19.25
    endloop
  endfacet
  facet normal -0.997859 0 0.0654027
    outer loop
      vertex 97.5 59.6 17
      vertex 97.5385 61.1 17.5874
      vertex 97.5 61.1 17
    endloop
  endfacet
  facet normal -0.997859 0 0.0654027
    outer loop
      vertex 97.5385 61.1 17.5874
      vertex 97.5 59.6 17
      vertex 97.5385 59.6 17.5874
    endloop
  endfacet
  facet normal 0.442315 0 0.89686
    outer loop
      vertex 103.722 61.1 21.1575
      vertex 104.25 59.6 20.8971
      vertex 104.25 61.1 20.8971
    endloop
  endfacet
  facet normal 0.442315 0 0.89686
    outer loop
      vertex 104.25 59.6 20.8971
      vertex 103.722 61.1 21.1575
      vertex 103.722 59.6 21.1575
    endloop
  endfacet
  facet normal 0 -1 0
    outer loop
      vertex 101.413 59.6 21.4615
      vertex 101.837 59.6 18.2393
      vertex 102 59.6 18.25
    endloop
  endfacet
  facet normal 0 -1 0
    outer loop
      vertex 98.1029 59.6 19.25
      vertex 101.676 59.6 18.2074
      vertex 101.837 59.6 18.2393
    endloop
  endfacet
  facet normal 0 -1 0
    outer loop
      vertex 100.845 59.6 17.4784
      vertex 97.8425 59.6 18.7221
      vertex 97.6533 59.6 18.1647
    endloop
  endfacet
  facet normal 0 -1 0
    outer loop
      vertex 98.1029 59.6 19.25
      vertex 101.522 59.6 18.1549
      vertex 101.676 59.6 18.2074
    endloop
  endfacet
  facet normal 0 -1 0
    outer loop
      vertex 98.1029 59.6 19.25
      vertex 101.375 59.6 18.0825
      vertex 101.522 59.6 18.1549
    endloop
  endfacet
  facet normal 0 -1 0
    outer loop
      vertex 98.1029 59.6 19.25
      vertex 101.239 59.6 17.9917
      vertex 101.375 59.6 18.0825
    endloop
  endfacet
  facet normal 0 -1 0
    outer loop
      vertex 98.1029 59.6 19.25
      vertex 101.116 59.6 17.8839
      vertex 101.239 59.6 17.9917
    endloop
  endfacet
  facet normal 0 -1 0
    outer loop
      vertex 98.1029 59.6 19.25
      vertex 101.008 59.6 17.761
      vertex 101.116 59.6 17.8839
    endloop
  endfacet
  facet normal 0 -1 0
    outer loop
      vertex 98.1029 59.6 19.25
      vertex 100.917 59.6 17.625
      vertex 101.008 59.6 17.761
    endloop
  endfacet
  facet normal 0 -1 0
    outer loop
      vertex 100.793 59.6 17.3235
      vertex 97.6533 59.6 18.1647
      vertex 97.5385 59.6 17.5874
    endloop
  endfacet
  facet normal 0 -1 0
    outer loop
      vertex 97.8425 59.6 18.7221
      vertex 100.845 59.6 17.4784
      vertex 100.917 59.6 17.625
    endloop
  endfacet
  facet normal 0 -1 0
    outer loop
      vertex 97.6533 59.6 18.1647
      vertex 100.793 59.6 17.3235
      vertex 100.845 59.6 17.4784
    endloop
  endfacet
  facet normal 0 -1 0
    outer loop
      vertex 97.5385 59.6 17.5874
      vertex 100.761 59.6 17.1632
      vertex 100.793 59.6 17.3235
    endloop
  endfacet
  facet normal 0 -1 0
    outer loop
      vertex 97.5 59.6 17
      vertex 100.761 59.6 17.1632
      vertex 97.5385 59.6 17.5874
    endloop
  endfacet
  facet normal 0 -1 0
    outer loop
      vertex 97.5 59.6 17
      vertex 100.75 59.6 17
      vertex 100.761 59.6 17.1632
    endloop
  endfacet
  facet normal 0 -1 0
    outer loop
      vertex 97.5 59.6 17
      vertex 100.761 59.6 16.8368
      vertex 100.75 59.6 17
    endloop
  endfacet
  facet normal 0 -1 0
    outer loop
      vertex 97.5385 59.6 16.4126
      vertex 100.761 59.6 16.8368
      vertex 97.5 59.6 17
    endloop
  endfacet
  facet normal 0 -1 -0
    outer loop
      vertex 100.761 59.6 16.8368
      vertex 97.5385 59.6 16.4126
      vertex 100.793 59.6 16.6765
    endloop
  endfacet
  facet normal 0 -1 0
    outer loop
      vertex 97.6533 59.6 15.8353
      vertex 100.793 59.6 16.6765
      vertex 97.5385 59.6 16.4126
    endloop
  endfacet
  facet normal 0 -1 -0
    outer loop
      vertex 100.793 59.6 16.6765
      vertex 97.6533 59.6 15.8353
      vertex 100.845 59.6 16.5216
    endloop
  endfacet
  facet normal 0 -1 0
    outer loop
      vertex 97.8425 59.6 15.2779
      vertex 100.845 59.6 16.5216
      vertex 97.6533 59.6 15.8353
    endloop
  endfacet
  facet normal 0 -1 -0
    outer loop
      vertex 100.845 59.6 16.5216
      vertex 97.8425 59.6 15.2779
      vertex 100.917 59.6 16.375
    endloop
  endfacet
  facet normal 0 -1 0
    outer loop
      vertex 98.1029 59.6 14.75
      vertex 100.917 59.6 16.375
      vertex 97.8425 59.6 15.2779
    endloop
  endfacet
  facet normal 0 -1 -0
    outer loop
      vertex 100.917 59.6 16.375
      vertex 98.1029 59.6 14.75
      vertex 101.008 59.6 16.239
    endloop
  endfacet
  facet normal 0 -1 0
    outer loop
      vertex 98.4299 59.6 14.2606
      vertex 101.008 59.6 16.239
      vertex 98.1029 59.6 14.75
    endloop
  endfacet
  facet normal 0 -1 0
    outer loop
      vertex 98.6584 59.6 14
      vertex 101.008 59.6 16.239
      vertex 98.4299 59.6 14.2606
    endloop
  endfacet
  facet normal 0 -1 -0
    outer loop
      vertex 101.008 59.6 16.239
      vertex 98.6584 59.6 14
      vertex 101.116 59.6 16.1161
    endloop
  endfacet
  facet normal 0 -1 -0
    outer loop
      vertex 101.116 59.6 16.1161
      vertex 98.6584 59.6 14
      vertex 101.239 59.6 16.0083
    endloop
  endfacet
  facet normal 0 -1 -0
    outer loop
      vertex 101.239 59.6 16.0083
      vertex 98.6584 59.6 14
      vertex 101.375 59.6 15.9175
    endloop
  endfacet
  facet normal 0 -1 -0
    outer loop
      vertex 101.375 59.6 15.9175
      vertex 98.6584 59.6 14
      vertex 101.522 59.6 15.8451
    endloop
  endfacet
  facet normal 0 -1 0
    outer loop
      vertex 102 59.6 18.25
      vertex 102 59.6 21.5
      vertex 101.413 59.6 21.4615
    endloop
  endfacet
  facet normal 0 -1 0
    outer loop
      vertex 101.837 59.6 18.2393
      vertex 101.413 59.6 21.4615
      vertex 100.835 59.6 21.3467
    endloop
  endfacet
  facet normal 0 -1 0
    outer loop
      vertex 102 59.6 21.5
      vertex 102 59.6 18.25
      vertex 102.587 59.6 21.4615
    endloop
  endfacet
  facet normal 0 -1 0
    outer loop
      vertex 101.837 59.6 18.2393
      vertex 100.835 59.6 21.3467
      vertex 100.278 59.6 21.1575
    endloop
  endfacet
  facet normal 0 -1 0
    outer loop
      vertex 102.163 59.6 18.2393
      vertex 102.587 59.6 21.4615
      vertex 102 59.6 18.25
    endloop
  endfacet
  facet normal 0 -1 0
    outer loop
      vertex 101.837 59.6 18.2393
      vertex 100.278 59.6 21.1575
      vertex 99.75 59.6 20.8971
    endloop
  endfacet
  facet normal 0 -1 -0
    outer loop
      vertex 102.587 59.6 21.4615
      vertex 102.163 59.6 18.2393
      vertex 103.165 59.6 21.3467
    endloop
  endfacet
  facet normal 0 -1 0
    outer loop
      vertex 101.837 59.6 18.2393
      vertex 99.75 59.6 20.8971
      vertex 99.2606 59.6 20.5701
    endloop
  endfacet
  facet normal 0 -1 0
    outer loop
      vertex 102.324 59.6 18.2074
      vertex 103.165 59.6 21.3467
      vertex 102.163 59.6 18.2393
    endloop
  endfacet
  facet normal 0 -1 0
    outer loop
      vertex 101.837 59.6 18.2393
      vertex 99.2606 59.6 20.5701
      vertex 98.818 59.6 20.182
    endloop
  endfacet
  facet normal 0 -1 -0
    outer loop
      vertex 103.165 59.6 21.3467
      vertex 102.324 59.6 18.2074
      vertex 103.722 59.6 21.1575
    endloop
  endfacet
  facet normal 0 -1 0
    outer loop
      vertex 102.478 59.6 18.1549
      vertex 103.722 59.6 21.1575
      vertex 102.324 59.6 18.2074
    endloop
  endfacet
  facet normal 0 -1 0
    outer loop
      vertex 101.837 59.6 18.2393
      vertex 98.818 59.6 20.182
      vertex 98.4299 59.6 19.7394
    endloop
  endfacet
  facet normal 0 -1 0
    outer loop
      vertex 101.837 59.6 18.2393
      vertex 98.4299 59.6 19.7394
      vertex 98.1029 59.6 19.25
    endloop
  endfacet
  facet normal 0 -1 0
    outer loop
      vertex 100.917 59.6 17.625
      vertex 98.1029 59.6 19.25
      vertex 97.8425 59.6 18.7221
    endloop
  endfacet
  facet normal 0 -1 -0
    outer loop
      vertex 103.722 59.6 21.1575
      vertex 102.478 59.6 18.1549
      vertex 104.25 59.6 20.8971
    endloop
  endfacet
  facet normal 0 -1 0
    outer loop
      vertex 102.625 59.6 18.0825
      vertex 104.25 59.6 20.8971
      vertex 102.478 59.6 18.1549
    endloop
  endfacet
  facet normal 0 -1 -0
    outer loop
      vertex 104.25 59.6 20.8971
      vertex 102.625 59.6 18.0825
      vertex 104.739 59.6 20.5701
    endloop
  endfacet
  facet normal 0 -1 0
    outer loop
      vertex 102.761 59.6 17.9917
      vertex 104.739 59.6 20.5701
      vertex 102.625 59.6 18.0825
    endloop
  endfacet
  facet normal 0 -1 -0
    outer loop
      vertex 104.739 59.6 20.5701
      vertex 102.761 59.6 17.9917
      vertex 105.182 59.6 20.182
    endloop
  endfacet
  facet normal 0 -1 0
    outer loop
      vertex 102.884 59.6 17.8839
      vertex 105.182 59.6 20.182
      vertex 102.761 59.6 17.9917
    endloop
  endfacet
  facet normal 0 -1 -0
    outer loop
      vertex 105.182 59.6 20.182
      vertex 102.884 59.6 17.8839
      vertex 105.5 59.6 19.8193
    endloop
  endfacet
  facet normal 0 -1 0
    outer loop
      vertex 102.992 59.6 17.761
      vertex 105.5 59.6 19.8193
      vertex 102.884 59.6 17.8839
    endloop
  endfacet
  facet normal 0 -1 0
    outer loop
      vertex 103.083 59.6 17.625
      vertex 105.5 59.6 19.8193
      vertex 102.992 59.6 17.761
    endloop
  endfacet
  facet normal 0 -1 0
    outer loop
      vertex 103.155 59.6 17.4784
      vertex 105.5 59.6 19.8193
      vertex 103.083 59.6 17.625
    endloop
  endfacet
  facet normal 0 -1 0
    outer loop
      vertex 103.207 59.6 17.3235
      vertex 105.5 59.6 19.8193
      vertex 103.155 59.6 17.4784
    endloop
  endfacet
  facet normal 0 -1 0
    outer loop
      vertex 103.239 59.6 17.1632
      vertex 105.5 59.6 19.8193
      vertex 103.207 59.6 17.3235
    endloop
  endfacet
  facet normal 0 -1 0
    outer loop
      vertex 103.25 59.6 17
      vertex 105.5 59.6 19.8193
      vertex 103.239 59.6 17.1632
    endloop
  endfacet
  facet normal 0 -1 0
    outer loop
      vertex 105.5 59.6 14.1807
      vertex 103.25 59.6 17
      vertex 103.239 59.6 16.8368
    endloop
  endfacet
  facet normal 0 -1 0
    outer loop
      vertex 105.5 59.6 14.1807
      vertex 103.239 59.6 16.8368
      vertex 103.207 59.6 16.6765
    endloop
  endfacet
  facet normal 0 -1 0
    outer loop
      vertex 105.5 59.6 14.1807
      vertex 103.207 59.6 16.6765
      vertex 103.155 59.6 16.5216
    endloop
  endfacet
  facet normal 0 -1 0
    outer loop
      vertex 105.5 59.6 14.1807
      vertex 103.155 59.6 16.5216
      vertex 103.083 59.6 16.375
    endloop
  endfacet
  facet normal 0 -1 0
    outer loop
      vertex 105.5 59.6 14.1807
      vertex 103.083 59.6 16.375
      vertex 102.992 59.6 16.239
    endloop
  endfacet
  facet normal 0 -1 -0
    outer loop
      vertex 101.522 59.6 15.8451
      vertex 98.6584 59.6 14
      vertex 101.676 59.6 15.7926
    endloop
  endfacet
  facet normal 0 -1 -0
    outer loop
      vertex 101.676 59.6 15.7926
      vertex 98.6584 59.6 14
      vertex 101.837 59.6 15.7607
    endloop
  endfacet
  facet normal 0 -1 -0
    outer loop
      vertex 101.837 59.6 15.7607
      vertex 98.6584 59.6 14
      vertex 102 59.6 15.75
    endloop
  endfacet
  facet normal 0 -1 0
    outer loop
      vertex 105.342 59.6 14
      vertex 102 59.6 15.75
      vertex 98.6584 59.6 14
    endloop
  endfacet
  facet normal 0 -1 0
    outer loop
      vertex 102 59.6 15.75
      vertex 105.342 59.6 14
      vertex 102.163 59.6 15.7607
    endloop
  endfacet
  facet normal 0 -1 0
    outer loop
      vertex 103.25 59.6 17
      vertex 105.5 59.6 14.1807
      vertex 105.5 59.6 19.8193
    endloop
  endfacet
  facet normal 0 -1 0
    outer loop
      vertex 105.342 59.6 14
      vertex 102.992 59.6 16.239
      vertex 102.884 59.6 16.1161
    endloop
  endfacet
  facet normal 0 -1 0
    outer loop
      vertex 105.342 59.6 14
      vertex 102.884 59.6 16.1161
      vertex 102.761 59.6 16.0083
    endloop
  endfacet
  facet normal 0 -1 0
    outer loop
      vertex 105.342 59.6 14
      vertex 102.761 59.6 16.0083
      vertex 102.625 59.6 15.9175
    endloop
  endfacet
  facet normal 0 -1 0
    outer loop
      vertex 105.342 59.6 14
      vertex 102.625 59.6 15.9175
      vertex 102.478 59.6 15.8451
    endloop
  endfacet
  facet normal 0 -1 0
    outer loop
      vertex 102.163 59.6 15.7607
      vertex 105.342 59.6 14
      vertex 102.324 59.6 15.7926
    endloop
  endfacet
  facet normal 0 -1 0
    outer loop
      vertex 102.324 59.6 15.7926
      vertex 105.342 59.6 14
      vertex 102.478 59.6 15.8451
    endloop
  endfacet
  facet normal 0 -1 0
    outer loop
      vertex 102.992 59.6 16.239
      vertex 105.342 59.6 14
      vertex 105.5 59.6 14.1807
    endloop
  endfacet
  facet normal -0.831475 0 0.555562
    outer loop
      vertex 98.1029 59.6 19.25
      vertex 98.4299 61.1 19.7394
      vertex 98.1029 61.1 19.25
    endloop
  endfacet
  facet normal -0.831475 0 0.555562
    outer loop
      vertex 98.4299 61.1 19.7394
      vertex 98.1029 59.6 19.25
      vertex 98.4299 59.6 19.7394
    endloop
  endfacet
  facet normal -0.0654471 0 0.997856
    outer loop
      vertex 101.413 61.1 21.4615
      vertex 102 59.6 21.5
      vertex 102 61.1 21.5
    endloop
  endfacet
  facet normal -0.0654471 0 0.997856
    outer loop
      vertex 102 59.6 21.5
      vertex 101.413 61.1 21.4615
      vertex 101.413 59.6 21.4615
    endloop
  endfacet
  facet normal 0.752809 0 -0.658239
    outer loop
      vertex 105.5 59.6 14.1807
      vertex 105.342 61.1 14
      vertex 105.5 61.1 14.1807
    endloop
  endfacet
  facet normal 0.752809 0 -0.658239
    outer loop
      vertex 105.342 61.1 14
      vertex 105.5 59.6 14.1807
      vertex 105.342 59.6 14
    endloop
  endfacet
  facet normal 0.555877 0 0.831265
    outer loop
      vertex 104.25 61.1 20.8971
      vertex 104.739 59.6 20.5701
      vertex 104.739 61.1 20.5701
    endloop
  endfacet
  facet normal 0.555877 0 0.831265
    outer loop
      vertex 104.739 59.6 20.5701
      vertex 104.25 61.1 20.8971
      vertex 104.25 59.6 20.8971
    endloop
  endfacet
  facet normal -0.980796 0 0.195038
    outer loop
      vertex 97.5385 59.6 17.5874
      vertex 97.6533 61.1 18.1647
      vertex 97.5385 61.1 17.5874
    endloop
  endfacet
  facet normal -0.980796 0 0.195038
    outer loop
      vertex 97.6533 61.1 18.1647
      vertex 97.5385 59.6 17.5874
      vertex 97.6533 59.6 18.1647
    endloop
  endfacet
  facet normal -0.997859 0 -0.0654027
    outer loop
      vertex 97.5385 59.6 16.4126
      vertex 97.5 61.1 17
      vertex 97.5385 61.1 16.4126
    endloop
  endfacet
  facet normal -0.997859 -0 -0.0654027
    outer loop
      vertex 97.5 61.1 17
      vertex 97.5385 59.6 16.4126
      vertex 97.5 59.6 17
    endloop
  endfacet
  facet normal -0.321628 0 0.946866
    outer loop
      vertex 100.278 61.1 21.1575
      vertex 100.835 59.6 21.3467
      vertex 100.835 61.1 21.3467
    endloop
  endfacet
  facet normal -0.321628 0 0.946866
    outer loop
      vertex 100.835 59.6 21.3467
      vertex 100.278 61.1 21.1575
      vertex 100.278 59.6 21.1575
    endloop
  endfacet
  facet normal -0.751882 0 0.659298
    outer loop
      vertex 98.4299 59.6 19.7394
      vertex 98.818 61.1 20.182
      vertex 98.4299 61.1 19.7394
    endloop
  endfacet
  facet normal -0.751882 0 0.659298
    outer loop
      vertex 98.818 61.1 20.182
      vertex 98.4299 59.6 19.7394
      vertex 98.818 59.6 20.182
    endloop
  endfacet
  facet normal -0.831475 0 -0.555562
    outer loop
      vertex 98.4299 59.6 14.2606
      vertex 98.1029 61.1 14.75
      vertex 98.4299 61.1 14.2606
    endloop
  endfacet
  facet normal -0.831475 -0 -0.555562
    outer loop
      vertex 98.1029 61.1 14.75
      vertex 98.4299 59.6 14.2606
      vertex 98.1029 59.6 14.75
    endloop
  endfacet
  facet normal -0.997859 0 0.0654027
    outer loop
      vertex 97.5 59.6 59.7
      vertex 97.5385 61.1 60.2874
      vertex 97.5 61.1 59.7
    endloop
  endfacet
  facet normal -0.997859 0 0.0654027
    outer loop
      vertex 97.5385 61.1 60.2874
      vertex 97.5 59.6 59.7
      vertex 97.5385 59.6 60.2874
    endloop
  endfacet
  facet normal -0.896827 0 -0.442382
    outer loop
      vertex 98.1029 59.6 57.45
      vertex 97.8425 61.1 57.9779
      vertex 98.1029 61.1 57.45
    endloop
  endfacet
  facet normal -0.896827 -0 -0.442382
    outer loop
      vertex 97.8425 61.1 57.9779
      vertex 98.1029 59.6 57.45
      vertex 97.8425 59.6 57.9779
    endloop
  endfacet
  facet normal -0.555562 0 -0.831475
    outer loop
      vertex 99.2606 59.6 56.1299
      vertex 99.75 61.1 55.8029
      vertex 99.75 59.6 55.8029
    endloop
  endfacet
  facet normal -0.555562 0 -0.831475
    outer loop
      vertex 99.75 61.1 55.8029
      vertex 99.2606 59.6 56.1299
      vertex 99.2606 61.1 56.1299
    endloop
  endfacet
  facet normal 0.442315 0 -0.89686
    outer loop
      vertex 103.722 59.6 55.5425
      vertex 104.25 61.1 55.8029
      vertex 104.25 59.6 55.8029
    endloop
  endfacet
  facet normal 0.442315 0 -0.89686
    outer loop
      vertex 104.25 61.1 55.8029
      vertex 103.722 59.6 55.5425
      vertex 103.722 61.1 55.5425
    endloop
  endfacet
  facet normal 0.194811 0 -0.980841
    outer loop
      vertex 102.587 59.6 55.2385
      vertex 103.165 61.1 55.3533
      vertex 103.165 59.6 55.3533
    endloop
  endfacet
  facet normal 0.194811 0 -0.980841
    outer loop
      vertex 103.165 61.1 55.3533
      vertex 102.587 59.6 55.2385
      vertex 102.587 61.1 55.2385
    endloop
  endfacet
  facet normal -0.659298 0 -0.751882
    outer loop
      vertex 98.818 59.6 56.518
      vertex 99.2606 61.1 56.1299
      vertex 99.2606 59.6 56.1299
    endloop
  endfacet
  facet normal -0.659298 0 -0.751882
    outer loop
      vertex 99.2606 61.1 56.1299
      vertex 98.818 59.6 56.518
      vertex 98.818 61.1 56.518
    endloop
  endfacet
  facet normal 0.0654471 0 -0.997856
    outer loop
      vertex 102 59.6 55.2
      vertex 102.587 61.1 55.2385
      vertex 102.587 59.6 55.2385
    endloop
  endfacet
  facet normal 0.0654471 0 -0.997856
    outer loop
      vertex 102.587 61.1 55.2385
      vertex 102 59.6 55.2
      vertex 102 61.1 55.2
    endloop
  endfacet
  facet normal -0.555562 0 0.831475
    outer loop
      vertex 99.2606 61.2 63.2701
      vertex 99.75 59.6 63.5971
      vertex 99.75 61.2 63.5971
    endloop
  endfacet
  facet normal -0.555562 0 0.831475
    outer loop
      vertex 99.75 59.6 63.5971
      vertex 99.2606 61.2 63.2701
      vertex 99.2606 59.6 63.2701
    endloop
  endfacet
  facet normal -0.831475 0 0.555562
    outer loop
      vertex 98.1029 59.6 61.95
      vertex 98.4299 61.1 62.4394
      vertex 98.1029 61.1 61.95
    endloop
  endfacet
  facet normal -0.831475 0 0.555562
    outer loop
      vertex 98.4299 61.1 62.4394
      vertex 98.1029 59.6 61.95
      vertex 98.4299 59.6 62.4394
    endloop
  endfacet
  facet normal -0.980796 0 -0.195038
    outer loop
      vertex 97.6533 59.6 58.5353
      vertex 97.5385 61.1 59.1126
      vertex 97.6533 61.1 58.5353
    endloop
  endfacet
  facet normal -0.980796 -0 -0.195038
    outer loop
      vertex 97.5385 61.1 59.1126
      vertex 97.6533 59.6 58.5353
      vertex 97.5385 59.6 59.1126
    endloop
  endfacet
  facet normal 0.321628 0 -0.946866
    outer loop
      vertex 103.165 59.6 55.3533
      vertex 103.722 61.1 55.5425
      vertex 103.722 59.6 55.5425
    endloop
  endfacet
  facet normal 0.321628 0 -0.946866
    outer loop
      vertex 103.722 61.1 55.5425
      vertex 103.165 59.6 55.3533
      vertex 103.165 61.1 55.3533
    endloop
  endfacet
  facet normal -0.0654471 0 0.997856
    outer loop
      vertex 101.413 61.2 64.1615
      vertex 102 59.6 64.2
      vertex 102 61.2 64.2
    endloop
  endfacet
  facet normal -0.0654471 0 0.997856
    outer loop
      vertex 102 59.6 64.2
      vertex 101.413 61.2 64.1615
      vertex 101.413 59.6 64.1615
    endloop
  endfacet
  facet normal -0.751882 0 0.659298
    outer loop
      vertex 98.4299 59.6 62.4394
      vertex 98.818 61.1 62.882
      vertex 98.4299 61.1 62.4394
    endloop
  endfacet
  facet normal -0.751882 0 0.659298
    outer loop
      vertex 98.818 61.1 62.882
      vertex 98.4299 59.6 62.4394
      vertex 98.818 59.6 62.882
    endloop
  endfacet
  facet normal 0.555877 0 -0.831265
    outer loop
      vertex 104.25 59.6 55.8029
      vertex 104.739 61.1 56.1299
      vertex 104.739 59.6 56.1299
    endloop
  endfacet
  facet normal 0.555877 0 -0.831265
    outer loop
      vertex 104.739 61.1 56.1299
      vertex 104.25 59.6 55.8029
      vertex 104.25 61.1 55.8029
    endloop
  endfacet
  facet normal -0.442315 0 0.89686
    outer loop
      vertex 99.75 61.2 63.5971
      vertex 100.278 59.6 63.8575
      vertex 100.278 61.2 63.8575
    endloop
  endfacet
  facet normal -0.442315 0 0.89686
    outer loop
      vertex 100.278 59.6 63.8575
      vertex 99.75 61.2 63.5971
      vertex 99.75 59.6 63.5971
    endloop
  endfacet
  facet normal 0.555877 0 0.831265
    outer loop
      vertex 104.25 61.2 63.5971
      vertex 104.739 59.6 63.2701
      vertex 104.739 61.2 63.2701
    endloop
  endfacet
  facet normal 0.555877 0 0.831265
    outer loop
      vertex 104.739 59.6 63.2701
      vertex 104.25 61.2 63.5971
      vertex 104.25 59.6 63.5971
    endloop
  endfacet
  facet normal -0.997859 0 -0.0654027
    outer loop
      vertex 97.5385 59.6 59.1126
      vertex 97.5 61.1 59.7
      vertex 97.5385 61.1 59.1126
    endloop
  endfacet
  facet normal -0.997859 -0 -0.0654027
    outer loop
      vertex 97.5 61.1 59.7
      vertex 97.5385 59.6 59.1126
      vertex 97.5 59.6 59.7
    endloop
  endfacet
  facet normal 0.0654471 0 0.997856
    outer loop
      vertex 102 61.2 64.2
      vertex 102.587 59.6 64.1615
      vertex 102.587 61.2 64.1615
    endloop
  endfacet
  facet normal 0.0654471 0 0.997856
    outer loop
      vertex 102.587 59.6 64.1615
      vertex 102 61.2 64.2
      vertex 102 59.6 64.2
    endloop
  endfacet
  facet normal -0.751882 0 -0.659298
    outer loop
      vertex 98.818 59.6 56.518
      vertex 98.4299 61.1 56.9606
      vertex 98.818 61.1 56.518
    endloop
  endfacet
  facet normal -0.751882 -0 -0.659298
    outer loop
      vertex 98.4299 61.1 56.9606
      vertex 98.818 59.6 56.518
      vertex 98.4299 59.6 56.9606
    endloop
  endfacet
  facet normal -0.980796 0 0.195038
    outer loop
      vertex 97.5385 59.6 60.2874
      vertex 97.6533 61.1 60.8647
      vertex 97.5385 61.1 60.2874
    endloop
  endfacet
  facet normal -0.980796 0 0.195038
    outer loop
      vertex 97.6533 61.1 60.8647
      vertex 97.5385 59.6 60.2874
      vertex 97.6533 59.6 60.8647
    endloop
  endfacet
  facet normal -0.946936 0 -0.321421
    outer loop
      vertex 97.8425 59.6 57.9779
      vertex 97.6533 61.1 58.5353
      vertex 97.8425 61.1 57.9779
    endloop
  endfacet
  facet normal -0.946936 -0 -0.321421
    outer loop
      vertex 97.6533 61.1 58.5353
      vertex 97.8425 59.6 57.9779
      vertex 97.6533 59.6 58.5353
    endloop
  endfacet
  facet normal 0.751921 0 -0.659253
    outer loop
      vertex 105.5 59.6 56.8807
      vertex 105.182 61.1 56.518
      vertex 105.5 61.1 56.8807
    endloop
  endfacet
  facet normal 0.751921 0 -0.659253
    outer loop
      vertex 105.182 61.1 56.518
      vertex 105.5 59.6 56.8807
      vertex 105.182 59.6 56.518
    endloop
  endfacet
  facet normal 0.658961 0 -0.752177
    outer loop
      vertex 104.739 59.6 56.1299
      vertex 105.182 61.1 56.518
      vertex 105.182 59.6 56.518
    endloop
  endfacet
  facet normal 0.658961 0 -0.752177
    outer loop
      vertex 105.182 61.1 56.518
      vertex 104.739 59.6 56.1299
      vertex 104.739 61.1 56.1299
    endloop
  endfacet
  facet normal 0.442315 0 0.89686
    outer loop
      vertex 103.722 61.2 63.8575
      vertex 104.25 59.6 63.5971
      vertex 104.25 61.2 63.5971
    endloop
  endfacet
  facet normal 0.442315 0 0.89686
    outer loop
      vertex 104.25 59.6 63.5971
      vertex 103.722 61.2 63.8575
      vertex 103.722 59.6 63.8575
    endloop
  endfacet
  facet normal 0.659273 0 0.751904
    outer loop
      vertex 104.933 61.2 63.1
      vertex 104.739 61.2 63.2701
      vertex 104.933 61.1 63.1
    endloop
  endfacet
  facet normal 0.658719 0 0.752389
    outer loop
      vertex 104.933 61.1 63.1
      vertex 105.182 59.6 62.882
      vertex 105.182 61.1 62.882
    endloop
  endfacet
  facet normal 0.659273 -0 0.751904
    outer loop
      vertex 104.739 59.6 63.2701
      vertex 104.933 61.1 63.1
      vertex 104.739 61.2 63.2701
    endloop
  endfacet
  facet normal 0.658961 7.11993e-05 0.752177
    outer loop
      vertex 104.933 61.1 63.1
      vertex 104.739 59.6 63.2701
      vertex 105.182 59.6 62.882
    endloop
  endfacet
  facet normal 0 -1 0
    outer loop
      vertex 101.413 59.6 64.1615
      vertex 101.837 59.6 60.9393
      vertex 102 59.6 60.95
    endloop
  endfacet
  facet normal 0 -1 0
    outer loop
      vertex 98.1029 59.6 61.95
      vertex 101.676 59.6 60.9074
      vertex 101.837 59.6 60.9393
    endloop
  endfacet
  facet normal 0 -1 0
    outer loop
      vertex 100.845 59.6 60.1784
      vertex 97.8425 59.6 61.4221
      vertex 97.6533 59.6 60.8647
    endloop
  endfacet
  facet normal 0 -1 0
    outer loop
      vertex 98.1029 59.6 61.95
      vertex 101.522 59.6 60.8549
      vertex 101.676 59.6 60.9074
    endloop
  endfacet
  facet normal 0 -1 0
    outer loop
      vertex 98.1029 59.6 61.95
      vertex 101.375 59.6 60.7825
      vertex 101.522 59.6 60.8549
    endloop
  endfacet
  facet normal 0 -1 0
    outer loop
      vertex 98.1029 59.6 61.95
      vertex 101.239 59.6 60.6917
      vertex 101.375 59.6 60.7825
    endloop
  endfacet
  facet normal 0 -1 0
    outer loop
      vertex 98.1029 59.6 61.95
      vertex 101.116 59.6 60.5839
      vertex 101.239 59.6 60.6917
    endloop
  endfacet
  facet normal 0 -1 0
    outer loop
      vertex 98.1029 59.6 61.95
      vertex 101.008 59.6 60.461
      vertex 101.116 59.6 60.5839
    endloop
  endfacet
  facet normal 0 -1 0
    outer loop
      vertex 98.1029 59.6 61.95
      vertex 100.917 59.6 60.325
      vertex 101.008 59.6 60.461
    endloop
  endfacet
  facet normal 0 -1 0
    outer loop
      vertex 100.793 59.6 60.0235
      vertex 97.6533 59.6 60.8647
      vertex 97.5385 59.6 60.2874
    endloop
  endfacet
  facet normal 0 -1 0
    outer loop
      vertex 97.8425 59.6 61.4221
      vertex 100.845 59.6 60.1784
      vertex 100.917 59.6 60.325
    endloop
  endfacet
  facet normal 0 -1 0
    outer loop
      vertex 97.6533 59.6 60.8647
      vertex 100.793 59.6 60.0235
      vertex 100.845 59.6 60.1784
    endloop
  endfacet
  facet normal 0 -1 0
    outer loop
      vertex 97.5385 59.6 60.2874
      vertex 100.761 59.6 59.8632
      vertex 100.793 59.6 60.0235
    endloop
  endfacet
  facet normal 0 -1 0
    outer loop
      vertex 97.5 59.6 59.7
      vertex 100.761 59.6 59.8632
      vertex 97.5385 59.6 60.2874
    endloop
  endfacet
  facet normal 0 -1 0
    outer loop
      vertex 97.5 59.6 59.7
      vertex 100.75 59.6 59.7
      vertex 100.761 59.6 59.8632
    endloop
  endfacet
  facet normal 0 -1 0
    outer loop
      vertex 97.5 59.6 59.7
      vertex 100.761 59.6 59.5368
      vertex 100.75 59.6 59.7
    endloop
  endfacet
  facet normal 0 -1 0
    outer loop
      vertex 97.5385 59.6 59.1126
      vertex 100.761 59.6 59.5368
      vertex 97.5 59.6 59.7
    endloop
  endfacet
  facet normal 0 -1 -0
    outer loop
      vertex 100.761 59.6 59.5368
      vertex 97.5385 59.6 59.1126
      vertex 100.793 59.6 59.3765
    endloop
  endfacet
  facet normal 0 -1 0
    outer loop
      vertex 97.6533 59.6 58.5353
      vertex 100.793 59.6 59.3765
      vertex 97.5385 59.6 59.1126
    endloop
  endfacet
  facet normal 0 -1 -0
    outer loop
      vertex 100.793 59.6 59.3765
      vertex 97.6533 59.6 58.5353
      vertex 100.845 59.6 59.2216
    endloop
  endfacet
  facet normal 0 -1 0
    outer loop
      vertex 97.8425 59.6 57.9779
      vertex 100.845 59.6 59.2216
      vertex 97.6533 59.6 58.5353
    endloop
  endfacet
  facet normal 0 -1 -0
    outer loop
      vertex 100.845 59.6 59.2216
      vertex 97.8425 59.6 57.9779
      vertex 100.917 59.6 59.075
    endloop
  endfacet
  facet normal 0 -1 0
    outer loop
      vertex 98.1029 59.6 57.45
      vertex 100.917 59.6 59.075
      vertex 97.8425 59.6 57.9779
    endloop
  endfacet
  facet normal 0 -1 -0
    outer loop
      vertex 100.917 59.6 59.075
      vertex 98.1029 59.6 57.45
      vertex 101.008 59.6 58.939
    endloop
  endfacet
  facet normal 0 -1 0
    outer loop
      vertex 98.4299 59.6 56.9606
      vertex 101.008 59.6 58.939
      vertex 98.1029 59.6 57.45
    endloop
  endfacet
  facet normal 0 -1 -0
    outer loop
      vertex 101.008 59.6 58.939
      vertex 98.4299 59.6 56.9606
      vertex 101.116 59.6 58.8161
    endloop
  endfacet
  facet normal 0 -1 0
    outer loop
      vertex 98.818 59.6 56.518
      vertex 101.116 59.6 58.8161
      vertex 98.4299 59.6 56.9606
    endloop
  endfacet
  facet normal 0 -1 -0
    outer loop
      vertex 101.116 59.6 58.8161
      vertex 98.818 59.6 56.518
      vertex 101.239 59.6 58.7083
    endloop
  endfacet
  facet normal 0 -1 0
    outer loop
      vertex 99.2606 59.6 56.1299
      vertex 101.239 59.6 58.7083
      vertex 98.818 59.6 56.518
    endloop
  endfacet
  facet normal 0 -1 -0
    outer loop
      vertex 101.239 59.6 58.7083
      vertex 99.2606 59.6 56.1299
      vertex 101.375 59.6 58.6175
    endloop
  endfacet
  facet normal 0 -1 0
    outer loop
      vertex 102 59.6 60.95
      vertex 102 59.6 64.2
      vertex 101.413 59.6 64.1615
    endloop
  endfacet
  facet normal 0 -1 0
    outer loop
      vertex 101.837 59.6 60.9393
      vertex 101.413 59.6 64.1615
      vertex 100.835 59.6 64.0467
    endloop
  endfacet
  facet normal 0 -1 0
    outer loop
      vertex 102 59.6 64.2
      vertex 102 59.6 60.95
      vertex 102.587 59.6 64.1615
    endloop
  endfacet
  facet normal 0 -1 0
    outer loop
      vertex 101.837 59.6 60.9393
      vertex 100.835 59.6 64.0467
      vertex 100.278 59.6 63.8575
    endloop
  endfacet
  facet normal 0 -1 0
    outer loop
      vertex 102.163 59.6 60.9393
      vertex 102.587 59.6 64.1615
      vertex 102 59.6 60.95
    endloop
  endfacet
  facet normal 0 -1 0
    outer loop
      vertex 101.837 59.6 60.9393
      vertex 100.278 59.6 63.8575
      vertex 99.75 59.6 63.5971
    endloop
  endfacet
  facet normal 0 -1 -0
    outer loop
      vertex 102.587 59.6 64.1615
      vertex 102.163 59.6 60.9393
      vertex 103.165 59.6 64.0467
    endloop
  endfacet
  facet normal 0 -1 0
    outer loop
      vertex 101.837 59.6 60.9393
      vertex 99.75 59.6 63.5971
      vertex 99.2606 59.6 63.2701
    endloop
  endfacet
  facet normal 0 -1 0
    outer loop
      vertex 102.324 59.6 60.9074
      vertex 103.165 59.6 64.0467
      vertex 102.163 59.6 60.9393
    endloop
  endfacet
  facet normal 0 -1 0
    outer loop
      vertex 101.837 59.6 60.9393
      vertex 99.2606 59.6 63.2701
      vertex 98.818 59.6 62.882
    endloop
  endfacet
  facet normal 0 -1 -0
    outer loop
      vertex 103.165 59.6 64.0467
      vertex 102.324 59.6 60.9074
      vertex 103.722 59.6 63.8575
    endloop
  endfacet
  facet normal 0 -1 0
    outer loop
      vertex 102.478 59.6 60.8549
      vertex 103.722 59.6 63.8575
      vertex 102.324 59.6 60.9074
    endloop
  endfacet
  facet normal 0 -1 0
    outer loop
      vertex 101.837 59.6 60.9393
      vertex 98.818 59.6 62.882
      vertex 98.4299 59.6 62.4394
    endloop
  endfacet
  facet normal 0 -1 0
    outer loop
      vertex 101.837 59.6 60.9393
      vertex 98.4299 59.6 62.4394
      vertex 98.1029 59.6 61.95
    endloop
  endfacet
  facet normal 0 -1 0
    outer loop
      vertex 100.917 59.6 60.325
      vertex 98.1029 59.6 61.95
      vertex 97.8425 59.6 61.4221
    endloop
  endfacet
  facet normal 0 -1 -0
    outer loop
      vertex 103.722 59.6 63.8575
      vertex 102.478 59.6 60.8549
      vertex 104.25 59.6 63.5971
    endloop
  endfacet
  facet normal 0 -1 0
    outer loop
      vertex 102.625 59.6 60.7825
      vertex 104.25 59.6 63.5971
      vertex 102.478 59.6 60.8549
    endloop
  endfacet
  facet normal 0 -1 -0
    outer loop
      vertex 104.25 59.6 63.5971
      vertex 102.625 59.6 60.7825
      vertex 104.739 59.6 63.2701
    endloop
  endfacet
  facet normal 0 -1 0
    outer loop
      vertex 102.761 59.6 60.6917
      vertex 104.739 59.6 63.2701
      vertex 102.625 59.6 60.7825
    endloop
  endfacet
  facet normal 0 -1 -0
    outer loop
      vertex 104.739 59.6 63.2701
      vertex 102.761 59.6 60.6917
      vertex 105.182 59.6 62.882
    endloop
  endfacet
  facet normal 0 -1 0
    outer loop
      vertex 102.884 59.6 60.5839
      vertex 105.182 59.6 62.882
      vertex 102.761 59.6 60.6917
    endloop
  endfacet
  facet normal 0 -1 -0
    outer loop
      vertex 105.182 59.6 62.882
      vertex 102.884 59.6 60.5839
      vertex 105.5 59.6 62.5193
    endloop
  endfacet
  facet normal 0 -1 0
    outer loop
      vertex 102.992 59.6 60.461
      vertex 105.5 59.6 62.5193
      vertex 102.884 59.6 60.5839
    endloop
  endfacet
  facet normal 0 -1 0
    outer loop
      vertex 103.083 59.6 60.325
      vertex 105.5 59.6 62.5193
      vertex 102.992 59.6 60.461
    endloop
  endfacet
  facet normal 0 -1 0
    outer loop
      vertex 103.155 59.6 60.1784
      vertex 105.5 59.6 62.5193
      vertex 103.083 59.6 60.325
    endloop
  endfacet
  facet normal 0 -1 0
    outer loop
      vertex 103.207 59.6 60.0235
      vertex 105.5 59.6 62.5193
      vertex 103.155 59.6 60.1784
    endloop
  endfacet
  facet normal 0 -1 0
    outer loop
      vertex 103.239 59.6 59.8632
      vertex 105.5 59.6 62.5193
      vertex 103.207 59.6 60.0235
    endloop
  endfacet
  facet normal 0 -1 0
    outer loop
      vertex 103.25 59.6 59.7
      vertex 105.5 59.6 62.5193
      vertex 103.239 59.6 59.8632
    endloop
  endfacet
  facet normal 0 -1 0
    outer loop
      vertex 105.5 59.6 56.8807
      vertex 103.25 59.6 59.7
      vertex 103.239 59.6 59.5368
    endloop
  endfacet
  facet normal 0 -1 0
    outer loop
      vertex 105.5 59.6 56.8807
      vertex 103.239 59.6 59.5368
      vertex 103.207 59.6 59.3765
    endloop
  endfacet
  facet normal 0 -1 0
    outer loop
      vertex 105.5 59.6 56.8807
      vertex 103.207 59.6 59.3765
      vertex 103.155 59.6 59.2216
    endloop
  endfacet
  facet normal 0 -1 0
    outer loop
      vertex 105.5 59.6 56.8807
      vertex 103.155 59.6 59.2216
      vertex 103.083 59.6 59.075
    endloop
  endfacet
  facet normal 0 -1 0
    outer loop
      vertex 105.5 59.6 56.8807
      vertex 103.083 59.6 59.075
      vertex 102.992 59.6 58.939
    endloop
  endfacet
  facet normal 0 -1 0
    outer loop
      vertex 99.75 59.6 55.8029
      vertex 101.375 59.6 58.6175
      vertex 99.2606 59.6 56.1299
    endloop
  endfacet
  facet normal 0 -1 -0
    outer loop
      vertex 101.375 59.6 58.6175
      vertex 99.75 59.6 55.8029
      vertex 101.522 59.6 58.5452
    endloop
  endfacet
  facet normal 0 -1 0
    outer loop
      vertex 100.278 59.6 55.5425
      vertex 101.522 59.6 58.5452
      vertex 99.75 59.6 55.8029
    endloop
  endfacet
  facet normal 0 -1 -0
    outer loop
      vertex 101.522 59.6 58.5452
      vertex 100.278 59.6 55.5425
      vertex 101.676 59.6 58.4926
    endloop
  endfacet
  facet normal 0 -1 0
    outer loop
      vertex 100.835 59.6 55.3533
      vertex 101.676 59.6 58.4926
      vertex 100.278 59.6 55.5425
    endloop
  endfacet
  facet normal 0 -1 0
    outer loop
      vertex 103.25 59.6 59.7
      vertex 105.5 59.6 56.8807
      vertex 105.5 59.6 62.5193
    endloop
  endfacet
  facet normal 0 -1 0
    outer loop
      vertex 102.884 59.6 58.8161
      vertex 105.5 59.6 56.8807
      vertex 102.992 59.6 58.939
    endloop
  endfacet
  facet normal 0 -1 0
    outer loop
      vertex 105.182 59.6 56.518
      vertex 102.884 59.6 58.8161
      vertex 102.761 59.6 58.7083
    endloop
  endfacet
  facet normal 0 -1 0
    outer loop
      vertex 104.739 59.6 56.1299
      vertex 102.761 59.6 58.7083
      vertex 102.625 59.6 58.6175
    endloop
  endfacet
  facet normal 0 -1 0
    outer loop
      vertex 104.25 59.6 55.8029
      vertex 102.625 59.6 58.6175
      vertex 102.478 59.6 58.5452
    endloop
  endfacet
  facet normal 0 -1 -0
    outer loop
      vertex 101.676 59.6 58.4926
      vertex 100.835 59.6 55.3533
      vertex 101.837 59.6 58.4607
    endloop
  endfacet
  facet normal 0 -1 0
    outer loop
      vertex 101.413 59.6 55.2385
      vertex 101.837 59.6 58.4607
      vertex 100.835 59.6 55.3533
    endloop
  endfacet
  facet normal 0 -1 -0
    outer loop
      vertex 101.837 59.6 58.4607
      vertex 101.413 59.6 55.2385
      vertex 102 59.6 58.45
    endloop
  endfacet
  facet normal 0 -1 0
    outer loop
      vertex 102.761 59.6 58.7083
      vertex 104.739 59.6 56.1299
      vertex 105.182 59.6 56.518
    endloop
  endfacet
  facet normal 0 -1 0
    outer loop
      vertex 102.884 59.6 58.8161
      vertex 105.182 59.6 56.518
      vertex 105.5 59.6 56.8807
    endloop
  endfacet
  facet normal 0 -1 0
    outer loop
      vertex 102 59.6 55.2
      vertex 102 59.6 58.45
      vertex 101.413 59.6 55.2385
    endloop
  endfacet
  facet normal 0 -1 0
    outer loop
      vertex 102.625 59.6 58.6175
      vertex 104.25 59.6 55.8029
      vertex 104.739 59.6 56.1299
    endloop
  endfacet
  facet normal 0 -1 0
    outer loop
      vertex 102 59.6 58.45
      vertex 102 59.6 55.2
      vertex 102.163 59.6 58.4607
    endloop
  endfacet
  facet normal 0 -1 0
    outer loop
      vertex 102.478 59.6 58.5452
      vertex 103.722 59.6 55.5425
      vertex 104.25 59.6 55.8029
    endloop
  endfacet
  facet normal -0 -1 0
    outer loop
      vertex 102.587 59.6 55.2385
      vertex 102.163 59.6 58.4607
      vertex 102 59.6 55.2
    endloop
  endfacet
  facet normal 0 -1 0
    outer loop
      vertex 102.478 59.6 58.5452
      vertex 103.165 59.6 55.3533
      vertex 103.722 59.6 55.5425
    endloop
  endfacet
  facet normal 0 -1 0
    outer loop
      vertex 102.163 59.6 58.4607
      vertex 102.587 59.6 55.2385
      vertex 102.324 59.6 58.4926
    endloop
  endfacet
  facet normal 0 -1 0
    outer loop
      vertex 102.324 59.6 58.4926
      vertex 103.165 59.6 55.3533
      vertex 102.478 59.6 58.5452
    endloop
  endfacet
  facet normal -0 -1 0
    outer loop
      vertex 103.165 59.6 55.3533
      vertex 102.324 59.6 58.4926
      vertex 102.587 59.6 55.2385
    endloop
  endfacet
  facet normal -0.194811 0 -0.980841
    outer loop
      vertex 100.835 59.6 55.3533
      vertex 101.413 61.1 55.2385
      vertex 101.413 59.6 55.2385
    endloop
  endfacet
  facet normal -0.194811 0 -0.980841
    outer loop
      vertex 101.413 61.1 55.2385
      vertex 100.835 59.6 55.3533
      vertex 100.835 61.1 55.3533
    endloop
  endfacet
  facet normal -0.896827 0 0.442382
    outer loop
      vertex 97.8425 59.6 61.4221
      vertex 98.1029 61.1 61.95
      vertex 97.8425 61.1 61.4221
    endloop
  endfacet
  facet normal -0.896827 0 0.442382
    outer loop
      vertex 98.1029 61.1 61.95
      vertex 97.8425 59.6 61.4221
      vertex 98.1029 59.6 61.95
    endloop
  endfacet
  facet normal 0.194811 0 0.980841
    outer loop
      vertex 102.587 61.2 64.1615
      vertex 103.165 59.6 64.0467
      vertex 103.165 61.2 64.0467
    endloop
  endfacet
  facet normal 0.194811 0 0.980841
    outer loop
      vertex 103.165 59.6 64.0467
      vertex 102.587 61.2 64.1615
      vertex 102.587 59.6 64.1615
    endloop
  endfacet
  facet normal -0.321628 0 -0.946866
    outer loop
      vertex 100.278 59.6 55.5425
      vertex 100.835 61.1 55.3533
      vertex 100.835 59.6 55.3533
    endloop
  endfacet
  facet normal -0.321628 0 -0.946866
    outer loop
      vertex 100.835 61.1 55.3533
      vertex 100.278 59.6 55.5425
      vertex 100.278 61.1 55.5425
    endloop
  endfacet
  facet normal 0.751921 -0 0.659253
    outer loop
      vertex 105.182 59.6 62.882
      vertex 105.5 61.1 62.5193
      vertex 105.182 61.1 62.882
    endloop
  endfacet
  facet normal 0.751921 0 0.659253
    outer loop
      vertex 105.5 61.1 62.5193
      vertex 105.182 59.6 62.882
      vertex 105.5 59.6 62.5193
    endloop
  endfacet
  facet normal 0 1 0
    outer loop
      vertex 102.587 61.2 64.1615
      vertex 101.413 61.2 64.1615
      vertex 102 61.2 64.2
    endloop
  endfacet
  facet normal 0 1 0
    outer loop
      vertex 103.165 61.2 64.0467
      vertex 101.413 61.2 64.1615
      vertex 102.587 61.2 64.1615
    endloop
  endfacet
  facet normal 0 1 0
    outer loop
      vertex 103.165 61.2 64.0467
      vertex 100.835 61.2 64.0467
      vertex 101.413 61.2 64.1615
    endloop
  endfacet
  facet normal 0 1 0
    outer loop
      vertex 103.722 61.2 63.8575
      vertex 100.835 61.2 64.0467
      vertex 103.165 61.2 64.0467
    endloop
  endfacet
  facet normal 0 1 0
    outer loop
      vertex 103.722 61.2 63.8575
      vertex 100.278 61.2 63.8575
      vertex 100.835 61.2 64.0467
    endloop
  endfacet
  facet normal 0 1 0
    outer loop
      vertex 104.25 61.2 63.5971
      vertex 100.278 61.2 63.8575
      vertex 103.722 61.2 63.8575
    endloop
  endfacet
  facet normal 0 1 0
    outer loop
      vertex 104.25 61.2 63.5971
      vertex 99.75 61.2 63.5971
      vertex 100.278 61.2 63.8575
    endloop
  endfacet
  facet normal 0 1 0
    outer loop
      vertex 104.933 61.2 63.1
      vertex 104.25 61.2 63.5971
      vertex 104.739 61.2 63.2701
    endloop
  endfacet
  facet normal 0 1 0
    outer loop
      vertex 104.25 61.2 63.5971
      vertex 104.933 61.2 63.1
      vertex 99.75 61.2 63.5971
    endloop
  endfacet
  facet normal 0 1 0
    outer loop
      vertex 99.0666 61.2 63.1
      vertex 99.75 61.2 63.5971
      vertex 104.933 61.2 63.1
    endloop
  endfacet
  facet normal 0 1 0
    outer loop
      vertex 99.75 61.2 63.5971
      vertex 99.0666 61.2 63.1
      vertex 99.2606 61.2 63.2701
    endloop
  endfacet
  facet normal 0.321628 0 0.946866
    outer loop
      vertex 103.165 61.2 64.0467
      vertex 103.722 59.6 63.8575
      vertex 103.722 61.2 63.8575
    endloop
  endfacet
  facet normal 0.321628 0 0.946866
    outer loop
      vertex 103.722 59.6 63.8575
      vertex 103.165 61.2 64.0467
      vertex 103.165 59.6 64.0467
    endloop
  endfacet
  facet normal -0.442315 0 -0.89686
    outer loop
      vertex 99.75 59.6 55.8029
      vertex 100.278 61.1 55.5425
      vertex 100.278 59.6 55.5425
    endloop
  endfacet
  facet normal -0.442315 0 -0.89686
    outer loop
      vertex 100.278 61.1 55.5425
      vertex 99.75 59.6 55.8029
      vertex 99.75 61.1 55.8029
    endloop
  endfacet
  facet normal -0.946936 0 0.321421
    outer loop
      vertex 97.6533 59.6 60.8647
      vertex 97.8425 61.1 61.4221
      vertex 97.6533 61.1 60.8647
    endloop
  endfacet
  facet normal -0.946936 0 0.321421
    outer loop
      vertex 97.8425 61.1 61.4221
      vertex 97.6533 59.6 60.8647
      vertex 97.8425 59.6 61.4221
    endloop
  endfacet
  facet normal -0.321628 0 0.946866
    outer loop
      vertex 100.278 61.2 63.8575
      vertex 100.835 59.6 64.0467
      vertex 100.835 61.2 64.0467
    endloop
  endfacet
  facet normal -0.321628 0 0.946866
    outer loop
      vertex 100.835 59.6 64.0467
      vertex 100.278 61.2 63.8575
      vertex 100.278 59.6 63.8575
    endloop
  endfacet
  facet normal -0.0654471 0 -0.997856
    outer loop
      vertex 101.413 59.6 55.2385
      vertex 102 61.1 55.2
      vertex 102 59.6 55.2
    endloop
  endfacet
  facet normal -0.0654471 0 -0.997856
    outer loop
      vertex 102 61.1 55.2
      vertex 101.413 59.6 55.2385
      vertex 101.413 61.1 55.2385
    endloop
  endfacet
  facet normal -0.194811 0 0.980841
    outer loop
      vertex 100.835 61.2 64.0467
      vertex 101.413 59.6 64.1615
      vertex 101.413 61.2 64.1615
    endloop
  endfacet
  facet normal -0.194811 0 0.980841
    outer loop
      vertex 101.413 59.6 64.1615
      vertex 100.835 61.2 64.0467
      vertex 100.835 59.6 64.0467
    endloop
  endfacet
  facet normal -0.831475 0 -0.555562
    outer loop
      vertex 98.4299 59.6 56.9606
      vertex 98.1029 61.1 57.45
      vertex 98.4299 61.1 56.9606
    endloop
  endfacet
  facet normal -0.831475 -0 -0.555562
    outer loop
      vertex 98.1029 61.1 57.45
      vertex 98.4299 59.6 56.9606
      vertex 98.1029 59.6 57.45
    endloop
  endfacet
  facet normal -0.659273 0 0.751904
    outer loop
      vertex 99.0666 61.1 63.1
      vertex 99.2606 61.2 63.2701
      vertex 99.0666 61.2 63.1
    endloop
  endfacet
  facet normal -0.659273 0 0.751904
    outer loop
      vertex 99.2606 61.2 63.2701
      vertex 99.0666 61.1 63.1
      vertex 99.2606 59.6 63.2701
    endloop
  endfacet
  facet normal -0.659318 0 0.751864
    outer loop
      vertex 98.818 59.6 62.882
      vertex 99.0666 61.1 63.1
      vertex 98.818 61.1 62.882
    endloop
  endfacet
  facet normal -0.659298 -5.82117e-06 0.751882
    outer loop
      vertex 99.0666 61.1 63.1
      vertex 98.818 59.6 62.882
      vertex 99.2606 59.6 63.2701
    endloop
  endfacet
  facet normal 0 0 1
    outer loop
      vertex 105.5 63.6 63.1
      vertex 104.933 61.2 63.1
      vertex 105.5 61.1 63.1
    endloop
  endfacet
  facet normal 0 0 1
    outer loop
      vertex 105.5 63.6 63.1
      vertex 99.0666 61.2 63.1
      vertex 104.933 61.2 63.1
    endloop
  endfacet
  facet normal -0 0 1
    outer loop
      vertex 96 63.6 63.1
      vertex 99.0666 61.2 63.1
      vertex 105.5 63.6 63.1
    endloop
  endfacet
  facet normal 0 0 1
    outer loop
      vertex 96 61.1 63.1
      vertex 99.0666 61.2 63.1
      vertex 96 63.6 63.1
    endloop
  endfacet
  facet normal 0 0 1
    outer loop
      vertex 99.0666 61.2 63.1
      vertex 96 61.1 63.1
      vertex 99.0666 61.1 63.1
    endloop
  endfacet
  facet normal 0 0 1
    outer loop
      vertex 105.5 61.1 63.1
      vertex 104.933 61.2 63.1
      vertex 104.933 61.1 63.1
    endloop
  endfacet
  facet normal -1 0 0
    outer loop
      vertex 96 61.1 14
      vertex 96 63.6 63.1
      vertex 96 63.6 14
    endloop
  endfacet
  facet normal -1 -0 0
    outer loop
      vertex 96 63.6 63.1
      vertex 96 61.1 14
      vertex 96 61.1 63.1
    endloop
  endfacet
  facet normal 0 -1 0
    outer loop
      vertex 96 61.1 63.1
      vertex 98.818 61.1 62.882
      vertex 99.0666 61.1 63.1
    endloop
  endfacet
  facet normal 0 -1 0
    outer loop
      vertex 96 61.1 63.1
      vertex 98.4299 61.1 62.4394
      vertex 98.818 61.1 62.882
    endloop
  endfacet
  facet normal 0 -1 0
    outer loop
      vertex 96 61.1 63.1
      vertex 98.1029 61.1 61.95
      vertex 98.4299 61.1 62.4394
    endloop
  endfacet
  facet normal 0 -1 0
    outer loop
      vertex 96 61.1 63.1
      vertex 97.8425 61.1 61.4221
      vertex 98.1029 61.1 61.95
    endloop
  endfacet
  facet normal 0 -1 0
    outer loop
      vertex 96 61.1 63.1
      vertex 97.6533 61.1 60.8647
      vertex 97.8425 61.1 61.4221
    endloop
  endfacet
  facet normal 0 -1 0
    outer loop
      vertex 96 61.1 63.1
      vertex 97.5385 61.1 60.2874
      vertex 97.6533 61.1 60.8647
    endloop
  endfacet
  facet normal 0 -1 0
    outer loop
      vertex 96 61.1 63.1
      vertex 97.5 61.1 59.7
      vertex 97.5385 61.1 60.2874
    endloop
  endfacet
  facet normal 0 -1 0
    outer loop
      vertex 96 61.1 63.1
      vertex 97.5385 61.1 59.1126
      vertex 97.5 61.1 59.7
    endloop
  endfacet
  facet normal 0 -1 0
    outer loop
      vertex 96 61.1 63.1
      vertex 97.6533 61.1 58.5353
      vertex 97.5385 61.1 59.1126
    endloop
  endfacet
  facet normal 0 -1 0
    outer loop
      vertex 96 61.1 14
      vertex 97.6533 61.1 58.5353
      vertex 96 61.1 63.1
    endloop
  endfacet
  facet normal 0 -1 0
    outer loop
      vertex 101.413 61.1 55.2385
      vertex 102 61.1 21.5
      vertex 102 61.1 55.2
    endloop
  endfacet
  facet normal 0 -1 0
    outer loop
      vertex 101.413 61.1 21.4615
      vertex 101.413 61.1 55.2385
      vertex 100.835 61.1 55.3533
    endloop
  endfacet
  facet normal 0 -1 0
    outer loop
      vertex 100.835 61.1 21.3467
      vertex 100.835 61.1 55.3533
      vertex 100.278 61.1 55.5425
    endloop
  endfacet
  facet normal 0 -1 0
    outer loop
      vertex 100.278 61.1 21.1575
      vertex 100.278 61.1 55.5425
      vertex 99.75 61.1 55.8029
    endloop
  endfacet
  facet normal 0 -1 0
    outer loop
      vertex 99.75 61.1 20.8971
      vertex 99.75 61.1 55.8029
      vertex 99.2606 61.1 56.1299
    endloop
  endfacet
  facet normal 0 -1 0
    outer loop
      vertex 99.2606 61.1 20.5701
      vertex 99.2606 61.1 56.1299
      vertex 98.818 61.1 56.518
    endloop
  endfacet
  facet normal 0 -1 0
    outer loop
      vertex 98.818 61.1 20.182
      vertex 98.818 61.1 56.518
      vertex 98.4299 61.1 56.9606
    endloop
  endfacet
  facet normal 0 -1 0
    outer loop
      vertex 98.4299 61.1 19.7394
      vertex 98.4299 61.1 56.9606
      vertex 98.1029 61.1 57.45
    endloop
  endfacet
  facet normal 0 -1 0
    outer loop
      vertex 98.1029 61.1 19.25
      vertex 98.1029 61.1 57.45
      vertex 97.8425 61.1 57.9779
    endloop
  endfacet
  facet normal 0 -1 -0
    outer loop
      vertex 97.6533 61.1 58.5353
      vertex 96 61.1 14
      vertex 97.8425 61.1 57.9779
    endloop
  endfacet
  facet normal 0 -1 0
    outer loop
      vertex 101.413 61.1 55.2385
      vertex 101.413 61.1 21.4615
      vertex 102 61.1 21.5
    endloop
  endfacet
  facet normal 0 -1 0
    outer loop
      vertex 100.835 61.1 55.3533
      vertex 100.835 61.1 21.3467
      vertex 101.413 61.1 21.4615
    endloop
  endfacet
  facet normal 0 -1 0
    outer loop
      vertex 100.278 61.1 55.5425
      vertex 100.278 61.1 21.1575
      vertex 100.835 61.1 21.3467
    endloop
  endfacet
  facet normal 0 -1 0
    outer loop
      vertex 99.75 61.1 55.8029
      vertex 99.75 61.1 20.8971
      vertex 100.278 61.1 21.1575
    endloop
  endfacet
  facet normal 0 -1 0
    outer loop
      vertex 99.2606 61.1 56.1299
      vertex 99.2606 61.1 20.5701
      vertex 99.75 61.1 20.8971
    endloop
  endfacet
  facet normal 0 -1 0
    outer loop
      vertex 98.818 61.1 56.518
      vertex 98.818 61.1 20.182
      vertex 99.2606 61.1 20.5701
    endloop
  endfacet
  facet normal 0 -1 0
    outer loop
      vertex 98.4299 61.1 56.9606
      vertex 98.4299 61.1 19.7394
      vertex 98.818 61.1 20.182
    endloop
  endfacet
  facet normal 0 -1 0
    outer loop
      vertex 98.1029 61.1 57.45
      vertex 98.1029 61.1 19.25
      vertex 98.4299 61.1 19.7394
    endloop
  endfacet
  facet normal 0 -1 0
    outer loop
      vertex 97.8425 61.1 57.9779
      vertex 97.8425 61.1 18.7221
      vertex 98.1029 61.1 19.25
    endloop
  endfacet
  facet normal 0 -1 -0
    outer loop
      vertex 97.8425 61.1 57.9779
      vertex 97.6533 61.1 18.1647
      vertex 97.8425 61.1 18.7221
    endloop
  endfacet
  facet normal 0 -1 0
    outer loop
      vertex 97.8425 61.1 57.9779
      vertex 96 61.1 14
      vertex 97.6533 61.1 18.1647
    endloop
  endfacet
  facet normal 0 -1 0
    outer loop
      vertex 97.6533 61.1 18.1647
      vertex 96 61.1 14
      vertex 97.5385 61.1 17.5874
    endloop
  endfacet
  facet normal 0 -1 0
    outer loop
      vertex 97.5385 61.1 17.5874
      vertex 96 61.1 14
      vertex 97.5 61.1 17
    endloop
  endfacet
  facet normal 0 -1 0
    outer loop
      vertex 96 61.1 14
      vertex 97.5385 61.1 16.4126
      vertex 97.5 61.1 17
    endloop
  endfacet
  facet normal 0 -1 0
    outer loop
      vertex 96 61.1 14
      vertex 97.6533 61.1 15.8353
      vertex 97.5385 61.1 16.4126
    endloop
  endfacet
  facet normal 0 -1 0
    outer loop
      vertex 96 61.1 14
      vertex 97.8425 61.1 15.2779
      vertex 97.6533 61.1 15.8353
    endloop
  endfacet
  facet normal 0 -1 0
    outer loop
      vertex 96 61.1 14
      vertex 98.1029 61.1 14.75
      vertex 97.8425 61.1 15.2779
    endloop
  endfacet
  facet normal 0 -1 0
    outer loop
      vertex 96 61.1 14
      vertex 98.4299 61.1 14.2606
      vertex 98.1029 61.1 14.75
    endloop
  endfacet
  facet normal 0 -1 -0
    outer loop
      vertex 98.4299 61.1 14.2606
      vertex 96 61.1 14
      vertex 98.6584 61.1 14
    endloop
  endfacet
  facet normal 0 -1 0
    outer loop
      vertex 102 61.1 21.5
      vertex 102.587 61.1 55.2385
      vertex 102 61.1 55.2
    endloop
  endfacet
  facet normal 0 -1 0
    outer loop
      vertex 102.587 61.1 21.4615
      vertex 102.587 61.1 55.2385
      vertex 102 61.1 21.5
    endloop
  endfacet
  facet normal 0 -1 0
    outer loop
      vertex 102.587 61.1 55.2385
      vertex 102.587 61.1 21.4615
      vertex 103.165 61.1 55.3533
    endloop
  endfacet
  facet normal 0 -1 0
    outer loop
      vertex 103.165 61.1 21.3467
      vertex 103.165 61.1 55.3533
      vertex 102.587 61.1 21.4615
    endloop
  endfacet
  facet normal 0 -1 0
    outer loop
      vertex 103.165 61.1 55.3533
      vertex 103.165 61.1 21.3467
      vertex 103.722 61.1 55.5425
    endloop
  endfacet
  facet normal 0 -1 0
    outer loop
      vertex 103.722 61.1 21.1575
      vertex 103.722 61.1 55.5425
      vertex 103.165 61.1 21.3467
    endloop
  endfacet
  facet normal 0 -1 0
    outer loop
      vertex 103.722 61.1 55.5425
      vertex 103.722 61.1 21.1575
      vertex 104.25 61.1 55.8029
    endloop
  endfacet
  facet normal 0 -1 0
    outer loop
      vertex 104.25 61.1 20.8971
      vertex 104.25 61.1 55.8029
      vertex 103.722 61.1 21.1575
    endloop
  endfacet
  facet normal 0 -1 0
    outer loop
      vertex 104.25 61.1 55.8029
      vertex 104.25 61.1 20.8971
      vertex 104.739 61.1 56.1299
    endloop
  endfacet
  facet normal 0 -1 0
    outer loop
      vertex 104.739 61.1 20.5701
      vertex 104.739 61.1 56.1299
      vertex 104.25 61.1 20.8971
    endloop
  endfacet
  facet normal 0 -1 0
    outer loop
      vertex 104.739 61.1 56.1299
      vertex 104.739 61.1 20.5701
      vertex 105.182 61.1 56.518
    endloop
  endfacet
  facet normal 0 -1 0
    outer loop
      vertex 105.182 61.1 20.182
      vertex 105.182 61.1 56.518
      vertex 104.739 61.1 20.5701
    endloop
  endfacet
  facet normal 0 -1 0
    outer loop
      vertex 105.182 61.1 56.518
      vertex 105.182 61.1 20.182
      vertex 105.5 61.1 56.8807
    endloop
  endfacet
  facet normal 0 -1 -0
    outer loop
      vertex 105.5 61.1 56.8807
      vertex 105.182 61.1 20.182
      vertex 105.5 61.1 19.8193
    endloop
  endfacet
  facet normal 0 -1 0
    outer loop
      vertex 105.182 61.1 62.882
      vertex 105.5 61.1 63.1
      vertex 104.933 61.1 63.1
    endloop
  endfacet
  facet normal 0 -1 -0
    outer loop
      vertex 105.5 61.1 63.1
      vertex 105.182 61.1 62.882
      vertex 105.5 61.1 62.5193
    endloop
  endfacet
  facet normal 0 -1 -0
    outer loop
      vertex 105.5 61.1 14.1807
      vertex 105.342 61.1 14
      vertex 105.5 61.1 14
    endloop
  endfacet
  facet normal -0.980651 0 -0.195763
    outer loop
      vertex 103.239 59.6 17.1632
      vertex 103.207 63.6 17.3235
      vertex 103.239 63.6 17.1632
    endloop
  endfacet
  facet normal -0.980651 -0 -0.195763
    outer loop
      vertex 103.207 63.6 17.3235
      vertex 103.239 59.6 17.1632
      vertex 103.207 59.6 17.3235
    endloop
  endfacet
  facet normal -0.980651 0 0.195763
    outer loop
      vertex 103.207 59.6 16.6765
      vertex 103.239 63.6 16.8368
      vertex 103.207 63.6 16.6765
    endloop
  endfacet
  facet normal -0.980651 0 0.195763
    outer loop
      vertex 103.239 63.6 16.8368
      vertex 103.207 59.6 16.6765
      vertex 103.239 59.6 16.8368
    endloop
  endfacet
  facet normal -0.997736 0 0.0672494
    outer loop
      vertex 103.239 59.6 16.8368
      vertex 103.25 63.6 17
      vertex 103.239 63.6 16.8368
    endloop
  endfacet
  facet normal -0.997736 0 0.0672494
    outer loop
      vertex 103.25 63.6 17
      vertex 103.239 59.6 16.8368
      vertex 103.25 59.6 17
    endloop
  endfacet
  facet normal -0.441835 0 -0.897096
    outer loop
      vertex 102.478 59.6 18.1549
      vertex 102.625 63.6 18.0825
      vertex 102.625 59.6 18.0825
    endloop
  endfacet
  facet normal -0.441835 0 -0.897096
    outer loop
      vertex 102.625 63.6 18.0825
      vertex 102.478 59.6 18.1549
      vertex 102.478 63.6 18.1549
    endloop
  endfacet
  facet normal -0.948008 0 -0.318247
    outer loop
      vertex 103.207 59.6 17.3235
      vertex 103.155 63.6 17.4784
      vertex 103.207 63.6 17.3235
    endloop
  endfacet
  facet normal -0.948008 -0 -0.318247
    outer loop
      vertex 103.155 63.6 17.4784
      vertex 103.207 59.6 17.3235
      vertex 103.155 59.6 17.4784
    endloop
  endfacet
  facet normal 0.948008 -0 0.318247
    outer loop
      vertex 100.793 59.6 16.6765
      vertex 100.845 63.6 16.5216
      vertex 100.793 63.6 16.6765
    endloop
  endfacet
  facet normal 0.948008 0 0.318247
    outer loop
      vertex 100.845 63.6 16.5216
      vertex 100.793 59.6 16.6765
      vertex 100.845 59.6 16.5216
    endloop
  endfacet
  facet normal 0.0655032 0 -0.997852
    outer loop
      vertex 101.837 59.6 18.2393
      vertex 102 63.6 18.25
      vertex 102 59.6 18.25
    endloop
  endfacet
  facet normal 0.0655032 0 -0.997852
    outer loop
      vertex 102 63.6 18.25
      vertex 101.837 59.6 18.2393
      vertex 101.837 63.6 18.2393
    endloop
  endfacet
  facet normal 0.441835 0 0.897096
    outer loop
      vertex 101.375 63.6 15.9175
      vertex 101.522 59.6 15.8451
      vertex 101.522 63.6 15.8451
    endloop
  endfacet
  facet normal 0.441835 0 0.897096
    outer loop
      vertex 101.522 59.6 15.8451
      vertex 101.375 63.6 15.9175
      vertex 101.375 59.6 15.9175
    endloop
  endfacet
  facet normal -0.194358 0 0.980931
    outer loop
      vertex 102.163 63.6 15.7607
      vertex 102.324 59.6 15.7926
      vertex 102.324 63.6 15.7926
    endloop
  endfacet
  facet normal -0.194358 0 0.980931
    outer loop
      vertex 102.324 59.6 15.7926
      vertex 102.163 63.6 15.7607
      vertex 102.163 59.6 15.7607
    endloop
  endfacet
  facet normal 0.980651 0 -0.195763
    outer loop
      vertex 100.793 59.6 17.3235
      vertex 100.761 63.6 17.1632
      vertex 100.793 63.6 17.3235
    endloop
  endfacet
  facet normal 0.980651 0 -0.195763
    outer loop
      vertex 100.761 63.6 17.1632
      vertex 100.793 59.6 17.3235
      vertex 100.761 59.6 17.1632
    endloop
  endfacet
  facet normal 0.948008 0 -0.318247
    outer loop
      vertex 100.845 59.6 17.4784
      vertex 100.793 63.6 17.3235
      vertex 100.845 63.6 17.4784
    endloop
  endfacet
  facet normal 0.948008 0 -0.318247
    outer loop
      vertex 100.793 63.6 17.3235
      vertex 100.845 59.6 17.4784
      vertex 100.793 59.6 17.3235
    endloop
  endfacet
  facet normal 0.751174 0 -0.660104
    outer loop
      vertex 101.116 59.6 17.8839
      vertex 101.008 63.6 17.761
      vertex 101.116 63.6 17.8839
    endloop
  endfacet
  facet normal 0.751174 0 -0.660104
    outer loop
      vertex 101.008 63.6 17.761
      vertex 101.116 59.6 17.8839
      vertex 101.008 59.6 17.761
    endloop
  endfacet
  facet normal 0.997736 0 -0.0672494
    outer loop
      vertex 100.761 59.6 17.1632
      vertex 100.75 63.6 17
      vertex 100.761 63.6 17.1632
    endloop
  endfacet
  facet normal 0.997736 0 -0.0672494
    outer loop
      vertex 100.75 63.6 17
      vertex 100.761 59.6 17.1632
      vertex 100.75 59.6 17
    endloop
  endfacet
  facet normal -0.322674 0 -0.94651
    outer loop
      vertex 102.324 59.6 18.2074
      vertex 102.478 63.6 18.1549
      vertex 102.478 59.6 18.1549
    endloop
  endfacet
  facet normal -0.322674 0 -0.94651
    outer loop
      vertex 102.478 63.6 18.1549
      vertex 102.324 59.6 18.2074
      vertex 102.324 63.6 18.2074
    endloop
  endfacet
  facet normal 0.831109 -0 0.55611
    outer loop
      vertex 100.917 59.6 16.375
      vertex 101.008 63.6 16.239
      vertex 100.917 63.6 16.375
    endloop
  endfacet
  facet normal 0.831109 0 0.55611
    outer loop
      vertex 101.008 63.6 16.239
      vertex 100.917 59.6 16.375
      vertex 101.008 59.6 16.239
    endloop
  endfacet
  facet normal 0.322674 0 0.94651
    outer loop
      vertex 101.522 63.6 15.8451
      vertex 101.676 59.6 15.7926
      vertex 101.676 63.6 15.7926
    endloop
  endfacet
  facet normal 0.322674 0 0.94651
    outer loop
      vertex 101.676 59.6 15.7926
      vertex 101.522 63.6 15.8451
      vertex 101.522 59.6 15.8451
    endloop
  endfacet
  facet normal -0.441835 0 0.897096
    outer loop
      vertex 102.478 63.6 15.8451
      vertex 102.625 59.6 15.9175
      vertex 102.625 63.6 15.9175
    endloop
  endfacet
  facet normal -0.441835 0 0.897096
    outer loop
      vertex 102.625 59.6 15.9175
      vertex 102.478 63.6 15.8451
      vertex 102.478 59.6 15.8451
    endloop
  endfacet
  facet normal -0.831109 0 0.55611
    outer loop
      vertex 102.992 59.6 16.239
      vertex 103.083 63.6 16.375
      vertex 102.992 63.6 16.239
    endloop
  endfacet
  facet normal -0.831109 0 0.55611
    outer loop
      vertex 103.083 63.6 16.375
      vertex 102.992 59.6 16.239
      vertex 103.083 59.6 16.375
    endloop
  endfacet
  facet normal -0.0655032 0 0.997852
    outer loop
      vertex 102 63.6 15.75
      vertex 102.163 59.6 15.7607
      vertex 102.163 63.6 15.7607
    endloop
  endfacet
  facet normal -0.0655032 0 0.997852
    outer loop
      vertex 102.163 59.6 15.7607
      vertex 102 63.6 15.75
      vertex 102 59.6 15.75
    endloop
  endfacet
  facet normal -0.555265 0 0.831674
    outer loop
      vertex 102.625 63.6 15.9175
      vertex 102.761 59.6 16.0083
      vertex 102.761 63.6 16.0083
    endloop
  endfacet
  facet normal -0.555265 0 0.831674
    outer loop
      vertex 102.761 59.6 16.0083
      vertex 102.625 63.6 15.9175
      vertex 102.625 59.6 15.9175
    endloop
  endfacet
  facet normal -0.0655032 0 -0.997852
    outer loop
      vertex 102 59.6 18.25
      vertex 102.163 63.6 18.2393
      vertex 102.163 59.6 18.2393
    endloop
  endfacet
  facet normal -0.0655032 0 -0.997852
    outer loop
      vertex 102.163 63.6 18.2393
      vertex 102 59.6 18.25
      vertex 102 63.6 18.25
    endloop
  endfacet
  facet normal 0.980651 -0 0.195763
    outer loop
      vertex 100.761 59.6 16.8368
      vertex 100.793 63.6 16.6765
      vertex 100.761 63.6 16.8368
    endloop
  endfacet
  facet normal 0.980651 0 0.195763
    outer loop
      vertex 100.793 63.6 16.6765
      vertex 100.761 59.6 16.8368
      vertex 100.793 59.6 16.6765
    endloop
  endfacet
  facet normal 0.65911 0 0.752046
    outer loop
      vertex 101.116 63.6 16.1161
      vertex 101.239 59.6 16.0083
      vertex 101.239 63.6 16.0083
    endloop
  endfacet
  facet normal 0.65911 0 0.752046
    outer loop
      vertex 101.239 59.6 16.0083
      vertex 101.116 63.6 16.1161
      vertex 101.116 59.6 16.1161
    endloop
  endfacet
  facet normal -0.997736 0 -0.0672494
    outer loop
      vertex 103.25 59.6 17
      vertex 103.239 63.6 17.1632
      vertex 103.25 63.6 17
    endloop
  endfacet
  facet normal -0.997736 -0 -0.0672494
    outer loop
      vertex 103.239 63.6 17.1632
      vertex 103.25 59.6 17
      vertex 103.239 59.6 17.1632
    endloop
  endfacet
  facet normal -0.322674 0 0.94651
    outer loop
      vertex 102.324 63.6 15.7926
      vertex 102.478 59.6 15.8451
      vertex 102.478 63.6 15.8451
    endloop
  endfacet
  facet normal -0.322674 0 0.94651
    outer loop
      vertex 102.478 59.6 15.8451
      vertex 102.324 63.6 15.7926
      vertex 102.324 59.6 15.7926
    endloop
  endfacet
  facet normal -0.65911 0 0.752046
    outer loop
      vertex 102.761 63.6 16.0083
      vertex 102.884 59.6 16.1161
      vertex 102.884 63.6 16.1161
    endloop
  endfacet
  facet normal -0.65911 0 0.752046
    outer loop
      vertex 102.884 59.6 16.1161
      vertex 102.761 63.6 16.0083
      vertex 102.761 59.6 16.0083
    endloop
  endfacet
  facet normal 0.322674 0 -0.94651
    outer loop
      vertex 101.522 59.6 18.1549
      vertex 101.676 63.6 18.2074
      vertex 101.676 59.6 18.2074
    endloop
  endfacet
  facet normal 0.322674 0 -0.94651
    outer loop
      vertex 101.676 63.6 18.2074
      vertex 101.522 59.6 18.1549
      vertex 101.522 63.6 18.1549
    endloop
  endfacet
  facet normal -0.751174 0 -0.660104
    outer loop
      vertex 102.992 59.6 17.761
      vertex 102.884 63.6 17.8839
      vertex 102.992 63.6 17.761
    endloop
  endfacet
  facet normal -0.751174 -0 -0.660104
    outer loop
      vertex 102.884 63.6 17.8839
      vertex 102.992 59.6 17.761
      vertex 102.884 59.6 17.8839
    endloop
  endfacet
  facet normal -0.194358 0 -0.980931
    outer loop
      vertex 102.163 59.6 18.2393
      vertex 102.324 63.6 18.2074
      vertex 102.324 59.6 18.2074
    endloop
  endfacet
  facet normal -0.194358 0 -0.980931
    outer loop
      vertex 102.324 63.6 18.2074
      vertex 102.163 59.6 18.2393
      vertex 102.163 63.6 18.2393
    endloop
  endfacet
  facet normal 0.441835 0 -0.897096
    outer loop
      vertex 101.375 59.6 18.0825
      vertex 101.522 63.6 18.1549
      vertex 101.522 59.6 18.1549
    endloop
  endfacet
  facet normal 0.441835 0 -0.897096
    outer loop
      vertex 101.522 63.6 18.1549
      vertex 101.375 59.6 18.0825
      vertex 101.375 63.6 18.0825
    endloop
  endfacet
  facet normal 0.194358 0 0.980931
    outer loop
      vertex 101.676 63.6 15.7926
      vertex 101.837 59.6 15.7607
      vertex 101.837 63.6 15.7607
    endloop
  endfacet
  facet normal 0.194358 0 0.980931
    outer loop
      vertex 101.837 59.6 15.7607
      vertex 101.676 63.6 15.7926
      vertex 101.676 59.6 15.7926
    endloop
  endfacet
  facet normal 0.897588 0 -0.440835
    outer loop
      vertex 100.917 59.6 17.625
      vertex 100.845 63.6 17.4784
      vertex 100.917 63.6 17.625
    endloop
  endfacet
  facet normal 0.897588 0 -0.440835
    outer loop
      vertex 100.845 63.6 17.4784
      vertex 100.917 59.6 17.625
      vertex 100.845 59.6 17.4784
    endloop
  endfacet
  facet normal -0.897588 0 -0.440835
    outer loop
      vertex 103.155 59.6 17.4784
      vertex 103.083 63.6 17.625
      vertex 103.155 63.6 17.4784
    endloop
  endfacet
  facet normal -0.897588 -0 -0.440835
    outer loop
      vertex 103.083 63.6 17.625
      vertex 103.155 59.6 17.4784
      vertex 103.083 59.6 17.625
    endloop
  endfacet
  facet normal 0.751174 -0 0.660104
    outer loop
      vertex 101.008 59.6 16.239
      vertex 101.116 63.6 16.1161
      vertex 101.008 63.6 16.239
    endloop
  endfacet
  facet normal 0.751174 0 0.660104
    outer loop
      vertex 101.116 63.6 16.1161
      vertex 101.008 59.6 16.239
      vertex 101.116 59.6 16.1161
    endloop
  endfacet
  facet normal 0.831109 0 -0.55611
    outer loop
      vertex 101.008 59.6 17.761
      vertex 100.917 63.6 17.625
      vertex 101.008 63.6 17.761
    endloop
  endfacet
  facet normal 0.831109 0 -0.55611
    outer loop
      vertex 100.917 63.6 17.625
      vertex 101.008 59.6 17.761
      vertex 100.917 59.6 17.625
    endloop
  endfacet
  facet normal -0.831109 0 -0.55611
    outer loop
      vertex 103.083 59.6 17.625
      vertex 102.992 63.6 17.761
      vertex 103.083 63.6 17.625
    endloop
  endfacet
  facet normal -0.831109 -0 -0.55611
    outer loop
      vertex 102.992 63.6 17.761
      vertex 103.083 59.6 17.625
      vertex 102.992 59.6 17.761
    endloop
  endfacet
  facet normal 0.997736 -0 0.0672494
    outer loop
      vertex 100.75 59.6 17
      vertex 100.761 63.6 16.8368
      vertex 100.75 63.6 17
    endloop
  endfacet
  facet normal 0.997736 0 0.0672494
    outer loop
      vertex 100.761 63.6 16.8368
      vertex 100.75 59.6 17
      vertex 100.761 59.6 16.8368
    endloop
  endfacet
  facet normal 0.194358 0 -0.980931
    outer loop
      vertex 101.676 59.6 18.2074
      vertex 101.837 63.6 18.2393
      vertex 101.837 59.6 18.2393
    endloop
  endfacet
  facet normal 0.194358 0 -0.980931
    outer loop
      vertex 101.837 63.6 18.2393
      vertex 101.676 59.6 18.2074
      vertex 101.676 63.6 18.2074
    endloop
  endfacet
  facet normal 0.555265 0 -0.831674
    outer loop
      vertex 101.239 59.6 17.9917
      vertex 101.375 63.6 18.0825
      vertex 101.375 59.6 18.0825
    endloop
  endfacet
  facet normal 0.555265 0 -0.831674
    outer loop
      vertex 101.375 63.6 18.0825
      vertex 101.239 59.6 17.9917
      vertex 101.239 63.6 17.9917
    endloop
  endfacet
  facet normal -0.897588 0 0.440835
    outer loop
      vertex 103.083 59.6 16.375
      vertex 103.155 63.6 16.5216
      vertex 103.083 63.6 16.375
    endloop
  endfacet
  facet normal -0.897588 0 0.440835
    outer loop
      vertex 103.155 63.6 16.5216
      vertex 103.083 59.6 16.375
      vertex 103.155 59.6 16.5216
    endloop
  endfacet
  facet normal -0.751174 0 0.660104
    outer loop
      vertex 102.884 59.6 16.1161
      vertex 102.992 63.6 16.239
      vertex 102.884 63.6 16.1161
    endloop
  endfacet
  facet normal -0.751174 0 0.660104
    outer loop
      vertex 102.992 63.6 16.239
      vertex 102.884 59.6 16.1161
      vertex 102.992 59.6 16.239
    endloop
  endfacet
  facet normal 0.555265 0 0.831674
    outer loop
      vertex 101.239 63.6 16.0083
      vertex 101.375 59.6 15.9175
      vertex 101.375 63.6 15.9175
    endloop
  endfacet
  facet normal 0.555265 0 0.831674
    outer loop
      vertex 101.375 59.6 15.9175
      vertex 101.239 63.6 16.0083
      vertex 101.239 59.6 16.0083
    endloop
  endfacet
  facet normal -0.948008 0 0.318247
    outer loop
      vertex 103.155 59.6 16.5216
      vertex 103.207 63.6 16.6765
      vertex 103.155 63.6 16.5216
    endloop
  endfacet
  facet normal -0.948008 0 0.318247
    outer loop
      vertex 103.207 63.6 16.6765
      vertex 103.155 59.6 16.5216
      vertex 103.207 59.6 16.6765
    endloop
  endfacet
  facet normal 0.897588 -0 0.440835
    outer loop
      vertex 100.845 59.6 16.5216
      vertex 100.917 63.6 16.375
      vertex 100.845 63.6 16.5216
    endloop
  endfacet
  facet normal 0.897588 0 0.440835
    outer loop
      vertex 100.917 63.6 16.375
      vertex 100.845 59.6 16.5216
      vertex 100.917 59.6 16.375
    endloop
  endfacet
  facet normal -0.65911 0 -0.752046
    outer loop
      vertex 102.761 59.6 17.9917
      vertex 102.884 63.6 17.8839
      vertex 102.884 59.6 17.8839
    endloop
  endfacet
  facet normal -0.65911 0 -0.752046
    outer loop
      vertex 102.884 63.6 17.8839
      vertex 102.761 59.6 17.9917
      vertex 102.761 63.6 17.9917
    endloop
  endfacet
  facet normal 0.0655032 0 0.997852
    outer loop
      vertex 101.837 63.6 15.7607
      vertex 102 59.6 15.75
      vertex 102 63.6 15.75
    endloop
  endfacet
  facet normal 0.0655032 0 0.997852
    outer loop
      vertex 102 59.6 15.75
      vertex 101.837 63.6 15.7607
      vertex 101.837 59.6 15.7607
    endloop
  endfacet
  facet normal 0.65911 0 -0.752046
    outer loop
      vertex 101.116 59.6 17.8839
      vertex 101.239 63.6 17.9917
      vertex 101.239 59.6 17.9917
    endloop
  endfacet
  facet normal 0.65911 0 -0.752046
    outer loop
      vertex 101.239 63.6 17.9917
      vertex 101.116 59.6 17.8839
      vertex 101.116 63.6 17.8839
    endloop
  endfacet
  facet normal -0.555265 0 -0.831674
    outer loop
      vertex 102.625 59.6 18.0825
      vertex 102.761 63.6 17.9917
      vertex 102.761 59.6 17.9917
    endloop
  endfacet
  facet normal -0.555265 0 -0.831674
    outer loop
      vertex 102.761 63.6 17.9917
      vertex 102.625 59.6 18.0825
      vertex 102.625 63.6 18.0825
    endloop
  endfacet
  facet normal -0.980651 0 -0.195763
    outer loop
      vertex 103.239 59.6 59.8632
      vertex 103.207 63.6 60.0235
      vertex 103.239 63.6 59.8632
    endloop
  endfacet
  facet normal -0.980651 -0 -0.195763
    outer loop
      vertex 103.207 63.6 60.0235
      vertex 103.239 59.6 59.8632
      vertex 103.207 59.6 60.0235
    endloop
  endfacet
  facet normal -0.980651 0 0.195763
    outer loop
      vertex 103.207 59.6 59.3765
      vertex 103.239 63.6 59.5368
      vertex 103.207 63.6 59.3765
    endloop
  endfacet
  facet normal -0.980651 0 0.195763
    outer loop
      vertex 103.239 63.6 59.5368
      vertex 103.207 59.6 59.3765
      vertex 103.239 59.6 59.5368
    endloop
  endfacet
  facet normal -0.997736 0 0.0672494
    outer loop
      vertex 103.239 59.6 59.5368
      vertex 103.25 63.6 59.7
      vertex 103.239 63.6 59.5368
    endloop
  endfacet
  facet normal -0.997736 0 0.0672494
    outer loop
      vertex 103.25 63.6 59.7
      vertex 103.239 59.6 59.5368
      vertex 103.25 59.6 59.7
    endloop
  endfacet
  facet normal 0.751174 -0 0.660104
    outer loop
      vertex 101.008 59.6 58.939
      vertex 101.116 63.6 58.8161
      vertex 101.008 63.6 58.939
    endloop
  endfacet
  facet normal 0.751174 0 0.660104
    outer loop
      vertex 101.116 63.6 58.8161
      vertex 101.008 59.6 58.939
      vertex 101.116 59.6 58.8161
    endloop
  endfacet
  facet normal -0.441835 0 -0.897096
    outer loop
      vertex 102.478 59.6 60.8549
      vertex 102.625 63.6 60.7825
      vertex 102.625 59.6 60.7825
    endloop
  endfacet
  facet normal -0.441835 0 -0.897096
    outer loop
      vertex 102.625 63.6 60.7825
      vertex 102.478 59.6 60.8549
      vertex 102.478 63.6 60.8549
    endloop
  endfacet
  facet normal -0.751174 0 0.660104
    outer loop
      vertex 102.884 59.6 58.8161
      vertex 102.992 63.6 58.939
      vertex 102.884 63.6 58.8161
    endloop
  endfacet
  facet normal -0.751174 0 0.660104
    outer loop
      vertex 102.992 63.6 58.939
      vertex 102.884 59.6 58.8161
      vertex 102.992 59.6 58.939
    endloop
  endfacet
  facet normal -0.751174 0 -0.660104
    outer loop
      vertex 102.992 59.6 60.461
      vertex 102.884 63.6 60.5839
      vertex 102.992 63.6 60.461
    endloop
  endfacet
  facet normal -0.751174 -0 -0.660104
    outer loop
      vertex 102.884 63.6 60.5839
      vertex 102.992 59.6 60.461
      vertex 102.884 59.6 60.5839
    endloop
  endfacet
  facet normal -0.441344 0 0.897338
    outer loop
      vertex 102.478 63.6 58.5452
      vertex 102.625 59.6 58.6175
      vertex 102.625 63.6 58.6175
    endloop
  endfacet
  facet normal -0.441344 0 0.897338
    outer loop
      vertex 102.625 59.6 58.6175
      vertex 102.478 63.6 58.5452
      vertex 102.478 59.6 58.5452
    endloop
  endfacet
  facet normal -0.65911 0 0.752046
    outer loop
      vertex 102.761 63.6 58.7083
      vertex 102.884 59.6 58.8161
      vertex 102.884 63.6 58.8161
    endloop
  endfacet
  facet normal -0.65911 0 0.752046
    outer loop
      vertex 102.884 59.6 58.8161
      vertex 102.761 63.6 58.7083
      vertex 102.761 59.6 58.7083
    endloop
  endfacet
  facet normal 0.555265 0 -0.831674
    outer loop
      vertex 101.239 59.6 60.6917
      vertex 101.375 63.6 60.7825
      vertex 101.375 59.6 60.7825
    endloop
  endfacet
  facet normal 0.555265 0 -0.831674
    outer loop
      vertex 101.375 63.6 60.7825
      vertex 101.239 59.6 60.6917
      vertex 101.239 63.6 60.6917
    endloop
  endfacet
  facet normal 0.0655032 0 0.997852
    outer loop
      vertex 101.837 63.6 58.4607
      vertex 102 59.6 58.45
      vertex 102 63.6 58.45
    endloop
  endfacet
  facet normal 0.0655032 0 0.997852
    outer loop
      vertex 102 59.6 58.45
      vertex 101.837 63.6 58.4607
      vertex 101.837 59.6 58.4607
    endloop
  endfacet
  facet normal 0.831109 0 -0.55611
    outer loop
      vertex 101.008 59.6 60.461
      vertex 100.917 63.6 60.325
      vertex 101.008 63.6 60.461
    endloop
  endfacet
  facet normal 0.831109 0 -0.55611
    outer loop
      vertex 100.917 63.6 60.325
      vertex 101.008 59.6 60.461
      vertex 100.917 59.6 60.325
    endloop
  endfacet
  facet normal 0.948008 0 -0.318247
    outer loop
      vertex 100.845 59.6 60.1784
      vertex 100.793 63.6 60.0235
      vertex 100.845 63.6 60.1784
    endloop
  endfacet
  facet normal 0.948008 0 -0.318247
    outer loop
      vertex 100.793 63.6 60.0235
      vertex 100.845 59.6 60.1784
      vertex 100.793 59.6 60.0235
    endloop
  endfacet
  facet normal -0.322674 0 -0.94651
    outer loop
      vertex 102.324 59.6 60.9074
      vertex 102.478 63.6 60.8549
      vertex 102.478 59.6 60.8549
    endloop
  endfacet
  facet normal -0.322674 0 -0.94651
    outer loop
      vertex 102.478 63.6 60.8549
      vertex 102.324 59.6 60.9074
      vertex 102.324 63.6 60.9074
    endloop
  endfacet
  facet normal 0.441835 0 -0.897096
    outer loop
      vertex 101.375 59.6 60.7825
      vertex 101.522 63.6 60.8549
      vertex 101.522 59.6 60.8549
    endloop
  endfacet
  facet normal 0.441835 0 -0.897096
    outer loop
      vertex 101.522 63.6 60.8549
      vertex 101.375 59.6 60.7825
      vertex 101.375 63.6 60.7825
    endloop
  endfacet
  facet normal -0.948008 0 0.318247
    outer loop
      vertex 103.155 59.6 59.2216
      vertex 103.207 63.6 59.3765
      vertex 103.155 63.6 59.2216
    endloop
  endfacet
  facet normal -0.948008 0 0.318247
    outer loop
      vertex 103.207 63.6 59.3765
      vertex 103.155 59.6 59.2216
      vertex 103.207 59.6 59.3765
    endloop
  endfacet
  facet normal -0.831109 0 -0.55611
    outer loop
      vertex 103.083 59.6 60.325
      vertex 102.992 63.6 60.461
      vertex 103.083 63.6 60.325
    endloop
  endfacet
  facet normal -0.831109 -0 -0.55611
    outer loop
      vertex 102.992 63.6 60.461
      vertex 103.083 59.6 60.325
      vertex 102.992 59.6 60.461
    endloop
  endfacet
  facet normal 0.980651 -0 0.195763
    outer loop
      vertex 100.761 59.6 59.5368
      vertex 100.793 63.6 59.3765
      vertex 100.761 63.6 59.5368
    endloop
  endfacet
  facet normal 0.980651 0 0.195763
    outer loop
      vertex 100.793 63.6 59.3765
      vertex 100.761 59.6 59.5368
      vertex 100.793 59.6 59.3765
    endloop
  endfacet
  facet normal -0.0655032 0 0.997852
    outer loop
      vertex 102 63.6 58.45
      vertex 102.163 59.6 58.4607
      vertex 102.163 63.6 58.4607
    endloop
  endfacet
  facet normal -0.0655032 0 0.997852
    outer loop
      vertex 102.163 59.6 58.4607
      vertex 102 63.6 58.45
      vertex 102 59.6 58.45
    endloop
  endfacet
  facet normal -0.831109 0 0.55611
    outer loop
      vertex 102.992 59.6 58.939
      vertex 103.083 63.6 59.075
      vertex 102.992 63.6 58.939
    endloop
  endfacet
  facet normal -0.831109 0 0.55611
    outer loop
      vertex 103.083 63.6 59.075
      vertex 102.992 59.6 58.939
      vertex 103.083 59.6 59.075
    endloop
  endfacet
  facet normal -0.897588 0 -0.440835
    outer loop
      vertex 103.155 59.6 60.1784
      vertex 103.083 63.6 60.325
      vertex 103.155 63.6 60.1784
    endloop
  endfacet
  facet normal -0.897588 -0 -0.440835
    outer loop
      vertex 103.083 63.6 60.325
      vertex 103.155 59.6 60.1784
      vertex 103.083 59.6 60.325
    endloop
  endfacet
  facet normal -0.997736 0 -0.0672494
    outer loop
      vertex 103.25 59.6 59.7
      vertex 103.239 63.6 59.8632
      vertex 103.25 63.6 59.7
    endloop
  endfacet
  facet normal -0.997736 -0 -0.0672494
    outer loop
      vertex 103.239 63.6 59.8632
      vertex 103.25 59.6 59.7
      vertex 103.239 59.6 59.8632
    endloop
  endfacet
  facet normal 0.997736 0 -0.0672494
    outer loop
      vertex 100.761 59.6 59.8632
      vertex 100.75 63.6 59.7
      vertex 100.761 63.6 59.8632
    endloop
  endfacet
  facet normal 0.997736 0 -0.0672494
    outer loop
      vertex 100.75 63.6 59.7
      vertex 100.761 59.6 59.8632
      vertex 100.75 59.6 59.7
    endloop
  endfacet
  facet normal -0.194358 0 -0.980931
    outer loop
      vertex 102.163 59.6 60.9393
      vertex 102.324 63.6 60.9074
      vertex 102.324 59.6 60.9074
    endloop
  endfacet
  facet normal -0.194358 0 -0.980931
    outer loop
      vertex 102.324 63.6 60.9074
      vertex 102.163 59.6 60.9393
      vertex 102.163 63.6 60.9393
    endloop
  endfacet
  facet normal -0.0655032 0 -0.997852
    outer loop
      vertex 102 59.6 60.95
      vertex 102.163 63.6 60.9393
      vertex 102.163 59.6 60.9393
    endloop
  endfacet
  facet normal -0.0655032 0 -0.997852
    outer loop
      vertex 102.163 63.6 60.9393
      vertex 102 59.6 60.95
      vertex 102 63.6 60.95
    endloop
  endfacet
  facet normal -0.555265 0 0.831674
    outer loop
      vertex 102.625 63.6 58.6175
      vertex 102.761 59.6 58.7083
      vertex 102.761 63.6 58.7083
    endloop
  endfacet
  facet normal -0.555265 0 0.831674
    outer loop
      vertex 102.761 59.6 58.7083
      vertex 102.625 63.6 58.6175
      vertex 102.625 59.6 58.6175
    endloop
  endfacet
  facet normal -0.323224 0 0.946322
    outer loop
      vertex 102.324 63.6 58.4926
      vertex 102.478 59.6 58.5452
      vertex 102.478 63.6 58.5452
    endloop
  endfacet
  facet normal -0.323224 0 0.946322
    outer loop
      vertex 102.478 59.6 58.5452
      vertex 102.324 63.6 58.4926
      vertex 102.324 59.6 58.4926
    endloop
  endfacet
  facet normal 0.194358 0 0.980931
    outer loop
      vertex 101.676 63.6 58.4926
      vertex 101.837 59.6 58.4607
      vertex 101.837 63.6 58.4607
    endloop
  endfacet
  facet normal 0.194358 0 0.980931
    outer loop
      vertex 101.837 59.6 58.4607
      vertex 101.676 63.6 58.4926
      vertex 101.676 59.6 58.4926
    endloop
  endfacet
  facet normal -0.948008 0 -0.318247
    outer loop
      vertex 103.207 59.6 60.0235
      vertex 103.155 63.6 60.1784
      vertex 103.207 63.6 60.0235
    endloop
  endfacet
  facet normal -0.948008 -0 -0.318247
    outer loop
      vertex 103.155 63.6 60.1784
      vertex 103.207 59.6 60.0235
      vertex 103.155 59.6 60.1784
    endloop
  endfacet
  facet normal 0.997736 -0 0.0672494
    outer loop
      vertex 100.75 59.6 59.7
      vertex 100.761 63.6 59.5368
      vertex 100.75 63.6 59.7
    endloop
  endfacet
  facet normal 0.997736 0 0.0672494
    outer loop
      vertex 100.761 63.6 59.5368
      vertex 100.75 59.6 59.7
      vertex 100.761 59.6 59.5368
    endloop
  endfacet
  facet normal 0.948008 -0 0.318247
    outer loop
      vertex 100.793 59.6 59.3765
      vertex 100.845 63.6 59.2216
      vertex 100.793 63.6 59.3765
    endloop
  endfacet
  facet normal 0.948008 0 0.318247
    outer loop
      vertex 100.845 63.6 59.2216
      vertex 100.793 59.6 59.3765
      vertex 100.845 59.6 59.2216
    endloop
  endfacet
  facet normal 0.751174 0 -0.660104
    outer loop
      vertex 101.116 59.6 60.5839
      vertex 101.008 63.6 60.461
      vertex 101.116 63.6 60.5839
    endloop
  endfacet
  facet normal 0.751174 0 -0.660104
    outer loop
      vertex 101.008 63.6 60.461
      vertex 101.116 59.6 60.5839
      vertex 101.008 59.6 60.461
    endloop
  endfacet
  facet normal 0.441344 0 0.897338
    outer loop
      vertex 101.375 63.6 58.6175
      vertex 101.522 59.6 58.5452
      vertex 101.522 63.6 58.5452
    endloop
  endfacet
  facet normal 0.441344 0 0.897338
    outer loop
      vertex 101.522 59.6 58.5452
      vertex 101.375 63.6 58.6175
      vertex 101.375 59.6 58.6175
    endloop
  endfacet
  facet normal 0.897588 0 -0.440835
    outer loop
      vertex 100.917 59.6 60.325
      vertex 100.845 63.6 60.1784
      vertex 100.917 63.6 60.325
    endloop
  endfacet
  facet normal 0.897588 0 -0.440835
    outer loop
      vertex 100.845 63.6 60.1784
      vertex 100.917 59.6 60.325
      vertex 100.845 59.6 60.1784
    endloop
  endfacet
  facet normal -0.897588 0 0.440835
    outer loop
      vertex 103.083 59.6 59.075
      vertex 103.155 63.6 59.2216
      vertex 103.083 63.6 59.075
    endloop
  endfacet
  facet normal -0.897588 0 0.440835
    outer loop
      vertex 103.155 63.6 59.2216
      vertex 103.083 59.6 59.075
      vertex 103.155 59.6 59.2216
    endloop
  endfacet
  facet normal -0.194358 0 0.980931
    outer loop
      vertex 102.163 63.6 58.4607
      vertex 102.324 59.6 58.4926
      vertex 102.324 63.6 58.4926
    endloop
  endfacet
  facet normal -0.194358 0 0.980931
    outer loop
      vertex 102.324 59.6 58.4926
      vertex 102.163 63.6 58.4607
      vertex 102.163 59.6 58.4607
    endloop
  endfacet
  facet normal 0.323224 0 0.946322
    outer loop
      vertex 101.522 63.6 58.5452
      vertex 101.676 59.6 58.4926
      vertex 101.676 63.6 58.4926
    endloop
  endfacet
  facet normal 0.323224 0 0.946322
    outer loop
      vertex 101.676 59.6 58.4926
      vertex 101.522 63.6 58.5452
      vertex 101.522 59.6 58.5452
    endloop
  endfacet
  facet normal 0.980651 0 -0.195763
    outer loop
      vertex 100.793 59.6 60.0235
      vertex 100.761 63.6 59.8632
      vertex 100.793 63.6 60.0235
    endloop
  endfacet
  facet normal 0.980651 0 -0.195763
    outer loop
      vertex 100.761 63.6 59.8632
      vertex 100.793 59.6 60.0235
      vertex 100.761 59.6 59.8632
    endloop
  endfacet
  facet normal 0.322674 0 -0.94651
    outer loop
      vertex 101.522 59.6 60.8549
      vertex 101.676 63.6 60.9074
      vertex 101.676 59.6 60.9074
    endloop
  endfacet
  facet normal 0.322674 0 -0.94651
    outer loop
      vertex 101.676 63.6 60.9074
      vertex 101.522 59.6 60.8549
      vertex 101.522 63.6 60.8549
    endloop
  endfacet
  facet normal 0.555265 0 0.831674
    outer loop
      vertex 101.239 63.6 58.7083
      vertex 101.375 59.6 58.6175
      vertex 101.375 63.6 58.6175
    endloop
  endfacet
  facet normal 0.555265 0 0.831674
    outer loop
      vertex 101.375 59.6 58.6175
      vertex 101.239 63.6 58.7083
      vertex 101.239 59.6 58.7083
    endloop
  endfacet
  facet normal 0.897588 -0 0.440835
    outer loop
      vertex 100.845 59.6 59.2216
      vertex 100.917 63.6 59.075
      vertex 100.845 63.6 59.2216
    endloop
  endfacet
  facet normal 0.897588 0 0.440835
    outer loop
      vertex 100.917 63.6 59.075
      vertex 100.845 59.6 59.2216
      vertex 100.917 59.6 59.075
    endloop
  endfacet
  facet normal -0.65911 0 -0.752046
    outer loop
      vertex 102.761 59.6 60.6917
      vertex 102.884 63.6 60.5839
      vertex 102.884 59.6 60.5839
    endloop
  endfacet
  facet normal -0.65911 0 -0.752046
    outer loop
      vertex 102.884 63.6 60.5839
      vertex 102.761 59.6 60.6917
      vertex 102.761 63.6 60.6917
    endloop
  endfacet
  facet normal 0.65911 0 0.752046
    outer loop
      vertex 101.116 63.6 58.8161
      vertex 101.239 59.6 58.7083
      vertex 101.239 63.6 58.7083
    endloop
  endfacet
  facet normal 0.65911 0 0.752046
    outer loop
      vertex 101.239 59.6 58.7083
      vertex 101.116 63.6 58.8161
      vertex 101.116 59.6 58.8161
    endloop
  endfacet
  facet normal 0.194358 0 -0.980931
    outer loop
      vertex 101.676 59.6 60.9074
      vertex 101.837 63.6 60.9393
      vertex 101.837 59.6 60.9393
    endloop
  endfacet
  facet normal 0.194358 0 -0.980931
    outer loop
      vertex 101.837 63.6 60.9393
      vertex 101.676 59.6 60.9074
      vertex 101.676 63.6 60.9074
    endloop
  endfacet
  facet normal 0.65911 0 -0.752046
    outer loop
      vertex 101.116 59.6 60.5839
      vertex 101.239 63.6 60.6917
      vertex 101.239 59.6 60.6917
    endloop
  endfacet
  facet normal 0.65911 0 -0.752046
    outer loop
      vertex 101.239 63.6 60.6917
      vertex 101.116 59.6 60.5839
      vertex 101.116 63.6 60.5839
    endloop
  endfacet
  facet normal 0.0655032 0 -0.997852
    outer loop
      vertex 101.837 59.6 60.9393
      vertex 102 63.6 60.95
      vertex 102 59.6 60.95
    endloop
  endfacet
  facet normal 0.0655032 0 -0.997852
    outer loop
      vertex 102 63.6 60.95
      vertex 101.837 59.6 60.9393
      vertex 101.837 63.6 60.9393
    endloop
  endfacet
  facet normal -0.555265 0 -0.831674
    outer loop
      vertex 102.625 59.6 60.7825
      vertex 102.761 63.6 60.6917
      vertex 102.761 59.6 60.6917
    endloop
  endfacet
  facet normal -0.555265 0 -0.831674
    outer loop
      vertex 102.761 63.6 60.6917
      vertex 102.625 59.6 60.7825
      vertex 102.625 63.6 60.7825
    endloop
  endfacet
  facet normal 0.831109 -0 0.55611
    outer loop
      vertex 100.917 59.6 59.075
      vertex 101.008 63.6 58.939
      vertex 100.917 63.6 59.075
    endloop
  endfacet
  facet normal 0.831109 0 0.55611
    outer loop
      vertex 101.008 63.6 58.939
      vertex 100.917 59.6 59.075
      vertex 101.008 59.6 58.939
    endloop
  endfacet
  facet normal 0 0 1
    outer loop
      vertex 98.6584 61.1 14
      vertex 96 61.1 14
      vertex 98.6584 59.6 14
    endloop
  endfacet
  facet normal 0 0 1
    outer loop
      vertex 105.342 59.6 14
      vertex 105.5 61.1 14
      vertex 105.342 61.1 14
    endloop
  endfacet
  facet normal 0 0 1
    outer loop
      vertex 105.5 61.1 14
      vertex 105.342 59.6 14
      vertex 105.5 58.4 14
    endloop
  endfacet
  facet normal -0 0 1
    outer loop
      vertex 98.6584 59.6 14
      vertex 105.5 58.4 14
      vertex 105.342 59.6 14
    endloop
  endfacet
  facet normal 0 0 1
    outer loop
      vertex 98.6584 59.6 14
      vertex 96 58.4 14
      vertex 105.5 58.4 14
    endloop
  endfacet
  facet normal 0 0 1
    outer loop
      vertex 96 58.4 14
      vertex 98.6584 59.6 14
      vertex 96 61.1 14
    endloop
  endfacet
  facet normal 0 0 0
    outer loop
      vertex 96 58.4 14
      vertex 96 61.1 14
      vertex 96 63.6 14
    endloop
  endfacet
  facet normal -1 0 0
    outer loop
      vertex 96 58.4 2.39999
      vertex 96 63.6 14
      vertex 96 63.6 2.39999
    endloop
  endfacet
  facet normal -1 -0 0
    outer loop
      vertex 96 63.6 14
      vertex 96 58.4 2.39999
      vertex 96 58.4 14
    endloop
  endfacet
  facet normal 0 -1 0
    outer loop
      vertex 96 58.4 2.39999
      vertex 105.5 58.4 14
      vertex 96 58.4 14
    endloop
  endfacet
  facet normal 0 -1 -0
    outer loop
      vertex 105.5 58.4 14
      vertex 96 58.4 2.39999
      vertex 105.5 58.4 2.39999
    endloop
  endfacet
  facet normal 0 -0.896854 -0.442326
    outer loop
      vertex 105.5 54.4431 33.75
      vertex 106.9 54.7186 33.1914
      vertex 106.9 54.4431 33.75
    endloop
  endfacet
  facet normal 6.03679e-06 -0.89686 -0.442314
    outer loop
      vertex 105.5 54.7613 33.1048
      vertex 106.9 54.7186 33.1914
      vertex 105.5 54.4431 33.75
    endloop
  endfacet
  facet normal -0 -0.896899 -0.442235
    outer loop
      vertex 107.9 54.7613 33.1048
      vertex 106.9 54.7186 33.1914
      vertex 105.5 54.7613 33.1048
    endloop
  endfacet
  facet normal 0 -0.896899 -0.442235
    outer loop
      vertex 106.9 54.7186 33.1914
      vertex 107.9 54.7613 33.1048
      vertex 107.9 54.7186 33.1914
    endloop
  endfacet
  facet normal 0 1 -0
    outer loop
      vertex 107.9 44.18 28
      vertex 105.5 44.18 31
      vertex 107.9 44.18 31
    endloop
  endfacet
  facet normal 0 1 0
    outer loop
      vertex 105.5 44.18 31
      vertex 107.9 44.18 28
      vertex 105.5 44.18 28
    endloop
  endfacet
  facet normal -0 0.555566 0.831472
    outer loop
      vertex 105.5 46.93 23.2369
      vertex 107.9 46.3318 23.6366
      vertex 107.9 46.93 23.2369
    endloop
  endfacet
  facet normal 0 0.555566 0.831472
    outer loop
      vertex 107.9 46.3318 23.6366
      vertex 105.5 46.93 23.2369
      vertex 105.5 46.3318 23.6366
    endloop
  endfacet
  facet normal 0 -0.758177 -0.652049
    outer loop
      vertex 105.5 54.0434 34.3482
      vertex 106.9 53.574 34.894
      vertex 105.5 53.574 34.894
    endloop
  endfacet
  facet normal 0 -0.758177 -0.652049
    outer loop
      vertex 106.9 53.574 34.894
      vertex 105.5 54.0434 34.3482
      vertex 106.9 54.0434 34.3482
    endloop
  endfacet
  facet normal 0 0.89686 0.442314
    outer loop
      vertex 107.9 44.9169 25.25
      vertex 105.5 44.5987 25.8952
      vertex 107.9 44.5987 25.8952
    endloop
  endfacet
  facet normal 0 0.89686 0.442314
    outer loop
      vertex 105.5 44.5987 25.8952
      vertex 107.9 44.9169 25.25
      vertex 105.5 44.9169 25.25
    endloop
  endfacet
  facet normal -0 0.659301 0.751879
    outer loop
      vertex 105.5 46.3318 23.6366
      vertex 107.9 45.7909 24.1109
      vertex 107.9 46.3318 23.6366
    endloop
  endfacet
  facet normal 0 0.659301 0.751879
    outer loop
      vertex 107.9 45.7909 24.1109
      vertex 105.5 46.3318 23.6366
      vertex 105.5 45.7909 24.1109
    endloop
  endfacet
  facet normal 0 -0.831472 -0.555566
    outer loop
      vertex 105.5 54.4431 33.75
      vertex 106.9 54.0434 34.3482
      vertex 105.5 54.0434 34.3482
    endloop
  endfacet
  facet normal 0 -0.831472 -0.555566
    outer loop
      vertex 106.9 54.0434 34.3482
      vertex 105.5 54.4431 33.75
      vertex 106.9 54.4431 33.75
    endloop
  endfacet
  facet normal 0 -0.709096 -0.705112
    outer loop
      vertex 105.5 53.574 34.894
      vertex 106.9 49.68 38.81
      vertex 105.5 49.68 38.81
    endloop
  endfacet
  facet normal 0 -0.709096 -0.705112
    outer loop
      vertex 106.9 49.68 38.81
      vertex 105.5 53.574 34.894
      vertex 106.9 53.574 34.894
    endloop
  endfacet
  facet normal 0 -0.751879 0.659301
    outer loop
      vertex 105.5 53.5691 24.1109
      vertex 107.9 54.0434 24.6518
      vertex 105.5 54.0434 24.6518
    endloop
  endfacet
  facet normal 0 -0.751879 0.659301
    outer loop
      vertex 107.9 54.0434 24.6518
      vertex 105.5 53.5691 24.1109
      vertex 107.9 53.5691 24.1109
    endloop
  endfacet
  facet normal 0 0.980799 0.19502
    outer loop
      vertex 107.9 44.3674 26.5765
      vertex 105.5 44.2271 27.2821
      vertex 107.9 44.2271 27.2821
    endloop
  endfacet
  facet normal 0 0.980799 0.19502
    outer loop
      vertex 105.5 44.2271 27.2821
      vertex 107.9 44.3674 26.5765
      vertex 105.5 44.3674 26.5765
    endloop
  endfacet
  facet normal 0 0.751879 0.659301
    outer loop
      vertex 107.9 45.7909 24.1109
      vertex 105.5 45.3166 24.6518
      vertex 107.9 45.3166 24.6518
    endloop
  endfacet
  facet normal 0 0.751879 0.659301
    outer loop
      vertex 105.5 45.3166 24.6518
      vertex 107.9 45.7909 24.1109
      vertex 105.5 45.7909 24.1109
    endloop
  endfacet
  facet normal -0 0.442314 0.89686
    outer loop
      vertex 105.5 47.5752 22.9187
      vertex 107.9 46.93 23.2369
      vertex 107.9 47.5752 22.9187
    endloop
  endfacet
  facet normal 0 0.442314 0.89686
    outer loop
      vertex 107.9 46.93 23.2369
      vertex 105.5 47.5752 22.9187
      vertex 105.5 46.93 23.2369
    endloop
  endfacet
  facet normal -0 0.19502 0.980799
    outer loop
      vertex 105.5 48.9621 22.5471
      vertex 107.9 48.2565 22.6874
      vertex 107.9 48.9621 22.5471
    endloop
  endfacet
  facet normal 0 0.19502 0.980799
    outer loop
      vertex 107.9 48.2565 22.6874
      vertex 105.5 48.9621 22.5471
      vertex 105.5 48.2565 22.6874
    endloop
  endfacet
  facet normal 0 -0.659301 0.751879
    outer loop
      vertex 105.5 53.5691 24.1109
      vertex 107.9 53.0282 23.6366
      vertex 107.9 53.5691 24.1109
    endloop
  endfacet
  facet normal 0 -0.659301 0.751879
    outer loop
      vertex 107.9 53.0282 23.6366
      vertex 105.5 53.5691 24.1109
      vertex 105.5 53.0282 23.6366
    endloop
  endfacet
  facet normal 0 -0.89686 0.442314
    outer loop
      vertex 105.5 54.4431 25.25
      vertex 107.9 54.7613 25.8952
      vertex 105.5 54.7613 25.8952
    endloop
  endfacet
  facet normal 0 -0.89686 0.442314
    outer loop
      vertex 107.9 54.7613 25.8952
      vertex 105.5 54.4431 25.25
      vertex 107.9 54.4431 25.25
    endloop
  endfacet
  facet normal 0 0.709095 -0.705113
    outer loop
      vertex 107.9 49.6105 38.7401
      vertex 107.9 45.786 34.894
      vertex 106.9 49.6105 38.7401
    endloop
  endfacet
  facet normal 0 0.709133 -0.705075
    outer loop
      vertex 106.9 49.6105 38.7401
      vertex 105.5 49.68 38.81
      vertex 106.9 49.68 38.81
    endloop
  endfacet
  facet normal 0 0.709095 -0.705113
    outer loop
      vertex 105.5 45.786 34.894
      vertex 106.9 49.6105 38.7401
      vertex 107.9 45.786 34.894
    endloop
  endfacet
  facet normal -3.69914e-06 0.709096 -0.705112
    outer loop
      vertex 106.9 49.6105 38.7401
      vertex 105.5 45.786 34.894
      vertex 105.5 49.68 38.81
    endloop
  endfacet
  facet normal 0 0.89686 -0.442314
    outer loop
      vertex 107.9 44.5987 33.1048
      vertex 105.5 44.9169 33.75
      vertex 107.9 44.9169 33.75
    endloop
  endfacet
  facet normal 0 0.89686 -0.442314
    outer loop
      vertex 105.5 44.9169 33.75
      vertex 107.9 44.5987 33.1048
      vertex 105.5 44.5987 33.1048
    endloop
  endfacet
  facet normal 0 -0.997855 0.0654673
    outer loop
      vertex 105.5 55.1329 27.2821
      vertex 107.9 55.18 28
      vertex 105.5 55.18 28
    endloop
  endfacet
  facet normal 0 -0.997855 0.0654673
    outer loop
      vertex 107.9 55.18 28
      vertex 105.5 55.1329 27.2821
      vertex 107.9 55.1329 27.2821
    endloop
  endfacet
  facet normal 0 -0.555566 0.831472
    outer loop
      vertex 105.5 53.0282 23.6366
      vertex 107.9 52.43 23.2369
      vertex 107.9 53.0282 23.6366
    endloop
  endfacet
  facet normal 0 -0.555566 0.831472
    outer loop
      vertex 107.9 52.43 23.2369
      vertex 105.5 53.0282 23.6366
      vertex 105.5 52.43 23.2369
    endloop
  endfacet
  facet normal 0 -0.980799 -0.19502
    outer loop
      vertex 105.5 55.1329 31.7179
      vertex 107.9 54.9926 32.4235
      vertex 105.5 54.9926 32.4235
    endloop
  endfacet
  facet normal 0 -0.980799 -0.19502
    outer loop
      vertex 107.9 54.9926 32.4235
      vertex 105.5 55.1329 31.7179
      vertex 107.9 55.1329 31.7179
    endloop
  endfacet
  facet normal 0 0.831472 0.555566
    outer loop
      vertex 107.9 45.3166 24.6518
      vertex 105.5 44.9169 25.25
      vertex 107.9 44.9169 25.25
    endloop
  endfacet
  facet normal 0 0.831472 0.555566
    outer loop
      vertex 105.5 44.9169 25.25
      vertex 107.9 45.3166 24.6518
      vertex 105.5 45.3166 24.6518
    endloop
  endfacet
  facet normal 0 0.997855 -0.0654673
    outer loop
      vertex 107.9 44.18 31
      vertex 105.5 44.2271 31.7179
      vertex 107.9 44.2271 31.7179
    endloop
  endfacet
  facet normal 0 0.997855 -0.0654673
    outer loop
      vertex 105.5 44.2271 31.7179
      vertex 107.9 44.18 31
      vertex 105.5 44.18 31
    endloop
  endfacet
  facet normal 0 0.831472 -0.555566
    outer loop
      vertex 107.9 44.9169 33.75
      vertex 105.5 45.3166 34.3482
      vertex 107.9 45.3166 34.3482
    endloop
  endfacet
  facet normal 0 0.831472 -0.555566
    outer loop
      vertex 105.5 45.3166 34.3482
      vertex 107.9 44.9169 33.75
      vertex 105.5 44.9169 33.75
    endloop
  endfacet
  facet normal 0 -0.0654673 0.997855
    outer loop
      vertex 105.5 50.3979 22.5471
      vertex 107.9 49.68 22.5
      vertex 107.9 50.3979 22.5471
    endloop
  endfacet
  facet normal 0 -0.0654673 0.997855
    outer loop
      vertex 107.9 49.68 22.5
      vertex 105.5 50.3979 22.5471
      vertex 105.5 49.68 22.5
    endloop
  endfacet
  facet normal 0 0.946918 0.321477
    outer loop
      vertex 107.9 44.5987 25.8952
      vertex 105.5 44.3674 26.5765
      vertex 107.9 44.3674 26.5765
    endloop
  endfacet
  facet normal 0 0.946918 0.321477
    outer loop
      vertex 105.5 44.3674 26.5765
      vertex 107.9 44.5987 25.8952
      vertex 105.5 44.5987 25.8952
    endloop
  endfacet
  facet normal 0 0.980799 -0.19502
    outer loop
      vertex 107.9 44.2271 31.7179
      vertex 105.5 44.3674 32.4235
      vertex 107.9 44.3674 32.4235
    endloop
  endfacet
  facet normal 0 0.980799 -0.19502
    outer loop
      vertex 105.5 44.3674 32.4235
      vertex 107.9 44.2271 31.7179
      vertex 105.5 44.2271 31.7179
    endloop
  endfacet
  facet normal 0 -0.831472 0.555566
    outer loop
      vertex 105.5 54.0434 24.6518
      vertex 107.9 54.4431 25.25
      vertex 105.5 54.4431 25.25
    endloop
  endfacet
  facet normal 0 -0.831472 0.555566
    outer loop
      vertex 107.9 54.4431 25.25
      vertex 105.5 54.0434 24.6518
      vertex 107.9 54.0434 24.6518
    endloop
  endfacet
  facet normal -0 0.0654673 0.997855
    outer loop
      vertex 105.5 49.68 22.5
      vertex 107.9 48.9621 22.5471
      vertex 107.9 49.68 22.5
    endloop
  endfacet
  facet normal 0 0.0654673 0.997855
    outer loop
      vertex 107.9 48.9621 22.5471
      vertex 105.5 49.68 22.5
      vertex 105.5 48.9621 22.5471
    endloop
  endfacet
  facet normal 0 0.997855 0.0654673
    outer loop
      vertex 107.9 44.2271 27.2821
      vertex 105.5 44.18 28
      vertex 107.9 44.18 28
    endloop
  endfacet
  facet normal 0 0.997855 0.0654673
    outer loop
      vertex 105.5 44.18 28
      vertex 107.9 44.2271 27.2821
      vertex 105.5 44.2271 27.2821
    endloop
  endfacet
  facet normal 0 -0.19502 0.980799
    outer loop
      vertex 105.5 51.1035 22.6874
      vertex 107.9 50.3979 22.5471
      vertex 107.9 51.1035 22.6874
    endloop
  endfacet
  facet normal 0 -0.19502 0.980799
    outer loop
      vertex 107.9 50.3979 22.5471
      vertex 105.5 51.1035 22.6874
      vertex 105.5 50.3979 22.5471
    endloop
  endfacet
  facet normal 0 -1 0
    outer loop
      vertex 105.5 55.18 28
      vertex 107.9 55.18 31
      vertex 105.5 55.18 31
    endloop
  endfacet
  facet normal 0 -1 -0
    outer loop
      vertex 107.9 55.18 31
      vertex 105.5 55.18 28
      vertex 107.9 55.18 28
    endloop
  endfacet
  facet normal -0 0.321477 0.946918
    outer loop
      vertex 105.5 48.2565 22.6874
      vertex 107.9 47.5752 22.9187
      vertex 107.9 48.2565 22.6874
    endloop
  endfacet
  facet normal 0 0.321477 0.946918
    outer loop
      vertex 107.9 47.5752 22.9187
      vertex 105.5 48.2565 22.6874
      vertex 105.5 47.5752 22.9187
    endloop
  endfacet
  facet normal 0 -0.980799 0.19502
    outer loop
      vertex 105.5 54.9926 26.5765
      vertex 107.9 55.1329 27.2821
      vertex 105.5 55.1329 27.2821
    endloop
  endfacet
  facet normal 0 -0.980799 0.19502
    outer loop
      vertex 107.9 55.1329 27.2821
      vertex 105.5 54.9926 26.5765
      vertex 107.9 54.9926 26.5765
    endloop
  endfacet
  facet normal 0 -0.946918 0.321477
    outer loop
      vertex 105.5 54.7613 25.8952
      vertex 107.9 54.9926 26.5765
      vertex 105.5 54.9926 26.5765
    endloop
  endfacet
  facet normal 0 -0.946918 0.321477
    outer loop
      vertex 107.9 54.9926 26.5765
      vertex 105.5 54.7613 25.8952
      vertex 107.9 54.7613 25.8952
    endloop
  endfacet
  facet normal 0 -0.321477 0.946918
    outer loop
      vertex 105.5 51.7848 22.9187
      vertex 107.9 51.1035 22.6874
      vertex 107.9 51.7848 22.9187
    endloop
  endfacet
  facet normal 0 -0.321477 0.946918
    outer loop
      vertex 107.9 51.1035 22.6874
      vertex 105.5 51.7848 22.9187
      vertex 105.5 51.1035 22.6874
    endloop
  endfacet
  facet normal 0 -0.946918 -0.321477
    outer loop
      vertex 105.5 54.9926 32.4235
      vertex 107.9 54.7613 33.1048
      vertex 105.5 54.7613 33.1048
    endloop
  endfacet
  facet normal 0 -0.946918 -0.321477
    outer loop
      vertex 107.9 54.7613 33.1048
      vertex 105.5 54.9926 32.4235
      vertex 107.9 54.9926 32.4235
    endloop
  endfacet
  facet normal 0 -0.442314 0.89686
    outer loop
      vertex 105.5 52.43 23.2369
      vertex 107.9 51.7848 22.9187
      vertex 107.9 52.43 23.2369
    endloop
  endfacet
  facet normal 0 -0.442314 0.89686
    outer loop
      vertex 107.9 51.7848 22.9187
      vertex 105.5 52.43 23.2369
      vertex 105.5 51.7848 22.9187
    endloop
  endfacet
  facet normal 0 -0.997855 -0.0654673
    outer loop
      vertex 105.5 55.18 31
      vertex 107.9 55.1329 31.7179
      vertex 105.5 55.1329 31.7179
    endloop
  endfacet
  facet normal 0 -0.997855 -0.0654673
    outer loop
      vertex 107.9 55.1329 31.7179
      vertex 105.5 55.18 31
      vertex 107.9 55.18 31
    endloop
  endfacet
  facet normal 0 0.946918 -0.321477
    outer loop
      vertex 107.9 44.3674 32.4235
      vertex 105.5 44.5987 33.1048
      vertex 107.9 44.5987 33.1048
    endloop
  endfacet
  facet normal 0 0.946918 -0.321477
    outer loop
      vertex 105.5 44.5987 33.1048
      vertex 107.9 44.3674 32.4235
      vertex 105.5 44.3674 32.4235
    endloop
  endfacet
  facet normal 0 0.758177 -0.652049
    outer loop
      vertex 107.9 45.3166 34.3482
      vertex 105.5 45.786 34.894
      vertex 107.9 45.786 34.894
    endloop
  endfacet
  facet normal 0 0.758177 -0.652049
    outer loop
      vertex 105.5 45.786 34.894
      vertex 107.9 45.3166 34.3482
      vertex 105.5 45.3166 34.3482
    endloop
  endfacet
  facet normal 0 -0.89686 -0.442314
    outer loop
      vertex 105.5 54.7613 54.8048
      vertex 107.9 54.4431 55.45
      vertex 105.5 54.4431 55.45
    endloop
  endfacet
  facet normal 0 -0.89686 -0.442314
    outer loop
      vertex 107.9 54.4431 55.45
      vertex 105.5 54.7613 54.8048
      vertex 107.9 54.7613 54.8048
    endloop
  endfacet
  facet normal 0 -0.831472 0.555566
    outer loop
      vertex 105.5 54.0434 46.3518
      vertex 106.9 54.4431 46.95
      vertex 105.5 54.4431 46.95
    endloop
  endfacet
  facet normal 0 -0.831472 0.555566
    outer loop
      vertex 106.9 54.4431 46.95
      vertex 105.5 54.0434 46.3518
      vertex 106.9 54.0434 46.3518
    endloop
  endfacet
  facet normal 0 0.709096 -0.705112
    outer loop
      vertex 107.9 45.786 56.594
      vertex 103.5 49.68 60.51
      vertex 107.9 49.68 60.51
    endloop
  endfacet
  facet normal 0 0.709096 -0.705112
    outer loop
      vertex 103.5 49.68 60.51
      vertex 107.9 45.786 56.594
      vertex 103.5 45.786 56.594
    endloop
  endfacet
  facet normal 0 0.831472 0.555566
    outer loop
      vertex 107.9 45.3166 46.3518
      vertex 105.5 44.9169 46.95
      vertex 107.9 44.9169 46.95
    endloop
  endfacet
  facet normal 0 0.831472 0.555566
    outer loop
      vertex 105.5 44.9169 46.95
      vertex 107.9 45.3166 46.3518
      vertex 105.5 45.3166 46.3518
    endloop
  endfacet
  facet normal 0 0.997855 -0.0654673
    outer loop
      vertex 107.9 44.18 52.7
      vertex 103.5 44.2271 53.4179
      vertex 107.9 44.2271 53.4179
    endloop
  endfacet
  facet normal 0 0.997855 -0.0654673
    outer loop
      vertex 103.5 44.2271 53.4179
      vertex 107.9 44.18 52.7
      vertex 103.5 44.18 52.7
    endloop
  endfacet
  facet normal 0 0.89686 -0.442314
    outer loop
      vertex 107.9 44.5987 54.8048
      vertex 103.5 44.9169 55.45
      vertex 107.9 44.9169 55.45
    endloop
  endfacet
  facet normal 0 0.89686 -0.442314
    outer loop
      vertex 103.5 44.9169 55.45
      vertex 107.9 44.5987 54.8048
      vertex 103.5 44.5987 54.8048
    endloop
  endfacet
  facet normal 1 0 0
    outer loop
      vertex 103.5 45.786 56.594
      vertex 103.5 50.6522 59.5323
      vertex 103.5 49.68 60.51
    endloop
  endfacet
  facet normal 1 0 0
    outer loop
      vertex 103.5 44.18 52.7
      vertex 103.5 45.786 56.594
      vertex 103.5 45.3166 56.0482
    endloop
  endfacet
  facet normal 1 0 0
    outer loop
      vertex 103.5 44.18 52.7
      vertex 103.5 45.3166 56.0482
      vertex 103.5 44.9169 55.45
    endloop
  endfacet
  facet normal 1 0 0
    outer loop
      vertex 103.5 44.18 52.7
      vertex 103.5 44.9169 55.45
      vertex 103.5 44.5987 54.8048
    endloop
  endfacet
  facet normal 1 0 0
    outer loop
      vertex 103.5 44.18 52.7
      vertex 103.5 44.5987 54.8048
      vertex 103.5 44.3674 54.1235
    endloop
  endfacet
  facet normal 1 -0 0
    outer loop
      vertex 103.5 45.786 56.594
      vertex 103.5 44.18 52.7
      vertex 103.5 50.6522 59.5323
    endloop
  endfacet
  facet normal 1 0 0
    outer loop
      vertex 103.5 44.18 52.7
      vertex 103.5 44.3674 54.1235
      vertex 103.5 44.2271 53.4179
    endloop
  endfacet
  facet normal 1 0 0
    outer loop
      vertex 103.5 44.18 49.7
      vertex 103.5 50.6522 59.5323
      vertex 103.5 44.18 52.7
    endloop
  endfacet
  facet normal 1 0 0
    outer loop
      vertex 103.5 50.6522 59.5323
      vertex 103.5 44.18 49.7
      vertex 103.5 44.3127 48.5518
    endloop
  endfacet
  facet normal 1 0 0
    outer loop
      vertex 103.5 44.3127 48.5518
      vertex 103.5 44.18 49.7
      vertex 103.5 44.2271 48.9821
    endloop
  endfacet
  facet normal 0 0.980782 0.195108
    outer loop
      vertex 107.9 44.2271 48.9821
      vertex 105.5 44.3127 48.5518
      vertex 103.5 44.2271 48.9821
    endloop
  endfacet
  facet normal 1.63733e-05 0.980799 0.19502
    outer loop
      vertex 107.9 44.3674 48.2765
      vertex 105.5 44.3127 48.5518
      vertex 107.9 44.2271 48.9821
    endloop
  endfacet
  facet normal 0 0.980827 0.194883
    outer loop
      vertex 105.5 44.3127 48.5518
      vertex 107.9 44.3674 48.2765
      vertex 105.5 44.3674 48.2765
    endloop
  endfacet
  facet normal 0 0.980782 0.195108
    outer loop
      vertex 103.5 44.2271 48.9821
      vertex 105.5 44.3127 48.5518
      vertex 103.5 44.3127 48.5518
    endloop
  endfacet
  facet normal 0 -0.831472 -0.555566
    outer loop
      vertex 105.5 54.4431 55.45
      vertex 107.9 54.0434 56.0482
      vertex 105.5 54.0434 56.0482
    endloop
  endfacet
  facet normal 0 -0.831472 -0.555566
    outer loop
      vertex 107.9 54.0434 56.0482
      vertex 105.5 54.4431 55.45
      vertex 107.9 54.4431 55.45
    endloop
  endfacet
  facet normal -0 0.555566 0.831472
    outer loop
      vertex 105.5 46.93 44.9369
      vertex 107.9 46.3318 45.3366
      vertex 107.9 46.93 44.9369
    endloop
  endfacet
  facet normal 0 0.555566 0.831472
    outer loop
      vertex 107.9 46.3318 45.3366
      vertex 105.5 46.93 44.9369
      vertex 105.5 46.3318 45.3366
    endloop
  endfacet
  facet normal 0 -0.758177 -0.652049
    outer loop
      vertex 105.5 54.0434 56.0482
      vertex 107.9 53.574 56.594
      vertex 105.5 53.574 56.594
    endloop
  endfacet
  facet normal 0 -0.758177 -0.652049
    outer loop
      vertex 107.9 53.574 56.594
      vertex 105.5 54.0434 56.0482
      vertex 107.9 54.0434 56.0482
    endloop
  endfacet
  facet normal -0 -0.709098 -0.705109
    outer loop
      vertex 105.5 50.6522 59.5323
      vertex 103.5 49.68 60.51
      vertex 103.5 50.6522 59.5323
    endloop
  endfacet
  facet normal 0 -0.709098 -0.705109
    outer loop
      vertex 103.5 49.68 60.51
      vertex 105.5 50.6522 59.5323
      vertex 107.9 49.68 60.51
    endloop
  endfacet
  facet normal -0 -0.709095 -0.705113
    outer loop
      vertex 107.9 53.574 56.594
      vertex 105.5 50.6522 59.5323
      vertex 105.5 53.574 56.594
    endloop
  endfacet
  facet normal 2.15783e-06 -0.709096 -0.705112
    outer loop
      vertex 105.5 50.6522 59.5323
      vertex 107.9 53.574 56.594
      vertex 107.9 49.68 60.51
    endloop
  endfacet
  facet normal -0 0.659301 0.751879
    outer loop
      vertex 105.5 46.3318 45.3366
      vertex 107.9 45.7909 45.8109
      vertex 107.9 46.3318 45.3366
    endloop
  endfacet
  facet normal 0 0.659301 0.751879
    outer loop
      vertex 107.9 45.7909 45.8109
      vertex 105.5 46.3318 45.3366
      vertex 105.5 45.7909 45.8109
    endloop
  endfacet
  facet normal 0 0.751879 0.659301
    outer loop
      vertex 107.9 45.7909 45.8109
      vertex 105.5 45.3166 46.3518
      vertex 107.9 45.3166 46.3518
    endloop
  endfacet
  facet normal 0 0.751879 0.659301
    outer loop
      vertex 105.5 45.3166 46.3518
      vertex 107.9 45.7909 45.8109
      vertex 105.5 45.7909 45.8109
    endloop
  endfacet
  facet normal 0 -1 0
    outer loop
      vertex 105.5 55.18 49.7
      vertex 107.9 55.18 52.7
      vertex 105.5 55.18 52.7
    endloop
  endfacet
  facet normal 0 -1 -0
    outer loop
      vertex 107.9 55.18 52.7
      vertex 105.5 55.18 49.7
      vertex 107.9 55.18 49.7
    endloop
  endfacet
  facet normal 0 -0.555566 0.831472
    outer loop
      vertex 105.5 53.0282 45.3366
      vertex 106.9 52.43 44.9369
      vertex 106.9 53.0282 45.3366
    endloop
  endfacet
  facet normal 0 -0.555566 0.831472
    outer loop
      vertex 106.9 52.43 44.9369
      vertex 105.5 53.0282 45.3366
      vertex 105.5 52.43 44.9369
    endloop
  endfacet
  facet normal 0 0.758177 -0.652049
    outer loop
      vertex 107.9 45.3166 56.0482
      vertex 103.5 45.786 56.594
      vertex 107.9 45.786 56.594
    endloop
  endfacet
  facet normal 0 0.758177 -0.652049
    outer loop
      vertex 103.5 45.786 56.594
      vertex 107.9 45.3166 56.0482
      vertex 103.5 45.3166 56.0482
    endloop
  endfacet
  facet normal -0 0.321477 0.946918
    outer loop
      vertex 105.5 48.2565 44.3874
      vertex 107.9 47.5752 44.6187
      vertex 107.9 48.2565 44.3874
    endloop
  endfacet
  facet normal 0 0.321477 0.946918
    outer loop
      vertex 107.9 47.5752 44.6187
      vertex 105.5 48.2565 44.3874
      vertex 105.5 47.5752 44.6187
    endloop
  endfacet
  facet normal 0 0.980799 -0.19502
    outer loop
      vertex 107.9 44.2271 53.4179
      vertex 103.5 44.3674 54.1235
      vertex 107.9 44.3674 54.1235
    endloop
  endfacet
  facet normal 0 0.980799 -0.19502
    outer loop
      vertex 103.5 44.3674 54.1235
      vertex 107.9 44.2271 53.4179
      vertex 103.5 44.2271 53.4179
    endloop
  endfacet
  facet normal 0 -0.946902 0.321522
    outer loop
      vertex 105.5 54.9926 48.2765
      vertex 106.9 54.7669 47.6118
      vertex 107.9 54.9926 48.2765
    endloop
  endfacet
  facet normal -2.41241e-05 -0.946918 0.321477
    outer loop
      vertex 105.5 54.7613 47.5952
      vertex 106.9 54.7669 47.6118
      vertex 105.5 54.9926 48.2765
    endloop
  endfacet
  facet normal 0 -0.947536 0.319651
    outer loop
      vertex 106.9 54.7669 47.6118
      vertex 105.5 54.7613 47.5952
      vertex 106.9 54.7613 47.5952
    endloop
  endfacet
  facet normal 0 -0.946902 0.321522
    outer loop
      vertex 107.9 54.9926 48.2765
      vertex 106.9 54.7669 47.6118
      vertex 107.9 54.7669 47.6118
    endloop
  endfacet
  facet normal 0 -0.997855 -0.0654673
    outer loop
      vertex 105.5 55.18 52.7
      vertex 107.9 55.1329 53.4179
      vertex 105.5 55.1329 53.4179
    endloop
  endfacet
  facet normal 0 -0.997855 -0.0654673
    outer loop
      vertex 107.9 55.1329 53.4179
      vertex 105.5 55.18 52.7
      vertex 107.9 55.18 52.7
    endloop
  endfacet
  facet normal 0 0.831472 -0.555566
    outer loop
      vertex 107.9 44.9169 55.45
      vertex 103.5 45.3166 56.0482
      vertex 107.9 45.3166 56.0482
    endloop
  endfacet
  facet normal 0 0.831472 -0.555566
    outer loop
      vertex 103.5 45.3166 56.0482
      vertex 107.9 44.9169 55.45
      vertex 103.5 44.9169 55.45
    endloop
  endfacet
  facet normal -0 0.442314 0.89686
    outer loop
      vertex 105.5 47.5752 44.6187
      vertex 107.9 46.93 44.9369
      vertex 107.9 47.5752 44.6187
    endloop
  endfacet
  facet normal 0 0.442314 0.89686
    outer loop
      vertex 107.9 46.93 44.9369
      vertex 105.5 47.5752 44.6187
      vertex 105.5 46.93 44.9369
    endloop
  endfacet
  facet normal 0 1 -0
    outer loop
      vertex 107.9 44.18 49.7
      vertex 103.5 44.18 52.7
      vertex 107.9 44.18 52.7
    endloop
  endfacet
  facet normal 0 1 0
    outer loop
      vertex 103.5 44.18 52.7
      vertex 107.9 44.18 49.7
      vertex 103.5 44.18 49.7
    endloop
  endfacet
  facet normal 0 0.946918 0.321477
    outer loop
      vertex 107.9 44.5987 47.5952
      vertex 105.5 44.3674 48.2765
      vertex 107.9 44.3674 48.2765
    endloop
  endfacet
  facet normal 0 0.946918 0.321477
    outer loop
      vertex 105.5 44.3674 48.2765
      vertex 107.9 44.5987 47.5952
      vertex 105.5 44.5987 47.5952
    endloop
  endfacet
  facet normal 0 0.946918 -0.321477
    outer loop
      vertex 107.9 44.3674 54.1235
      vertex 103.5 44.5987 54.8048
      vertex 107.9 44.5987 54.8048
    endloop
  endfacet
  facet normal 0 0.946918 -0.321477
    outer loop
      vertex 103.5 44.5987 54.8048
      vertex 107.9 44.3674 54.1235
      vertex 103.5 44.3674 54.1235
    endloop
  endfacet
  facet normal 0 -0.321477 0.946918
    outer loop
      vertex 105.5 51.7848 44.6187
      vertex 106.9 51.1035 44.3874
      vertex 106.9 51.7848 44.6187
    endloop
  endfacet
  facet normal 0 -0.321477 0.946918
    outer loop
      vertex 106.9 51.1035 44.3874
      vertex 105.5 51.7848 44.6187
      vertex 105.5 51.1035 44.3874
    endloop
  endfacet
  facet normal 0 -0.442314 0.89686
    outer loop
      vertex 105.5 52.43 44.9369
      vertex 106.9 51.7848 44.6187
      vertex 106.9 52.43 44.9369
    endloop
  endfacet
  facet normal 0 -0.442314 0.89686
    outer loop
      vertex 106.9 51.7848 44.6187
      vertex 105.5 52.43 44.9369
      vertex 105.5 51.7848 44.6187
    endloop
  endfacet
  facet normal 0 -0.659301 0.751879
    outer loop
      vertex 105.5 53.5691 45.8109
      vertex 106.9 53.0282 45.3366
      vertex 106.9 53.5691 45.8109
    endloop
  endfacet
  facet normal 0 -0.659301 0.751879
    outer loop
      vertex 106.9 53.0282 45.3366
      vertex 105.5 53.5691 45.8109
      vertex 105.5 53.0282 45.3366
    endloop
  endfacet
  facet normal -0 0.19502 0.980799
    outer loop
      vertex 105.5 48.9621 44.2471
      vertex 107.9 48.2565 44.3874
      vertex 107.9 48.9621 44.2471
    endloop
  endfacet
  facet normal 0 0.19502 0.980799
    outer loop
      vertex 107.9 48.2565 44.3874
      vertex 105.5 48.9621 44.2471
      vertex 105.5 48.2565 44.3874
    endloop
  endfacet
  facet normal -0 0.0654673 0.997855
    outer loop
      vertex 105.5 49.68 44.2
      vertex 107.9 48.9621 44.2471
      vertex 107.9 49.68 44.2
    endloop
  endfacet
  facet normal 0 0.0654673 0.997855
    outer loop
      vertex 107.9 48.9621 44.2471
      vertex 105.5 49.68 44.2
      vertex 105.5 48.9621 44.2471
    endloop
  endfacet
  facet normal 0 0.89686 0.442314
    outer loop
      vertex 107.9 44.9169 46.95
      vertex 105.5 44.5987 47.5952
      vertex 107.9 44.5987 47.5952
    endloop
  endfacet
  facet normal 0 0.89686 0.442314
    outer loop
      vertex 105.5 44.5987 47.5952
      vertex 107.9 44.9169 46.95
      vertex 105.5 44.9169 46.95
    endloop
  endfacet
  facet normal 0 -0.0654059 0.997859
    outer loop
      vertex 106.9 50.3979 44.2471
      vertex 105.5 50.3979 44.2471
      vertex 106.9 50.1004 44.2276
    endloop
  endfacet
  facet normal 0 -0.0655107 0.997852
    outer loop
      vertex 106.9 50.1004 44.2276
      vertex 107.9 49.68 44.2
      vertex 107.9 50.1004 44.2276
    endloop
  endfacet
  facet normal -1.31054e-05 -0.0654673 0.997855
    outer loop
      vertex 105.5 49.68 44.2
      vertex 106.9 50.1004 44.2276
      vertex 105.5 50.3979 44.2471
    endloop
  endfacet
  facet normal 0 -0.0655107 0.997852
    outer loop
      vertex 106.9 50.1004 44.2276
      vertex 105.5 49.68 44.2
      vertex 107.9 49.68 44.2
    endloop
  endfacet
  facet normal 0 -0.89686 0.442314
    outer loop
      vertex 105.5 54.4431 46.95
      vertex 106.9 54.7613 47.5952
      vertex 105.5 54.7613 47.5952
    endloop
  endfacet
  facet normal 0 -0.89686 0.442314
    outer loop
      vertex 106.9 54.7613 47.5952
      vertex 105.5 54.4431 46.95
      vertex 106.9 54.4431 46.95
    endloop
  endfacet
  facet normal 0 -0.19502 0.980799
    outer loop
      vertex 105.5 51.1035 44.3874
      vertex 106.9 50.3979 44.2471
      vertex 106.9 51.1035 44.3874
    endloop
  endfacet
  facet normal 0 -0.19502 0.980799
    outer loop
      vertex 106.9 50.3979 44.2471
      vertex 105.5 51.1035 44.3874
      vertex 105.5 50.3979 44.2471
    endloop
  endfacet
  facet normal 0 -0.751879 0.659301
    outer loop
      vertex 105.5 53.5691 45.8109
      vertex 106.9 54.0434 46.3518
      vertex 105.5 54.0434 46.3518
    endloop
  endfacet
  facet normal 0 -0.751879 0.659301
    outer loop
      vertex 106.9 54.0434 46.3518
      vertex 105.5 53.5691 45.8109
      vertex 106.9 53.5691 45.8109
    endloop
  endfacet
  facet normal 0 -0.980799 0.19502
    outer loop
      vertex 105.5 54.9926 48.2765
      vertex 107.9 55.1329 48.9821
      vertex 105.5 55.1329 48.9821
    endloop
  endfacet
  facet normal 0 -0.980799 0.19502
    outer loop
      vertex 107.9 55.1329 48.9821
      vertex 105.5 54.9926 48.2765
      vertex 107.9 54.9926 48.2765
    endloop
  endfacet
  facet normal 0 0.997855 0.0654673
    outer loop
      vertex 107.9 44.2271 48.9821
      vertex 103.5 44.18 49.7
      vertex 107.9 44.18 49.7
    endloop
  endfacet
  facet normal 0 0.997855 0.0654673
    outer loop
      vertex 103.5 44.18 49.7
      vertex 107.9 44.2271 48.9821
      vertex 103.5 44.2271 48.9821
    endloop
  endfacet
  facet normal 0 -0.997855 0.0654673
    outer loop
      vertex 105.5 55.1329 48.9821
      vertex 107.9 55.18 49.7
      vertex 105.5 55.18 49.7
    endloop
  endfacet
  facet normal 0 -0.997855 0.0654673
    outer loop
      vertex 107.9 55.18 49.7
      vertex 105.5 55.1329 48.9821
      vertex 107.9 55.1329 48.9821
    endloop
  endfacet
  facet normal 0 -0.980799 -0.19502
    outer loop
      vertex 105.5 55.1329 53.4179
      vertex 107.9 54.9926 54.1235
      vertex 105.5 54.9926 54.1235
    endloop
  endfacet
  facet normal 0 -0.980799 -0.19502
    outer loop
      vertex 107.9 54.9926 54.1235
      vertex 105.5 55.1329 53.4179
      vertex 107.9 55.1329 53.4179
    endloop
  endfacet
  facet normal 0 -0.946918 -0.321477
    outer loop
      vertex 105.5 54.9926 54.1235
      vertex 107.9 54.7613 54.8048
      vertex 105.5 54.7613 54.8048
    endloop
  endfacet
  facet normal 0 -0.946918 -0.321477
    outer loop
      vertex 107.9 54.7613 54.8048
      vertex 105.5 54.9926 54.1235
      vertex 107.9 54.9926 54.1235
    endloop
  endfacet
  facet normal -0 0.321256 0.946993
    outer loop
      vertex 105.5 54.4183 35.4227
      vertex 106.9 53.9723 35.574
      vertex 106.9 54.4183 35.4227
    endloop
  endfacet
  facet normal 0 0.321256 0.946993
    outer loop
      vertex 106.9 53.9723 35.574
      vertex 105.5 54.4183 35.4227
      vertex 105.5 53.9723 35.574
    endloop
  endfacet
  facet normal 0 0.980768 0.195177
    outer loop
      vertex 106.9 51.8727 37.9683
      vertex 105.5 51.7808 38.4301
      vertex 106.9 51.7808 38.4301
    endloop
  endfacet
  facet normal 0 0.980768 0.195177
    outer loop
      vertex 105.5 51.7808 38.4301
      vertex 106.9 51.8727 37.9683
      vertex 105.5 51.8727 37.9683
    endloop
  endfacet
  facet normal 0 0.709096 -0.705112
    outer loop
      vertex 106.9 52.8012 44.4488
      vertex 105.5 55.35 47.012
      vertex 106.9 55.35 47.012
    endloop
  endfacet
  facet normal 0 0.709096 -0.705112
    outer loop
      vertex 105.5 55.35 47.012
      vertex 106.9 52.8012 44.4488
      vertex 105.5 52.8012 44.4488
    endloop
  endfacet
  facet normal 0 -0.980768 0.195177
    outer loop
      vertex 105.5 58.8273 37.9683
      vertex 106.9 58.9192 38.4301
      vertex 105.5 58.9192 38.4301
    endloop
  endfacet
  facet normal 0 -0.980768 0.195177
    outer loop
      vertex 106.9 58.9192 38.4301
      vertex 105.5 58.8273 37.9683
      vertex 106.9 58.8273 37.9683
    endloop
  endfacet
  facet normal 0 0.751879 0.659301
    outer loop
      vertex 106.9 52.8044 36.3544
      vertex 105.5 52.4939 36.7085
      vertex 106.9 52.4939 36.7085
    endloop
  endfacet
  facet normal 0 0.751879 0.659301
    outer loop
      vertex 105.5 52.4939 36.7085
      vertex 106.9 52.8044 36.3544
      vertex 105.5 52.8044 36.3544
    endloop
  endfacet
  facet normal 0 -0.980768 -0.195177
    outer loop
      vertex 105.5 58.9192 42.3699
      vertex 106.9 58.8273 42.8317
      vertex 105.5 58.8273 42.8317
    endloop
  endfacet
  facet normal 0 -0.980768 -0.195177
    outer loop
      vertex 106.9 58.8273 42.8317
      vertex 105.5 58.9192 42.3699
      vertex 106.9 58.9192 42.3699
    endloop
  endfacet
  facet normal 0 -0.896835 0.442365
    outer loop
      vertex 105.5 58.4677 37.1
      vertex 106.9 58.676 37.5223
      vertex 105.5 58.676 37.5223
    endloop
  endfacet
  facet normal 0 -0.896835 0.442365
    outer loop
      vertex 106.9 58.676 37.5223
      vertex 105.5 58.4677 37.1
      vertex 106.9 58.4677 37.1
    endloop
  endfacet
  facet normal 0 0.831462 0.555582
    outer loop
      vertex 106.9 52.4939 36.7085
      vertex 105.5 52.2323 37.1
      vertex 106.9 52.2323 37.1
    endloop
  endfacet
  facet normal 0 0.831462 0.555582
    outer loop
      vertex 105.5 52.2323 37.1
      vertex 106.9 52.4939 36.7085
      vertex 105.5 52.4939 36.7085
    endloop
  endfacet
  facet normal -0 0.442365 0.896835
    outer loop
      vertex 105.5 53.9723 35.574
      vertex 106.9 53.55 35.7823
      vertex 106.9 53.9723 35.574
    endloop
  endfacet
  facet normal 0 0.442365 0.896835
    outer loop
      vertex 106.9 53.55 35.7823
      vertex 105.5 53.9723 35.574
      vertex 105.5 53.55 35.7823
    endloop
  endfacet
  facet normal 0 -0.831462 0.555582
    outer loop
      vertex 105.5 58.2061 36.7085
      vertex 106.9 58.4677 37.1
      vertex 105.5 58.4677 37.1
    endloop
  endfacet
  facet normal 0 -0.831462 0.555582
    outer loop
      vertex 106.9 58.4677 37.1
      vertex 105.5 58.2061 36.7085
      vertex 106.9 58.2061 36.7085
    endloop
  endfacet
  facet normal 0 -0.758162 -0.652066
    outer loop
      vertex 105.5 58.2061 44.0915
      vertex 106.9 57.8988 44.4488
      vertex 105.5 57.8988 44.4488
    endloop
  endfacet
  facet normal 0 -0.758162 -0.652066
    outer loop
      vertex 106.9 57.8988 44.4488
      vertex 105.5 58.2061 44.0915
      vertex 106.9 58.2061 44.0915
    endloop
  endfacet
  facet normal 0 0.831462 -0.555582
    outer loop
      vertex 106.9 52.2323 43.7
      vertex 105.5 52.4939 44.0915
      vertex 106.9 52.4939 44.0915
    endloop
  endfacet
  facet normal 0 0.831462 -0.555582
    outer loop
      vertex 105.5 52.4939 44.0915
      vertex 106.9 52.2323 43.7
      vertex 105.5 52.2323 43.7
    endloop
  endfacet
  facet normal -0 0.555582 0.831462
    outer loop
      vertex 105.5 53.55 35.7823
      vertex 106.9 53.1585 36.0439
      vertex 106.9 53.55 35.7823
    endloop
  endfacet
  facet normal 0 0.555582 0.831462
    outer loop
      vertex 106.9 53.1585 36.0439
      vertex 105.5 53.55 35.7823
      vertex 105.5 53.1585 36.0439
    endloop
  endfacet
  facet normal 0 0.946993 -0.321256
    outer loop
      vertex 106.9 51.8727 42.8317
      vertex 105.5 52.024 43.2777
      vertex 106.9 52.024 43.2777
    endloop
  endfacet
  facet normal 0 0.946993 -0.321256
    outer loop
      vertex 105.5 52.024 43.2777
      vertex 106.9 51.8727 42.8317
      vertex 105.5 51.8727 42.8317
    endloop
  endfacet
  facet normal 0 -0.0654055 0.997859
    outer loop
      vertex 105.5 55.8199 35.3308
      vertex 106.9 55.35 35.3
      vertex 106.9 55.8199 35.3308
    endloop
  endfacet
  facet normal 0 -0.0654055 0.997859
    outer loop
      vertex 106.9 55.35 35.3
      vertex 105.5 55.8199 35.3308
      vertex 105.5 55.35 35.3
    endloop
  endfacet
  facet normal 0 0.758162 -0.652066
    outer loop
      vertex 106.9 52.4939 44.0915
      vertex 105.5 52.8012 44.4488
      vertex 106.9 52.8012 44.4488
    endloop
  endfacet
  facet normal 0 0.758162 -0.652066
    outer loop
      vertex 105.5 52.8012 44.4488
      vertex 106.9 52.4939 44.0915
      vertex 105.5 52.4939 44.0915
    endloop
  endfacet
  facet normal 0 0.946993 0.321256
    outer loop
      vertex 106.9 52.024 37.5223
      vertex 105.5 51.8727 37.9683
      vertex 106.9 51.8727 37.9683
    endloop
  endfacet
  facet normal 0 0.946993 0.321256
    outer loop
      vertex 105.5 51.8727 37.9683
      vertex 106.9 52.024 37.5223
      vertex 105.5 52.024 37.5223
    endloop
  endfacet
  facet normal 0 -0.831462 -0.555582
    outer loop
      vertex 105.5 58.4677 43.7
      vertex 106.9 58.2061 44.0915
      vertex 105.5 58.2061 44.0915
    endloop
  endfacet
  facet normal 0 -0.831462 -0.555582
    outer loop
      vertex 106.9 58.2061 44.0915
      vertex 105.5 58.4677 43.7
      vertex 106.9 58.4677 43.7
    endloop
  endfacet
  facet normal 0 -0.555582 0.831462
    outer loop
      vertex 105.5 57.5415 36.0439
      vertex 106.9 57.15 35.7823
      vertex 106.9 57.5415 36.0439
    endloop
  endfacet
  facet normal 0 -0.555582 0.831462
    outer loop
      vertex 106.9 57.15 35.7823
      vertex 105.5 57.5415 36.0439
      vertex 105.5 57.15 35.7823
    endloop
  endfacet
  facet normal 0 0.997859 0.0654055
    outer loop
      vertex 106.9 51.7808 38.4301
      vertex 105.5 51.75 38.9
      vertex 106.9 51.75 38.9
    endloop
  endfacet
  facet normal 0 0.997859 0.0654055
    outer loop
      vertex 105.5 51.75 38.9
      vertex 106.9 51.7808 38.4301
      vertex 105.5 51.7808 38.4301
    endloop
  endfacet
  facet normal 0 -0.946993 -0.321256
    outer loop
      vertex 105.5 58.8273 42.8317
      vertex 106.9 58.676 43.2777
      vertex 105.5 58.676 43.2777
    endloop
  endfacet
  facet normal 0 -0.946993 -0.321256
    outer loop
      vertex 106.9 58.676 43.2777
      vertex 105.5 58.8273 42.8317
      vertex 106.9 58.8273 42.8317
    endloop
  endfacet
  facet normal 0 -0.321256 0.946993
    outer loop
      vertex 105.5 56.7277 35.574
      vertex 106.9 56.2817 35.4227
      vertex 106.9 56.7277 35.574
    endloop
  endfacet
  facet normal 0 -0.321256 0.946993
    outer loop
      vertex 106.9 56.2817 35.4227
      vertex 105.5 56.7277 35.574
      vertex 105.5 56.2817 35.4227
    endloop
  endfacet
  facet normal -0 0.195177 0.980768
    outer loop
      vertex 105.5 54.8801 35.3308
      vertex 106.9 54.4183 35.4227
      vertex 106.9 54.8801 35.3308
    endloop
  endfacet
  facet normal 0 0.195177 0.980768
    outer loop
      vertex 106.9 54.4183 35.4227
      vertex 105.5 54.8801 35.3308
      vertex 105.5 54.4183 35.4227
    endloop
  endfacet
  facet normal 0 1 -0
    outer loop
      vertex 106.9 51.75 38.9
      vertex 105.5 51.75 41.9
      vertex 106.9 51.75 41.9
    endloop
  endfacet
  facet normal 0 1 0
    outer loop
      vertex 105.5 51.75 41.9
      vertex 106.9 51.75 38.9
      vertex 105.5 51.75 38.9
    endloop
  endfacet
  facet normal 0 -0.709096 -0.705112
    outer loop
      vertex 105.5 57.8988 44.4488
      vertex 106.9 55.35 47.012
      vertex 105.5 55.35 47.012
    endloop
  endfacet
  facet normal 0 -0.709096 -0.705112
    outer loop
      vertex 106.9 55.35 47.012
      vertex 105.5 57.8988 44.4488
      vertex 106.9 57.8988 44.4488
    endloop
  endfacet
  facet normal 0 -0.751879 0.659301
    outer loop
      vertex 105.5 57.8956 36.3544
      vertex 106.9 58.2061 36.7085
      vertex 105.5 58.2061 36.7085
    endloop
  endfacet
  facet normal 0 -0.751879 0.659301
    outer loop
      vertex 106.9 58.2061 36.7085
      vertex 105.5 57.8956 36.3544
      vertex 106.9 57.8956 36.3544
    endloop
  endfacet
  facet normal 0 0.997859 -0.0654055
    outer loop
      vertex 106.9 51.75 41.9
      vertex 105.5 51.7808 42.3699
      vertex 106.9 51.7808 42.3699
    endloop
  endfacet
  facet normal 0 0.997859 -0.0654055
    outer loop
      vertex 105.5 51.7808 42.3699
      vertex 106.9 51.75 41.9
      vertex 105.5 51.75 41.9
    endloop
  endfacet
  facet normal 0 -0.659301 0.751879
    outer loop
      vertex 105.5 57.8956 36.3544
      vertex 106.9 57.5415 36.0439
      vertex 106.9 57.8956 36.3544
    endloop
  endfacet
  facet normal 0 -0.659301 0.751879
    outer loop
      vertex 106.9 57.5415 36.0439
      vertex 105.5 57.8956 36.3544
      vertex 105.5 57.5415 36.0439
    endloop
  endfacet
  facet normal 0 -1 0
    outer loop
      vertex 105.5 58.95 38.9
      vertex 106.9 58.95 41.9
      vertex 105.5 58.95 41.9
    endloop
  endfacet
  facet normal 0 -1 -0
    outer loop
      vertex 106.9 58.95 41.9
      vertex 105.5 58.95 38.9
      vertex 106.9 58.95 38.9
    endloop
  endfacet
  facet normal 0 -0.997859 0.0654055
    outer loop
      vertex 105.5 58.9192 38.4301
      vertex 106.9 58.95 38.9
      vertex 105.5 58.95 38.9
    endloop
  endfacet
  facet normal 0 -0.997859 0.0654055
    outer loop
      vertex 106.9 58.95 38.9
      vertex 105.5 58.9192 38.4301
      vertex 106.9 58.9192 38.4301
    endloop
  endfacet
  facet normal 0 -0.442365 0.896835
    outer loop
      vertex 105.5 57.15 35.7823
      vertex 106.9 56.7277 35.574
      vertex 106.9 57.15 35.7823
    endloop
  endfacet
  facet normal 0 -0.442365 0.896835
    outer loop
      vertex 106.9 56.7277 35.574
      vertex 105.5 57.15 35.7823
      vertex 105.5 56.7277 35.574
    endloop
  endfacet
  facet normal 0 -0.946993 0.321256
    outer loop
      vertex 105.5 58.676 37.5223
      vertex 106.9 58.8273 37.9683
      vertex 105.5 58.8273 37.9683
    endloop
  endfacet
  facet normal 0 -0.946993 0.321256
    outer loop
      vertex 106.9 58.8273 37.9683
      vertex 105.5 58.676 37.5223
      vertex 106.9 58.676 37.5223
    endloop
  endfacet
  facet normal 0 -0.997859 -0.0654055
    outer loop
      vertex 105.5 58.95 41.9
      vertex 106.9 58.9192 42.3699
      vertex 105.5 58.9192 42.3699
    endloop
  endfacet
  facet normal 0 -0.997859 -0.0654055
    outer loop
      vertex 106.9 58.9192 42.3699
      vertex 105.5 58.95 41.9
      vertex 106.9 58.95 41.9
    endloop
  endfacet
  facet normal 0 0.980768 -0.195177
    outer loop
      vertex 106.9 51.7808 42.3699
      vertex 105.5 51.8727 42.8317
      vertex 106.9 51.8727 42.8317
    endloop
  endfacet
  facet normal 0 0.980768 -0.195177
    outer loop
      vertex 105.5 51.8727 42.8317
      vertex 106.9 51.7808 42.3699
      vertex 105.5 51.7808 42.3699
    endloop
  endfacet
  facet normal 0 0.896835 -0.442365
    outer loop
      vertex 106.9 52.024 43.2777
      vertex 105.5 52.2323 43.7
      vertex 106.9 52.2323 43.7
    endloop
  endfacet
  facet normal 0 0.896835 -0.442365
    outer loop
      vertex 105.5 52.2323 43.7
      vertex 106.9 52.024 43.2777
      vertex 105.5 52.024 43.2777
    endloop
  endfacet
  facet normal 0 -0.896835 -0.442365
    outer loop
      vertex 105.5 58.676 43.2777
      vertex 106.9 58.4677 43.7
      vertex 105.5 58.4677 43.7
    endloop
  endfacet
  facet normal 0 -0.896835 -0.442365
    outer loop
      vertex 106.9 58.4677 43.7
      vertex 105.5 58.676 43.2777
      vertex 106.9 58.676 43.2777
    endloop
  endfacet
  facet normal 0 -0.195177 0.980768
    outer loop
      vertex 105.5 56.2817 35.4227
      vertex 106.9 55.8199 35.3308
      vertex 106.9 56.2817 35.4227
    endloop
  endfacet
  facet normal 0 -0.195177 0.980768
    outer loop
      vertex 106.9 55.8199 35.3308
      vertex 105.5 56.2817 35.4227
      vertex 105.5 55.8199 35.3308
    endloop
  endfacet
  facet normal 0 0.896835 0.442365
    outer loop
      vertex 106.9 52.2323 37.1
      vertex 105.5 52.024 37.5223
      vertex 106.9 52.024 37.5223
    endloop
  endfacet
  facet normal 0 0.896835 0.442365
    outer loop
      vertex 105.5 52.024 37.5223
      vertex 106.9 52.2323 37.1
      vertex 105.5 52.2323 37.1
    endloop
  endfacet
  facet normal -0 0.0654055 0.997859
    outer loop
      vertex 105.5 55.35 35.3
      vertex 106.9 54.8801 35.3308
      vertex 106.9 55.35 35.3
    endloop
  endfacet
  facet normal 0 0.0654055 0.997859
    outer loop
      vertex 106.9 54.8801 35.3308
      vertex 105.5 55.35 35.3
      vertex 105.5 54.8801 35.3308
    endloop
  endfacet
  facet normal -0 0.659301 0.751879
    outer loop
      vertex 105.5 53.1585 36.0439
      vertex 106.9 52.8044 36.3544
      vertex 106.9 53.1585 36.0439
    endloop
  endfacet
  facet normal 0 0.659301 0.751879
    outer loop
      vertex 106.9 52.8044 36.3544
      vertex 105.5 53.1585 36.0439
      vertex 105.5 52.8044 36.3544
    endloop
  endfacet
  facet normal 0 -0.831518 -0.555498
    outer loop
      vertex 106.9 60.3296 44.775
      vertex 107.9 59.9118 45.4004
      vertex 106.9 59.9118 45.4004
    endloop
  endfacet
  facet normal 0 -0.831518 -0.555498
    outer loop
      vertex 107.9 59.9118 45.4004
      vertex 106.9 60.3296 44.775
      vertex 107.9 60.3296 44.775
    endloop
  endfacet
  facet normal 0 0.997858 -0.0654159
    outer loop
      vertex 107.9 49.6 41.9
      vertex 106.9 49.6492 42.6505
      vertex 107.9 49.6492 42.6505
    endloop
  endfacet
  facet normal 0 0.997858 -0.0654159
    outer loop
      vertex 106.9 49.6492 42.6505
      vertex 107.9 49.6 41.9
      vertex 106.9 49.6 41.9
    endloop
  endfacet
  facet normal 0 -0.0654159 0.997858
    outer loop
      vertex 106.9 56.1005 33.1992
      vertex 107.9 55.35 33.15
      vertex 107.9 56.1005 33.1992
    endloop
  endfacet
  facet normal 0 -0.0654159 0.997858
    outer loop
      vertex 107.9 55.35 33.15
      vertex 106.9 56.1005 33.1992
      vertex 106.9 55.35 33.15
    endloop
  endfacet
  facet normal 0 -0.0654159 -0.997858
    outer loop
      vertex 106.9 55.35 47.65
      vertex 107.9 56.1005 47.6008
      vertex 107.9 55.35 47.65
    endloop
  endfacet
  facet normal -0 -0.0654159 -0.997858
    outer loop
      vertex 107.9 56.1005 47.6008
      vertex 106.9 55.35 47.65
      vertex 106.9 56.1005 47.6008
    endloop
  endfacet
  facet normal 0 1 -0
    outer loop
      vertex 107.9 49.6 38.9
      vertex 106.9 49.6 41.9
      vertex 107.9 49.6 41.9
    endloop
  endfacet
  facet normal 0 1 0
    outer loop
      vertex 106.9 49.6 41.9
      vertex 107.9 49.6 38.9
      vertex 106.9 49.6 38.9
    endloop
  endfacet
  facet normal 0 0.997851 0.0655249
    outer loop
      vertex 107.9 49.6105 38.7401
      vertex 106.9 49.6 38.9
      vertex 107.9 49.6 38.9
    endloop
  endfacet
  facet normal 0 0.997851 0.0655249
    outer loop
      vertex 106.9 49.6 38.9
      vertex 107.9 49.6105 38.7401
      vertex 106.9 49.6105 38.7401
    endloop
  endfacet
  facet normal 0 0.0653718 -0.997861
    outer loop
      vertex 106.9 54.7669 47.6118
      vertex 107.9 55.35 47.65
      vertex 107.9 54.7669 47.6118
    endloop
  endfacet
  facet normal 0 0.0653718 -0.997861
    outer loop
      vertex 107.9 55.35 47.65
      vertex 106.9 54.7669 47.6118
      vertex 106.9 55.35 47.65
    endloop
  endfacet
  facet normal 0 -0.195042 -0.980795
    outer loop
      vertex 106.9 56.1005 47.6008
      vertex 107.9 56.8382 47.4541
      vertex 107.9 56.1005 47.6008
    endloop
  endfacet
  facet normal -0 -0.195042 -0.980795
    outer loop
      vertex 107.9 56.8382 47.4541
      vertex 106.9 56.1005 47.6008
      vertex 106.9 56.8382 47.4541
    endloop
  endfacet
  facet normal 0 0.946914 -0.321488
    outer loop
      vertex 107.9 49.7959 43.3882
      vertex 106.9 50.0377 44.1004
      vertex 107.9 50.0377 44.1004
    endloop
  endfacet
  facet normal 0 0.946914 -0.321488
    outer loop
      vertex 106.9 50.0377 44.1004
      vertex 107.9 49.7959 43.3882
      vertex 106.9 49.7959 43.3882
    endloop
  endfacet
  facet normal 0 -0.997858 -0.0654159
    outer loop
      vertex 106.9 61.1 41.9
      vertex 107.9 61.0508 42.6505
      vertex 106.9 61.0508 42.6505
    endloop
  endfacet
  facet normal 0 -0.997858 -0.0654159
    outer loop
      vertex 107.9 61.0508 42.6505
      vertex 106.9 61.1 41.9
      vertex 107.9 61.1 41.9
    endloop
  endfacet
  facet normal 0 -0.89686 0.442314
    outer loop
      vertex 106.9 60.3296 36.025
      vertex 107.9 60.6623 36.6996
      vertex 106.9 60.6623 36.6996
    endloop
  endfacet
  facet normal 0 -0.89686 0.442314
    outer loop
      vertex 107.9 60.6623 36.6996
      vertex 106.9 60.3296 36.025
      vertex 107.9 60.3296 36.025
    endloop
  endfacet
  facet normal 0 0.980795 -0.195042
    outer loop
      vertex 107.9 49.6492 42.6505
      vertex 106.9 49.7959 43.3882
      vertex 107.9 49.7959 43.3882
    endloop
  endfacet
  facet normal 0 0.980795 -0.195042
    outer loop
      vertex 106.9 49.7959 43.3882
      vertex 107.9 49.6492 42.6505
      vertex 106.9 49.6492 42.6505
    endloop
  endfacet
  facet normal 0 -0.321488 -0.946914
    outer loop
      vertex 106.9 56.8382 47.4541
      vertex 107.9 57.5504 47.2123
      vertex 107.9 56.8382 47.4541
    endloop
  endfacet
  facet normal -0 -0.321488 -0.946914
    outer loop
      vertex 107.9 57.5504 47.2123
      vertex 106.9 56.8382 47.4541
      vertex 106.9 57.5504 47.2123
    endloop
  endfacet
  facet normal 0 -0.659323 0.75186
    outer loop
      vertex 106.9 59.4159 34.8341
      vertex 107.9 58.8504 34.3382
      vertex 107.9 59.4159 34.8341
    endloop
  endfacet
  facet normal 0 -0.659323 0.75186
    outer loop
      vertex 107.9 58.8504 34.3382
      vertex 106.9 59.4159 34.8341
      vertex 106.9 58.8504 34.3382
    endloop
  endfacet
  facet normal 0 -0.555498 0.831518
    outer loop
      vertex 106.9 58.8504 34.3382
      vertex 107.9 58.225 33.9204
      vertex 107.9 58.8504 34.3382
    endloop
  endfacet
  facet normal 0 -0.555498 0.831518
    outer loop
      vertex 107.9 58.225 33.9204
      vertex 106.9 58.8504 34.3382
      vertex 106.9 58.225 33.9204
    endloop
  endfacet
  facet normal 0 -0.195042 0.980795
    outer loop
      vertex 106.9 56.8382 33.3459
      vertex 107.9 56.1005 33.1992
      vertex 107.9 56.8382 33.3459
    endloop
  endfacet
  facet normal 0 -0.195042 0.980795
    outer loop
      vertex 107.9 56.1005 33.1992
      vertex 106.9 56.8382 33.3459
      vertex 106.9 56.1005 33.1992
    endloop
  endfacet
  facet normal 0 -0.442314 -0.89686
    outer loop
      vertex 106.9 57.5504 47.2123
      vertex 107.9 58.225 46.8796
      vertex 107.9 57.5504 47.2123
    endloop
  endfacet
  facet normal -0 -0.442314 -0.89686
    outer loop
      vertex 107.9 58.225 46.8796
      vertex 106.9 57.5504 47.2123
      vertex 106.9 58.225 46.8796
    endloop
  endfacet
  facet normal 0 -0.659323 -0.75186
    outer loop
      vertex 106.9 58.8504 46.4618
      vertex 107.9 59.4159 45.9659
      vertex 107.9 58.8504 46.4618
    endloop
  endfacet
  facet normal -0 -0.659323 -0.75186
    outer loop
      vertex 107.9 59.4159 45.9659
      vertex 106.9 58.8504 46.4618
      vertex 106.9 59.4159 45.9659
    endloop
  endfacet
  facet normal 0 -0.946914 0.321488
    outer loop
      vertex 106.9 60.6623 36.6996
      vertex 107.9 60.9041 37.4118
      vertex 106.9 60.9041 37.4118
    endloop
  endfacet
  facet normal 0 -0.946914 0.321488
    outer loop
      vertex 107.9 60.9041 37.4118
      vertex 106.9 60.6623 36.6996
      vertex 107.9 60.6623 36.6996
    endloop
  endfacet
  facet normal 0 0.896951 -0.442129
    outer loop
      vertex 107.9 50.0377 44.1004
      vertex 106.9 50.1004 44.2276
      vertex 107.9 50.1004 44.2276
    endloop
  endfacet
  facet normal 0 0.896951 -0.442129
    outer loop
      vertex 106.9 50.1004 44.2276
      vertex 107.9 50.0377 44.1004
      vertex 106.9 50.0377 44.1004
    endloop
  endfacet
  facet normal 1 0 0
    outer loop
      vertex 106.9 58.95 41.9
      vertex 106.9 61.1 41.9
      vertex 106.9 61.0508 42.6505
    endloop
  endfacet
  facet normal 1 0 0
    outer loop
      vertex 106.9 61.1 41.9
      vertex 106.9 58.95 41.9
      vertex 106.9 61.1 38.9
    endloop
  endfacet
  facet normal 1 0 0
    outer loop
      vertex 106.9 58.9192 42.3699
      vertex 106.9 61.0508 42.6505
      vertex 106.9 60.9041 43.3882
    endloop
  endfacet
  facet normal 1 0 0
    outer loop
      vertex 106.9 58.95 38.9
      vertex 106.9 61.1 38.9
      vertex 106.9 58.95 41.9
    endloop
  endfacet
  facet normal 1 0 0
    outer loop
      vertex 106.9 58.8273 42.8317
      vertex 106.9 60.9041 43.3882
      vertex 106.9 60.6623 44.1004
    endloop
  endfacet
  facet normal 1 0 0
    outer loop
      vertex 106.9 61.1 38.9
      vertex 106.9 58.95 38.9
      vertex 106.9 61.0508 38.1495
    endloop
  endfacet
  facet normal 1 0 0
    outer loop
      vertex 106.9 58.676 43.2777
      vertex 106.9 60.6623 44.1004
      vertex 106.9 60.3296 44.775
    endloop
  endfacet
  facet normal 1 -0 0
    outer loop
      vertex 106.9 58.9192 38.4301
      vertex 106.9 61.0508 38.1495
      vertex 106.9 58.95 38.9
    endloop
  endfacet
  facet normal 1 0 0
    outer loop
      vertex 106.9 58.4677 43.7
      vertex 106.9 60.3296 44.775
      vertex 106.9 59.9118 45.4004
    endloop
  endfacet
  facet normal 1 0 0
    outer loop
      vertex 106.9 61.0508 38.1495
      vertex 106.9 58.9192 38.4301
      vertex 106.9 60.9041 37.4118
    endloop
  endfacet
  facet normal 1 0 0
    outer loop
      vertex 106.9 58.2061 44.0915
      vertex 106.9 59.9118 45.4004
      vertex 106.9 59.4159 45.9659
    endloop
  endfacet
  facet normal 1 -0 0
    outer loop
      vertex 106.9 58.8273 37.9683
      vertex 106.9 60.9041 37.4118
      vertex 106.9 58.9192 38.4301
    endloop
  endfacet
  facet normal 1 0 0
    outer loop
      vertex 106.9 60.9041 37.4118
      vertex 106.9 58.8273 37.9683
      vertex 106.9 60.6623 36.6996
    endloop
  endfacet
  facet normal 1 0 0
    outer loop
      vertex 106.9 61.0508 42.6505
      vertex 106.9 58.9192 42.3699
      vertex 106.9 58.95 41.9
    endloop
  endfacet
  facet normal 1 0 0
    outer loop
      vertex 106.9 57.8988 44.4488
      vertex 106.9 59.4159 45.9659
      vertex 106.9 58.8504 46.4618
    endloop
  endfacet
  facet normal 1 0 0
    outer loop
      vertex 106.9 60.9041 43.3882
      vertex 106.9 58.8273 42.8317
      vertex 106.9 58.9192 42.3699
    endloop
  endfacet
  facet normal 1 0 0
    outer loop
      vertex 106.9 60.6623 44.1004
      vertex 106.9 58.676 43.2777
      vertex 106.9 58.8273 42.8317
    endloop
  endfacet
  facet normal 1 0 0
    outer loop
      vertex 106.9 60.3296 44.775
      vertex 106.9 58.4677 43.7
      vertex 106.9 58.676 43.2777
    endloop
  endfacet
  facet normal 1 0 0
    outer loop
      vertex 106.9 57.8988 44.4488
      vertex 106.9 58.8504 46.4618
      vertex 106.9 58.225 46.8796
    endloop
  endfacet
  facet normal 1 0 0
    outer loop
      vertex 106.9 59.9118 45.4004
      vertex 106.9 58.2061 44.0915
      vertex 106.9 58.4677 43.7
    endloop
  endfacet
  facet normal 1 0 0
    outer loop
      vertex 106.9 59.4159 45.9659
      vertex 106.9 57.8988 44.4488
      vertex 106.9 58.2061 44.0915
    endloop
  endfacet
  facet normal 1 0 0
    outer loop
      vertex 106.9 57.5504 47.2123
      vertex 106.9 57.8988 44.4488
      vertex 106.9 58.225 46.8796
    endloop
  endfacet
  facet normal 1 0 0
    outer loop
      vertex 106.9 56.8382 47.4541
      vertex 106.9 57.8988 44.4488
      vertex 106.9 57.5504 47.2123
    endloop
  endfacet
  facet normal 1 0 0
    outer loop
      vertex 106.9 55.35 47.012
      vertex 106.9 56.8382 47.4541
      vertex 106.9 56.1005 47.6008
    endloop
  endfacet
  facet normal 1 0 0
    outer loop
      vertex 106.9 55.35 47.012
      vertex 106.9 56.1005 47.6008
      vertex 106.9 55.35 47.65
    endloop
  endfacet
  facet normal 1 0 0
    outer loop
      vertex 106.9 56.8382 47.4541
      vertex 106.9 55.35 47.012
      vertex 106.9 57.8988 44.4488
    endloop
  endfacet
  facet normal 1 0 0
    outer loop
      vertex 106.9 54.7613 47.5952
      vertex 106.9 55.35 47.65
      vertex 106.9 54.7669 47.6118
    endloop
  endfacet
  facet normal 1 0 0
    outer loop
      vertex 106.9 55.35 47.65
      vertex 106.9 54.7613 47.5952
      vertex 106.9 55.35 47.012
    endloop
  endfacet
  facet normal 1 0 0
    outer loop
      vertex 106.9 54.4431 46.95
      vertex 106.9 55.35 47.012
      vertex 106.9 54.7613 47.5952
    endloop
  endfacet
  facet normal 1 0 0
    outer loop
      vertex 106.9 54.0434 46.3518
      vertex 106.9 55.35 47.012
      vertex 106.9 54.4431 46.95
    endloop
  endfacet
  facet normal 1 0 0
    outer loop
      vertex 106.9 53.5691 45.8109
      vertex 106.9 55.35 47.012
      vertex 106.9 54.0434 46.3518
    endloop
  endfacet
  facet normal 1 0 0
    outer loop
      vertex 106.9 52.8012 44.4488
      vertex 106.9 53.5691 45.8109
      vertex 106.9 53.0282 45.3366
    endloop
  endfacet
  facet normal 1 -0 0
    outer loop
      vertex 106.9 53.5691 45.8109
      vertex 106.9 52.8012 44.4488
      vertex 106.9 55.35 47.012
    endloop
  endfacet
  facet normal 1 -0 0
    outer loop
      vertex 106.9 52.43 44.9369
      vertex 106.9 52.8012 44.4488
      vertex 106.9 53.0282 45.3366
    endloop
  endfacet
  facet normal 1 0 0
    outer loop
      vertex 106.9 52.8012 44.4488
      vertex 106.9 52.43 44.9369
      vertex 106.9 52.4939 44.0915
    endloop
  endfacet
  facet normal 1 -0 0
    outer loop
      vertex 106.9 51.7848 44.6187
      vertex 106.9 52.4939 44.0915
      vertex 106.9 52.43 44.9369
    endloop
  endfacet
  facet normal 1 0 0
    outer loop
      vertex 106.9 52.4939 44.0915
      vertex 106.9 51.7848 44.6187
      vertex 106.9 52.2323 43.7
    endloop
  endfacet
  facet normal 1 -0 0
    outer loop
      vertex 106.9 51.1035 44.3874
      vertex 106.9 52.2323 43.7
      vertex 106.9 51.7848 44.6187
    endloop
  endfacet
  facet normal 1 0 0
    outer loop
      vertex 106.9 52.2323 43.7
      vertex 106.9 51.1035 44.3874
      vertex 106.9 52.024 43.2777
    endloop
  endfacet
  facet normal 1 0 0
    outer loop
      vertex 106.9 52.024 43.2777
      vertex 106.9 51.1035 44.3874
      vertex 106.9 51.8727 42.8317
    endloop
  endfacet
  facet normal 1 -0 0
    outer loop
      vertex 106.9 50.3979 44.2471
      vertex 106.9 51.8727 42.8317
      vertex 106.9 51.1035 44.3874
    endloop
  endfacet
  facet normal 1 -0 0
    outer loop
      vertex 106.9 49.6492 42.6505
      vertex 106.9 51.7808 42.3699
      vertex 106.9 49.7959 43.3882
    endloop
  endfacet
  facet normal 1 0 0
    outer loop
      vertex 106.9 51.8727 42.8317
      vertex 106.9 49.7959 43.3882
      vertex 106.9 51.7808 42.3699
    endloop
  endfacet
  facet normal 1 -0 0
    outer loop
      vertex 106.9 58.676 37.5223
      vertex 106.9 60.6623 36.6996
      vertex 106.9 58.8273 37.9683
    endloop
  endfacet
  facet normal 1 0 0
    outer loop
      vertex 106.9 60.6623 36.6996
      vertex 106.9 58.676 37.5223
      vertex 106.9 60.3296 36.025
    endloop
  endfacet
  facet normal 1 -0 0
    outer loop
      vertex 106.9 58.4677 37.1
      vertex 106.9 60.3296 36.025
      vertex 106.9 58.676 37.5223
    endloop
  endfacet
  facet normal 1 0 0
    outer loop
      vertex 106.9 60.3296 36.025
      vertex 106.9 58.4677 37.1
      vertex 106.9 59.9118 35.3996
    endloop
  endfacet
  facet normal 1 -0 0
    outer loop
      vertex 106.9 58.2061 36.7085
      vertex 106.9 59.9118 35.3996
      vertex 106.9 58.4677 37.1
    endloop
  endfacet
  facet normal 1 0 0
    outer loop
      vertex 106.9 59.9118 35.3996
      vertex 106.9 58.2061 36.7085
      vertex 106.9 59.4159 34.8341
    endloop
  endfacet
  facet normal 1 -0 0
    outer loop
      vertex 106.9 57.8956 36.3544
      vertex 106.9 59.4159 34.8341
      vertex 106.9 58.2061 36.7085
    endloop
  endfacet
  facet normal 1 0 0
    outer loop
      vertex 106.9 59.4159 34.8341
      vertex 106.9 57.8956 36.3544
      vertex 106.9 58.8504 34.3382
    endloop
  endfacet
  facet normal 1 -0 0
    outer loop
      vertex 106.9 57.5415 36.0439
      vertex 106.9 58.8504 34.3382
      vertex 106.9 57.8956 36.3544
    endloop
  endfacet
  facet normal 1 0 0
    outer loop
      vertex 106.9 58.8504 34.3382
      vertex 106.9 57.5415 36.0439
      vertex 106.9 58.225 33.9204
    endloop
  endfacet
  facet normal 1 -0 0
    outer loop
      vertex 106.9 57.15 35.7823
      vertex 106.9 58.225 33.9204
      vertex 106.9 57.5415 36.0439
    endloop
  endfacet
  facet normal 1 0 0
    outer loop
      vertex 106.9 58.225 33.9204
      vertex 106.9 57.15 35.7823
      vertex 106.9 57.5504 33.5877
    endloop
  endfacet
  facet normal 1 -0 0
    outer loop
      vertex 106.9 56.7277 35.574
      vertex 106.9 57.5504 33.5877
      vertex 106.9 57.15 35.7823
    endloop
  endfacet
  facet normal 1 0 0
    outer loop
      vertex 106.9 57.5504 33.5877
      vertex 106.9 56.7277 35.574
      vertex 106.9 56.8382 33.3459
    endloop
  endfacet
  facet normal 1 -0 0
    outer loop
      vertex 106.9 56.2817 35.4227
      vertex 106.9 56.8382 33.3459
      vertex 106.9 56.7277 35.574
    endloop
  endfacet
  facet normal 1 0 0
    outer loop
      vertex 106.9 56.2817 35.4227
      vertex 106.9 56.1005 33.1992
      vertex 106.9 56.8382 33.3459
    endloop
  endfacet
  facet normal 1 -0 0
    outer loop
      vertex 106.9 55.8199 35.3308
      vertex 106.9 56.1005 33.1992
      vertex 106.9 56.2817 35.4227
    endloop
  endfacet
  facet normal 1 -0 0
    outer loop
      vertex 106.9 55.35 35.3
      vertex 106.9 56.1005 33.1992
      vertex 106.9 55.8199 35.3308
    endloop
  endfacet
  facet normal 1 0 0
    outer loop
      vertex 106.9 55.35 35.3
      vertex 106.9 55.35 33.15
      vertex 106.9 56.1005 33.1992
    endloop
  endfacet
  facet normal 1 0 0
    outer loop
      vertex 106.9 54.4431 33.75
      vertex 106.9 55.35 35.3
      vertex 106.9 54.8801 35.3308
    endloop
  endfacet
  facet normal 1 0 0
    outer loop
      vertex 106.9 55.35 35.3
      vertex 106.9 54.4431 33.75
      vertex 106.9 55.35 33.15
    endloop
  endfacet
  facet normal 1 0 0
    outer loop
      vertex 106.9 55.35 33.15
      vertex 106.9 54.4431 33.75
      vertex 106.9 54.7186 33.1914
    endloop
  endfacet
  facet normal 1 0 0
    outer loop
      vertex 106.9 54.0434 34.3482
      vertex 106.9 54.8801 35.3308
      vertex 106.9 54.4183 35.4227
    endloop
  endfacet
  facet normal 1 0 0
    outer loop
      vertex 106.9 54.8801 35.3308
      vertex 106.9 54.0434 34.3482
      vertex 106.9 54.4431 33.75
    endloop
  endfacet
  facet normal 1 0 0
    outer loop
      vertex 106.9 53.574 34.894
      vertex 106.9 54.4183 35.4227
      vertex 106.9 53.9723 35.574
    endloop
  endfacet
  facet normal 1 0 0
    outer loop
      vertex 106.9 54.4183 35.4227
      vertex 106.9 53.574 34.894
      vertex 106.9 54.0434 34.3482
    endloop
  endfacet
  facet normal 1 0 0
    outer loop
      vertex 106.9 53.55 35.7823
      vertex 106.9 53.574 34.894
      vertex 106.9 53.9723 35.574
    endloop
  endfacet
  facet normal 1 0 0
    outer loop
      vertex 106.9 53.1585 36.0439
      vertex 106.9 53.574 34.894
      vertex 106.9 53.55 35.7823
    endloop
  endfacet
  facet normal 1 0 0
    outer loop
      vertex 106.9 52.8044 36.3544
      vertex 106.9 53.574 34.894
      vertex 106.9 53.1585 36.0439
    endloop
  endfacet
  facet normal 1 0 0
    outer loop
      vertex 106.9 52.4939 36.7085
      vertex 106.9 53.574 34.894
      vertex 106.9 52.8044 36.3544
    endloop
  endfacet
  facet normal 1 0 0
    outer loop
      vertex 106.9 49.68 38.81
      vertex 106.9 52.4939 36.7085
      vertex 106.9 52.2323 37.1
    endloop
  endfacet
  facet normal 1 0 0
    outer loop
      vertex 106.9 51.75 41.9
      vertex 106.9 49.6 41.9
      vertex 106.9 51.75 38.9
    endloop
  endfacet
  facet normal 1 0 0
    outer loop
      vertex 106.9 51.8727 42.8317
      vertex 106.9 50.3979 44.2471
      vertex 106.9 49.7959 43.3882
    endloop
  endfacet
  facet normal 1 0 0
    outer loop
      vertex 106.9 49.6 38.9
      vertex 106.9 51.75 38.9
      vertex 106.9 49.6 41.9
    endloop
  endfacet
  facet normal 1 0 0
    outer loop
      vertex 106.9 50.0377 44.1004
      vertex 106.9 50.3979 44.2471
      vertex 106.9 50.1004 44.2276
    endloop
  endfacet
  facet normal 1 0 0
    outer loop
      vertex 106.9 50.3979 44.2471
      vertex 106.9 50.0377 44.1004
      vertex 106.9 49.7959 43.3882
    endloop
  endfacet
  facet normal 1 0 0
    outer loop
      vertex 106.9 51.7808 42.3699
      vertex 106.9 49.6492 42.6505
      vertex 106.9 51.75 41.9
    endloop
  endfacet
  facet normal 1 0 0
    outer loop
      vertex 106.9 51.75 41.9
      vertex 106.9 49.6492 42.6505
      vertex 106.9 49.6 41.9
    endloop
  endfacet
  facet normal 1 0 0
    outer loop
      vertex 106.9 52.4939 36.7085
      vertex 106.9 49.68 38.81
      vertex 106.9 53.574 34.894
    endloop
  endfacet
  facet normal 1 0 0
    outer loop
      vertex 106.9 52.024 37.5223
      vertex 106.9 49.68 38.81
      vertex 106.9 52.2323 37.1
    endloop
  endfacet
  facet normal 1 0 -0
    outer loop
      vertex 106.9 49.68 38.81
      vertex 106.9 51.75 38.9
      vertex 106.9 49.6 38.9
    endloop
  endfacet
  facet normal 1 0 0
    outer loop
      vertex 106.9 51.7808 38.4301
      vertex 106.9 49.68 38.81
      vertex 106.9 51.8727 37.9683
    endloop
  endfacet
  facet normal 1 0 0
    outer loop
      vertex 106.9 51.8727 37.9683
      vertex 106.9 49.68 38.81
      vertex 106.9 52.024 37.5223
    endloop
  endfacet
  facet normal 1 0 0
    outer loop
      vertex 106.9 51.75 38.9
      vertex 106.9 49.68 38.81
      vertex 106.9 51.7808 38.4301
    endloop
  endfacet
  facet normal 1 0 0
    outer loop
      vertex 106.9 49.68 38.81
      vertex 106.9 49.6 38.9
      vertex 106.9 49.6105 38.7401
    endloop
  endfacet
  facet normal 0 -1 0
    outer loop
      vertex 106.9 61.1 38.9
      vertex 107.9 61.1 41.9
      vertex 106.9 61.1 41.9
    endloop
  endfacet
  facet normal 0 -1 -0
    outer loop
      vertex 107.9 61.1 41.9
      vertex 106.9 61.1 38.9
      vertex 107.9 61.1 38.9
    endloop
  endfacet
  facet normal -0 0.0654281 0.997857
    outer loop
      vertex 106.9 55.35 33.15
      vertex 107.9 54.7186 33.1914
      vertex 107.9 55.35 33.15
    endloop
  endfacet
  facet normal 0 0.0654281 0.997857
    outer loop
      vertex 107.9 54.7186 33.1914
      vertex 106.9 55.35 33.15
      vertex 106.9 54.7186 33.1914
    endloop
  endfacet
  facet normal 0 -0.555498 -0.831518
    outer loop
      vertex 106.9 58.225 46.8796
      vertex 107.9 58.8504 46.4618
      vertex 107.9 58.225 46.8796
    endloop
  endfacet
  facet normal -0 -0.555498 -0.831518
    outer loop
      vertex 107.9 58.8504 46.4618
      vertex 106.9 58.225 46.8796
      vertex 106.9 58.8504 46.4618
    endloop
  endfacet
  facet normal 0 -0.997858 0.0654159
    outer loop
      vertex 106.9 61.0508 38.1495
      vertex 107.9 61.1 38.9
      vertex 106.9 61.1 38.9
    endloop
  endfacet
  facet normal 0 -0.997858 0.0654159
    outer loop
      vertex 107.9 61.1 38.9
      vertex 106.9 61.0508 38.1495
      vertex 107.9 61.0508 38.1495
    endloop
  endfacet
  facet normal 0 -0.980795 0.195042
    outer loop
      vertex 106.9 60.9041 37.4118
      vertex 107.9 61.0508 38.1495
      vertex 106.9 61.0508 38.1495
    endloop
  endfacet
  facet normal 0 -0.980795 0.195042
    outer loop
      vertex 107.9 61.0508 38.1495
      vertex 106.9 60.9041 37.4118
      vertex 107.9 60.9041 37.4118
    endloop
  endfacet
  facet normal 0 -0.75186 -0.659323
    outer loop
      vertex 106.9 59.9118 45.4004
      vertex 107.9 59.4159 45.9659
      vertex 106.9 59.4159 45.9659
    endloop
  endfacet
  facet normal 0 -0.75186 -0.659323
    outer loop
      vertex 107.9 59.4159 45.9659
      vertex 106.9 59.9118 45.4004
      vertex 107.9 59.9118 45.4004
    endloop
  endfacet
  facet normal 0 -0.946914 -0.321488
    outer loop
      vertex 106.9 60.9041 43.3882
      vertex 107.9 60.6623 44.1004
      vertex 106.9 60.6623 44.1004
    endloop
  endfacet
  facet normal 0 -0.946914 -0.321488
    outer loop
      vertex 107.9 60.6623 44.1004
      vertex 106.9 60.9041 43.3882
      vertex 107.9 60.9041 43.3882
    endloop
  endfacet
  facet normal 0 -0.89686 -0.442314
    outer loop
      vertex 106.9 60.6623 44.1004
      vertex 107.9 60.3296 44.775
      vertex 106.9 60.3296 44.775
    endloop
  endfacet
  facet normal 0 -0.89686 -0.442314
    outer loop
      vertex 107.9 60.3296 44.775
      vertex 106.9 60.6623 44.1004
      vertex 107.9 60.6623 44.1004
    endloop
  endfacet
  facet normal 0 -0.75186 0.659323
    outer loop
      vertex 106.9 59.4159 34.8341
      vertex 107.9 59.9118 35.3996
      vertex 106.9 59.9118 35.3996
    endloop
  endfacet
  facet normal 0 -0.75186 0.659323
    outer loop
      vertex 107.9 59.9118 35.3996
      vertex 106.9 59.4159 34.8341
      vertex 107.9 59.4159 34.8341
    endloop
  endfacet
  facet normal 0 -0.442314 0.89686
    outer loop
      vertex 106.9 58.225 33.9204
      vertex 107.9 57.5504 33.5877
      vertex 107.9 58.225 33.9204
    endloop
  endfacet
  facet normal 0 -0.442314 0.89686
    outer loop
      vertex 107.9 57.5504 33.5877
      vertex 106.9 58.225 33.9204
      vertex 106.9 57.5504 33.5877
    endloop
  endfacet
  facet normal 0 -0.321488 0.946914
    outer loop
      vertex 106.9 57.5504 33.5877
      vertex 107.9 56.8382 33.3459
      vertex 107.9 57.5504 33.5877
    endloop
  endfacet
  facet normal 0 -0.321488 0.946914
    outer loop
      vertex 107.9 56.8382 33.3459
      vertex 106.9 57.5504 33.5877
      vertex 106.9 56.8382 33.3459
    endloop
  endfacet
  facet normal 0 -0.980795 -0.195042
    outer loop
      vertex 106.9 61.0508 42.6505
      vertex 107.9 60.9041 43.3882
      vertex 106.9 60.9041 43.3882
    endloop
  endfacet
  facet normal 0 -0.980795 -0.195042
    outer loop
      vertex 107.9 60.9041 43.3882
      vertex 106.9 61.0508 42.6505
      vertex 107.9 61.0508 42.6505
    endloop
  endfacet
  facet normal 0 -0.831518 0.555498
    outer loop
      vertex 106.9 59.9118 35.3996
      vertex 107.9 60.3296 36.025
      vertex 106.9 60.3296 36.025
    endloop
  endfacet
  facet normal 0 -0.831518 0.555498
    outer loop
      vertex 107.9 60.3296 36.025
      vertex 106.9 59.9118 35.3996
      vertex 107.9 59.9118 35.3996
    endloop
  endfacet
  facet normal -1 0 0
    outer loop
      vertex 15.5 63.6 30
      vertex 15.5 66 52
      vertex 15.5 66 30
    endloop
  endfacet
  facet normal -1 -0 0
    outer loop
      vertex 15.5 66 52
      vertex 15.5 63.6 30
      vertex 15.5 63.6 52
    endloop
  endfacet
  facet normal 0 0 -1
    outer loop
      vertex 12 63.6 52
      vertex 15.5 66 52
      vertex 15.5 63.6 52
    endloop
  endfacet
  facet normal -0 0 -1
    outer loop
      vertex 15.5 66 52
      vertex 12 63.6 52
      vertex 12 66 52
    endloop
  endfacet
  facet normal -0 0 1
    outer loop
      vertex 12 66 30
      vertex 15.5 63.6 30
      vertex 15.5 66 30
    endloop
  endfacet
  facet normal 0 0 1
    outer loop
      vertex 15.5 63.6 30
      vertex 12 66 30
      vertex 12 63.6 30
    endloop
  endfacet
  facet normal 1 -0 0
    outer loop
      vertex 12 63.6 52
      vertex 12 66 30
      vertex 12 66 52
    endloop
  endfacet
  facet normal 1 0 0
    outer loop
      vertex 12 66 30
      vertex 12 63.6 52
      vertex 12 63.6 30
    endloop
  endfacet
  facet normal -1 0 0
    outer loop
      vertex 24.5 63.6 30
      vertex 24.5 66 52
      vertex 24.5 66 30
    endloop
  endfacet
  facet normal -1 -0 0
    outer loop
      vertex 24.5 66 52
      vertex 24.5 63.6 30
      vertex 24.5 63.6 52
    endloop
  endfacet
  facet normal 0 0 -1
    outer loop
      vertex 21 63.6 52
      vertex 24.5 66 52
      vertex 24.5 63.6 52
    endloop
  endfacet
  facet normal -0 0 -1
    outer loop
      vertex 24.5 66 52
      vertex 21 63.6 52
      vertex 21 66 52
    endloop
  endfacet
  facet normal -0 0 1
    outer loop
      vertex 21 66 30
      vertex 24.5 63.6 30
      vertex 24.5 66 30
    endloop
  endfacet
  facet normal 0 0 1
    outer loop
      vertex 24.5 63.6 30
      vertex 21 66 30
      vertex 21 63.6 30
    endloop
  endfacet
  facet normal 1 -0 0
    outer loop
      vertex 21 63.6 52
      vertex 21 66 30
      vertex 21 66 52
    endloop
  endfacet
  facet normal 1 0 0
    outer loop
      vertex 21 66 30
      vertex 21 63.6 52
      vertex 21 63.6 30
    endloop
  endfacet
  facet normal -1 0 0
    outer loop
      vertex 33.5 63.6 30
      vertex 33.5 66 52
      vertex 33.5 66 30
    endloop
  endfacet
  facet normal -1 -0 0
    outer loop
      vertex 33.5 66 52
      vertex 33.5 63.6 30
      vertex 33.5 63.6 52
    endloop
  endfacet
  facet normal 0 0 -1
    outer loop
      vertex 30 63.6 52
      vertex 33.5 66 52
      vertex 33.5 63.6 52
    endloop
  endfacet
  facet normal -0 0 -1
    outer loop
      vertex 33.5 66 52
      vertex 30 63.6 52
      vertex 30 66 52
    endloop
  endfacet
  facet normal -0 0 1
    outer loop
      vertex 30 66 30
      vertex 33.5 63.6 30
      vertex 33.5 66 30
    endloop
  endfacet
  facet normal 0 0 1
    outer loop
      vertex 33.5 63.6 30
      vertex 30 66 30
      vertex 30 63.6 30
    endloop
  endfacet
  facet normal 1 -0 0
    outer loop
      vertex 30 63.6 52
      vertex 30 66 30
      vertex 30 66 52
    endloop
  endfacet
  facet normal 1 0 0
    outer loop
      vertex 30 66 30
      vertex 30 63.6 52
      vertex 30 63.6 30
    endloop
  endfacet
  facet normal -1 0 0
    outer loop
      vertex 42.5 63.6 30
      vertex 42.5 66 52
      vertex 42.5 66 30
    endloop
  endfacet
  facet normal -1 -0 0
    outer loop
      vertex 42.5 66 52
      vertex 42.5 63.6 30
      vertex 42.5 63.6 52
    endloop
  endfacet
  facet normal 0 0 -1
    outer loop
      vertex 39 63.6 52
      vertex 42.5 66 52
      vertex 42.5 63.6 52
    endloop
  endfacet
  facet normal -0 0 -1
    outer loop
      vertex 42.5 66 52
      vertex 39 63.6 52
      vertex 39 66 52
    endloop
  endfacet
  facet normal -0 0 1
    outer loop
      vertex 39 66 30
      vertex 42.5 63.6 30
      vertex 42.5 66 30
    endloop
  endfacet
  facet normal 0 0 1
    outer loop
      vertex 42.5 63.6 30
      vertex 39 66 30
      vertex 39 63.6 30
    endloop
  endfacet
  facet normal 1 -0 0
    outer loop
      vertex 39 63.6 52
      vertex 39 66 30
      vertex 39 66 52
    endloop
  endfacet
  facet normal 1 0 0
    outer loop
      vertex 39 66 30
      vertex 39 63.6 52
      vertex 39 63.6 30
    endloop
  endfacet
  facet normal -1 0 0
    outer loop
      vertex 51.5 63.6 30
      vertex 51.5 66 52
      vertex 51.5 66 30
    endloop
  endfacet
  facet normal -1 -0 0
    outer loop
      vertex 51.5 66 52
      vertex 51.5 63.6 30
      vertex 51.5 63.6 52
    endloop
  endfacet
  facet normal 0 0 -1
    outer loop
      vertex 48 63.6 52
      vertex 51.5 66 52
      vertex 51.5 63.6 52
    endloop
  endfacet
  facet normal -0 0 -1
    outer loop
      vertex 51.5 66 52
      vertex 48 63.6 52
      vertex 48 66 52
    endloop
  endfacet
  facet normal -0 0 1
    outer loop
      vertex 48 66 30
      vertex 51.5 63.6 30
      vertex 51.5 66 30
    endloop
  endfacet
  facet normal 0 0 1
    outer loop
      vertex 51.5 63.6 30
      vertex 48 66 30
      vertex 48 63.6 30
    endloop
  endfacet
  facet normal 1 -0 0
    outer loop
      vertex 48 63.6 52
      vertex 48 66 30
      vertex 48 66 52
    endloop
  endfacet
  facet normal 1 0 0
    outer loop
      vertex 48 66 30
      vertex 48 63.6 52
      vertex 48 63.6 30
    endloop
  endfacet
  facet normal -0.195072 0.980789 0
    outer loop
      vertex 13.2941 5.17037 0
      vertex 12.6526 5.04278 1
      vertex 13.2941 5.17037 1
    endloop
  endfacet
  facet normal -0.195072 0.980789 0
    outer loop
      vertex 12.6526 5.04278 1
      vertex 13.2941 5.17037 0
      vertex 12.6526 5.04278 0
    endloop
  endfacet
  facet normal -0.980786 -0.195087 0
    outer loop
      vertex 16.9572 10.6526 0
      vertex 16.8296 11.2941 1
      vertex 16.8296 11.2941 0
    endloop
  endfacet
  facet normal -0.980786 -0.195087 0
    outer loop
      vertex 16.8296 11.2941 1
      vertex 16.9572 10.6526 0
      vertex 16.9572 10.6526 1
    endloop
  endfacet
  facet normal -0.997856 -0.0654432 0
    outer loop
      vertex 17 10 0
      vertex 16.9572 10.6526 1
      vertex 16.9572 10.6526 0
    endloop
  endfacet
  facet normal -0.997856 -0.0654432 0
    outer loop
      vertex 16.9572 10.6526 1
      vertex 17 10 0
      vertex 17 10 1
    endloop
  endfacet
  facet normal 0.997858 0.0654098 0
    outer loop
      vertex 7.04278 9.34737 1
      vertex 7 10 0
      vertex 7 10 1
    endloop
  endfacet
  facet normal 0.997858 0.0654098 0
    outer loop
      vertex 7 10 0
      vertex 7.04278 9.34737 1
      vertex 7.04278 9.34737 0
    endloop
  endfacet
  facet normal 0.321448 0.946927 -0
    outer loop
      vertex 10.7059 5.17037 0
      vertex 10.0866 5.3806 1
      vertex 10.7059 5.17037 1
    endloop
  endfacet
  facet normal 0.321448 0.946927 0
    outer loop
      vertex 10.0866 5.3806 1
      vertex 10.7059 5.17037 0
      vertex 10.0866 5.3806 0
    endloop
  endfacet
  facet normal 0.195072 0.980789 -0
    outer loop
      vertex 11.3474 5.04278 0
      vertex 10.7059 5.17037 1
      vertex 11.3474 5.04278 1
    endloop
  endfacet
  facet normal 0.195072 0.980789 0
    outer loop
      vertex 10.7059 5.17037 1
      vertex 11.3474 5.04278 0
      vertex 10.7059 5.17037 0
    endloop
  endfacet
  facet normal -0.946944 0.321397 0
    outer loop
      vertex 16.6194 8.08658 0
      vertex 16.8296 8.7059 1
      vertex 16.8296 8.7059 0
    endloop
  endfacet
  facet normal -0.946944 0.321397 0
    outer loop
      vertex 16.8296 8.7059 1
      vertex 16.6194 8.08658 0
      vertex 16.6194 8.08658 1
    endloop
  endfacet
  facet normal 0.997858 -0.0654128 0
    outer loop
      vertex 7 10 1
      vertex 7.04278 10.6526 0
      vertex 7.04278 10.6526 1
    endloop
  endfacet
  facet normal 0.997858 -0.0654128 0
    outer loop
      vertex 7.04278 10.6526 0
      vertex 7 10 1
      vertex 7 10 0
    endloop
  endfacet
  facet normal 0.831466 -0.555575 0
    outer loop
      vertex 7.66987 12.5 1
      vertex 8.03323 13.0438 0
      vertex 8.03323 13.0438 1
    endloop
  endfacet
  facet normal 0.831466 -0.555575 0
    outer loop
      vertex 8.03323 13.0438 0
      vertex 7.66987 12.5 1
      vertex 7.66987 12.5 0
    endloop
  endfacet
  facet normal -0.980784 0.195096 0
    outer loop
      vertex 16.8296 8.7059 0
      vertex 16.9572 9.34737 1
      vertex 16.9572 9.34737 0
    endloop
  endfacet
  facet normal -0.980784 0.195096 0
    outer loop
      vertex 16.9572 9.34737 1
      vertex 16.8296 8.7059 0
      vertex 16.8296 8.7059 1
    endloop
  endfacet
  facet normal 0.555568 0.831471 -0
    outer loop
      vertex 9.5 5.66987 0
      vertex 8.95619 6.03323 1
      vertex 9.5 5.66987 1
    endloop
  endfacet
  facet normal 0.555568 0.831471 0
    outer loop
      vertex 8.95619 6.03323 1
      vertex 9.5 5.66987 0
      vertex 8.95619 6.03323 0
    endloop
  endfacet
  facet normal -0.659372 0.751817 0
    outer loop
      vertex 15.5355 6.46447 0
      vertex 15.0438 6.03323 1
      vertex 15.5355 6.46447 1
    endloop
  endfacet
  facet normal -0.659372 0.751817 0
    outer loop
      vertex 15.0438 6.03323 1
      vertex 15.5355 6.46447 0
      vertex 15.0438 6.03323 0
    endloop
  endfacet
  facet normal 0.980787 0.195081 0
    outer loop
      vertex 7.17037 8.7059 1
      vertex 7.04278 9.34737 0
      vertex 7.04278 9.34737 1
    endloop
  endfacet
  facet normal 0.980787 0.195081 0
    outer loop
      vertex 7.04278 9.34737 0
      vertex 7.17037 8.7059 1
      vertex 7.17037 8.7059 0
    endloop
  endfacet
  facet normal -0.831509 -0.555512 0
    outer loop
      vertex 16.3301 12.5 0
      vertex 15.9668 13.0438 1
      vertex 15.9668 13.0438 0
    endloop
  endfacet
  facet normal -0.831509 -0.555512 0
    outer loop
      vertex 15.9668 13.0438 1
      vertex 16.3301 12.5 0
      vertex 16.3301 12.5 1
    endloop
  endfacet
  facet normal 0.75183 0.659357 0
    outer loop
      vertex 8.46447 6.46447 1
      vertex 8.03323 6.95619 0
      vertex 8.03323 6.95619 1
    endloop
  endfacet
  facet normal 0.75183 0.659357 0
    outer loop
      vertex 8.03323 6.95619 0
      vertex 8.46447 6.46447 1
      vertex 8.46447 6.46447 0
    endloop
  endfacet
  facet normal 0.555504 -0.831514 0
    outer loop
      vertex 8.95619 13.9668 0
      vertex 9.5 14.3301 1
      vertex 8.95619 13.9668 1
    endloop
  endfacet
  facet normal 0.555504 -0.831514 0
    outer loop
      vertex 9.5 14.3301 1
      vertex 8.95619 13.9668 0
      vertex 9.5 14.3301 0
    endloop
  endfacet
  facet normal -0.659424 -0.751771 0
    outer loop
      vertex 15.0438 13.9668 0
      vertex 15.5355 13.5355 1
      vertex 15.0438 13.9668 1
    endloop
  endfacet
  facet normal -0.659424 -0.751771 -0
    outer loop
      vertex 15.5355 13.5355 1
      vertex 15.0438 13.9668 0
      vertex 15.5355 13.5355 0
    endloop
  endfacet
  facet normal -0.442314 -0.89686 0
    outer loop
      vertex 13.9134 14.6194 0
      vertex 14.5 14.3301 1
      vertex 13.9134 14.6194 1
    endloop
  endfacet
  facet normal -0.442314 -0.89686 -0
    outer loop
      vertex 14.5 14.3301 1
      vertex 13.9134 14.6194 0
      vertex 14.5 14.3301 0
    endloop
  endfacet
  facet normal -0.896854 0.442327 0
    outer loop
      vertex 16.3301 7.5 0
      vertex 16.6194 8.08658 1
      vertex 16.6194 8.08658 0
    endloop
  endfacet
  facet normal -0.896854 0.442327 0
    outer loop
      vertex 16.6194 8.08658 1
      vertex 16.3301 7.5 0
      vertex 16.3301 7.5 1
    endloop
  endfacet
  facet normal -0.997856 0.0654402 0
    outer loop
      vertex 16.9572 9.34737 0
      vertex 17 10 1
      vertex 17 10 0
    endloop
  endfacet
  facet normal -0.997856 0.0654402 0
    outer loop
      vertex 17 10 1
      vertex 16.9572 9.34737 0
      vertex 16.9572 9.34737 1
    endloop
  endfacet
  facet normal 0.751817 -0.659372 0
    outer loop
      vertex 8.03323 13.0438 1
      vertex 8.46447 13.5355 0
      vertex 8.46447 13.5355 1
    endloop
  endfacet
  facet normal 0.751817 -0.659372 0
    outer loop
      vertex 8.46447 13.5355 0
      vertex 8.03323 13.0438 1
      vertex 8.03323 13.0438 0
    endloop
  endfacet
  facet normal -0.555512 -0.831509 0
    outer loop
      vertex 14.5 14.3301 0
      vertex 15.0438 13.9668 1
      vertex 14.5 14.3301 1
    endloop
  endfacet
  facet normal -0.555512 -0.831509 -0
    outer loop
      vertex 15.0438 13.9668 1
      vertex 14.5 14.3301 0
      vertex 15.0438 13.9668 0
    endloop
  endfacet
  facet normal 0.946927 -0.321448 0
    outer loop
      vertex 7.17037 11.2941 1
      vertex 7.3806 11.9134 0
      vertex 7.3806 11.9134 1
    endloop
  endfacet
  facet normal 0.946927 -0.321448 0
    outer loop
      vertex 7.3806 11.9134 0
      vertex 7.17037 11.2941 1
      vertex 7.17037 11.2941 0
    endloop
  endfacet
  facet normal 0.831471 0.555568 0
    outer loop
      vertex 8.03323 6.95619 1
      vertex 7.66987 7.5 0
      vertex 7.66987 7.5 1
    endloop
  endfacet
  facet normal 0.831471 0.555568 0
    outer loop
      vertex 7.66987 7.5 0
      vertex 8.03323 6.95619 1
      vertex 8.03323 6.95619 0
    endloop
  endfacet
  facet normal -0.0654432 -0.997856 0
    outer loop
      vertex 12 15 0
      vertex 12.6526 14.9572 1
      vertex 12 15 1
    endloop
  endfacet
  facet normal -0.0654432 -0.997856 -0
    outer loop
      vertex 12.6526 14.9572 1
      vertex 12 15 0
      vertex 12.6526 14.9572 0
    endloop
  endfacet
  facet normal -0.321448 0.946927 0
    outer loop
      vertex 13.9134 5.3806 0
      vertex 13.2941 5.17037 1
      vertex 13.9134 5.3806 1
    endloop
  endfacet
  facet normal -0.321448 0.946927 0
    outer loop
      vertex 13.2941 5.17037 1
      vertex 13.9134 5.3806 0
      vertex 13.2941 5.17037 0
    endloop
  endfacet
  facet normal 0.896872 0.44229 0
    outer loop
      vertex 7.66987 7.5 1
      vertex 7.3806 8.08658 0
      vertex 7.3806 8.08658 1
    endloop
  endfacet
  facet normal 0.896872 0.44229 0
    outer loop
      vertex 7.3806 8.08658 0
      vertex 7.66987 7.5 1
      vertex 7.66987 7.5 0
    endloop
  endfacet
  facet normal -0.555575 0.831466 0
    outer loop
      vertex 15.0438 6.03323 0
      vertex 14.5 5.66987 1
      vertex 15.0438 6.03323 1
    endloop
  endfacet
  facet normal -0.555575 0.831466 0
    outer loop
      vertex 14.5 5.66987 1
      vertex 15.0438 6.03323 0
      vertex 14.5 5.66987 0
    endloop
  endfacet
  facet normal 0 0 -1
    outer loop
      vertex 16.9572 9.34737 1
      vertex 16.9572 10.6526 1
      vertex 17 10 1
    endloop
  endfacet
  facet normal 0 0 -1
    outer loop
      vertex 16.8296 8.7059 1
      vertex 16.9572 10.6526 1
      vertex 16.9572 9.34737 1
    endloop
  endfacet
  facet normal 0 0 -1
    outer loop
      vertex 16.8296 8.7059 1
      vertex 16.8296 11.2941 1
      vertex 16.9572 10.6526 1
    endloop
  endfacet
  facet normal 0 0 -1
    outer loop
      vertex 16.6194 8.08658 1
      vertex 16.8296 11.2941 1
      vertex 16.8296 8.7059 1
    endloop
  endfacet
  facet normal 0 0 -1
    outer loop
      vertex 16.6194 8.08658 1
      vertex 16.6194 11.9134 1
      vertex 16.8296 11.2941 1
    endloop
  endfacet
  facet normal 0 0 -1
    outer loop
      vertex 16.3301 7.5 1
      vertex 16.6194 11.9134 1
      vertex 16.6194 8.08658 1
    endloop
  endfacet
  facet normal 0 0 -1
    outer loop
      vertex 16.3301 7.5 1
      vertex 16.3301 12.5 1
      vertex 16.6194 11.9134 1
    endloop
  endfacet
  facet normal 0 0 -1
    outer loop
      vertex 15.9668 6.95619 1
      vertex 16.3301 12.5 1
      vertex 16.3301 7.5 1
    endloop
  endfacet
  facet normal 0 0 -1
    outer loop
      vertex 15.9668 6.95619 1
      vertex 15.9668 13.0438 1
      vertex 16.3301 12.5 1
    endloop
  endfacet
  facet normal 0 0 -1
    outer loop
      vertex 15.5355 6.46447 1
      vertex 15.9668 13.0438 1
      vertex 15.9668 6.95619 1
    endloop
  endfacet
  facet normal 0 0 -1
    outer loop
      vertex 15.5355 6.46447 1
      vertex 15.5355 13.5355 1
      vertex 15.9668 13.0438 1
    endloop
  endfacet
  facet normal 0 0 -1
    outer loop
      vertex 15.0438 6.03323 1
      vertex 15.5355 13.5355 1
      vertex 15.5355 6.46447 1
    endloop
  endfacet
  facet normal 0 0 -1
    outer loop
      vertex 15.0438 6.03323 1
      vertex 15.0438 13.9668 1
      vertex 15.5355 13.5355 1
    endloop
  endfacet
  facet normal 0 0 -1
    outer loop
      vertex 14.5 5.66987 1
      vertex 15.0438 13.9668 1
      vertex 15.0438 6.03323 1
    endloop
  endfacet
  facet normal 0 0 -1
    outer loop
      vertex 14.5 5.66987 1
      vertex 14.5 14.3301 1
      vertex 15.0438 13.9668 1
    endloop
  endfacet
  facet normal 0 0 -1
    outer loop
      vertex 13.9134 5.3806 1
      vertex 14.5 14.3301 1
      vertex 14.5 5.66987 1
    endloop
  endfacet
  facet normal 0 0 -1
    outer loop
      vertex 13.9134 5.3806 1
      vertex 13.9134 14.6194 1
      vertex 14.5 14.3301 1
    endloop
  endfacet
  facet normal 0 0 -1
    outer loop
      vertex 13.2941 5.17037 1
      vertex 13.9134 14.6194 1
      vertex 13.9134 5.3806 1
    endloop
  endfacet
  facet normal 0 0 -1
    outer loop
      vertex 13.2941 5.17037 1
      vertex 13.2941 14.8296 1
      vertex 13.9134 14.6194 1
    endloop
  endfacet
  facet normal 0 0 -1
    outer loop
      vertex 12.6526 5.04278 1
      vertex 13.2941 14.8296 1
      vertex 13.2941 5.17037 1
    endloop
  endfacet
  facet normal 0 0 -1
    outer loop
      vertex 12.6526 5.04278 1
      vertex 12.6526 14.9572 1
      vertex 13.2941 14.8296 1
    endloop
  endfacet
  facet normal 0 0 -1
    outer loop
      vertex 12 5 1
      vertex 12.6526 14.9572 1
      vertex 12.6526 5.04278 1
    endloop
  endfacet
  facet normal 0 0 -1
    outer loop
      vertex 12 5 1
      vertex 12 15 1
      vertex 12.6526 14.9572 1
    endloop
  endfacet
  facet normal 0 0 -1
    outer loop
      vertex 11.3474 5.04278 1
      vertex 12 15 1
      vertex 12 5 1
    endloop
  endfacet
  facet normal 0 0 -1
    outer loop
      vertex 11.3474 5.04278 1
      vertex 11.3474 14.9572 1
      vertex 12 15 1
    endloop
  endfacet
  facet normal 0 0 -1
    outer loop
      vertex 10.7059 5.17037 1
      vertex 11.3474 14.9572 1
      vertex 11.3474 5.04278 1
    endloop
  endfacet
  facet normal 0 0 -1
    outer loop
      vertex 10.7059 5.17037 1
      vertex 10.7059 14.8296 1
      vertex 11.3474 14.9572 1
    endloop
  endfacet
  facet normal 0 0 -1
    outer loop
      vertex 10.0866 5.3806 1
      vertex 10.7059 14.8296 1
      vertex 10.7059 5.17037 1
    endloop
  endfacet
  facet normal 0 0 -1
    outer loop
      vertex 10.0866 5.3806 1
      vertex 10.0866 14.6194 1
      vertex 10.7059 14.8296 1
    endloop
  endfacet
  facet normal 0 0 -1
    outer loop
      vertex 9.5 5.66987 1
      vertex 10.0866 14.6194 1
      vertex 10.0866 5.3806 1
    endloop
  endfacet
  facet normal 0 0 -1
    outer loop
      vertex 9.5 5.66987 1
      vertex 9.5 14.3301 1
      vertex 10.0866 14.6194 1
    endloop
  endfacet
  facet normal 0 0 -1
    outer loop
      vertex 8.95619 6.03323 1
      vertex 9.5 14.3301 1
      vertex 9.5 5.66987 1
    endloop
  endfacet
  facet normal 0 0 -1
    outer loop
      vertex 8.95619 6.03323 1
      vertex 8.95619 13.9668 1
      vertex 9.5 14.3301 1
    endloop
  endfacet
  facet normal 0 0 -1
    outer loop
      vertex 8.46447 6.46447 1
      vertex 8.95619 13.9668 1
      vertex 8.95619 6.03323 1
    endloop
  endfacet
  facet normal 0 0 -1
    outer loop
      vertex 8.46447 6.46447 1
      vertex 8.46447 13.5355 1
      vertex 8.95619 13.9668 1
    endloop
  endfacet
  facet normal 0 0 -1
    outer loop
      vertex 8.03323 6.95619 1
      vertex 8.46447 13.5355 1
      vertex 8.46447 6.46447 1
    endloop
  endfacet
  facet normal 0 0 -1
    outer loop
      vertex 8.03323 6.95619 1
      vertex 8.03323 13.0438 1
      vertex 8.46447 13.5355 1
    endloop
  endfacet
  facet normal 0 0 -1
    outer loop
      vertex 7.66987 7.5 1
      vertex 8.03323 13.0438 1
      vertex 8.03323 6.95619 1
    endloop
  endfacet
  facet normal 0 0 -1
    outer loop
      vertex 7.66987 7.5 1
      vertex 7.66987 12.5 1
      vertex 8.03323 13.0438 1
    endloop
  endfacet
  facet normal 0 0 -1
    outer loop
      vertex 7.3806 8.08658 1
      vertex 7.66987 12.5 1
      vertex 7.66987 7.5 1
    endloop
  endfacet
  facet normal 0 0 -1
    outer loop
      vertex 7.3806 8.08658 1
      vertex 7.3806 11.9134 1
      vertex 7.66987 12.5 1
    endloop
  endfacet
  facet normal 0 0 -1
    outer loop
      vertex 7.17037 8.7059 1
      vertex 7.3806 11.9134 1
      vertex 7.3806 8.08658 1
    endloop
  endfacet
  facet normal 0 0 -1
    outer loop
      vertex 7.17037 8.7059 1
      vertex 7.17037 11.2941 1
      vertex 7.3806 11.9134 1
    endloop
  endfacet
  facet normal 0 0 -1
    outer loop
      vertex 7.04278 9.34737 1
      vertex 7.17037 11.2941 1
      vertex 7.17037 8.7059 1
    endloop
  endfacet
  facet normal 0 0 -1
    outer loop
      vertex 7.04278 9.34737 1
      vertex 7.04278 10.6526 1
      vertex 7.17037 11.2941 1
    endloop
  endfacet
  facet normal 0 -0 -1
    outer loop
      vertex 7.04278 10.6526 1
      vertex 7.04278 9.34737 1
      vertex 7 10 1
    endloop
  endfacet
  facet normal 0.195087 -0.980786 0
    outer loop
      vertex 10.7059 14.8296 0
      vertex 11.3474 14.9572 1
      vertex 10.7059 14.8296 1
    endloop
  endfacet
  facet normal 0.195087 -0.980786 0
    outer loop
      vertex 11.3474 14.9572 1
      vertex 10.7059 14.8296 0
      vertex 11.3474 14.9572 0
    endloop
  endfacet
  facet normal 0.442314 -0.89686 0
    outer loop
      vertex 9.5 14.3301 0
      vertex 10.0866 14.6194 1
      vertex 9.5 14.3301 1
    endloop
  endfacet
  facet normal 0.442314 -0.89686 0
    outer loop
      vertex 10.0866 14.6194 1
      vertex 9.5 14.3301 0
      vertex 10.0866 14.6194 0
    endloop
  endfacet
  facet normal 0.0654432 -0.997856 0
    outer loop
      vertex 11.3474 14.9572 0
      vertex 12 15 1
      vertex 11.3474 14.9572 1
    endloop
  endfacet
  facet normal 0.0654432 -0.997856 0
    outer loop
      vertex 12 15 1
      vertex 11.3474 14.9572 0
      vertex 12 15 0
    endloop
  endfacet
  facet normal -0.195087 -0.980786 0
    outer loop
      vertex 12.6526 14.9572 0
      vertex 13.2941 14.8296 1
      vertex 12.6526 14.9572 1
    endloop
  endfacet
  facet normal -0.195087 -0.980786 -0
    outer loop
      vertex 13.2941 14.8296 1
      vertex 12.6526 14.9572 0
      vertex 13.2941 14.8296 0
    endloop
  endfacet
  facet normal 0.659357 0.75183 -0
    outer loop
      vertex 8.95619 6.03323 0
      vertex 8.46447 6.46447 1
      vertex 8.95619 6.03323 1
    endloop
  endfacet
  facet normal 0.659357 0.75183 0
    outer loop
      vertex 8.46447 6.46447 1
      vertex 8.95619 6.03323 0
      vertex 8.46447 6.46447 0
    endloop
  endfacet
  facet normal -0.751784 0.659409 0
    outer loop
      vertex 15.5355 6.46447 0
      vertex 15.9668 6.95619 1
      vertex 15.9668 6.95619 0
    endloop
  endfacet
  facet normal -0.751784 0.659409 0
    outer loop
      vertex 15.9668 6.95619 1
      vertex 15.5355 6.46447 0
      vertex 15.5355 6.46447 1
    endloop
  endfacet
  facet normal -0.321407 -0.946941 0
    outer loop
      vertex 13.2941 14.8296 0
      vertex 13.9134 14.6194 1
      vertex 13.2941 14.8296 1
    endloop
  endfacet
  facet normal -0.321407 -0.946941 -0
    outer loop
      vertex 13.9134 14.6194 1
      vertex 13.2941 14.8296 0
      vertex 13.9134 14.6194 0
    endloop
  endfacet
  facet normal 0.946931 0.321438 0
    outer loop
      vertex 7.3806 8.08658 1
      vertex 7.17037 8.7059 0
      vertex 7.17037 8.7059 1
    endloop
  endfacet
  facet normal 0.946931 0.321438 0
    outer loop
      vertex 7.17037 8.7059 0
      vertex 7.3806 8.08658 1
      vertex 7.3806 8.08658 0
    endloop
  endfacet
  facet normal -0.831514 0.555504 0
    outer loop
      vertex 15.9668 6.95619 0
      vertex 16.3301 7.5 1
      vertex 16.3301 7.5 0
    endloop
  endfacet
  facet normal -0.831514 0.555504 0
    outer loop
      vertex 16.3301 7.5 1
      vertex 15.9668 6.95619 0
      vertex 15.9668 6.95619 1
    endloop
  endfacet
  facet normal 0.980789 -0.195072 0
    outer loop
      vertex 7.04278 10.6526 1
      vertex 7.17037 11.2941 0
      vertex 7.17037 11.2941 1
    endloop
  endfacet
  facet normal 0.980789 -0.195072 0
    outer loop
      vertex 7.17037 11.2941 0
      vertex 7.04278 10.6526 1
      vertex 7.04278 10.6526 0
    endloop
  endfacet
  facet normal -0.89686 -0.442314 0
    outer loop
      vertex 16.6194 11.9134 0
      vertex 16.3301 12.5 1
      vertex 16.3301 12.5 0
    endloop
  endfacet
  facet normal -0.89686 -0.442314 0
    outer loop
      vertex 16.3301 12.5 1
      vertex 16.6194 11.9134 0
      vertex 16.6194 11.9134 1
    endloop
  endfacet
  facet normal -0.0654128 0.997858 0
    outer loop
      vertex 12.6526 5.04278 0
      vertex 12 5 1
      vertex 12.6526 5.04278 1
    endloop
  endfacet
  facet normal -0.0654128 0.997858 0
    outer loop
      vertex 12 5 1
      vertex 12.6526 5.04278 0
      vertex 12 5 0
    endloop
  endfacet
  facet normal -0.751771 -0.659424 0
    outer loop
      vertex 15.9668 13.0438 0
      vertex 15.5355 13.5355 1
      vertex 15.5355 13.5355 0
    endloop
  endfacet
  facet normal -0.751771 -0.659424 0
    outer loop
      vertex 15.5355 13.5355 1
      vertex 15.9668 13.0438 0
      vertex 15.9668 13.0438 1
    endloop
  endfacet
  facet normal -0.946941 -0.321407 0
    outer loop
      vertex 16.8296 11.2941 0
      vertex 16.6194 11.9134 1
      vertex 16.6194 11.9134 0
    endloop
  endfacet
  facet normal -0.946941 -0.321407 0
    outer loop
      vertex 16.6194 11.9134 1
      vertex 16.8296 11.2941 0
      vertex 16.8296 11.2941 1
    endloop
  endfacet
  facet normal 0.442277 0.896878 -0
    outer loop
      vertex 10.0866 5.3806 0
      vertex 9.5 5.66987 1
      vertex 10.0866 5.3806 1
    endloop
  endfacet
  facet normal 0.442277 0.896878 0
    outer loop
      vertex 9.5 5.66987 1
      vertex 10.0866 5.3806 0
      vertex 9.5 5.66987 0
    endloop
  endfacet
  facet normal 0.896878 -0.442277 0
    outer loop
      vertex 7.3806 11.9134 1
      vertex 7.66987 12.5 0
      vertex 7.66987 12.5 1
    endloop
  endfacet
  facet normal 0.896878 -0.442277 0
    outer loop
      vertex 7.66987 12.5 0
      vertex 7.3806 11.9134 1
      vertex 7.3806 11.9134 0
    endloop
  endfacet
  facet normal 0.321407 -0.946941 0
    outer loop
      vertex 10.0866 14.6194 0
      vertex 10.7059 14.8296 1
      vertex 10.0866 14.6194 1
    endloop
  endfacet
  facet normal 0.321407 -0.946941 0
    outer loop
      vertex 10.7059 14.8296 1
      vertex 10.0866 14.6194 0
      vertex 10.7059 14.8296 0
    endloop
  endfacet
  facet normal -0.442277 0.896878 0
    outer loop
      vertex 14.5 5.66987 0
      vertex 13.9134 5.3806 1
      vertex 14.5 5.66987 1
    endloop
  endfacet
  facet normal -0.442277 0.896878 0
    outer loop
      vertex 13.9134 5.3806 1
      vertex 14.5 5.66987 0
      vertex 13.9134 5.3806 0
    endloop
  endfacet
  facet normal 0.659409 -0.751784 0
    outer loop
      vertex 8.46447 13.5355 0
      vertex 8.95619 13.9668 1
      vertex 8.46447 13.5355 1
    endloop
  endfacet
  facet normal 0.659409 -0.751784 0
    outer loop
      vertex 8.95619 13.9668 1
      vertex 8.46447 13.5355 0
      vertex 8.95619 13.9668 0
    endloop
  endfacet
  facet normal 0.0654128 0.997858 -0
    outer loop
      vertex 12 5 0
      vertex 11.3474 5.04278 1
      vertex 12 5 1
    endloop
  endfacet
  facet normal 0.0654128 0.997858 0
    outer loop
      vertex 11.3474 5.04278 1
      vertex 12 5 0
      vertex 11.3474 5.04278 0
    endloop
  endfacet
  facet normal -0.195087 0.980786 0
    outer loop
      vertex 13.2941 51.1704 0
      vertex 12.6526 51.0428 1
      vertex 13.2941 51.1704 1
    endloop
  endfacet
  facet normal -0.195087 0.980786 0
    outer loop
      vertex 12.6526 51.0428 1
      vertex 13.2941 51.1704 0
      vertex 12.6526 51.0428 0
    endloop
  endfacet
  facet normal -0.980786 -0.195087 0
    outer loop
      vertex 16.9572 56.6526 0
      vertex 16.8296 57.2941 1
      vertex 16.8296 57.2941 0
    endloop
  endfacet
  facet normal -0.980786 -0.195087 0
    outer loop
      vertex 16.8296 57.2941 1
      vertex 16.9572 56.6526 0
      vertex 16.9572 56.6526 1
    endloop
  endfacet
  facet normal -0.997856 -0.0654432 0
    outer loop
      vertex 17 56 0
      vertex 16.9572 56.6526 1
      vertex 16.9572 56.6526 0
    endloop
  endfacet
  facet normal -0.997856 -0.0654432 0
    outer loop
      vertex 16.9572 56.6526 1
      vertex 17 56 0
      vertex 17 56 1
    endloop
  endfacet
  facet normal 0.997858 0.0654128 0
    outer loop
      vertex 7.04278 55.3474 1
      vertex 7 56 0
      vertex 7 56 1
    endloop
  endfacet
  facet normal 0.997858 0.0654128 0
    outer loop
      vertex 7 56 0
      vertex 7.04278 55.3474 1
      vertex 7.04278 55.3474 0
    endloop
  endfacet
  facet normal 0.321407 0.946941 -0
    outer loop
      vertex 10.7059 51.1704 0
      vertex 10.0866 51.3806 1
      vertex 10.7059 51.1704 1
    endloop
  endfacet
  facet normal 0.321407 0.946941 0
    outer loop
      vertex 10.0866 51.3806 1
      vertex 10.7059 51.1704 0
      vertex 10.0866 51.3806 0
    endloop
  endfacet
  facet normal 0.659409 -0.751784 0
    outer loop
      vertex 8.46447 59.5355 0
      vertex 8.95619 59.9668 1
      vertex 8.46447 59.5355 1
    endloop
  endfacet
  facet normal 0.659409 -0.751784 0
    outer loop
      vertex 8.95619 59.9668 1
      vertex 8.46447 59.5355 0
      vertex 8.95619 59.9668 0
    endloop
  endfacet
  facet normal 0.195087 0.980786 -0
    outer loop
      vertex 11.3474 51.0428 0
      vertex 10.7059 51.1704 1
      vertex 11.3474 51.0428 1
    endloop
  endfacet
  facet normal 0.195087 0.980786 0
    outer loop
      vertex 10.7059 51.1704 1
      vertex 11.3474 51.0428 0
      vertex 10.7059 51.1704 0
    endloop
  endfacet
  facet normal -0.946941 0.321407 0
    outer loop
      vertex 16.6194 54.0866 0
      vertex 16.8296 54.7059 1
      vertex 16.8296 54.7059 0
    endloop
  endfacet
  facet normal -0.946941 0.321407 0
    outer loop
      vertex 16.8296 54.7059 1
      vertex 16.6194 54.0866 0
      vertex 16.6194 54.0866 1
    endloop
  endfacet
  facet normal 0.997858 -0.0654128 0
    outer loop
      vertex 7 56 1
      vertex 7.04278 56.6526 0
      vertex 7.04278 56.6526 1
    endloop
  endfacet
  facet normal 0.997858 -0.0654128 0
    outer loop
      vertex 7.04278 56.6526 0
      vertex 7 56 1
      vertex 7 56 0
    endloop
  endfacet
  facet normal 0.831466 -0.555575 0
    outer loop
      vertex 7.66987 58.5 1
      vertex 8.03323 59.0438 0
      vertex 8.03323 59.0438 1
    endloop
  endfacet
  facet normal 0.831466 -0.555575 0
    outer loop
      vertex 8.03323 59.0438 0
      vertex 7.66987 58.5 1
      vertex 7.66987 58.5 0
    endloop
  endfacet
  facet normal -0.980786 0.195087 0
    outer loop
      vertex 16.8296 54.7059 0
      vertex 16.9572 55.3474 1
      vertex 16.9572 55.3474 0
    endloop
  endfacet
  facet normal -0.980786 0.195087 0
    outer loop
      vertex 16.9572 55.3474 1
      vertex 16.8296 54.7059 0
      vertex 16.8296 54.7059 1
    endloop
  endfacet
  facet normal 0.555504 0.831514 -0
    outer loop
      vertex 9.5 51.6699 0
      vertex 8.95619 52.0332 1
      vertex 9.5 51.6699 1
    endloop
  endfacet
  facet normal 0.555504 0.831514 0
    outer loop
      vertex 8.95619 52.0332 1
      vertex 9.5 51.6699 0
      vertex 8.95619 52.0332 0
    endloop
  endfacet
  facet normal -0.659424 0.751771 0
    outer loop
      vertex 15.5355 52.4645 0
      vertex 15.0438 52.0332 1
      vertex 15.5355 52.4645 1
    endloop
  endfacet
  facet normal -0.659424 0.751771 0
    outer loop
      vertex 15.0438 52.0332 1
      vertex 15.5355 52.4645 0
      vertex 15.0438 52.0332 0
    endloop
  endfacet
  facet normal 0.980789 0.195072 0
    outer loop
      vertex 7.17037 54.7059 1
      vertex 7.04278 55.3474 0
      vertex 7.04278 55.3474 1
    endloop
  endfacet
  facet normal 0.980789 0.195072 0
    outer loop
      vertex 7.04278 55.3474 0
      vertex 7.17037 54.7059 1
      vertex 7.17037 54.7059 0
    endloop
  endfacet
  facet normal -0.831509 -0.555512 0
    outer loop
      vertex 16.3301 58.5 0
      vertex 15.9668 59.0438 1
      vertex 15.9668 59.0438 0
    endloop
  endfacet
  facet normal -0.831509 -0.555512 0
    outer loop
      vertex 15.9668 59.0438 1
      vertex 16.3301 58.5 0
      vertex 16.3301 58.5 1
    endloop
  endfacet
  facet normal 0.751817 0.659372 0
    outer loop
      vertex 8.46447 52.4645 1
      vertex 8.03323 52.9562 0
      vertex 8.03323 52.9562 1
    endloop
  endfacet
  facet normal 0.751817 0.659372 0
    outer loop
      vertex 8.03323 52.9562 0
      vertex 8.46447 52.4645 1
      vertex 8.46447 52.4645 0
    endloop
  endfacet
  facet normal 0.555504 -0.831514 0
    outer loop
      vertex 8.95619 59.9668 0
      vertex 9.5 60.3301 1
      vertex 8.95619 59.9668 1
    endloop
  endfacet
  facet normal 0.555504 -0.831514 0
    outer loop
      vertex 9.5 60.3301 1
      vertex 8.95619 59.9668 0
      vertex 9.5 60.3301 0
    endloop
  endfacet
  facet normal -0.659424 -0.751771 0
    outer loop
      vertex 15.0438 59.9668 0
      vertex 15.5355 59.5355 1
      vertex 15.0438 59.9668 1
    endloop
  endfacet
  facet normal -0.659424 -0.751771 -0
    outer loop
      vertex 15.5355 59.5355 1
      vertex 15.0438 59.9668 0
      vertex 15.5355 59.5355 0
    endloop
  endfacet
  facet normal -0.442314 -0.89686 0
    outer loop
      vertex 13.9134 60.6194 0
      vertex 14.5 60.3301 1
      vertex 13.9134 60.6194 1
    endloop
  endfacet
  facet normal -0.442314 -0.89686 -0
    outer loop
      vertex 14.5 60.3301 1
      vertex 13.9134 60.6194 0
      vertex 14.5 60.3301 0
    endloop
  endfacet
  facet normal -0.89686 0.442314 0
    outer loop
      vertex 16.3301 53.5 0
      vertex 16.6194 54.0866 1
      vertex 16.6194 54.0866 0
    endloop
  endfacet
  facet normal -0.89686 0.442314 0
    outer loop
      vertex 16.6194 54.0866 1
      vertex 16.3301 53.5 0
      vertex 16.3301 53.5 1
    endloop
  endfacet
  facet normal -0.997856 0.0654432 0
    outer loop
      vertex 16.9572 55.3474 0
      vertex 17 56 1
      vertex 17 56 0
    endloop
  endfacet
  facet normal -0.997856 0.0654432 0
    outer loop
      vertex 17 56 1
      vertex 16.9572 55.3474 0
      vertex 16.9572 55.3474 1
    endloop
  endfacet
  facet normal 0.751817 -0.659372 0
    outer loop
      vertex 8.03323 59.0438 1
      vertex 8.46447 59.5355 0
      vertex 8.46447 59.5355 1
    endloop
  endfacet
  facet normal 0.751817 -0.659372 0
    outer loop
      vertex 8.46447 59.5355 0
      vertex 8.03323 59.0438 1
      vertex 8.03323 59.0438 0
    endloop
  endfacet
  facet normal -0.555512 -0.831509 0
    outer loop
      vertex 14.5 60.3301 0
      vertex 15.0438 59.9668 1
      vertex 14.5 60.3301 1
    endloop
  endfacet
  facet normal -0.555512 -0.831509 -0
    outer loop
      vertex 15.0438 59.9668 1
      vertex 14.5 60.3301 0
      vertex 15.0438 59.9668 0
    endloop
  endfacet
  facet normal 0.946927 -0.321448 0
    outer loop
      vertex 7.17037 57.2941 1
      vertex 7.3806 57.9134 0
      vertex 7.3806 57.9134 1
    endloop
  endfacet
  facet normal 0.946927 -0.321448 0
    outer loop
      vertex 7.3806 57.9134 0
      vertex 7.17037 57.2941 1
      vertex 7.17037 57.2941 0
    endloop
  endfacet
  facet normal 0.831466 0.555575 0
    outer loop
      vertex 8.03323 52.9562 1
      vertex 7.66987 53.5 0
      vertex 7.66987 53.5 1
    endloop
  endfacet
  facet normal 0.831466 0.555575 0
    outer loop
      vertex 7.66987 53.5 0
      vertex 8.03323 52.9562 1
      vertex 8.03323 52.9562 0
    endloop
  endfacet
  facet normal -0.0654432 -0.997856 0
    outer loop
      vertex 12 61 0
      vertex 12.6526 60.9572 1
      vertex 12 61 1
    endloop
  endfacet
  facet normal -0.0654432 -0.997856 -0
    outer loop
      vertex 12.6526 60.9572 1
      vertex 12 61 0
      vertex 12.6526 60.9572 0
    endloop
  endfacet
  facet normal -0.321407 0.946941 0
    outer loop
      vertex 13.9134 51.3806 0
      vertex 13.2941 51.1704 1
      vertex 13.9134 51.3806 1
    endloop
  endfacet
  facet normal -0.321407 0.946941 0
    outer loop
      vertex 13.2941 51.1704 1
      vertex 13.9134 51.3806 0
      vertex 13.2941 51.1704 0
    endloop
  endfacet
  facet normal 0.896878 0.442277 0
    outer loop
      vertex 7.66987 53.5 1
      vertex 7.3806 54.0866 0
      vertex 7.3806 54.0866 1
    endloop
  endfacet
  facet normal 0.896878 0.442277 0
    outer loop
      vertex 7.3806 54.0866 0
      vertex 7.66987 53.5 1
      vertex 7.66987 53.5 0
    endloop
  endfacet
  facet normal -0.555512 0.831509 0
    outer loop
      vertex 15.0438 52.0332 0
      vertex 14.5 51.6699 1
      vertex 15.0438 52.0332 1
    endloop
  endfacet
  facet normal -0.555512 0.831509 0
    outer loop
      vertex 14.5 51.6699 1
      vertex 15.0438 52.0332 0
      vertex 14.5 51.6699 0
    endloop
  endfacet
  facet normal 0 0 -1
    outer loop
      vertex 16.9572 55.3474 1
      vertex 16.9572 56.6526 1
      vertex 17 56 1
    endloop
  endfacet
  facet normal 0 0 -1
    outer loop
      vertex 16.8296 54.7059 1
      vertex 16.9572 56.6526 1
      vertex 16.9572 55.3474 1
    endloop
  endfacet
  facet normal 0 0 -1
    outer loop
      vertex 16.8296 54.7059 1
      vertex 16.8296 57.2941 1
      vertex 16.9572 56.6526 1
    endloop
  endfacet
  facet normal 0 0 -1
    outer loop
      vertex 16.6194 54.0866 1
      vertex 16.8296 57.2941 1
      vertex 16.8296 54.7059 1
    endloop
  endfacet
  facet normal 0 0 -1
    outer loop
      vertex 16.6194 54.0866 1
      vertex 16.6194 57.9134 1
      vertex 16.8296 57.2941 1
    endloop
  endfacet
  facet normal 0 0 -1
    outer loop
      vertex 16.3301 53.5 1
      vertex 16.6194 57.9134 1
      vertex 16.6194 54.0866 1
    endloop
  endfacet
  facet normal 0 0 -1
    outer loop
      vertex 16.3301 53.5 1
      vertex 16.3301 58.5 1
      vertex 16.6194 57.9134 1
    endloop
  endfacet
  facet normal 0 0 -1
    outer loop
      vertex 15.9668 52.9562 1
      vertex 16.3301 58.5 1
      vertex 16.3301 53.5 1
    endloop
  endfacet
  facet normal 0 0 -1
    outer loop
      vertex 15.9668 52.9562 1
      vertex 15.9668 59.0438 1
      vertex 16.3301 58.5 1
    endloop
  endfacet
  facet normal 0 0 -1
    outer loop
      vertex 15.5355 52.4645 1
      vertex 15.9668 59.0438 1
      vertex 15.9668 52.9562 1
    endloop
  endfacet
  facet normal 0 0 -1
    outer loop
      vertex 15.5355 52.4645 1
      vertex 15.5355 59.5355 1
      vertex 15.9668 59.0438 1
    endloop
  endfacet
  facet normal 0 0 -1
    outer loop
      vertex 15.0438 52.0332 1
      vertex 15.5355 59.5355 1
      vertex 15.5355 52.4645 1
    endloop
  endfacet
  facet normal 0 0 -1
    outer loop
      vertex 15.0438 52.0332 1
      vertex 15.0438 59.9668 1
      vertex 15.5355 59.5355 1
    endloop
  endfacet
  facet normal 0 0 -1
    outer loop
      vertex 14.5 51.6699 1
      vertex 15.0438 59.9668 1
      vertex 15.0438 52.0332 1
    endloop
  endfacet
  facet normal 0 0 -1
    outer loop
      vertex 14.5 51.6699 1
      vertex 14.5 60.3301 1
      vertex 15.0438 59.9668 1
    endloop
  endfacet
  facet normal 0 0 -1
    outer loop
      vertex 13.9134 51.3806 1
      vertex 14.5 60.3301 1
      vertex 14.5 51.6699 1
    endloop
  endfacet
  facet normal 0 0 -1
    outer loop
      vertex 13.9134 51.3806 1
      vertex 13.9134 60.6194 1
      vertex 14.5 60.3301 1
    endloop
  endfacet
  facet normal 0 0 -1
    outer loop
      vertex 13.2941 51.1704 1
      vertex 13.9134 60.6194 1
      vertex 13.9134 51.3806 1
    endloop
  endfacet
  facet normal 0 0 -1
    outer loop
      vertex 13.2941 51.1704 1
      vertex 13.2941 60.8296 1
      vertex 13.9134 60.6194 1
    endloop
  endfacet
  facet normal 0 0 -1
    outer loop
      vertex 12.6526 51.0428 1
      vertex 13.2941 60.8296 1
      vertex 13.2941 51.1704 1
    endloop
  endfacet
  facet normal 0 0 -1
    outer loop
      vertex 12.6526 51.0428 1
      vertex 12.6526 60.9572 1
      vertex 13.2941 60.8296 1
    endloop
  endfacet
  facet normal 0 0 -1
    outer loop
      vertex 12 51 1
      vertex 12.6526 60.9572 1
      vertex 12.6526 51.0428 1
    endloop
  endfacet
  facet normal 0 0 -1
    outer loop
      vertex 12 51 1
      vertex 12 61 1
      vertex 12.6526 60.9572 1
    endloop
  endfacet
  facet normal 0 0 -1
    outer loop
      vertex 11.3474 51.0428 1
      vertex 12 61 1
      vertex 12 51 1
    endloop
  endfacet
  facet normal 0 0 -1
    outer loop
      vertex 11.3474 51.0428 1
      vertex 11.3474 60.9572 1
      vertex 12 61 1
    endloop
  endfacet
  facet normal 0 0 -1
    outer loop
      vertex 10.7059 51.1704 1
      vertex 11.3474 60.9572 1
      vertex 11.3474 51.0428 1
    endloop
  endfacet
  facet normal 0 0 -1
    outer loop
      vertex 10.7059 51.1704 1
      vertex 10.7059 60.8296 1
      vertex 11.3474 60.9572 1
    endloop
  endfacet
  facet normal 0 0 -1
    outer loop
      vertex 10.0866 51.3806 1
      vertex 10.7059 60.8296 1
      vertex 10.7059 51.1704 1
    endloop
  endfacet
  facet normal 0 0 -1
    outer loop
      vertex 10.0866 51.3806 1
      vertex 10.0866 60.6194 1
      vertex 10.7059 60.8296 1
    endloop
  endfacet
  facet normal 0 0 -1
    outer loop
      vertex 9.5 51.6699 1
      vertex 10.0866 60.6194 1
      vertex 10.0866 51.3806 1
    endloop
  endfacet
  facet normal 0 0 -1
    outer loop
      vertex 9.5 51.6699 1
      vertex 9.5 60.3301 1
      vertex 10.0866 60.6194 1
    endloop
  endfacet
  facet normal 0 0 -1
    outer loop
      vertex 8.95619 52.0332 1
      vertex 9.5 60.3301 1
      vertex 9.5 51.6699 1
    endloop
  endfacet
  facet normal 0 0 -1
    outer loop
      vertex 8.95619 52.0332 1
      vertex 8.95619 59.9668 1
      vertex 9.5 60.3301 1
    endloop
  endfacet
  facet normal 0 0 -1
    outer loop
      vertex 8.46447 52.4645 1
      vertex 8.95619 59.9668 1
      vertex 8.95619 52.0332 1
    endloop
  endfacet
  facet normal 0 0 -1
    outer loop
      vertex 8.46447 52.4645 1
      vertex 8.46447 59.5355 1
      vertex 8.95619 59.9668 1
    endloop
  endfacet
  facet normal 0 0 -1
    outer loop
      vertex 8.03323 52.9562 1
      vertex 8.46447 59.5355 1
      vertex 8.46447 52.4645 1
    endloop
  endfacet
  facet normal 0 0 -1
    outer loop
      vertex 8.03323 52.9562 1
      vertex 8.03323 59.0438 1
      vertex 8.46447 59.5355 1
    endloop
  endfacet
  facet normal 0 0 -1
    outer loop
      vertex 7.66987 53.5 1
      vertex 8.03323 59.0438 1
      vertex 8.03323 52.9562 1
    endloop
  endfacet
  facet normal 0 0 -1
    outer loop
      vertex 7.66987 53.5 1
      vertex 7.66987 58.5 1
      vertex 8.03323 59.0438 1
    endloop
  endfacet
  facet normal 0 0 -1
    outer loop
      vertex 7.3806 54.0866 1
      vertex 7.66987 58.5 1
      vertex 7.66987 53.5 1
    endloop
  endfacet
  facet normal 0 0 -1
    outer loop
      vertex 7.3806 54.0866 1
      vertex 7.3806 57.9134 1
      vertex 7.66987 58.5 1
    endloop
  endfacet
  facet normal 0 0 -1
    outer loop
      vertex 7.17037 54.7059 1
      vertex 7.3806 57.9134 1
      vertex 7.3806 54.0866 1
    endloop
  endfacet
  facet normal 0 0 -1
    outer loop
      vertex 7.17037 54.7059 1
      vertex 7.17037 57.2941 1
      vertex 7.3806 57.9134 1
    endloop
  endfacet
  facet normal 0 0 -1
    outer loop
      vertex 7.04278 55.3474 1
      vertex 7.17037 57.2941 1
      vertex 7.17037 54.7059 1
    endloop
  endfacet
  facet normal 0 0 -1
    outer loop
      vertex 7.04278 55.3474 1
      vertex 7.04278 56.6526 1
      vertex 7.17037 57.2941 1
    endloop
  endfacet
  facet normal 0 -0 -1
    outer loop
      vertex 7.04278 56.6526 1
      vertex 7.04278 55.3474 1
      vertex 7 56 1
    endloop
  endfacet
  facet normal 0.195087 -0.980786 0
    outer loop
      vertex 10.7059 60.8296 0
      vertex 11.3474 60.9572 1
      vertex 10.7059 60.8296 1
    endloop
  endfacet
  facet normal 0.195087 -0.980786 0
    outer loop
      vertex 11.3474 60.9572 1
      vertex 10.7059 60.8296 0
      vertex 11.3474 60.9572 0
    endloop
  endfacet
  facet normal 0.442314 -0.89686 0
    outer loop
      vertex 9.5 60.3301 0
      vertex 10.0866 60.6194 1
      vertex 9.5 60.3301 1
    endloop
  endfacet
  facet normal 0.442314 -0.89686 0
    outer loop
      vertex 10.0866 60.6194 1
      vertex 9.5 60.3301 0
      vertex 10.0866 60.6194 0
    endloop
  endfacet
  facet normal 0.0654432 -0.997856 0
    outer loop
      vertex 11.3474 60.9572 0
      vertex 12 61 1
      vertex 11.3474 60.9572 1
    endloop
  endfacet
  facet normal 0.0654432 -0.997856 0
    outer loop
      vertex 12 61 1
      vertex 11.3474 60.9572 0
      vertex 12 61 0
    endloop
  endfacet
  facet normal -0.195087 -0.980786 0
    outer loop
      vertex 12.6526 60.9572 0
      vertex 13.2941 60.8296 1
      vertex 12.6526 60.9572 1
    endloop
  endfacet
  facet normal -0.195087 -0.980786 -0
    outer loop
      vertex 13.2941 60.8296 1
      vertex 12.6526 60.9572 0
      vertex 13.2941 60.8296 0
    endloop
  endfacet
  facet normal 0.659409 0.751784 -0
    outer loop
      vertex 8.95619 52.0332 0
      vertex 8.46447 52.4645 1
      vertex 8.95619 52.0332 1
    endloop
  endfacet
  facet normal 0.659409 0.751784 0
    outer loop
      vertex 8.46447 52.4645 1
      vertex 8.95619 52.0332 0
      vertex 8.46447 52.4645 0
    endloop
  endfacet
  facet normal -0.751771 0.659424 0
    outer loop
      vertex 15.5355 52.4645 0
      vertex 15.9668 52.9562 1
      vertex 15.9668 52.9562 0
    endloop
  endfacet
  facet normal -0.751771 0.659424 0
    outer loop
      vertex 15.9668 52.9562 1
      vertex 15.5355 52.4645 0
      vertex 15.5355 52.4645 1
    endloop
  endfacet
  facet normal -0.321407 -0.946941 0
    outer loop
      vertex 13.2941 60.8296 0
      vertex 13.9134 60.6194 1
      vertex 13.2941 60.8296 1
    endloop
  endfacet
  facet normal -0.321407 -0.946941 -0
    outer loop
      vertex 13.9134 60.6194 1
      vertex 13.2941 60.8296 0
      vertex 13.9134 60.6194 0
    endloop
  endfacet
  facet normal 0.946927 0.321448 0
    outer loop
      vertex 7.3806 54.0866 1
      vertex 7.17037 54.7059 0
      vertex 7.17037 54.7059 1
    endloop
  endfacet
  facet normal 0.946927 0.321448 0
    outer loop
      vertex 7.17037 54.7059 0
      vertex 7.3806 54.0866 1
      vertex 7.3806 54.0866 0
    endloop
  endfacet
  facet normal -0.831509 0.555512 0
    outer loop
      vertex 15.9668 52.9562 0
      vertex 16.3301 53.5 1
      vertex 16.3301 53.5 0
    endloop
  endfacet
  facet normal -0.831509 0.555512 0
    outer loop
      vertex 16.3301 53.5 1
      vertex 15.9668 52.9562 0
      vertex 15.9668 52.9562 1
    endloop
  endfacet
  facet normal 0.980789 -0.195072 0
    outer loop
      vertex 7.04278 56.6526 1
      vertex 7.17037 57.2941 0
      vertex 7.17037 57.2941 1
    endloop
  endfacet
  facet normal 0.980789 -0.195072 0
    outer loop
      vertex 7.17037 57.2941 0
      vertex 7.04278 56.6526 1
      vertex 7.04278 56.6526 0
    endloop
  endfacet
  facet normal -0.89686 -0.442314 0
    outer loop
      vertex 16.6194 57.9134 0
      vertex 16.3301 58.5 1
      vertex 16.3301 58.5 0
    endloop
  endfacet
  facet normal -0.89686 -0.442314 0
    outer loop
      vertex 16.3301 58.5 1
      vertex 16.6194 57.9134 0
      vertex 16.6194 57.9134 1
    endloop
  endfacet
  facet normal -0.0654432 0.997856 0
    outer loop
      vertex 12.6526 51.0428 0
      vertex 12 51 1
      vertex 12.6526 51.0428 1
    endloop
  endfacet
  facet normal -0.0654432 0.997856 0
    outer loop
      vertex 12 51 1
      vertex 12.6526 51.0428 0
      vertex 12 51 0
    endloop
  endfacet
  facet normal -0.751771 -0.659424 0
    outer loop
      vertex 15.9668 59.0438 0
      vertex 15.5355 59.5355 1
      vertex 15.5355 59.5355 0
    endloop
  endfacet
  facet normal -0.751771 -0.659424 0
    outer loop
      vertex 15.5355 59.5355 1
      vertex 15.9668 59.0438 0
      vertex 15.9668 59.0438 1
    endloop
  endfacet
  facet normal -0.946941 -0.321407 0
    outer loop
      vertex 16.8296 57.2941 0
      vertex 16.6194 57.9134 1
      vertex 16.6194 57.9134 0
    endloop
  endfacet
  facet normal -0.946941 -0.321407 0
    outer loop
      vertex 16.6194 57.9134 1
      vertex 16.8296 57.2941 0
      vertex 16.8296 57.2941 1
    endloop
  endfacet
  facet normal 0.896878 -0.442277 0
    outer loop
      vertex 7.3806 57.9134 1
      vertex 7.66987 58.5 0
      vertex 7.66987 58.5 1
    endloop
  endfacet
  facet normal 0.896878 -0.442277 0
    outer loop
      vertex 7.66987 58.5 0
      vertex 7.3806 57.9134 1
      vertex 7.3806 57.9134 0
    endloop
  endfacet
  facet normal 0.321407 -0.946941 0
    outer loop
      vertex 10.0866 60.6194 0
      vertex 10.7059 60.8296 1
      vertex 10.0866 60.6194 1
    endloop
  endfacet
  facet normal 0.321407 -0.946941 0
    outer loop
      vertex 10.7059 60.8296 1
      vertex 10.0866 60.6194 0
      vertex 10.7059 60.8296 0
    endloop
  endfacet
  facet normal -0.442314 0.89686 0
    outer loop
      vertex 14.5 51.6699 0
      vertex 13.9134 51.3806 1
      vertex 14.5 51.6699 1
    endloop
  endfacet
  facet normal -0.442314 0.89686 0
    outer loop
      vertex 13.9134 51.3806 1
      vertex 14.5 51.6699 0
      vertex 13.9134 51.3806 0
    endloop
  endfacet
  facet normal 0.442314 0.89686 -0
    outer loop
      vertex 10.0866 51.3806 0
      vertex 9.5 51.6699 1
      vertex 10.0866 51.3806 1
    endloop
  endfacet
  facet normal 0.442314 0.89686 0
    outer loop
      vertex 9.5 51.6699 1
      vertex 10.0866 51.3806 0
      vertex 9.5 51.6699 0
    endloop
  endfacet
  facet normal 0.0654432 0.997856 -0
    outer loop
      vertex 12 51 0
      vertex 11.3474 51.0428 1
      vertex 12 51 1
    endloop
  endfacet
  facet normal 0.0654432 0.997856 0
    outer loop
      vertex 11.3474 51.0428 1
      vertex 12 51 0
      vertex 11.3474 51.0428 0
    endloop
  endfacet
  facet normal -0.195072 0.980789 0
    outer loop
      vertex 97.1941 5.17037 0
      vertex 96.5526 5.04278 1
      vertex 97.1941 5.17037 1
    endloop
  endfacet
  facet normal -0.195072 0.980789 0
    outer loop
      vertex 96.5526 5.04278 1
      vertex 97.1941 5.17037 0
      vertex 96.5526 5.04278 0
    endloop
  endfacet
  facet normal -0.980961 -0.194204 0
    outer loop
      vertex 100.857 10.6526 0
      vertex 100.73 11.2941 1
      vertex 100.73 11.2941 0
    endloop
  endfacet
  facet normal -0.980961 -0.194204 0
    outer loop
      vertex 100.73 11.2941 1
      vertex 100.857 10.6526 0
      vertex 100.857 10.6526 1
    endloop
  endfacet
  facet normal -0.997836 -0.0657477 0
    outer loop
      vertex 100.9 10 0
      vertex 100.857 10.6526 1
      vertex 100.857 10.6526 0
    endloop
  endfacet
  facet normal -0.997836 -0.0657477 0
    outer loop
      vertex 100.857 10.6526 1
      vertex 100.9 10 0
      vertex 100.9 10 1
    endloop
  endfacet
  facet normal 0.659424 -0.751771 0
    outer loop
      vertex 92.3645 13.5355 0
      vertex 92.8562 13.9668 1
      vertex 92.3645 13.5355 1
    endloop
  endfacet
  facet normal 0.659424 -0.751771 0
    outer loop
      vertex 92.8562 13.9668 1
      vertex 92.3645 13.5355 0
      vertex 92.8562 13.9668 0
    endloop
  endfacet
  facet normal 0.896854 0.442327 0
    outer loop
      vertex 91.5699 7.5 1
      vertex 91.2806 8.08658 0
      vertex 91.2806 8.08658 1
    endloop
  endfacet
  facet normal 0.896854 0.442327 0
    outer loop
      vertex 91.2806 8.08658 0
      vertex 91.5699 7.5 1
      vertex 91.5699 7.5 0
    endloop
  endfacet
  facet normal 0.946944 0.321397 0
    outer loop
      vertex 91.2806 8.08658 1
      vertex 91.0704 8.7059 0
      vertex 91.0704 8.7059 1
    endloop
  endfacet
  facet normal 0.946944 0.321397 0
    outer loop
      vertex 91.0704 8.7059 0
      vertex 91.2806 8.08658 1
      vertex 91.2806 8.08658 0
    endloop
  endfacet
  facet normal -0.946572 0.322493 0
    outer loop
      vertex 100.519 8.08658 0
      vertex 100.73 8.7059 1
      vertex 100.73 8.7059 0
    endloop
  endfacet
  facet normal -0.946572 0.322493 0
    outer loop
      vertex 100.73 8.7059 1
      vertex 100.519 8.08658 0
      vertex 100.519 8.08658 1
    endloop
  endfacet
  facet normal -0.897036 0.441957 0
    outer loop
      vertex 100.23 7.5 0
      vertex 100.519 8.08658 1
      vertex 100.519 8.08658 0
    endloop
  endfacet
  facet normal -0.897036 0.441957 0
    outer loop
      vertex 100.519 8.08658 1
      vertex 100.23 7.5 0
      vertex 100.23 7.5 1
    endloop
  endfacet
  facet normal -0.831584 0.555399 0
    outer loop
      vertex 99.8668 6.95619 0
      vertex 100.23 7.5 1
      vertex 100.23 7.5 0
    endloop
  endfacet
  facet normal -0.831584 0.555399 0
    outer loop
      vertex 100.23 7.5 1
      vertex 99.8668 6.95619 0
      vertex 99.8668 6.95619 1
    endloop
  endfacet
  facet normal 0.0654432 -0.997856 0
    outer loop
      vertex 95.2474 14.9572 0
      vertex 95.9 15 1
      vertex 95.2474 14.9572 1
    endloop
  endfacet
  facet normal 0.0654432 -0.997856 0
    outer loop
      vertex 95.9 15 1
      vertex 95.2474 14.9572 0
      vertex 95.9 15 0
    endloop
  endfacet
  facet normal 0.997856 0.0654402 0
    outer loop
      vertex 90.9428 9.34737 1
      vertex 90.9 10 0
      vertex 90.9 10 1
    endloop
  endfacet
  facet normal 0.997856 0.0654402 0
    outer loop
      vertex 90.9 10 0
      vertex 90.9428 9.34737 1
      vertex 90.9428 9.34737 0
    endloop
  endfacet
  facet normal -0.195087 -0.980786 0
    outer loop
      vertex 96.5526 14.9572 0
      vertex 97.1941 14.8296 1
      vertex 96.5526 14.9572 1
    endloop
  endfacet
  facet normal -0.195087 -0.980786 -0
    outer loop
      vertex 97.1941 14.8296 1
      vertex 96.5526 14.9572 0
      vertex 97.1941 14.8296 0
    endloop
  endfacet
  facet normal 0.555575 0.831466 -0
    outer loop
      vertex 93.4 5.66987 0
      vertex 92.8562 6.03323 1
      vertex 93.4 5.66987 1
    endloop
  endfacet
  facet normal 0.555575 0.831466 0
    outer loop
      vertex 92.8562 6.03323 1
      vertex 93.4 5.66987 0
      vertex 92.8562 6.03323 0
    endloop
  endfacet
  facet normal 0.0654128 0.997858 -0
    outer loop
      vertex 95.9 5 0
      vertex 95.2474 5.04278 1
      vertex 95.9 5 1
    endloop
  endfacet
  facet normal 0.0654128 0.997858 0
    outer loop
      vertex 95.2474 5.04278 1
      vertex 95.9 5 0
      vertex 95.2474 5.04278 0
    endloop
  endfacet
  facet normal 0.195072 0.980789 -0
    outer loop
      vertex 95.2474 5.04278 0
      vertex 94.6059 5.17037 1
      vertex 95.2474 5.04278 1
    endloop
  endfacet
  facet normal 0.195072 0.980789 0
    outer loop
      vertex 94.6059 5.17037 1
      vertex 95.2474 5.04278 0
      vertex 94.6059 5.17037 0
    endloop
  endfacet
  facet normal -0.946569 -0.322503 0
    outer loop
      vertex 100.73 11.2941 0
      vertex 100.519 11.9134 1
      vertex 100.519 11.9134 0
    endloop
  endfacet
  facet normal -0.946569 -0.322503 0
    outer loop
      vertex 100.519 11.9134 1
      vertex 100.73 11.2941 0
      vertex 100.73 11.2941 1
    endloop
  endfacet
  facet normal -0.980959 0.194213 0
    outer loop
      vertex 100.73 8.7059 0
      vertex 100.857 9.34737 1
      vertex 100.857 9.34737 0
    endloop
  endfacet
  facet normal -0.980959 0.194213 0
    outer loop
      vertex 100.857 9.34737 1
      vertex 100.73 8.7059 0
      vertex 100.73 8.7059 1
    endloop
  endfacet
  facet normal -0.831579 -0.555406 0
    outer loop
      vertex 100.23 12.5 0
      vertex 99.8668 13.0438 1
      vertex 99.8668 13.0438 0
    endloop
  endfacet
  facet normal -0.831579 -0.555406 0
    outer loop
      vertex 99.8668 13.0438 1
      vertex 100.23 12.5 0
      vertex 100.23 12.5 1
    endloop
  endfacet
  facet normal 0.751784 0.659409 0
    outer loop
      vertex 92.3645 6.46447 1
      vertex 91.9332 6.95619 0
      vertex 91.9332 6.95619 1
    endloop
  endfacet
  facet normal 0.751784 0.659409 0
    outer loop
      vertex 91.9332 6.95619 0
      vertex 92.3645 6.46447 1
      vertex 92.3645 6.46447 0
    endloop
  endfacet
  facet normal 0.980784 0.195096 0
    outer loop
      vertex 91.0704 8.7059 1
      vertex 90.9428 9.34737 0
      vertex 90.9428 9.34737 1
    endloop
  endfacet
  facet normal 0.980784 0.195096 0
    outer loop
      vertex 90.9428 9.34737 0
      vertex 91.0704 8.7059 1
      vertex 91.0704 8.7059 0
    endloop
  endfacet
  facet normal 0.831514 0.555504 0
    outer loop
      vertex 91.9332 6.95619 1
      vertex 91.5699 7.5 0
      vertex 91.5699 7.5 1
    endloop
  endfacet
  facet normal 0.831514 0.555504 0
    outer loop
      vertex 91.5699 7.5 0
      vertex 91.9332 6.95619 1
      vertex 91.9332 6.95619 0
    endloop
  endfacet
  facet normal -0.442277 0.896878 0
    outer loop
      vertex 98.4 5.66987 0
      vertex 97.8134 5.3806 1
      vertex 98.4 5.66987 1
    endloop
  endfacet
  facet normal -0.442277 0.896878 0
    outer loop
      vertex 97.8134 5.3806 1
      vertex 98.4 5.66987 0
      vertex 97.8134 5.3806 0
    endloop
  endfacet
  facet normal 0 0 -1
    outer loop
      vertex 100.857 9.34737 1
      vertex 100.857 10.6526 1
      vertex 100.9 10 1
    endloop
  endfacet
  facet normal 0 0 -1
    outer loop
      vertex 100.73 8.7059 1
      vertex 100.857 10.6526 1
      vertex 100.857 9.34737 1
    endloop
  endfacet
  facet normal 0 0 -1
    outer loop
      vertex 100.73 8.7059 1
      vertex 100.73 11.2941 1
      vertex 100.857 10.6526 1
    endloop
  endfacet
  facet normal 0 0 -1
    outer loop
      vertex 100.519 8.08658 1
      vertex 100.73 11.2941 1
      vertex 100.73 8.7059 1
    endloop
  endfacet
  facet normal 0 0 -1
    outer loop
      vertex 100.519 8.08658 1
      vertex 100.519 11.9134 1
      vertex 100.73 11.2941 1
    endloop
  endfacet
  facet normal 0 0 -1
    outer loop
      vertex 100.23 7.5 1
      vertex 100.519 11.9134 1
      vertex 100.519 8.08658 1
    endloop
  endfacet
  facet normal 0 0 -1
    outer loop
      vertex 100.23 7.5 1
      vertex 100.23 12.5 1
      vertex 100.519 11.9134 1
    endloop
  endfacet
  facet normal 0 0 -1
    outer loop
      vertex 99.8668 6.95619 1
      vertex 100.23 12.5 1
      vertex 100.23 7.5 1
    endloop
  endfacet
  facet normal 0 0 -1
    outer loop
      vertex 99.8668 6.95619 1
      vertex 99.8668 13.0438 1
      vertex 100.23 12.5 1
    endloop
  endfacet
  facet normal 0 0 -1
    outer loop
      vertex 99.4355 6.46447 1
      vertex 99.8668 13.0438 1
      vertex 99.8668 6.95619 1
    endloop
  endfacet
  facet normal 0 0 -1
    outer loop
      vertex 99.4355 6.46447 1
      vertex 99.4355 13.5355 1
      vertex 99.8668 13.0438 1
    endloop
  endfacet
  facet normal 0 0 -1
    outer loop
      vertex 98.9438 6.03323 1
      vertex 99.4355 13.5355 1
      vertex 99.4355 6.46447 1
    endloop
  endfacet
  facet normal 0 0 -1
    outer loop
      vertex 98.9438 6.03323 1
      vertex 98.9438 13.9668 1
      vertex 99.4355 13.5355 1
    endloop
  endfacet
  facet normal 0 0 -1
    outer loop
      vertex 98.4 5.66987 1
      vertex 98.9438 13.9668 1
      vertex 98.9438 6.03323 1
    endloop
  endfacet
  facet normal 0 0 -1
    outer loop
      vertex 98.4 5.66987 1
      vertex 98.4 14.3301 1
      vertex 98.9438 13.9668 1
    endloop
  endfacet
  facet normal 0 0 -1
    outer loop
      vertex 97.8134 5.3806 1
      vertex 98.4 14.3301 1
      vertex 98.4 5.66987 1
    endloop
  endfacet
  facet normal 0 0 -1
    outer loop
      vertex 97.8134 5.3806 1
      vertex 97.8134 14.6194 1
      vertex 98.4 14.3301 1
    endloop
  endfacet
  facet normal 0 0 -1
    outer loop
      vertex 97.1941 5.17037 1
      vertex 97.8134 14.6194 1
      vertex 97.8134 5.3806 1
    endloop
  endfacet
  facet normal 0 0 -1
    outer loop
      vertex 97.1941 5.17037 1
      vertex 97.1941 14.8296 1
      vertex 97.8134 14.6194 1
    endloop
  endfacet
  facet normal 0 0 -1
    outer loop
      vertex 96.5526 5.04278 1
      vertex 97.1941 14.8296 1
      vertex 97.1941 5.17037 1
    endloop
  endfacet
  facet normal 0 0 -1
    outer loop
      vertex 96.5526 5.04278 1
      vertex 96.5526 14.9572 1
      vertex 97.1941 14.8296 1
    endloop
  endfacet
  facet normal 0 0 -1
    outer loop
      vertex 95.9 5 1
      vertex 96.5526 14.9572 1
      vertex 96.5526 5.04278 1
    endloop
  endfacet
  facet normal 0 0 -1
    outer loop
      vertex 95.9 5 1
      vertex 95.9 15 1
      vertex 96.5526 14.9572 1
    endloop
  endfacet
  facet normal 0 0 -1
    outer loop
      vertex 95.2474 5.04278 1
      vertex 95.9 15 1
      vertex 95.9 5 1
    endloop
  endfacet
  facet normal 0 0 -1
    outer loop
      vertex 95.2474 5.04278 1
      vertex 95.2474 14.9572 1
      vertex 95.9 15 1
    endloop
  endfacet
  facet normal 0 0 -1
    outer loop
      vertex 94.6059 5.17037 1
      vertex 95.2474 14.9572 1
      vertex 95.2474 5.04278 1
    endloop
  endfacet
  facet normal 0 0 -1
    outer loop
      vertex 94.6059 5.17037 1
      vertex 94.6059 14.8296 1
      vertex 95.2474 14.9572 1
    endloop
  endfacet
  facet normal 0 0 -1
    outer loop
      vertex 93.9866 5.3806 1
      vertex 94.6059 14.8296 1
      vertex 94.6059 5.17037 1
    endloop
  endfacet
  facet normal 0 0 -1
    outer loop
      vertex 93.9866 5.3806 1
      vertex 93.9866 14.6194 1
      vertex 94.6059 14.8296 1
    endloop
  endfacet
  facet normal 0 0 -1
    outer loop
      vertex 93.4 5.66987 1
      vertex 93.9866 14.6194 1
      vertex 93.9866 5.3806 1
    endloop
  endfacet
  facet normal 0 0 -1
    outer loop
      vertex 93.4 5.66987 1
      vertex 93.4 14.3301 1
      vertex 93.9866 14.6194 1
    endloop
  endfacet
  facet normal 0 0 -1
    outer loop
      vertex 92.8562 6.03323 1
      vertex 93.4 14.3301 1
      vertex 93.4 5.66987 1
    endloop
  endfacet
  facet normal 0 0 -1
    outer loop
      vertex 92.8562 6.03323 1
      vertex 92.8562 13.9668 1
      vertex 93.4 14.3301 1
    endloop
  endfacet
  facet normal 0 0 -1
    outer loop
      vertex 92.3645 6.46447 1
      vertex 92.8562 13.9668 1
      vertex 92.8562 6.03323 1
    endloop
  endfacet
  facet normal 0 0 -1
    outer loop
      vertex 92.3645 6.46447 1
      vertex 92.3645 13.5355 1
      vertex 92.8562 13.9668 1
    endloop
  endfacet
  facet normal 0 0 -1
    outer loop
      vertex 91.9332 6.95619 1
      vertex 92.3645 13.5355 1
      vertex 92.3645 6.46447 1
    endloop
  endfacet
  facet normal 0 0 -1
    outer loop
      vertex 91.9332 6.95619 1
      vertex 91.9332 13.0438 1
      vertex 92.3645 13.5355 1
    endloop
  endfacet
  facet normal 0 0 -1
    outer loop
      vertex 91.5699 7.5 1
      vertex 91.9332 13.0438 1
      vertex 91.9332 6.95619 1
    endloop
  endfacet
  facet normal 0 0 -1
    outer loop
      vertex 91.5699 7.5 1
      vertex 91.5699 12.5 1
      vertex 91.9332 13.0438 1
    endloop
  endfacet
  facet normal 0 0 -1
    outer loop
      vertex 91.2806 8.08658 1
      vertex 91.5699 12.5 1
      vertex 91.5699 7.5 1
    endloop
  endfacet
  facet normal 0 0 -1
    outer loop
      vertex 91.2806 8.08658 1
      vertex 91.2806 11.9134 1
      vertex 91.5699 12.5 1
    endloop
  endfacet
  facet normal 0 0 -1
    outer loop
      vertex 91.0704 8.7059 1
      vertex 91.2806 11.9134 1
      vertex 91.2806 8.08658 1
    endloop
  endfacet
  facet normal 0 0 -1
    outer loop
      vertex 91.0704 8.7059 1
      vertex 91.0704 11.2941 1
      vertex 91.2806 11.9134 1
    endloop
  endfacet
  facet normal 0 0 -1
    outer loop
      vertex 90.9428 9.34737 1
      vertex 91.0704 11.2941 1
      vertex 91.0704 8.7059 1
    endloop
  endfacet
  facet normal 0 0 -1
    outer loop
      vertex 90.9428 9.34737 1
      vertex 90.9428 10.6526 1
      vertex 91.0704 11.2941 1
    endloop
  endfacet
  facet normal 0 -0 -1
    outer loop
      vertex 90.9428 10.6526 1
      vertex 90.9428 9.34737 1
      vertex 90.9 10 1
    endloop
  endfacet
  facet normal -0.659424 -0.751771 0
    outer loop
      vertex 98.9438 13.9668 0
      vertex 99.4355 13.5355 1
      vertex 98.9438 13.9668 1
    endloop
  endfacet
  facet normal -0.659424 -0.751771 -0
    outer loop
      vertex 99.4355 13.5355 1
      vertex 98.9438 13.9668 0
      vertex 99.4355 13.5355 0
    endloop
  endfacet
  facet normal -0.442314 -0.89686 0
    outer loop
      vertex 97.8134 14.6194 0
      vertex 98.4 14.3301 1
      vertex 97.8134 14.6194 1
    endloop
  endfacet
  facet normal -0.442314 -0.89686 -0
    outer loop
      vertex 98.4 14.3301 1
      vertex 97.8134 14.6194 0
      vertex 98.4 14.3301 0
    endloop
  endfacet
  facet normal 0.442277 0.896878 -0
    outer loop
      vertex 93.9866 5.3806 0
      vertex 93.4 5.66987 1
      vertex 93.9866 5.3806 1
    endloop
  endfacet
  facet normal 0.442277 0.896878 0
    outer loop
      vertex 93.4 5.66987 1
      vertex 93.9866 5.3806 0
      vertex 93.4 5.66987 0
    endloop
  endfacet
  facet normal -0.997836 0.0657447 0
    outer loop
      vertex 100.857 9.34737 0
      vertex 100.9 10 1
      vertex 100.9 10 0
    endloop
  endfacet
  facet normal -0.997836 0.0657447 0
    outer loop
      vertex 100.9 10 1
      vertex 100.857 9.34737 0
      vertex 100.857 9.34737 1
    endloop
  endfacet
  facet normal -0.0654432 -0.997856 0
    outer loop
      vertex 95.9 15 0
      vertex 96.5526 14.9572 1
      vertex 95.9 15 1
    endloop
  endfacet
  facet normal -0.0654432 -0.997856 -0
    outer loop
      vertex 96.5526 14.9572 1
      vertex 95.9 15 0
      vertex 96.5526 14.9572 0
    endloop
  endfacet
  facet normal 0.751771 -0.659424 0
    outer loop
      vertex 91.9332 13.0438 1
      vertex 92.3645 13.5355 0
      vertex 92.3645 13.5355 1
    endloop
  endfacet
  facet normal 0.751771 -0.659424 0
    outer loop
      vertex 92.3645 13.5355 0
      vertex 91.9332 13.0438 1
      vertex 91.9332 13.0438 0
    endloop
  endfacet
  facet normal -0.555512 -0.831509 0
    outer loop
      vertex 98.4 14.3301 0
      vertex 98.9438 13.9668 1
      vertex 98.4 14.3301 1
    endloop
  endfacet
  facet normal -0.555512 -0.831509 -0
    outer loop
      vertex 98.9438 13.9668 1
      vertex 98.4 14.3301 0
      vertex 98.9438 13.9668 0
    endloop
  endfacet
  facet normal 0.555512 -0.831509 0
    outer loop
      vertex 92.8562 13.9668 0
      vertex 93.4 14.3301 1
      vertex 92.8562 13.9668 1
    endloop
  endfacet
  facet normal 0.555512 -0.831509 0
    outer loop
      vertex 93.4 14.3301 1
      vertex 92.8562 13.9668 0
      vertex 93.4 14.3301 0
    endloop
  endfacet
  facet normal 0.195087 -0.980786 0
    outer loop
      vertex 94.6059 14.8296 0
      vertex 95.2474 14.9572 1
      vertex 94.6059 14.8296 1
    endloop
  endfacet
  facet normal 0.195087 -0.980786 0
    outer loop
      vertex 95.2474 14.9572 1
      vertex 94.6059 14.8296 0
      vertex 95.2474 14.9572 0
    endloop
  endfacet
  facet normal 0.442314 -0.89686 0
    outer loop
      vertex 93.4 14.3301 0
      vertex 93.9866 14.6194 1
      vertex 93.4 14.3301 1
    endloop
  endfacet
  facet normal 0.442314 -0.89686 0
    outer loop
      vertex 93.9866 14.6194 1
      vertex 93.4 14.3301 0
      vertex 93.9866 14.6194 0
    endloop
  endfacet
  facet normal 0.659372 0.751817 -0
    outer loop
      vertex 92.8562 6.03323 0
      vertex 92.3645 6.46447 1
      vertex 92.8562 6.03323 1
    endloop
  endfacet
  facet normal 0.659372 0.751817 0
    outer loop
      vertex 92.3645 6.46447 1
      vertex 92.8562 6.03323 0
      vertex 92.3645 6.46447 0
    endloop
  endfacet
  facet normal -0.659372 0.751817 0
    outer loop
      vertex 99.4355 6.46447 0
      vertex 98.9438 6.03323 1
      vertex 99.4355 6.46447 1
    endloop
  endfacet
  facet normal -0.659372 0.751817 0
    outer loop
      vertex 98.9438 6.03323 1
      vertex 99.4355 6.46447 0
      vertex 98.9438 6.03323 0
    endloop
  endfacet
  facet normal -0.555575 0.831466 0
    outer loop
      vertex 98.9438 6.03323 0
      vertex 98.4 5.66987 1
      vertex 98.9438 6.03323 1
    endloop
  endfacet
  facet normal -0.555575 0.831466 0
    outer loop
      vertex 98.4 5.66987 1
      vertex 98.9438 6.03323 0
      vertex 98.4 5.66987 0
    endloop
  endfacet
  facet normal -0.751784 0.659409 0
    outer loop
      vertex 99.4355 6.46447 0
      vertex 99.8668 6.95619 1
      vertex 99.8668 6.95619 0
    endloop
  endfacet
  facet normal -0.751784 0.659409 0
    outer loop
      vertex 99.8668 6.95619 1
      vertex 99.4355 6.46447 0
      vertex 99.4355 6.46447 1
    endloop
  endfacet
  facet normal -0.321407 -0.946941 0
    outer loop
      vertex 97.1941 14.8296 0
      vertex 97.8134 14.6194 1
      vertex 97.1941 14.8296 1
    endloop
  endfacet
  facet normal -0.321407 -0.946941 -0
    outer loop
      vertex 97.8134 14.6194 1
      vertex 97.1941 14.8296 0
      vertex 97.8134 14.6194 0
    endloop
  endfacet
  facet normal 0.980786 -0.195087 0
    outer loop
      vertex 90.9428 10.6526 1
      vertex 91.0704 11.2941 0
      vertex 91.0704 11.2941 1
    endloop
  endfacet
  facet normal 0.980786 -0.195087 0
    outer loop
      vertex 91.0704 11.2941 0
      vertex 90.9428 10.6526 1
      vertex 90.9428 10.6526 0
    endloop
  endfacet
  facet normal -0.897042 -0.441945 0
    outer loop
      vertex 100.519 11.9134 0
      vertex 100.23 12.5 1
      vertex 100.23 12.5 0
    endloop
  endfacet
  facet normal -0.897042 -0.441945 0
    outer loop
      vertex 100.23 12.5 1
      vertex 100.519 11.9134 0
      vertex 100.519 11.9134 1
    endloop
  endfacet
  facet normal -0.751771 -0.659424 0
    outer loop
      vertex 99.8668 13.0438 0
      vertex 99.4355 13.5355 1
      vertex 99.4355 13.5355 0
    endloop
  endfacet
  facet normal -0.751771 -0.659424 0
    outer loop
      vertex 99.4355 13.5355 1
      vertex 99.8668 13.0438 0
      vertex 99.8668 13.0438 1
    endloop
  endfacet
  facet normal 0.997856 -0.0654432 0
    outer loop
      vertex 90.9 10 1
      vertex 90.9428 10.6526 0
      vertex 90.9428 10.6526 1
    endloop
  endfacet
  facet normal 0.997856 -0.0654432 0
    outer loop
      vertex 90.9428 10.6526 0
      vertex 90.9 10 1
      vertex 90.9 10 0
    endloop
  endfacet
  facet normal 0.321407 -0.946941 0
    outer loop
      vertex 93.9866 14.6194 0
      vertex 94.6059 14.8296 1
      vertex 93.9866 14.6194 1
    endloop
  endfacet
  facet normal 0.321407 -0.946941 0
    outer loop
      vertex 94.6059 14.8296 1
      vertex 93.9866 14.6194 0
      vertex 94.6059 14.8296 0
    endloop
  endfacet
  facet normal 0.831509 -0.555512 0
    outer loop
      vertex 91.5699 12.5 1
      vertex 91.9332 13.0438 0
      vertex 91.9332 13.0438 1
    endloop
  endfacet
  facet normal 0.831509 -0.555512 0
    outer loop
      vertex 91.9332 13.0438 0
      vertex 91.5699 12.5 1
      vertex 91.5699 12.5 0
    endloop
  endfacet
  facet normal -0.321448 0.946927 0
    outer loop
      vertex 97.8134 5.3806 0
      vertex 97.1941 5.17037 1
      vertex 97.8134 5.3806 1
    endloop
  endfacet
  facet normal -0.321448 0.946927 0
    outer loop
      vertex 97.1941 5.17037 1
      vertex 97.8134 5.3806 0
      vertex 97.1941 5.17037 0
    endloop
  endfacet
  facet normal 0.89686 -0.442314 0
    outer loop
      vertex 91.2806 11.9134 1
      vertex 91.5699 12.5 0
      vertex 91.5699 12.5 1
    endloop
  endfacet
  facet normal 0.89686 -0.442314 0
    outer loop
      vertex 91.5699 12.5 0
      vertex 91.2806 11.9134 1
      vertex 91.2806 11.9134 0
    endloop
  endfacet
  facet normal 0.946941 -0.321407 0
    outer loop
      vertex 91.0704 11.2941 1
      vertex 91.2806 11.9134 0
      vertex 91.2806 11.9134 1
    endloop
  endfacet
  facet normal 0.946941 -0.321407 0
    outer loop
      vertex 91.2806 11.9134 0
      vertex 91.0704 11.2941 1
      vertex 91.0704 11.2941 0
    endloop
  endfacet
  facet normal -0.0654128 0.997858 0
    outer loop
      vertex 96.5526 5.04278 0
      vertex 95.9 5 1
      vertex 96.5526 5.04278 1
    endloop
  endfacet
  facet normal -0.0654128 0.997858 0
    outer loop
      vertex 95.9 5 1
      vertex 96.5526 5.04278 0
      vertex 95.9 5 0
    endloop
  endfacet
  facet normal 0.321448 0.946927 -0
    outer loop
      vertex 94.6059 5.17037 0
      vertex 93.9866 5.3806 1
      vertex 94.6059 5.17037 1
    endloop
  endfacet
  facet normal 0.321448 0.946927 0
    outer loop
      vertex 93.9866 5.3806 1
      vertex 94.6059 5.17037 0
      vertex 93.9866 5.3806 0
    endloop
  endfacet
  facet normal -0.195087 0.980786 0
    outer loop
      vertex 97.1941 51.1704 0
      vertex 96.5526 51.0428 1
      vertex 97.1941 51.1704 1
    endloop
  endfacet
  facet normal -0.195087 0.980786 0
    outer loop
      vertex 96.5526 51.0428 1
      vertex 97.1941 51.1704 0
      vertex 96.5526 51.0428 0
    endloop
  endfacet
  facet normal -0.980961 -0.194204 0
    outer loop
      vertex 100.857 56.6526 0
      vertex 100.73 57.2941 1
      vertex 100.73 57.2941 0
    endloop
  endfacet
  facet normal -0.980961 -0.194204 0
    outer loop
      vertex 100.73 57.2941 1
      vertex 100.857 56.6526 0
      vertex 100.857 56.6526 1
    endloop
  endfacet
  facet normal -0.997836 -0.0657477 0
    outer loop
      vertex 100.9 56 0
      vertex 100.857 56.6526 1
      vertex 100.857 56.6526 0
    endloop
  endfacet
  facet normal -0.997836 -0.0657477 0
    outer loop
      vertex 100.857 56.6526 1
      vertex 100.9 56 0
      vertex 100.9 56 1
    endloop
  endfacet
  facet normal 0.659424 -0.751771 0
    outer loop
      vertex 92.3645 59.5355 0
      vertex 92.8562 59.9668 1
      vertex 92.3645 59.5355 1
    endloop
  endfacet
  facet normal 0.659424 -0.751771 0
    outer loop
      vertex 92.8562 59.9668 1
      vertex 92.3645 59.5355 0
      vertex 92.8562 59.9668 0
    endloop
  endfacet
  facet normal 0.89686 0.442314 0
    outer loop
      vertex 91.5699 53.5 1
      vertex 91.2806 54.0866 0
      vertex 91.2806 54.0866 1
    endloop
  endfacet
  facet normal 0.89686 0.442314 0
    outer loop
      vertex 91.2806 54.0866 0
      vertex 91.5699 53.5 1
      vertex 91.5699 53.5 0
    endloop
  endfacet
  facet normal 0.946941 0.321407 0
    outer loop
      vertex 91.2806 54.0866 1
      vertex 91.0704 54.7059 0
      vertex 91.0704 54.7059 1
    endloop
  endfacet
  facet normal 0.946941 0.321407 0
    outer loop
      vertex 91.0704 54.7059 0
      vertex 91.2806 54.0866 1
      vertex 91.2806 54.0866 0
    endloop
  endfacet
  facet normal -0.946569 0.322503 0
    outer loop
      vertex 100.519 54.0866 0
      vertex 100.73 54.7059 1
      vertex 100.73 54.7059 0
    endloop
  endfacet
  facet normal -0.946569 0.322503 0
    outer loop
      vertex 100.73 54.7059 1
      vertex 100.519 54.0866 0
      vertex 100.519 54.0866 1
    endloop
  endfacet
  facet normal -0.897042 0.441945 0
    outer loop
      vertex 100.23 53.5 0
      vertex 100.519 54.0866 1
      vertex 100.519 54.0866 0
    endloop
  endfacet
  facet normal -0.897042 0.441945 0
    outer loop
      vertex 100.519 54.0866 1
      vertex 100.23 53.5 0
      vertex 100.23 53.5 1
    endloop
  endfacet
  facet normal -0.831579 0.555406 0
    outer loop
      vertex 99.8668 52.9562 0
      vertex 100.23 53.5 1
      vertex 100.23 53.5 0
    endloop
  endfacet
  facet normal -0.831579 0.555406 0
    outer loop
      vertex 100.23 53.5 1
      vertex 99.8668 52.9562 0
      vertex 99.8668 52.9562 1
    endloop
  endfacet
  facet normal 0.0654432 -0.997856 0
    outer loop
      vertex 95.2474 60.9572 0
      vertex 95.9 61 1
      vertex 95.2474 60.9572 1
    endloop
  endfacet
  facet normal 0.0654432 -0.997856 0
    outer loop
      vertex 95.9 61 1
      vertex 95.2474 60.9572 0
      vertex 95.9 61 0
    endloop
  endfacet
  facet normal 0.997856 0.0654432 0
    outer loop
      vertex 90.9428 55.3474 1
      vertex 90.9 56 0
      vertex 90.9 56 1
    endloop
  endfacet
  facet normal 0.997856 0.0654432 0
    outer loop
      vertex 90.9 56 0
      vertex 90.9428 55.3474 1
      vertex 90.9428 55.3474 0
    endloop
  endfacet
  facet normal -0.195087 -0.980786 0
    outer loop
      vertex 96.5526 60.9572 0
      vertex 97.1941 60.8296 1
      vertex 96.5526 60.9572 1
    endloop
  endfacet
  facet normal -0.195087 -0.980786 -0
    outer loop
      vertex 97.1941 60.8296 1
      vertex 96.5526 60.9572 0
      vertex 97.1941 60.8296 0
    endloop
  endfacet
  facet normal 0.555512 0.831509 -0
    outer loop
      vertex 93.4 51.6699 0
      vertex 92.8562 52.0332 1
      vertex 93.4 51.6699 1
    endloop
  endfacet
  facet normal 0.555512 0.831509 0
    outer loop
      vertex 92.8562 52.0332 1
      vertex 93.4 51.6699 0
      vertex 92.8562 52.0332 0
    endloop
  endfacet
  facet normal 0.0654432 0.997856 -0
    outer loop
      vertex 95.9 51 0
      vertex 95.2474 51.0428 1
      vertex 95.9 51 1
    endloop
  endfacet
  facet normal 0.0654432 0.997856 0
    outer loop
      vertex 95.2474 51.0428 1
      vertex 95.9 51 0
      vertex 95.2474 51.0428 0
    endloop
  endfacet
  facet normal 0.195087 0.980786 -0
    outer loop
      vertex 95.2474 51.0428 0
      vertex 94.6059 51.1704 1
      vertex 95.2474 51.0428 1
    endloop
  endfacet
  facet normal 0.195087 0.980786 0
    outer loop
      vertex 94.6059 51.1704 1
      vertex 95.2474 51.0428 0
      vertex 94.6059 51.1704 0
    endloop
  endfacet
  facet normal -0.946569 -0.322503 0
    outer loop
      vertex 100.73 57.2941 0
      vertex 100.519 57.9134 1
      vertex 100.519 57.9134 0
    endloop
  endfacet
  facet normal -0.946569 -0.322503 0
    outer loop
      vertex 100.519 57.9134 1
      vertex 100.73 57.2941 0
      vertex 100.73 57.2941 1
    endloop
  endfacet
  facet normal -0.980961 0.194204 0
    outer loop
      vertex 100.73 54.7059 0
      vertex 100.857 55.3474 1
      vertex 100.857 55.3474 0
    endloop
  endfacet
  facet normal -0.980961 0.194204 0
    outer loop
      vertex 100.857 55.3474 1
      vertex 100.73 54.7059 0
      vertex 100.73 54.7059 1
    endloop
  endfacet
  facet normal -0.831579 -0.555406 0
    outer loop
      vertex 100.23 58.5 0
      vertex 99.8668 59.0438 1
      vertex 99.8668 59.0438 0
    endloop
  endfacet
  facet normal -0.831579 -0.555406 0
    outer loop
      vertex 99.8668 59.0438 1
      vertex 100.23 58.5 0
      vertex 100.23 58.5 1
    endloop
  endfacet
  facet normal 0.751771 0.659424 0
    outer loop
      vertex 92.3645 52.4645 1
      vertex 91.9332 52.9562 0
      vertex 91.9332 52.9562 1
    endloop
  endfacet
  facet normal 0.751771 0.659424 0
    outer loop
      vertex 91.9332 52.9562 0
      vertex 92.3645 52.4645 1
      vertex 92.3645 52.4645 0
    endloop
  endfacet
  facet normal 0.980786 0.195087 0
    outer loop
      vertex 91.0704 54.7059 1
      vertex 90.9428 55.3474 0
      vertex 90.9428 55.3474 1
    endloop
  endfacet
  facet normal 0.980786 0.195087 0
    outer loop
      vertex 90.9428 55.3474 0
      vertex 91.0704 54.7059 1
      vertex 91.0704 54.7059 0
    endloop
  endfacet
  facet normal 0.831509 0.555512 0
    outer loop
      vertex 91.9332 52.9562 1
      vertex 91.5699 53.5 0
      vertex 91.5699 53.5 1
    endloop
  endfacet
  facet normal 0.831509 0.555512 0
    outer loop
      vertex 91.5699 53.5 0
      vertex 91.9332 52.9562 1
      vertex 91.9332 52.9562 0
    endloop
  endfacet
  facet normal -0.442314 0.89686 0
    outer loop
      vertex 98.4 51.6699 0
      vertex 97.8134 51.3806 1
      vertex 98.4 51.6699 1
    endloop
  endfacet
  facet normal -0.442314 0.89686 0
    outer loop
      vertex 97.8134 51.3806 1
      vertex 98.4 51.6699 0
      vertex 97.8134 51.3806 0
    endloop
  endfacet
  facet normal 0 0 -1
    outer loop
      vertex 100.857 55.3474 1
      vertex 100.857 56.6526 1
      vertex 100.9 56 1
    endloop
  endfacet
  facet normal 0 0 -1
    outer loop
      vertex 100.73 54.7059 1
      vertex 100.857 56.6526 1
      vertex 100.857 55.3474 1
    endloop
  endfacet
  facet normal 0 0 -1
    outer loop
      vertex 100.73 54.7059 1
      vertex 100.73 57.2941 1
      vertex 100.857 56.6526 1
    endloop
  endfacet
  facet normal 0 0 -1
    outer loop
      vertex 100.519 54.0866 1
      vertex 100.73 57.2941 1
      vertex 100.73 54.7059 1
    endloop
  endfacet
  facet normal 0 0 -1
    outer loop
      vertex 100.519 54.0866 1
      vertex 100.519 57.9134 1
      vertex 100.73 57.2941 1
    endloop
  endfacet
  facet normal 0 0 -1
    outer loop
      vertex 100.23 53.5 1
      vertex 100.519 57.9134 1
      vertex 100.519 54.0866 1
    endloop
  endfacet
  facet normal 0 0 -1
    outer loop
      vertex 100.23 53.5 1
      vertex 100.23 58.5 1
      vertex 100.519 57.9134 1
    endloop
  endfacet
  facet normal 0 0 -1
    outer loop
      vertex 99.8668 52.9562 1
      vertex 100.23 58.5 1
      vertex 100.23 53.5 1
    endloop
  endfacet
  facet normal 0 0 -1
    outer loop
      vertex 99.8668 52.9562 1
      vertex 99.8668 59.0438 1
      vertex 100.23 58.5 1
    endloop
  endfacet
  facet normal 0 0 -1
    outer loop
      vertex 99.4355 52.4645 1
      vertex 99.8668 59.0438 1
      vertex 99.8668 52.9562 1
    endloop
  endfacet
  facet normal 0 0 -1
    outer loop
      vertex 99.4355 52.4645 1
      vertex 99.4355 59.5355 1
      vertex 99.8668 59.0438 1
    endloop
  endfacet
  facet normal 0 0 -1
    outer loop
      vertex 98.9438 52.0332 1
      vertex 99.4355 59.5355 1
      vertex 99.4355 52.4645 1
    endloop
  endfacet
  facet normal 0 0 -1
    outer loop
      vertex 98.9438 52.0332 1
      vertex 98.9438 59.9668 1
      vertex 99.4355 59.5355 1
    endloop
  endfacet
  facet normal 0 0 -1
    outer loop
      vertex 98.4 51.6699 1
      vertex 98.9438 59.9668 1
      vertex 98.9438 52.0332 1
    endloop
  endfacet
  facet normal 0 0 -1
    outer loop
      vertex 98.4 51.6699 1
      vertex 98.4 60.3301 1
      vertex 98.9438 59.9668 1
    endloop
  endfacet
  facet normal 0 0 -1
    outer loop
      vertex 97.8134 51.3806 1
      vertex 98.4 60.3301 1
      vertex 98.4 51.6699 1
    endloop
  endfacet
  facet normal 0 0 -1
    outer loop
      vertex 97.8134 51.3806 1
      vertex 97.8134 60.6194 1
      vertex 98.4 60.3301 1
    endloop
  endfacet
  facet normal 0 0 -1
    outer loop
      vertex 97.1941 51.1704 1
      vertex 97.8134 60.6194 1
      vertex 97.8134 51.3806 1
    endloop
  endfacet
  facet normal 0 0 -1
    outer loop
      vertex 97.1941 51.1704 1
      vertex 97.1941 60.8296 1
      vertex 97.8134 60.6194 1
    endloop
  endfacet
  facet normal 0 0 -1
    outer loop
      vertex 96.5526 51.0428 1
      vertex 97.1941 60.8296 1
      vertex 97.1941 51.1704 1
    endloop
  endfacet
  facet normal 0 0 -1
    outer loop
      vertex 96.5526 51.0428 1
      vertex 96.5526 60.9572 1
      vertex 97.1941 60.8296 1
    endloop
  endfacet
  facet normal 0 0 -1
    outer loop
      vertex 95.9 51 1
      vertex 96.5526 60.9572 1
      vertex 96.5526 51.0428 1
    endloop
  endfacet
  facet normal 0 0 -1
    outer loop
      vertex 95.9 51 1
      vertex 95.9 61 1
      vertex 96.5526 60.9572 1
    endloop
  endfacet
  facet normal 0 0 -1
    outer loop
      vertex 95.2474 51.0428 1
      vertex 95.9 61 1
      vertex 95.9 51 1
    endloop
  endfacet
  facet normal 0 0 -1
    outer loop
      vertex 95.2474 51.0428 1
      vertex 95.2474 60.9572 1
      vertex 95.9 61 1
    endloop
  endfacet
  facet normal 0 0 -1
    outer loop
      vertex 94.6059 51.1704 1
      vertex 95.2474 60.9572 1
      vertex 95.2474 51.0428 1
    endloop
  endfacet
  facet normal 0 0 -1
    outer loop
      vertex 94.6059 51.1704 1
      vertex 94.6059 60.8296 1
      vertex 95.2474 60.9572 1
    endloop
  endfacet
  facet normal 0 0 -1
    outer loop
      vertex 93.9866 51.3806 1
      vertex 94.6059 60.8296 1
      vertex 94.6059 51.1704 1
    endloop
  endfacet
  facet normal 0 0 -1
    outer loop
      vertex 93.9866 51.3806 1
      vertex 93.9866 60.6194 1
      vertex 94.6059 60.8296 1
    endloop
  endfacet
  facet normal 0 0 -1
    outer loop
      vertex 93.4 51.6699 1
      vertex 93.9866 60.6194 1
      vertex 93.9866 51.3806 1
    endloop
  endfacet
  facet normal 0 0 -1
    outer loop
      vertex 93.4 51.6699 1
      vertex 93.4 60.3301 1
      vertex 93.9866 60.6194 1
    endloop
  endfacet
  facet normal 0 0 -1
    outer loop
      vertex 92.8562 52.0332 1
      vertex 93.4 60.3301 1
      vertex 93.4 51.6699 1
    endloop
  endfacet
  facet normal 0 0 -1
    outer loop
      vertex 92.8562 52.0332 1
      vertex 92.8562 59.9668 1
      vertex 93.4 60.3301 1
    endloop
  endfacet
  facet normal 0 0 -1
    outer loop
      vertex 92.3645 52.4645 1
      vertex 92.8562 59.9668 1
      vertex 92.8562 52.0332 1
    endloop
  endfacet
  facet normal 0 0 -1
    outer loop
      vertex 92.3645 52.4645 1
      vertex 92.3645 59.5355 1
      vertex 92.8562 59.9668 1
    endloop
  endfacet
  facet normal 0 0 -1
    outer loop
      vertex 91.9332 52.9562 1
      vertex 92.3645 59.5355 1
      vertex 92.3645 52.4645 1
    endloop
  endfacet
  facet normal 0 0 -1
    outer loop
      vertex 91.9332 52.9562 1
      vertex 91.9332 59.0438 1
      vertex 92.3645 59.5355 1
    endloop
  endfacet
  facet normal 0 0 -1
    outer loop
      vertex 91.5699 53.5 1
      vertex 91.9332 59.0438 1
      vertex 91.9332 52.9562 1
    endloop
  endfacet
  facet normal 0 0 -1
    outer loop
      vertex 91.5699 53.5 1
      vertex 91.5699 58.5 1
      vertex 91.9332 59.0438 1
    endloop
  endfacet
  facet normal 0 0 -1
    outer loop
      vertex 91.2806 54.0866 1
      vertex 91.5699 58.5 1
      vertex 91.5699 53.5 1
    endloop
  endfacet
  facet normal 0 0 -1
    outer loop
      vertex 91.2806 54.0866 1
      vertex 91.2806 57.9134 1
      vertex 91.5699 58.5 1
    endloop
  endfacet
  facet normal 0 0 -1
    outer loop
      vertex 91.0704 54.7059 1
      vertex 91.2806 57.9134 1
      vertex 91.2806 54.0866 1
    endloop
  endfacet
  facet normal 0 0 -1
    outer loop
      vertex 91.0704 54.7059 1
      vertex 91.0704 57.2941 1
      vertex 91.2806 57.9134 1
    endloop
  endfacet
  facet normal 0 0 -1
    outer loop
      vertex 90.9428 55.3474 1
      vertex 91.0704 57.2941 1
      vertex 91.0704 54.7059 1
    endloop
  endfacet
  facet normal 0 0 -1
    outer loop
      vertex 90.9428 55.3474 1
      vertex 90.9428 56.6526 1
      vertex 91.0704 57.2941 1
    endloop
  endfacet
  facet normal 0 -0 -1
    outer loop
      vertex 90.9428 56.6526 1
      vertex 90.9428 55.3474 1
      vertex 90.9 56 1
    endloop
  endfacet
  facet normal -0.659424 -0.751771 0
    outer loop
      vertex 98.9438 59.9668 0
      vertex 99.4355 59.5355 1
      vertex 98.9438 59.9668 1
    endloop
  endfacet
  facet normal -0.659424 -0.751771 -0
    outer loop
      vertex 99.4355 59.5355 1
      vertex 98.9438 59.9668 0
      vertex 99.4355 59.5355 0
    endloop
  endfacet
  facet normal -0.442314 -0.89686 0
    outer loop
      vertex 97.8134 60.6194 0
      vertex 98.4 60.3301 1
      vertex 97.8134 60.6194 1
    endloop
  endfacet
  facet normal -0.442314 -0.89686 -0
    outer loop
      vertex 98.4 60.3301 1
      vertex 97.8134 60.6194 0
      vertex 98.4 60.3301 0
    endloop
  endfacet
  facet normal 0.442314 0.89686 -0
    outer loop
      vertex 93.9866 51.3806 0
      vertex 93.4 51.6699 1
      vertex 93.9866 51.3806 1
    endloop
  endfacet
  facet normal 0.442314 0.89686 0
    outer loop
      vertex 93.4 51.6699 1
      vertex 93.9866 51.3806 0
      vertex 93.4 51.6699 0
    endloop
  endfacet
  facet normal -0.997836 0.0657477 0
    outer loop
      vertex 100.857 55.3474 0
      vertex 100.9 56 1
      vertex 100.9 56 0
    endloop
  endfacet
  facet normal -0.997836 0.0657477 0
    outer loop
      vertex 100.9 56 1
      vertex 100.857 55.3474 0
      vertex 100.857 55.3474 1
    endloop
  endfacet
  facet normal -0.0654432 -0.997856 0
    outer loop
      vertex 95.9 61 0
      vertex 96.5526 60.9572 1
      vertex 95.9 61 1
    endloop
  endfacet
  facet normal -0.0654432 -0.997856 -0
    outer loop
      vertex 96.5526 60.9572 1
      vertex 95.9 61 0
      vertex 96.5526 60.9572 0
    endloop
  endfacet
  facet normal 0.751771 -0.659424 0
    outer loop
      vertex 91.9332 59.0438 1
      vertex 92.3645 59.5355 0
      vertex 92.3645 59.5355 1
    endloop
  endfacet
  facet normal 0.751771 -0.659424 0
    outer loop
      vertex 92.3645 59.5355 0
      vertex 91.9332 59.0438 1
      vertex 91.9332 59.0438 0
    endloop
  endfacet
  facet normal -0.555512 -0.831509 0
    outer loop
      vertex 98.4 60.3301 0
      vertex 98.9438 59.9668 1
      vertex 98.4 60.3301 1
    endloop
  endfacet
  facet normal -0.555512 -0.831509 -0
    outer loop
      vertex 98.9438 59.9668 1
      vertex 98.4 60.3301 0
      vertex 98.9438 59.9668 0
    endloop
  endfacet
  facet normal 0.555512 -0.831509 0
    outer loop
      vertex 92.8562 59.9668 0
      vertex 93.4 60.3301 1
      vertex 92.8562 59.9668 1
    endloop
  endfacet
  facet normal 0.555512 -0.831509 0
    outer loop
      vertex 93.4 60.3301 1
      vertex 92.8562 59.9668 0
      vertex 93.4 60.3301 0
    endloop
  endfacet
  facet normal 0.195087 -0.980786 0
    outer loop
      vertex 94.6059 60.8296 0
      vertex 95.2474 60.9572 1
      vertex 94.6059 60.8296 1
    endloop
  endfacet
  facet normal 0.195087 -0.980786 0
    outer loop
      vertex 95.2474 60.9572 1
      vertex 94.6059 60.8296 0
      vertex 95.2474 60.9572 0
    endloop
  endfacet
  facet normal 0.442314 -0.89686 0
    outer loop
      vertex 93.4 60.3301 0
      vertex 93.9866 60.6194 1
      vertex 93.4 60.3301 1
    endloop
  endfacet
  facet normal 0.442314 -0.89686 0
    outer loop
      vertex 93.9866 60.6194 1
      vertex 93.4 60.3301 0
      vertex 93.9866 60.6194 0
    endloop
  endfacet
  facet normal 0.659424 0.751771 -0
    outer loop
      vertex 92.8562 52.0332 0
      vertex 92.3645 52.4645 1
      vertex 92.8562 52.0332 1
    endloop
  endfacet
  facet normal 0.659424 0.751771 0
    outer loop
      vertex 92.3645 52.4645 1
      vertex 92.8562 52.0332 0
      vertex 92.3645 52.4645 0
    endloop
  endfacet
  facet normal -0.659424 0.751771 0
    outer loop
      vertex 99.4355 52.4645 0
      vertex 98.9438 52.0332 1
      vertex 99.4355 52.4645 1
    endloop
  endfacet
  facet normal -0.659424 0.751771 0
    outer loop
      vertex 98.9438 52.0332 1
      vertex 99.4355 52.4645 0
      vertex 98.9438 52.0332 0
    endloop
  endfacet
  facet normal -0.555512 0.831509 0
    outer loop
      vertex 98.9438 52.0332 0
      vertex 98.4 51.6699 1
      vertex 98.9438 52.0332 1
    endloop
  endfacet
  facet normal -0.555512 0.831509 0
    outer loop
      vertex 98.4 51.6699 1
      vertex 98.9438 52.0332 0
      vertex 98.4 51.6699 0
    endloop
  endfacet
  facet normal -0.751771 0.659424 0
    outer loop
      vertex 99.4355 52.4645 0
      vertex 99.8668 52.9562 1
      vertex 99.8668 52.9562 0
    endloop
  endfacet
  facet normal -0.751771 0.659424 0
    outer loop
      vertex 99.8668 52.9562 1
      vertex 99.4355 52.4645 0
      vertex 99.4355 52.4645 1
    endloop
  endfacet
  facet normal -0.321407 -0.946941 0
    outer loop
      vertex 97.1941 60.8296 0
      vertex 97.8134 60.6194 1
      vertex 97.1941 60.8296 1
    endloop
  endfacet
  facet normal -0.321407 -0.946941 -0
    outer loop
      vertex 97.8134 60.6194 1
      vertex 97.1941 60.8296 0
      vertex 97.8134 60.6194 0
    endloop
  endfacet
  facet normal 0.980786 -0.195087 0
    outer loop
      vertex 90.9428 56.6526 1
      vertex 91.0704 57.2941 0
      vertex 91.0704 57.2941 1
    endloop
  endfacet
  facet normal 0.980786 -0.195087 0
    outer loop
      vertex 91.0704 57.2941 0
      vertex 90.9428 56.6526 1
      vertex 90.9428 56.6526 0
    endloop
  endfacet
  facet normal -0.897042 -0.441945 0
    outer loop
      vertex 100.519 57.9134 0
      vertex 100.23 58.5 1
      vertex 100.23 58.5 0
    endloop
  endfacet
  facet normal -0.897042 -0.441945 0
    outer loop
      vertex 100.23 58.5 1
      vertex 100.519 57.9134 0
      vertex 100.519 57.9134 1
    endloop
  endfacet
  facet normal -0.751771 -0.659424 0
    outer loop
      vertex 99.8668 59.0438 0
      vertex 99.4355 59.5355 1
      vertex 99.4355 59.5355 0
    endloop
  endfacet
  facet normal -0.751771 -0.659424 0
    outer loop
      vertex 99.4355 59.5355 1
      vertex 99.8668 59.0438 0
      vertex 99.8668 59.0438 1
    endloop
  endfacet
  facet normal 0.997856 -0.0654432 0
    outer loop
      vertex 90.9 56 1
      vertex 90.9428 56.6526 0
      vertex 90.9428 56.6526 1
    endloop
  endfacet
  facet normal 0.997856 -0.0654432 0
    outer loop
      vertex 90.9428 56.6526 0
      vertex 90.9 56 1
      vertex 90.9 56 0
    endloop
  endfacet
  facet normal 0.321407 -0.946941 0
    outer loop
      vertex 93.9866 60.6194 0
      vertex 94.6059 60.8296 1
      vertex 93.9866 60.6194 1
    endloop
  endfacet
  facet normal 0.321407 -0.946941 0
    outer loop
      vertex 94.6059 60.8296 1
      vertex 93.9866 60.6194 0
      vertex 94.6059 60.8296 0
    endloop
  endfacet
  facet normal 0.831509 -0.555512 0
    outer loop
      vertex 91.5699 58.5 1
      vertex 91.9332 59.0438 0
      vertex 91.9332 59.0438 1
    endloop
  endfacet
  facet normal 0.831509 -0.555512 0
    outer loop
      vertex 91.9332 59.0438 0
      vertex 91.5699 58.5 1
      vertex 91.5699 58.5 0
    endloop
  endfacet
  facet normal -0.321407 0.946941 0
    outer loop
      vertex 97.8134 51.3806 0
      vertex 97.1941 51.1704 1
      vertex 97.8134 51.3806 1
    endloop
  endfacet
  facet normal -0.321407 0.946941 0
    outer loop
      vertex 97.1941 51.1704 1
      vertex 97.8134 51.3806 0
      vertex 97.1941 51.1704 0
    endloop
  endfacet
  facet normal 0.89686 -0.442314 0
    outer loop
      vertex 91.2806 57.9134 1
      vertex 91.5699 58.5 0
      vertex 91.5699 58.5 1
    endloop
  endfacet
  facet normal 0.89686 -0.442314 0
    outer loop
      vertex 91.5699 58.5 0
      vertex 91.2806 57.9134 1
      vertex 91.2806 57.9134 0
    endloop
  endfacet
  facet normal 0.946941 -0.321407 0
    outer loop
      vertex 91.0704 57.2941 1
      vertex 91.2806 57.9134 0
      vertex 91.2806 57.9134 1
    endloop
  endfacet
  facet normal 0.946941 -0.321407 0
    outer loop
      vertex 91.2806 57.9134 0
      vertex 91.0704 57.2941 1
      vertex 91.0704 57.2941 0
    endloop
  endfacet
  facet normal -0.0654432 0.997856 0
    outer loop
      vertex 96.5526 51.0428 0
      vertex 95.9 51 1
      vertex 96.5526 51.0428 1
    endloop
  endfacet
  facet normal -0.0654432 0.997856 0
    outer loop
      vertex 95.9 51 1
      vertex 96.5526 51.0428 0
      vertex 95.9 51 0
    endloop
  endfacet
  facet normal 0.321407 0.946941 -0
    outer loop
      vertex 94.6059 51.1704 0
      vertex 93.9866 51.3806 1
      vertex 94.6059 51.1704 1
    endloop
  endfacet
  facet normal 0.321407 0.946941 0
    outer loop
      vertex 93.9866 51.3806 1
      vertex 94.6059 51.1704 0
      vertex 93.9866 51.3806 0
    endloop
  endfacet
  facet normal 1 0 0
    outer loop
      vertex 103.45 36.836 43.6017
      vertex 103.45 27.9226 27.9633
      vertex 103.45 36.9226 43.5518
    endloop
  endfacet
  facet normal 1 0 -0
    outer loop
      vertex 103.45 27.9226 27.9633
      vertex 103.45 36.836 43.6017
      vertex 103.45 27.836 28.0133
    endloop
  endfacet
  facet normal 0 0.866025 -0.500001
    outer loop
      vertex 107.9 20.3881 32.3133
      vertex 105.5 29.3881 47.9017
      vertex 107.9 29.3881 47.9017
    endloop
  endfacet
  facet normal 0 0.866025 -0.500001
    outer loop
      vertex 105.5 29.3881 47.9017
      vertex 107.9 20.3881 32.3133
      vertex 105.5 20.3881 32.3133
    endloop
  endfacet
  facet normal 0 -0.866026 0.499999
    outer loop
      vertex 103.45 27.9226 27.9633
      vertex 107.9 36.9226 43.5518
      vertex 103.45 36.9226 43.5518
    endloop
  endfacet
  facet normal 0 -0.866026 0.499999
    outer loop
      vertex 107.9 36.9226 43.5518
      vertex 103.45 27.9226 27.9633
      vertex 107.9 27.9226 27.9633
    endloop
  endfacet
  facet normal 7.18385e-07 0.499996 0.866028
    outer loop
      vertex 107.9 27.9226 27.9633
      vertex 105.5 27.836 28.0133
      vertex 107.9 20.3881 32.3133
    endloop
  endfacet
  facet normal -0 0.500011 0.866019
    outer loop
      vertex 103.45 27.9226 27.9633
      vertex 105.5 27.836 28.0133
      vertex 107.9 27.9226 27.9633
    endloop
  endfacet
  facet normal 0 0.500011 0.866019
    outer loop
      vertex 105.5 27.836 28.0133
      vertex 103.45 27.9226 27.9633
      vertex 103.45 27.836 28.0133
    endloop
  endfacet
  facet normal 0 0.499996 0.866028
    outer loop
      vertex 107.9 20.3881 32.3133
      vertex 105.5 27.836 28.0133
      vertex 105.5 20.3881 32.3133
    endloop
  endfacet
  facet normal 0 -0.499996 -0.866028
    outer loop
      vertex 105.5 36.836 43.6017
      vertex 107.9 29.3881 47.9017
      vertex 105.5 29.3881 47.9017
    endloop
  endfacet
  facet normal 3.49516e-05 -0.499987 -0.866033
    outer loop
      vertex 107.9 29.3881 47.9017
      vertex 105.5 36.836 43.6017
      vertex 107.9 36.9226 43.5518
    endloop
  endfacet
  facet normal 0 -0.49926 -0.866452
    outer loop
      vertex 103.45 36.9226 43.5518
      vertex 105.5 36.836 43.6017
      vertex 103.45 36.836 43.6017
    endloop
  endfacet
  facet normal 0 -0.49926 -0.866452
    outer loop
      vertex 105.5 36.836 43.6017
      vertex 103.45 36.9226 43.5518
      vertex 107.9 36.9226 43.5518
    endloop
  endfacet
endsolid OpenSCAD_Model
