solid OpenSCAD_Model
  facet normal 0 -1 0
    outer loop
      vertex 3 0 0
      vertex 105 0 8
      vertex 3 0 8
    endloop
  endfacet
  facet normal 0 -1 -0
    outer loop
      vertex 105 0 8
      vertex 3 0 0
      vertex 105 0 0
    endloop
  endfacet
  facet normal 0 1 0
    outer loop
      vertex 92.0405 66 13.7656
      vertex 92.0373 66 13.7627
      vertex 92.0344 66 13.7656
    endloop
  endfacet
  facet normal 0 1 -0
    outer loop
      vertex 21 66 30
      vertex 15.5 66 52
      vertex 21 66 52
    endloop
  endfacet
  facet normal 0 1 0
    outer loop
      vertex 15.5 66 52
      vertex 21 66 30
      vertex 15.5 66 30
    endloop
  endfacet
  facet normal 0 1 -0
    outer loop
      vertex 30 66 30
      vertex 24.5 66 52
      vertex 30 66 52
    endloop
  endfacet
  facet normal 0 1 0
    outer loop
      vertex 24.5 66 52
      vertex 30 66 30
      vertex 24.5 66 30
    endloop
  endfacet
  facet normal 0 1 -0
    outer loop
      vertex 39 66 30
      vertex 33.5 66 52
      vertex 39 66 52
    endloop
  endfacet
  facet normal 0 1 0
    outer loop
      vertex 33.5 66 52
      vertex 39 66 30
      vertex 33.5 66 30
    endloop
  endfacet
  facet normal 0 1 -0
    outer loop
      vertex 48 66 30
      vertex 42.5 66 52
      vertex 48 66 52
    endloop
  endfacet
  facet normal 0 1 0
    outer loop
      vertex 42.5 66 52
      vertex 48 66 30
      vertex 42.5 66 30
    endloop
  endfacet
  facet normal 0 1 -0
    outer loop
      vertex 57 66 30
      vertex 51.5 66 52
      vertex 57 66 52
    endloop
  endfacet
  facet normal 0 1 0
    outer loop
      vertex 51.5 66 52
      vertex 57 66 30
      vertex 51.5 66 30
    endloop
  endfacet
  facet normal 0 1 0
    outer loop
      vertex 57 66 52
      vertex 105 66 77.282
      vertex 60.5 66 52
    endloop
  endfacet
  facet normal 0 1 -0
    outer loop
      vertex 94.3 66 16.044
      vertex 60.5 66 52
      vertex 105 66 77.282
    endloop
  endfacet
  facet normal 0 1 0
    outer loop
      vertex 91.5287 66 9.90001
      vertex 57 66 30
      vertex 60.5 66 30
    endloop
  endfacet
  facet normal 0 1 0
    outer loop
      vertex 57 66 30
      vertex 91.5287 66 9.90001
      vertex 51.5 66 30
    endloop
  endfacet
  facet normal 0 1 0
    outer loop
      vertex 91.7613 66 9.55197
      vertex 51.5 66 30
      vertex 91.5287 66 9.90001
    endloop
  endfacet
  facet normal 0 1 0
    outer loop
      vertex 51.5 66 30
      vertex 3 66 0
      vertex 48 66 30
    endloop
  endfacet
  facet normal 0 1 0
    outer loop
      vertex 42.5 66 30
      vertex 3 66 0
      vertex 39 66 30
    endloop
  endfacet
  facet normal 0 1 0
    outer loop
      vertex 39 66 30
      vertex 3 66 0
      vertex 33.5 66 30
    endloop
  endfacet
  facet normal 0 1 0
    outer loop
      vertex 33.5 66 30
      vertex 3 66 0
      vertex 30 66 30
    endloop
  endfacet
  facet normal 0 1 0
    outer loop
      vertex 30 66 30
      vertex 3 66 0
      vertex 24.5 66 30
    endloop
  endfacet
  facet normal 0 1 0
    outer loop
      vertex 24.5 66 30
      vertex 3 66 0
      vertex 21 66 30
    endloop
  endfacet
  facet normal 0 1 0
    outer loop
      vertex 21 66 30
      vertex 3 66 0
      vertex 15.5 66 30
    endloop
  endfacet
  facet normal 0 1 -0
    outer loop
      vertex 92.0344 66 13.7656
      vertex 60.5 66 30
      vertex 94.3 66 16.044
    endloop
  endfacet
  facet normal 0 1 0
    outer loop
      vertex 60.5 66 52
      vertex 94.3 66 16.044
      vertex 60.5 66 30
    endloop
  endfacet
  facet normal 0 1 0
    outer loop
      vertex 105 66 77.282
      vertex 96.5656 66 13.7656
      vertex 94.3 66 16.044
    endloop
  endfacet
  facet normal 0 1 0
    outer loop
      vertex 96.5656 66 13.7656
      vertex 96.5627 66 13.7627
      vertex 96.5595 66 13.7656
    endloop
  endfacet
  facet normal 0 1 0
    outer loop
      vertex 96.5656 66 13.7656
      vertex 96.8387 66 13.448
      vertex 96.5627 66 13.7627
    endloop
  endfacet
  facet normal 0 1 0
    outer loop
      vertex 105 66 77.282
      vertex 96.8387 66 13.448
      vertex 96.5656 66 13.7656
    endloop
  endfacet
  facet normal 0 1 0
    outer loop
      vertex 105 66 77.282
      vertex 97.0713 66 13.1
      vertex 96.8387 66 13.448
    endloop
  endfacet
  facet normal 0 1 0
    outer loop
      vertex 105 66 77.282
      vertex 97.2564 66 12.7246
      vertex 97.0713 66 13.1
    endloop
  endfacet
  facet normal 0 1 -0
    outer loop
      vertex 105 66 0
      vertex 97.2564 66 12.7246
      vertex 105 66 77.282
    endloop
  endfacet
  facet normal 0 1 0
    outer loop
      vertex 97.2564 66 12.7246
      vertex 105 66 0
      vertex 97.391 66 12.3282
    endloop
  endfacet
  facet normal 0 1 0
    outer loop
      vertex 97.391 66 12.3282
      vertex 105 66 0
      vertex 97.4726 66 11.9177
    endloop
  endfacet
  facet normal 0 1 0
    outer loop
      vertex 97.4726 66 11.9177
      vertex 105 66 0
      vertex 97.5 66 11.5
    endloop
  endfacet
  facet normal 0 1 0
    outer loop
      vertex 94.7177 66 8.32738
      vertex 105 66 0
      vertex 94.3 66 8.3
    endloop
  endfacet
  facet normal 0 1 0
    outer loop
      vertex 95.1282 66 8.40904
      vertex 105 66 0
      vertex 94.7177 66 8.32738
    endloop
  endfacet
  facet normal 0 1 0
    outer loop
      vertex 95.5246 66 8.54359
      vertex 105 66 0
      vertex 95.1282 66 8.40904
    endloop
  endfacet
  facet normal 0 1 0
    outer loop
      vertex 95.9 66 8.72873
      vertex 105 66 0
      vertex 95.5246 66 8.54359
    endloop
  endfacet
  facet normal 0 1 0
    outer loop
      vertex 96.248 66 8.96127
      vertex 105 66 0
      vertex 95.9 66 8.72873
    endloop
  endfacet
  facet normal 0 1 0
    outer loop
      vertex 96.5627 66 9.23726
      vertex 105 66 0
      vertex 96.248 66 8.96127
    endloop
  endfacet
  facet normal 0 1 0
    outer loop
      vertex 96.8387 66 9.55197
      vertex 105 66 0
      vertex 96.5627 66 9.23726
    endloop
  endfacet
  facet normal 0 1 0
    outer loop
      vertex 97.0713 66 9.90001
      vertex 105 66 0
      vertex 96.8387 66 9.55197
    endloop
  endfacet
  facet normal 0 1 0
    outer loop
      vertex 97.2564 66 10.2754
      vertex 105 66 0
      vertex 97.0713 66 9.90001
    endloop
  endfacet
  facet normal 0 1 0
    outer loop
      vertex 97.391 66 10.6718
      vertex 105 66 0
      vertex 97.2564 66 10.2754
    endloop
  endfacet
  facet normal 0 1 0
    outer loop
      vertex 97.4726 66 11.0823
      vertex 105 66 0
      vertex 97.391 66 10.6718
    endloop
  endfacet
  facet normal 0 1 0
    outer loop
      vertex 97.5 66 11.5
      vertex 105 66 0
      vertex 97.4726 66 11.0823
    endloop
  endfacet
  facet normal 0 1 0
    outer loop
      vertex 105 66 77.282
      vertex 57 66 52
      vertex 3 66 77.282
    endloop
  endfacet
  facet normal 0 1 -0
    outer loop
      vertex 51.5 66 52
      vertex 3 66 77.282
      vertex 57 66 52
    endloop
  endfacet
  facet normal 0 1 -0
    outer loop
      vertex 48 66 52
      vertex 3 66 77.282
      vertex 51.5 66 52
    endloop
  endfacet
  facet normal 0 1 -0
    outer loop
      vertex 42.5 66 52
      vertex 3 66 77.282
      vertex 48 66 52
    endloop
  endfacet
  facet normal 0 1 -0
    outer loop
      vertex 39 66 52
      vertex 3 66 77.282
      vertex 42.5 66 52
    endloop
  endfacet
  facet normal 0 1 -0
    outer loop
      vertex 33.5 66 52
      vertex 3 66 77.282
      vertex 39 66 52
    endloop
  endfacet
  facet normal 0 1 -0
    outer loop
      vertex 30 66 52
      vertex 3 66 77.282
      vertex 33.5 66 52
    endloop
  endfacet
  facet normal 0 1 -0
    outer loop
      vertex 24.5 66 52
      vertex 3 66 77.282
      vertex 30 66 52
    endloop
  endfacet
  facet normal 0 1 -0
    outer loop
      vertex 21 66 52
      vertex 3 66 77.282
      vertex 24.5 66 52
    endloop
  endfacet
  facet normal 0 1 -0
    outer loop
      vertex 15.5 66 52
      vertex 3 66 77.282
      vertex 21 66 52
    endloop
  endfacet
  facet normal 0 1 -0
    outer loop
      vertex 12 66 52
      vertex 3 66 77.282
      vertex 15.5 66 52
    endloop
  endfacet
  facet normal 0 1 -0
    outer loop
      vertex 12 66 30
      vertex 3 66 77.282
      vertex 12 66 52
    endloop
  endfacet
  facet normal 0 1 -0
    outer loop
      vertex 91.7613 66 13.448
      vertex 60.5 66 30
      vertex 92.0344 66 13.7656
    endloop
  endfacet
  facet normal 0 1 0
    outer loop
      vertex 91.7613 66 13.448
      vertex 92.0344 66 13.7656
      vertex 92.0373 66 13.7627
    endloop
  endfacet
  facet normal 0 1 -0
    outer loop
      vertex 91.5287 66 13.1
      vertex 60.5 66 30
      vertex 91.7613 66 13.448
    endloop
  endfacet
  facet normal 0 1 -0
    outer loop
      vertex 91.3436 66 12.7246
      vertex 60.5 66 30
      vertex 91.5287 66 13.1
    endloop
  endfacet
  facet normal 0 1 -0
    outer loop
      vertex 91.209 66 12.3282
      vertex 60.5 66 30
      vertex 91.3436 66 12.7246
    endloop
  endfacet
  facet normal 0 1 -0
    outer loop
      vertex 91.1274 66 11.9177
      vertex 60.5 66 30
      vertex 91.209 66 12.3282
    endloop
  endfacet
  facet normal 0 1 -0
    outer loop
      vertex 91.1 66 11.5
      vertex 60.5 66 30
      vertex 91.1274 66 11.9177
    endloop
  endfacet
  facet normal 0 1 0
    outer loop
      vertex 91.1274 66 11.0823
      vertex 60.5 66 30
      vertex 91.1 66 11.5
    endloop
  endfacet
  facet normal 0 1 0
    outer loop
      vertex 91.209 66 10.6718
      vertex 60.5 66 30
      vertex 91.1274 66 11.0823
    endloop
  endfacet
  facet normal 0 1 0
    outer loop
      vertex 91.3436 66 10.2754
      vertex 60.5 66 30
      vertex 91.209 66 10.6718
    endloop
  endfacet
  facet normal 0 1 0
    outer loop
      vertex 91.5287 66 9.90001
      vertex 60.5 66 30
      vertex 91.3436 66 10.2754
    endloop
  endfacet
  facet normal 0 1 0
    outer loop
      vertex 3 66 0
      vertex 51.5 66 30
      vertex 91.7613 66 9.55197
    endloop
  endfacet
  facet normal 0 1 0
    outer loop
      vertex 48 66 30
      vertex 3 66 0
      vertex 42.5 66 30
    endloop
  endfacet
  facet normal 0 1 0
    outer loop
      vertex 3 66 0
      vertex 91.7613 66 9.55197
      vertex 92.0373 66 9.23726
    endloop
  endfacet
  facet normal 0 1 0
    outer loop
      vertex 3 66 0
      vertex 92.0373 66 9.23726
      vertex 92.352 66 8.96127
    endloop
  endfacet
  facet normal 0 1 0
    outer loop
      vertex 3 66 0
      vertex 92.352 66 8.96127
      vertex 92.7 66 8.72873
    endloop
  endfacet
  facet normal 0 1 0
    outer loop
      vertex 105 66 0
      vertex 92.7 66 8.72873
      vertex 93.0754 66 8.54359
    endloop
  endfacet
  facet normal 0 1 0
    outer loop
      vertex 105 66 0
      vertex 93.0754 66 8.54359
      vertex 93.4718 66 8.40904
    endloop
  endfacet
  facet normal 0 1 0
    outer loop
      vertex 105 66 0
      vertex 93.8823 66 8.32738
      vertex 94.3 66 8.3
    endloop
  endfacet
  facet normal 0 1 0
    outer loop
      vertex 105 66 0
      vertex 93.4718 66 8.40904
      vertex 93.8823 66 8.32738
    endloop
  endfacet
  facet normal 0 1 0
    outer loop
      vertex 92.7 66 8.72873
      vertex 105 66 0
      vertex 3 66 0
    endloop
  endfacet
  facet normal 0 1 0
    outer loop
      vertex 12 66 30
      vertex 3 66 0
      vertex 3 66 77.282
    endloop
  endfacet
  facet normal 0 1 0
    outer loop
      vertex 15.5 66 30
      vertex 3 66 0
      vertex 12 66 30
    endloop
  endfacet
  facet normal -1 0 0
    outer loop
      vertex 0 63 0
      vertex 0 40 77.282
      vertex 0 63 77.282
    endloop
  endfacet
  facet normal -1 0 0
    outer loop
      vertex 0 3 13.1962
      vertex 0 63 0
      vertex 0 3 0
    endloop
  endfacet
  facet normal -1 0 0
    outer loop
      vertex 0 63 0
      vertex 0 3 13.1962
      vertex 0 40 77.282
    endloop
  endfacet
  facet normal 0 0 -1
    outer loop
      vertex 91.3806 11.9134 0
      vertex 16.6194 11.9134 0
      vertex 91.6699 12.5 0
    endloop
  endfacet
  facet normal 0 0 -1
    outer loop
      vertex 91.6699 53.5 0
      vertex 16.9572 55.3474 0
      vertex 17 56 0
    endloop
  endfacet
  facet normal 0 0 -1
    outer loop
      vertex 16.3301 12.5 0
      vertex 91.6699 12.5 0
      vertex 16.6194 11.9134 0
    endloop
  endfacet
  facet normal 0 0 -1
    outer loop
      vertex 91.6699 53.5 0
      vertex 16.8296 54.7059 0
      vertex 16.9572 55.3474 0
    endloop
  endfacet
  facet normal 0 0 -1
    outer loop
      vertex 91.6699 12.5 0
      vertex 16.3301 12.5 0
      vertex 91.6699 53.5 0
    endloop
  endfacet
  facet normal 0 0 -1
    outer loop
      vertex 91.6699 53.5 0
      vertex 16.6194 54.0866 0
      vertex 16.8296 54.7059 0
    endloop
  endfacet
  facet normal 0 0 -1
    outer loop
      vertex 16.3301 53.5 0
      vertex 91.6699 53.5 0
      vertex 16.3301 12.5 0
    endloop
  endfacet
  facet normal 0 0 -1
    outer loop
      vertex 91.6699 53.5 0
      vertex 16.3301 53.5 0
      vertex 16.6194 54.0866 0
    endloop
  endfacet
  facet normal 0 0 -1
    outer loop
      vertex 15.9668 13.0438 0
      vertex 16.3301 53.5 0
      vertex 16.3301 12.5 0
    endloop
  endfacet
  facet normal 0 0 -1
    outer loop
      vertex 15.9668 13.0438 0
      vertex 15.9668 52.9562 0
      vertex 16.3301 53.5 0
    endloop
  endfacet
  facet normal 0 0 -1
    outer loop
      vertex 15.5355 13.5355 0
      vertex 15.9668 52.9562 0
      vertex 15.9668 13.0438 0
    endloop
  endfacet
  facet normal 0 0 -1
    outer loop
      vertex 15.5355 13.5355 0
      vertex 15.5355 52.4645 0
      vertex 15.9668 52.9562 0
    endloop
  endfacet
  facet normal 0 0 -1
    outer loop
      vertex 15.0438 13.9668 0
      vertex 15.5355 52.4645 0
      vertex 15.5355 13.5355 0
    endloop
  endfacet
  facet normal 0 0 -1
    outer loop
      vertex 15.0438 13.9668 0
      vertex 15.0438 52.0332 0
      vertex 15.5355 52.4645 0
    endloop
  endfacet
  facet normal 0 0 -1
    outer loop
      vertex 14.5 14.3301 0
      vertex 15.0438 52.0332 0
      vertex 15.0438 13.9668 0
    endloop
  endfacet
  facet normal 0 0 -1
    outer loop
      vertex 14.5 14.3301 0
      vertex 14.5 51.6699 0
      vertex 15.0438 52.0332 0
    endloop
  endfacet
  facet normal 0 0 -1
    outer loop
      vertex 13.9134 14.6194 0
      vertex 14.5 51.6699 0
      vertex 14.5 14.3301 0
    endloop
  endfacet
  facet normal 0 0 -1
    outer loop
      vertex 13.9134 14.6194 0
      vertex 13.9134 51.3806 0
      vertex 14.5 51.6699 0
    endloop
  endfacet
  facet normal 0 0 -1
    outer loop
      vertex 13.2941 14.8296 0
      vertex 13.9134 51.3806 0
      vertex 13.9134 14.6194 0
    endloop
  endfacet
  facet normal 0 0 -1
    outer loop
      vertex 13.2941 14.8296 0
      vertex 13.2941 51.1704 0
      vertex 13.9134 51.3806 0
    endloop
  endfacet
  facet normal 0 0 -1
    outer loop
      vertex 12.6526 14.9572 0
      vertex 13.2941 51.1704 0
      vertex 13.2941 14.8296 0
    endloop
  endfacet
  facet normal 0 0 -1
    outer loop
      vertex 12.6526 14.9572 0
      vertex 12.6526 51.0428 0
      vertex 13.2941 51.1704 0
    endloop
  endfacet
  facet normal 0 0 -1
    outer loop
      vertex 12 15 0
      vertex 12.6526 51.0428 0
      vertex 12.6526 14.9572 0
    endloop
  endfacet
  facet normal 0 0 -1
    outer loop
      vertex 12 15 0
      vertex 12 51 0
      vertex 12.6526 51.0428 0
    endloop
  endfacet
  facet normal 0 0 -1
    outer loop
      vertex 11.3474 14.9572 0
      vertex 12 51 0
      vertex 12 15 0
    endloop
  endfacet
  facet normal 0 0 -1
    outer loop
      vertex 11.3474 14.9572 0
      vertex 11.3474 51.0428 0
      vertex 12 51 0
    endloop
  endfacet
  facet normal 0 0 -1
    outer loop
      vertex 10.7059 14.8296 0
      vertex 11.3474 51.0428 0
      vertex 11.3474 14.9572 0
    endloop
  endfacet
  facet normal 0 0 -1
    outer loop
      vertex 10.7059 14.8296 0
      vertex 10.7059 51.1704 0
      vertex 11.3474 51.0428 0
    endloop
  endfacet
  facet normal 0 0 -1
    outer loop
      vertex 10.0866 14.6194 0
      vertex 10.7059 51.1704 0
      vertex 10.7059 14.8296 0
    endloop
  endfacet
  facet normal 0 0 -1
    outer loop
      vertex 10.0866 14.6194 0
      vertex 10.0866 51.3806 0
      vertex 10.7059 51.1704 0
    endloop
  endfacet
  facet normal 0 0 -1
    outer loop
      vertex 9.5 14.3301 0
      vertex 10.0866 51.3806 0
      vertex 10.0866 14.6194 0
    endloop
  endfacet
  facet normal 0 0 -1
    outer loop
      vertex 9.5 14.3301 0
      vertex 9.5 51.6699 0
      vertex 10.0866 51.3806 0
    endloop
  endfacet
  facet normal 0 0 -1
    outer loop
      vertex 8.95619 13.9668 0
      vertex 9.5 51.6699 0
      vertex 9.5 14.3301 0
    endloop
  endfacet
  facet normal 0 0 -1
    outer loop
      vertex 8.95619 13.9668 0
      vertex 8.95619 52.0332 0
      vertex 9.5 51.6699 0
    endloop
  endfacet
  facet normal 0 0 -1
    outer loop
      vertex 8.46447 13.5355 0
      vertex 8.95619 52.0332 0
      vertex 8.95619 13.9668 0
    endloop
  endfacet
  facet normal 0 0 -1
    outer loop
      vertex 8.46447 13.5355 0
      vertex 8.46447 52.4645 0
      vertex 8.95619 52.0332 0
    endloop
  endfacet
  facet normal 0 0 -1
    outer loop
      vertex 8.03323 13.0438 0
      vertex 8.46447 52.4645 0
      vertex 8.46447 13.5355 0
    endloop
  endfacet
  facet normal 0 0 -1
    outer loop
      vertex 8.03323 13.0438 0
      vertex 8.03323 52.9562 0
      vertex 8.46447 52.4645 0
    endloop
  endfacet
  facet normal 0 0 -1
    outer loop
      vertex 7.66987 12.5 0
      vertex 8.03323 52.9562 0
      vertex 8.03323 13.0438 0
    endloop
  endfacet
  facet normal 0 0 -1
    outer loop
      vertex 7.66987 12.5 0
      vertex 7.66987 53.5 0
      vertex 8.03323 52.9562 0
    endloop
  endfacet
  facet normal 0 0 -1
    outer loop
      vertex 0 3 0
      vertex 7.66987 12.5 0
      vertex 7.3806 11.9134 0
    endloop
  endfacet
  facet normal -0 0 -1
    outer loop
      vertex 7.66987 12.5 0
      vertex 0 3 0
      vertex 7.66987 53.5 0
    endloop
  endfacet
  facet normal 0 0 -1
    outer loop
      vertex 0 3 0
      vertex 7.3806 11.9134 0
      vertex 7.17037 11.2941 0
    endloop
  endfacet
  facet normal 0 0 -1
    outer loop
      vertex 0 63 0
      vertex 7.66987 53.5 0
      vertex 0 3 0
    endloop
  endfacet
  facet normal 0 0 -1
    outer loop
      vertex 0 3 0
      vertex 7.17037 11.2941 0
      vertex 7.04278 10.6526 0
    endloop
  endfacet
  facet normal 0 0 -1
    outer loop
      vertex 7.66987 53.5 0
      vertex 0 63 0
      vertex 7.3806 54.0866 0
    endloop
  endfacet
  facet normal 0 0 -1
    outer loop
      vertex 0 3 0
      vertex 7.04278 10.6526 0
      vertex 7 10 0
    endloop
  endfacet
  facet normal 0 0 -1
    outer loop
      vertex 7.3806 54.0866 0
      vertex 0 63 0
      vertex 7.17037 54.7059 0
    endloop
  endfacet
  facet normal 0 0 -1
    outer loop
      vertex 100.619 11.9134 0
      vertex 108 3 0
      vertex 100.83 11.2941 0
    endloop
  endfacet
  facet normal 0 0 -1
    outer loop
      vertex 108 63 0
      vertex 100.957 55.3474 0
      vertex 101 56 0
    endloop
  endfacet
  facet normal 0 0 -1
    outer loop
      vertex 100.33 12.5 0
      vertex 108 3 0
      vertex 100.619 11.9134 0
    endloop
  endfacet
  facet normal 0 0 -1
    outer loop
      vertex 108 63 0
      vertex 100.83 54.7059 0
      vertex 100.957 55.3474 0
    endloop
  endfacet
  facet normal 0 0 -1
    outer loop
      vertex 108 3 0
      vertex 100.33 12.5 0
      vertex 108 63 0
    endloop
  endfacet
  facet normal 0 0 -1
    outer loop
      vertex 108 63 0
      vertex 100.619 54.0866 0
      vertex 100.83 54.7059 0
    endloop
  endfacet
  facet normal 0 0 -1
    outer loop
      vertex 100.33 53.5 0
      vertex 108 63 0
      vertex 100.33 12.5 0
    endloop
  endfacet
  facet normal 0 0 -1
    outer loop
      vertex 108 63 0
      vertex 100.33 53.5 0
      vertex 100.619 54.0866 0
    endloop
  endfacet
  facet normal 0 0 -1
    outer loop
      vertex 99.9668 13.0438 0
      vertex 100.33 53.5 0
      vertex 100.33 12.5 0
    endloop
  endfacet
  facet normal 0 0 -1
    outer loop
      vertex 99.9668 13.0438 0
      vertex 99.9668 52.9562 0
      vertex 100.33 53.5 0
    endloop
  endfacet
  facet normal 0 0 -1
    outer loop
      vertex 99.5355 13.5355 0
      vertex 99.9668 52.9562 0
      vertex 99.9668 13.0438 0
    endloop
  endfacet
  facet normal 0 0 -1
    outer loop
      vertex 99.5355 13.5355 0
      vertex 99.5355 52.4645 0
      vertex 99.9668 52.9562 0
    endloop
  endfacet
  facet normal 0 0 -1
    outer loop
      vertex 99.0438 13.9668 0
      vertex 99.5355 52.4645 0
      vertex 99.5355 13.5355 0
    endloop
  endfacet
  facet normal 0 0 -1
    outer loop
      vertex 99.0438 13.9668 0
      vertex 99.0438 52.0332 0
      vertex 99.5355 52.4645 0
    endloop
  endfacet
  facet normal 0 0 -1
    outer loop
      vertex 98.5 14.3301 0
      vertex 99.0438 52.0332 0
      vertex 99.0438 13.9668 0
    endloop
  endfacet
  facet normal 0 0 -1
    outer loop
      vertex 98.5 14.3301 0
      vertex 98.5 51.6699 0
      vertex 99.0438 52.0332 0
    endloop
  endfacet
  facet normal 0 0 -1
    outer loop
      vertex 97.9134 14.6194 0
      vertex 98.5 51.6699 0
      vertex 98.5 14.3301 0
    endloop
  endfacet
  facet normal 0 0 -1
    outer loop
      vertex 97.9134 14.6194 0
      vertex 97.9134 51.3806 0
      vertex 98.5 51.6699 0
    endloop
  endfacet
  facet normal 0 0 -1
    outer loop
      vertex 97.2941 14.8296 0
      vertex 97.9134 51.3806 0
      vertex 97.9134 14.6194 0
    endloop
  endfacet
  facet normal 0 0 -1
    outer loop
      vertex 97.2941 14.8296 0
      vertex 97.2941 51.1704 0
      vertex 97.9134 51.3806 0
    endloop
  endfacet
  facet normal 0 0 -1
    outer loop
      vertex 96.6526 14.9572 0
      vertex 97.2941 51.1704 0
      vertex 97.2941 14.8296 0
    endloop
  endfacet
  facet normal 0 0 -1
    outer loop
      vertex 96.6526 14.9572 0
      vertex 96.6526 51.0428 0
      vertex 97.2941 51.1704 0
    endloop
  endfacet
  facet normal 0 0 -1
    outer loop
      vertex 96 15 0
      vertex 96.6526 51.0428 0
      vertex 96.6526 14.9572 0
    endloop
  endfacet
  facet normal 0 0 -1
    outer loop
      vertex 96 15 0
      vertex 96 51 0
      vertex 96.6526 51.0428 0
    endloop
  endfacet
  facet normal 0 0 -1
    outer loop
      vertex 95.3474 14.9572 0
      vertex 96 51 0
      vertex 96 15 0
    endloop
  endfacet
  facet normal 0 0 -1
    outer loop
      vertex 95.3474 14.9572 0
      vertex 95.3474 51.0428 0
      vertex 96 51 0
    endloop
  endfacet
  facet normal 0 0 -1
    outer loop
      vertex 94.7059 14.8296 0
      vertex 95.3474 51.0428 0
      vertex 95.3474 14.9572 0
    endloop
  endfacet
  facet normal 0 0 -1
    outer loop
      vertex 94.7059 14.8296 0
      vertex 94.7059 51.1704 0
      vertex 95.3474 51.0428 0
    endloop
  endfacet
  facet normal 0 0 -1
    outer loop
      vertex 94.0866 14.6194 0
      vertex 94.7059 51.1704 0
      vertex 94.7059 14.8296 0
    endloop
  endfacet
  facet normal 0 0 -1
    outer loop
      vertex 94.0866 14.6194 0
      vertex 94.0866 51.3806 0
      vertex 94.7059 51.1704 0
    endloop
  endfacet
  facet normal 0 0 -1
    outer loop
      vertex 93.5 14.3301 0
      vertex 94.0866 51.3806 0
      vertex 94.0866 14.6194 0
    endloop
  endfacet
  facet normal 0 0 -1
    outer loop
      vertex 93.5 14.3301 0
      vertex 93.5 51.6699 0
      vertex 94.0866 51.3806 0
    endloop
  endfacet
  facet normal 0 0 -1
    outer loop
      vertex 92.9562 13.9668 0
      vertex 93.5 51.6699 0
      vertex 93.5 14.3301 0
    endloop
  endfacet
  facet normal 0 0 -1
    outer loop
      vertex 92.9562 13.9668 0
      vertex 92.9562 52.0332 0
      vertex 93.5 51.6699 0
    endloop
  endfacet
  facet normal 0 0 -1
    outer loop
      vertex 92.4645 13.5355 0
      vertex 92.9562 52.0332 0
      vertex 92.9562 13.9668 0
    endloop
  endfacet
  facet normal 0 0 -1
    outer loop
      vertex 92.4645 13.5355 0
      vertex 92.4645 52.4645 0
      vertex 92.9562 52.0332 0
    endloop
  endfacet
  facet normal 0 0 -1
    outer loop
      vertex 92.0332 13.0438 0
      vertex 92.4645 52.4645 0
      vertex 92.4645 13.5355 0
    endloop
  endfacet
  facet normal 0 0 -1
    outer loop
      vertex 92.0332 13.0438 0
      vertex 92.0332 52.9562 0
      vertex 92.4645 52.4645 0
    endloop
  endfacet
  facet normal 0 0 -1
    outer loop
      vertex 91.6699 12.5 0
      vertex 92.0332 52.9562 0
      vertex 92.0332 13.0438 0
    endloop
  endfacet
  facet normal 0 0 -1
    outer loop
      vertex 91.6699 12.5 0
      vertex 91.6699 53.5 0
      vertex 92.0332 52.9562 0
    endloop
  endfacet
  facet normal 0 0 -1
    outer loop
      vertex 16.8296 11.2941 0
      vertex 91.1704 11.2941 0
      vertex 16.9572 10.6526 0
    endloop
  endfacet
  facet normal 0 0 -1
    outer loop
      vertex 91.1704 11.2941 0
      vertex 16.8296 11.2941 0
      vertex 91.3806 11.9134 0
    endloop
  endfacet
  facet normal 0 0 -1
    outer loop
      vertex 91.0428 10.6526 0
      vertex 16.9572 10.6526 0
      vertex 91.1704 11.2941 0
    endloop
  endfacet
  facet normal 0 0 -1
    outer loop
      vertex 16.6194 11.9134 0
      vertex 91.3806 11.9134 0
      vertex 16.8296 11.2941 0
    endloop
  endfacet
  facet normal 0 0 -1
    outer loop
      vertex 16.9572 10.6526 0
      vertex 91.0428 10.6526 0
      vertex 17 10 0
    endloop
  endfacet
  facet normal 0 0 -1
    outer loop
      vertex 91.6699 53.5 0
      vertex 17 56 0
      vertex 91.3806 54.0866 0
    endloop
  endfacet
  facet normal 0 0 -1
    outer loop
      vertex 17 10 0
      vertex 91.0428 10.6526 0
      vertex 91 10 0
    endloop
  endfacet
  facet normal 0 0 -1
    outer loop
      vertex 91.3806 54.0866 0
      vertex 17 56 0
      vertex 91.1704 54.7059 0
    endloop
  endfacet
  facet normal 0 0 -1
    outer loop
      vertex 105 0 0
      vertex 108 3 0
      vertex 107.974 2.60842 0
    endloop
  endfacet
  facet normal 0 0 -1
    outer loop
      vertex 100.957 10.6526 0
      vertex 108 3 0
      vertex 101 10 0
    endloop
  endfacet
  facet normal 0 0 -1
    outer loop
      vertex 105 0 0
      vertex 107.974 2.60842 0
      vertex 107.898 2.22354 0
    endloop
  endfacet
  facet normal 0 0 -1
    outer loop
      vertex 100.83 11.2941 0
      vertex 108 3 0
      vertex 100.957 10.6526 0
    endloop
  endfacet
  facet normal 0 0 -1
    outer loop
      vertex 105 0 0
      vertex 107.898 2.22354 0
      vertex 107.772 1.85195 0
    endloop
  endfacet
  facet normal 0 0 -1
    outer loop
      vertex 100.957 56.6526 0
      vertex 108 63 0
      vertex 101 56 0
    endloop
  endfacet
  facet normal 0 0 -1
    outer loop
      vertex 105 0 0
      vertex 107.772 1.85195 0
      vertex 107.598 1.5 0
    endloop
  endfacet
  facet normal 0 0 -1
    outer loop
      vertex 100.83 57.2941 0
      vertex 108 63 0
      vertex 100.957 56.6526 0
    endloop
  endfacet
  facet normal 0 0 -1
    outer loop
      vertex 105 0 0
      vertex 107.598 1.5 0
      vertex 107.38 1.17372 0
    endloop
  endfacet
  facet normal 0 0 -1
    outer loop
      vertex 100.619 57.9134 0
      vertex 108 63 0
      vertex 100.83 57.2941 0
    endloop
  endfacet
  facet normal 0 0 -1
    outer loop
      vertex 105 0 0
      vertex 107.38 1.17372 0
      vertex 107.121 0.878679 0
    endloop
  endfacet
  facet normal 0 0 -1
    outer loop
      vertex 100.33 58.5 0
      vertex 108 63 0
      vertex 100.619 57.9134 0
    endloop
  endfacet
  facet normal 0 0 -1
    outer loop
      vertex 105 0 0
      vertex 107.121 0.878679 0
      vertex 106.826 0.61994 0
    endloop
  endfacet
  facet normal 0 0 -1
    outer loop
      vertex 99.9668 59.0438 0
      vertex 108 63 0
      vertex 100.33 58.5 0
    endloop
  endfacet
  facet normal 0 0 -1
    outer loop
      vertex 105 0 0
      vertex 106.826 0.61994 0
      vertex 106.5 0.401923 0
    endloop
  endfacet
  facet normal 0 -0 -1
    outer loop
      vertex 105 66 0
      vertex 108 63 0
      vertex 99.9668 59.0438 0
    endloop
  endfacet
  facet normal 0 0 -1
    outer loop
      vertex 105 0 0
      vertex 106.5 0.401923 0
      vertex 106.148 0.228361 0
    endloop
  endfacet
  facet normal 0 0 -1
    outer loop
      vertex 108 63 0
      vertex 105 66 0
      vertex 107.974 63.3916 0
    endloop
  endfacet
  facet normal 0 0 -1
    outer loop
      vertex 105 0 0
      vertex 106.148 0.228361 0
      vertex 105.776 0.102222 0
    endloop
  endfacet
  facet normal 0 0 -1
    outer loop
      vertex 107.974 63.3916 0
      vertex 105 66 0
      vertex 107.898 63.7765 0
    endloop
  endfacet
  facet normal 0 0 -1
    outer loop
      vertex 105 0 0
      vertex 105.776 0.102222 0
      vertex 105.392 0.0256653 0
    endloop
  endfacet
  facet normal 0 0 -1
    outer loop
      vertex 107.772 64.148 0
      vertex 105 66 0
      vertex 107.598 64.5 0
    endloop
  endfacet
  facet normal -0 0 -1
    outer loop
      vertex 108 3 0
      vertex 105 0 0
      vertex 99.9668 6.95619 0
    endloop
  endfacet
  facet normal 0 0 -1
    outer loop
      vertex 107.598 64.5 0
      vertex 105 66 0
      vertex 107.38 64.8263 0
    endloop
  endfacet
  facet normal 0 0 -1
    outer loop
      vertex 107.38 64.8263 0
      vertex 105 66 0
      vertex 107.121 65.1213 0
    endloop
  endfacet
  facet normal 0 0 -1
    outer loop
      vertex 108 3 0
      vertex 100.957 9.34737 0
      vertex 101 10 0
    endloop
  endfacet
  facet normal 0 0 -1
    outer loop
      vertex 108 3 0
      vertex 100.83 8.7059 0
      vertex 100.957 9.34737 0
    endloop
  endfacet
  facet normal 0 0 -1
    outer loop
      vertex 108 3 0
      vertex 100.619 8.08658 0
      vertex 100.83 8.7059 0
    endloop
  endfacet
  facet normal 0 0 -1
    outer loop
      vertex 108 3 0
      vertex 100.33 7.5 0
      vertex 100.619 8.08658 0
    endloop
  endfacet
  facet normal 0 0 -1
    outer loop
      vertex 108 3 0
      vertex 99.9668 6.95619 0
      vertex 100.33 7.5 0
    endloop
  endfacet
  facet normal 0 0 -1
    outer loop
      vertex 105 0 0
      vertex 99.5355 6.46447 0
      vertex 99.9668 6.95619 0
    endloop
  endfacet
  facet normal 0 0 -1
    outer loop
      vertex 105 0 0
      vertex 99.0438 6.03323 0
      vertex 99.5355 6.46447 0
    endloop
  endfacet
  facet normal 0 0 -1
    outer loop
      vertex 105 0 0
      vertex 98.5 5.66987 0
      vertex 99.0438 6.03323 0
    endloop
  endfacet
  facet normal 0 0 -1
    outer loop
      vertex 105 0 0
      vertex 97.9134 5.3806 0
      vertex 98.5 5.66987 0
    endloop
  endfacet
  facet normal 0 0 -1
    outer loop
      vertex 105 0 0
      vertex 97.2941 5.17037 0
      vertex 97.9134 5.3806 0
    endloop
  endfacet
  facet normal 0 0 -1
    outer loop
      vertex 105 0 0
      vertex 96.6526 5.04278 0
      vertex 97.2941 5.17037 0
    endloop
  endfacet
  facet normal 0 0 -1
    outer loop
      vertex 105 0 0
      vertex 96 5 0
      vertex 96.6526 5.04278 0
    endloop
  endfacet
  facet normal 0 0 -1
    outer loop
      vertex 105 0 0
      vertex 95.3474 5.04278 0
      vertex 96 5 0
    endloop
  endfacet
  facet normal 0 0 -1
    outer loop
      vertex 105 0 0
      vertex 94.7059 5.17037 0
      vertex 95.3474 5.04278 0
    endloop
  endfacet
  facet normal 0 0 -1
    outer loop
      vertex 105 0 0
      vertex 94.0866 5.3806 0
      vertex 94.7059 5.17037 0
    endloop
  endfacet
  facet normal 0 0 -1
    outer loop
      vertex 91.1704 54.7059 0
      vertex 17 56 0
      vertex 91.0428 55.3474 0
    endloop
  endfacet
  facet normal 0 0 -1
    outer loop
      vertex 91.0428 9.34737 0
      vertex 17 10 0
      vertex 91 10 0
    endloop
  endfacet
  facet normal 0 0 -1
    outer loop
      vertex 16.9572 9.34737 0
      vertex 91.0428 9.34737 0
      vertex 91.1704 8.7059 0
    endloop
  endfacet
  facet normal 0 0 -1
    outer loop
      vertex 16.8296 8.7059 0
      vertex 91.1704 8.7059 0
      vertex 91.3806 8.08658 0
    endloop
  endfacet
  facet normal 0 0 -1
    outer loop
      vertex 16.6194 8.08658 0
      vertex 91.3806 8.08658 0
      vertex 91.6699 7.5 0
    endloop
  endfacet
  facet normal 0 0 -1
    outer loop
      vertex 16.3301 7.5 0
      vertex 91.6699 7.5 0
      vertex 92.0332 6.95619 0
    endloop
  endfacet
  facet normal 0 0 -1
    outer loop
      vertex 15.9668 6.95619 0
      vertex 92.0332 6.95619 0
      vertex 92.4645 6.46447 0
    endloop
  endfacet
  facet normal 0 0 -1
    outer loop
      vertex 15.5355 6.46447 0
      vertex 92.4645 6.46447 0
      vertex 92.9562 6.03323 0
    endloop
  endfacet
  facet normal 0 0 -1
    outer loop
      vertex 15.0438 6.03323 0
      vertex 92.9562 6.03323 0
      vertex 93.5 5.66987 0
    endloop
  endfacet
  facet normal 0 0 -1
    outer loop
      vertex 14.5 5.66987 0
      vertex 93.5 5.66987 0
      vertex 94.0866 5.3806 0
    endloop
  endfacet
  facet normal 0 0 -1
    outer loop
      vertex 13.9134 5.3806 0
      vertex 94.0866 5.3806 0
      vertex 105 0 0
    endloop
  endfacet
  facet normal 0 0 -1
    outer loop
      vertex 91.0428 9.34737 0
      vertex 16.9572 9.34737 0
      vertex 17 10 0
    endloop
  endfacet
  facet normal 0 0 -1
    outer loop
      vertex 91.1704 8.7059 0
      vertex 16.8296 8.7059 0
      vertex 16.9572 9.34737 0
    endloop
  endfacet
  facet normal 0 0 -1
    outer loop
      vertex 91.3806 8.08658 0
      vertex 16.6194 8.08658 0
      vertex 16.8296 8.7059 0
    endloop
  endfacet
  facet normal 0 0 -1
    outer loop
      vertex 91.6699 7.5 0
      vertex 16.3301 7.5 0
      vertex 16.6194 8.08658 0
    endloop
  endfacet
  facet normal 0 0 -1
    outer loop
      vertex 92.0332 6.95619 0
      vertex 15.9668 6.95619 0
      vertex 16.3301 7.5 0
    endloop
  endfacet
  facet normal 0 0 -1
    outer loop
      vertex 92.4645 6.46447 0
      vertex 15.5355 6.46447 0
      vertex 15.9668 6.95619 0
    endloop
  endfacet
  facet normal 0 0 -1
    outer loop
      vertex 92.9562 6.03323 0
      vertex 15.0438 6.03323 0
      vertex 15.5355 6.46447 0
    endloop
  endfacet
  facet normal 0 0 -1
    outer loop
      vertex 93.5 5.66987 0
      vertex 14.5 5.66987 0
      vertex 15.0438 6.03323 0
    endloop
  endfacet
  facet normal 0 0 -1
    outer loop
      vertex 94.0866 5.3806 0
      vertex 13.9134 5.3806 0
      vertex 14.5 5.66987 0
    endloop
  endfacet
  facet normal 0 0 -1
    outer loop
      vertex 3 0 0
      vertex 13.9134 5.3806 0
      vertex 105 0 0
    endloop
  endfacet
  facet normal 0 0 -1
    outer loop
      vertex 13.9134 5.3806 0
      vertex 3 0 0
      vertex 13.2941 5.17037 0
    endloop
  endfacet
  facet normal 0 0 -1
    outer loop
      vertex 13.2941 5.17037 0
      vertex 3 0 0
      vertex 12.6526 5.04278 0
    endloop
  endfacet
  facet normal -0 0 -1
    outer loop
      vertex 7.04278 9.34737 0
      vertex 0 3 0
      vertex 7 10 0
    endloop
  endfacet
  facet normal -0 0 -1
    outer loop
      vertex 7.17037 8.7059 0
      vertex 0 3 0
      vertex 7.04278 9.34737 0
    endloop
  endfacet
  facet normal -0 0 -1
    outer loop
      vertex 7.3806 8.08658 0
      vertex 0 3 0
      vertex 7.17037 8.7059 0
    endloop
  endfacet
  facet normal -0 0 -1
    outer loop
      vertex 7.66987 7.5 0
      vertex 0 3 0
      vertex 7.3806 8.08658 0
    endloop
  endfacet
  facet normal -0 0 -1
    outer loop
      vertex 8.03323 6.95619 0
      vertex 0 3 0
      vertex 7.66987 7.5 0
    endloop
  endfacet
  facet normal 0 0 -1
    outer loop
      vertex 0 3 0
      vertex 8.03323 6.95619 0
      vertex 3 0 0
    endloop
  endfacet
  facet normal -0 0 -1
    outer loop
      vertex 8.46447 6.46447 0
      vertex 3 0 0
      vertex 8.03323 6.95619 0
    endloop
  endfacet
  facet normal -0 0 -1
    outer loop
      vertex 8.95619 6.03323 0
      vertex 3 0 0
      vertex 8.46447 6.46447 0
    endloop
  endfacet
  facet normal -0 0 -1
    outer loop
      vertex 9.5 5.66987 0
      vertex 3 0 0
      vertex 8.95619 6.03323 0
    endloop
  endfacet
  facet normal -0 0 -1
    outer loop
      vertex 10.0866 5.3806 0
      vertex 3 0 0
      vertex 9.5 5.66987 0
    endloop
  endfacet
  facet normal -0 0 -1
    outer loop
      vertex 10.7059 5.17037 0
      vertex 3 0 0
      vertex 10.0866 5.3806 0
    endloop
  endfacet
  facet normal -0 0 -1
    outer loop
      vertex 11.3474 5.04278 0
      vertex 3 0 0
      vertex 10.7059 5.17037 0
    endloop
  endfacet
  facet normal -0 0 -1
    outer loop
      vertex 12 5 0
      vertex 3 0 0
      vertex 11.3474 5.04278 0
    endloop
  endfacet
  facet normal 0 0 -1
    outer loop
      vertex 12.6526 5.04278 0
      vertex 3 0 0
      vertex 12 5 0
    endloop
  endfacet
  facet normal 0 0 -1
    outer loop
      vertex 107.121 65.1213 0
      vertex 105 66 0
      vertex 106.826 65.3801 0
    endloop
  endfacet
  facet normal 0 0 -1
    outer loop
      vertex 106.826 65.3801 0
      vertex 105 66 0
      vertex 106.5 65.5981 0
    endloop
  endfacet
  facet normal 0 0 -1
    outer loop
      vertex 106.5 65.5981 0
      vertex 105 66 0
      vertex 106.148 65.7716 0
    endloop
  endfacet
  facet normal 0 0 -1
    outer loop
      vertex 106.148 65.7716 0
      vertex 105 66 0
      vertex 105.776 65.8978 0
    endloop
  endfacet
  facet normal 0 0 -1
    outer loop
      vertex 105.776 65.8978 0
      vertex 105 66 0
      vertex 105.392 65.9743 0
    endloop
  endfacet
  facet normal 0 0 -1
    outer loop
      vertex 107.898 63.7765 0
      vertex 105 66 0
      vertex 107.772 64.148 0
    endloop
  endfacet
  facet normal 0 0 -1
    outer loop
      vertex 99.5355 59.5355 0
      vertex 105 66 0
      vertex 99.9668 59.0438 0
    endloop
  endfacet
  facet normal 0 0 -1
    outer loop
      vertex 99.0438 59.9668 0
      vertex 105 66 0
      vertex 99.5355 59.5355 0
    endloop
  endfacet
  facet normal 0 0 -1
    outer loop
      vertex 98.5 60.3301 0
      vertex 105 66 0
      vertex 99.0438 59.9668 0
    endloop
  endfacet
  facet normal 0 0 -1
    outer loop
      vertex 97.9134 60.6194 0
      vertex 105 66 0
      vertex 98.5 60.3301 0
    endloop
  endfacet
  facet normal 0 0 -1
    outer loop
      vertex 97.2941 60.8296 0
      vertex 105 66 0
      vertex 97.9134 60.6194 0
    endloop
  endfacet
  facet normal 0 0 -1
    outer loop
      vertex 96.6526 60.9572 0
      vertex 105 66 0
      vertex 97.2941 60.8296 0
    endloop
  endfacet
  facet normal 0 0 -1
    outer loop
      vertex 96 61 0
      vertex 105 66 0
      vertex 96.6526 60.9572 0
    endloop
  endfacet
  facet normal 0 0 -1
    outer loop
      vertex 95.3474 60.9572 0
      vertex 105 66 0
      vertex 96 61 0
    endloop
  endfacet
  facet normal 0 0 -1
    outer loop
      vertex 94.7059 60.8296 0
      vertex 105 66 0
      vertex 95.3474 60.9572 0
    endloop
  endfacet
  facet normal 0 0 -1
    outer loop
      vertex 94.0866 60.6194 0
      vertex 105 66 0
      vertex 94.7059 60.8296 0
    endloop
  endfacet
  facet normal 0 0 -1
    outer loop
      vertex 91.0428 55.3474 0
      vertex 17 56 0
      vertex 91 56 0
    endloop
  endfacet
  facet normal 0 0 -1
    outer loop
      vertex 91 56 0
      vertex 17 56 0
      vertex 91.0428 56.6526 0
    endloop
  endfacet
  facet normal 0 0 -1
    outer loop
      vertex 16.9572 56.6526 0
      vertex 91.0428 56.6526 0
      vertex 17 56 0
    endloop
  endfacet
  facet normal 0 0 -1
    outer loop
      vertex 91.0428 56.6526 0
      vertex 16.9572 56.6526 0
      vertex 91.1704 57.2941 0
    endloop
  endfacet
  facet normal 0 0 -1
    outer loop
      vertex 16.8296 57.2941 0
      vertex 91.1704 57.2941 0
      vertex 16.9572 56.6526 0
    endloop
  endfacet
  facet normal 0 0 -1
    outer loop
      vertex 91.1704 57.2941 0
      vertex 16.8296 57.2941 0
      vertex 91.3806 57.9134 0
    endloop
  endfacet
  facet normal 0 0 -1
    outer loop
      vertex 16.6194 57.9134 0
      vertex 91.3806 57.9134 0
      vertex 16.8296 57.2941 0
    endloop
  endfacet
  facet normal 0 0 -1
    outer loop
      vertex 91.3806 57.9134 0
      vertex 16.6194 57.9134 0
      vertex 91.6699 58.5 0
    endloop
  endfacet
  facet normal 0 0 -1
    outer loop
      vertex 16.3301 58.5 0
      vertex 91.6699 58.5 0
      vertex 16.6194 57.9134 0
    endloop
  endfacet
  facet normal 0 0 -1
    outer loop
      vertex 91.6699 58.5 0
      vertex 16.3301 58.5 0
      vertex 92.0332 59.0438 0
    endloop
  endfacet
  facet normal 0 0 -1
    outer loop
      vertex 15.9668 59.0438 0
      vertex 92.0332 59.0438 0
      vertex 16.3301 58.5 0
    endloop
  endfacet
  facet normal 0 0 -1
    outer loop
      vertex 92.0332 59.0438 0
      vertex 15.9668 59.0438 0
      vertex 92.4645 59.5355 0
    endloop
  endfacet
  facet normal 0 0 -1
    outer loop
      vertex 15.5355 59.5355 0
      vertex 92.4645 59.5355 0
      vertex 15.9668 59.0438 0
    endloop
  endfacet
  facet normal 0 0 -1
    outer loop
      vertex 92.4645 59.5355 0
      vertex 15.5355 59.5355 0
      vertex 92.9562 59.9668 0
    endloop
  endfacet
  facet normal 0 0 -1
    outer loop
      vertex 15.0438 59.9668 0
      vertex 92.9562 59.9668 0
      vertex 15.5355 59.5355 0
    endloop
  endfacet
  facet normal 0 0 -1
    outer loop
      vertex 92.9562 59.9668 0
      vertex 15.0438 59.9668 0
      vertex 93.5 60.3301 0
    endloop
  endfacet
  facet normal 0 0 -1
    outer loop
      vertex 14.5 60.3301 0
      vertex 93.5 60.3301 0
      vertex 15.0438 59.9668 0
    endloop
  endfacet
  facet normal 0 0 -1
    outer loop
      vertex 93.5 60.3301 0
      vertex 14.5 60.3301 0
      vertex 94.0866 60.6194 0
    endloop
  endfacet
  facet normal 0 0 -1
    outer loop
      vertex 13.9134 60.6194 0
      vertex 94.0866 60.6194 0
      vertex 14.5 60.3301 0
    endloop
  endfacet
  facet normal 0 0 -1
    outer loop
      vertex 94.0866 60.6194 0
      vertex 13.9134 60.6194 0
      vertex 105 66 0
    endloop
  endfacet
  facet normal 0 0 -1
    outer loop
      vertex 3 66 0
      vertex 13.9134 60.6194 0
      vertex 13.2941 60.8296 0
    endloop
  endfacet
  facet normal 0 0 -1
    outer loop
      vertex 3 66 0
      vertex 13.2941 60.8296 0
      vertex 12.6526 60.9572 0
    endloop
  endfacet
  facet normal 0 0 -1
    outer loop
      vertex 3 66 0
      vertex 12.6526 60.9572 0
      vertex 12 61 0
    endloop
  endfacet
  facet normal 0 0 -1
    outer loop
      vertex 7.17037 54.7059 0
      vertex 0 63 0
      vertex 7.04278 55.3474 0
    endloop
  endfacet
  facet normal 0 0 -1
    outer loop
      vertex 13.9134 60.6194 0
      vertex 3 66 0
      vertex 105 66 0
    endloop
  endfacet
  facet normal 0 0 -1
    outer loop
      vertex 11.3474 60.9572 0
      vertex 3 66 0
      vertex 12 61 0
    endloop
  endfacet
  facet normal 0 0 -1
    outer loop
      vertex 10.7059 60.8296 0
      vertex 3 66 0
      vertex 11.3474 60.9572 0
    endloop
  endfacet
  facet normal 0 0 -1
    outer loop
      vertex 10.0866 60.6194 0
      vertex 3 66 0
      vertex 10.7059 60.8296 0
    endloop
  endfacet
  facet normal 0 0 -1
    outer loop
      vertex 9.5 60.3301 0
      vertex 3 66 0
      vertex 10.0866 60.6194 0
    endloop
  endfacet
  facet normal 0 0 -1
    outer loop
      vertex 8.95619 59.9668 0
      vertex 3 66 0
      vertex 9.5 60.3301 0
    endloop
  endfacet
  facet normal 0 0 -1
    outer loop
      vertex 8.46447 59.5355 0
      vertex 3 66 0
      vertex 8.95619 59.9668 0
    endloop
  endfacet
  facet normal 0 0 -1
    outer loop
      vertex 8.03323 59.0438 0
      vertex 3 66 0
      vertex 8.46447 59.5355 0
    endloop
  endfacet
  facet normal 0 0 -1
    outer loop
      vertex 0 63 0
      vertex 8.03323 59.0438 0
      vertex 7.66987 58.5 0
    endloop
  endfacet
  facet normal 0 0 -1
    outer loop
      vertex 0 63 0
      vertex 7.66987 58.5 0
      vertex 7.3806 57.9134 0
    endloop
  endfacet
  facet normal 0 0 -1
    outer loop
      vertex 0 63 0
      vertex 7.3806 57.9134 0
      vertex 7.17037 57.2941 0
    endloop
  endfacet
  facet normal 0 0 -1
    outer loop
      vertex 0 63 0
      vertex 7.17037 57.2941 0
      vertex 7.04278 56.6526 0
    endloop
  endfacet
  facet normal 0 0 -1
    outer loop
      vertex 7.04278 55.3474 0
      vertex 0 63 0
      vertex 7 56 0
    endloop
  endfacet
  facet normal 0 0 -1
    outer loop
      vertex 0 3 0
      vertex 3 0 0
      vertex 2.60842 0.0256653 0
    endloop
  endfacet
  facet normal 0 0 -1
    outer loop
      vertex 7 56 0
      vertex 0 63 0
      vertex 7.04278 56.6526 0
    endloop
  endfacet
  facet normal 0 0 -1
    outer loop
      vertex 0 3 0
      vertex 2.60842 0.0256653 0
      vertex 2.22354 0.102222 0
    endloop
  endfacet
  facet normal 0 0 -1
    outer loop
      vertex 8.03323 59.0438 0
      vertex 0 63 0
      vertex 3 66 0
    endloop
  endfacet
  facet normal 0 0 -1
    outer loop
      vertex 0 3 0
      vertex 2.22354 0.102222 0
      vertex 1.85195 0.228361 0
    endloop
  endfacet
  facet normal 0 0 -1
    outer loop
      vertex 3 66 0
      vertex 0 63 0
      vertex 2.60842 65.9743 0
    endloop
  endfacet
  facet normal 0 0 -1
    outer loop
      vertex 0 3 0
      vertex 1.85195 0.228361 0
      vertex 1.5 0.401923 0
    endloop
  endfacet
  facet normal 0 0 -1
    outer loop
      vertex 2.60842 65.9743 0
      vertex 0 63 0
      vertex 2.22354 65.8978 0
    endloop
  endfacet
  facet normal 0 0 -1
    outer loop
      vertex 0 3 0
      vertex 1.5 0.401923 0
      vertex 1.17372 0.61994 0
    endloop
  endfacet
  facet normal 0 0 -1
    outer loop
      vertex 2.22354 65.8978 0
      vertex 0 63 0
      vertex 1.85195 65.7716 0
    endloop
  endfacet
  facet normal 0 0 -1
    outer loop
      vertex 0 3 0
      vertex 1.17372 0.61994 0
      vertex 0.878679 0.878679 0
    endloop
  endfacet
  facet normal 0 0 -1
    outer loop
      vertex 1.85195 65.7716 0
      vertex 0 63 0
      vertex 1.5 65.5981 0
    endloop
  endfacet
  facet normal 0 0 -1
    outer loop
      vertex 0 3 0
      vertex 0.878679 0.878679 0
      vertex 0.61994 1.17372 0
    endloop
  endfacet
  facet normal 0 0 -1
    outer loop
      vertex 1.5 65.5981 0
      vertex 0 63 0
      vertex 1.17372 65.3801 0
    endloop
  endfacet
  facet normal 0 0 -1
    outer loop
      vertex 0 3 0
      vertex 0.61994 1.17372 0
      vertex 0.401923 1.5 0
    endloop
  endfacet
  facet normal 0 0 -1
    outer loop
      vertex 1.17372 65.3801 0
      vertex 0 63 0
      vertex 0.878679 65.1213 0
    endloop
  endfacet
  facet normal 0 0 -1
    outer loop
      vertex 0 3 0
      vertex 0.401923 1.5 0
      vertex 0.228361 1.85195 0
    endloop
  endfacet
  facet normal 0 0 -1
    outer loop
      vertex 0.878679 65.1213 0
      vertex 0 63 0
      vertex 0.61994 64.8263 0
    endloop
  endfacet
  facet normal 0 0 -1
    outer loop
      vertex 0 3 0
      vertex 0.228361 1.85195 0
      vertex 0.102222 2.22354 0
    endloop
  endfacet
  facet normal 0 0 -1
    outer loop
      vertex 0.61994 64.8263 0
      vertex 0 63 0
      vertex 0.401923 64.5 0
    endloop
  endfacet
  facet normal 0 0 -1
    outer loop
      vertex 0 3 0
      vertex 0.102222 2.22354 0
      vertex 0.0256653 2.60842 0
    endloop
  endfacet
  facet normal 0 0 -1
    outer loop
      vertex 0.401923 64.5 0
      vertex 0 63 0
      vertex 0.228361 64.148 0
    endloop
  endfacet
  facet normal 0 0 -1
    outer loop
      vertex 0.228361 64.148 0
      vertex 0 63 0
      vertex 0.102222 63.7765 0
    endloop
  endfacet
  facet normal 0 0 -1
    outer loop
      vertex 0.102222 63.7765 0
      vertex 0 63 0
      vertex 0.0256653 63.3916 0
    endloop
  endfacet
  facet normal 1 0 0
    outer loop
      vertex 108 40 77.282
      vertex 108 30.505 45.2362
      vertex 108 36.0476 42.0362
    endloop
  endfacet
  facet normal 1 0 0
    outer loop
      vertex 108 3 13.1962
      vertex 108 30.505 45.2362
      vertex 108 40 77.282
    endloop
  endfacet
  facet normal 1 0 0
    outer loop
      vertex 108 30.505 45.2362
      vertex 108 3 13.1962
      vertex 108 23.255 32.6788
    endloop
  endfacet
  facet normal 1 0 0
    outer loop
      vertex 108 36.0476 42.0362
      vertex 108 63 77.282
      vertex 108 40 77.282
    endloop
  endfacet
  facet normal 1 0 0
    outer loop
      vertex 108 63 77.282
      vertex 108 36.0476 42.0362
      vertex 108 63 0
    endloop
  endfacet
  facet normal 1 -0 0
    outer loop
      vertex 108 28.7976 29.4788
      vertex 108 63 0
      vertex 108 36.0476 42.0362
    endloop
  endfacet
  facet normal 1 0 0
    outer loop
      vertex 108 3 13.1962
      vertex 108 28.7976 29.4788
      vertex 108 23.255 32.6788
    endloop
  endfacet
  facet normal 1 0 0
    outer loop
      vertex 108 28.7976 29.4788
      vertex 108 3 13.1962
      vertex 108 3 0
    endloop
  endfacet
  facet normal 1 0 0
    outer loop
      vertex 108 28.7976 29.4788
      vertex 108 3 0
      vertex 108 63 0
    endloop
  endfacet
  facet normal 0 -0.866026 0.499999
    outer loop
      vertex 0 40 77.282
      vertex 6.35 38.175 74.121
      vertex 108 40 77.282
    endloop
  endfacet
  facet normal 3.42626e-05 -0.865996 0.500051
    outer loop
      vertex 0 40 77.282
      vertex 6.23732 38.1713 74.1146
      vertex 6.35 38.175 74.121
    endloop
  endfacet
  facet normal -0.000168888 -0.866169 0.499751
    outer loop
      vertex 0 40 77.282
      vertex 5.99758 38.1635 74.101
      vertex 6.23732 38.1713 74.1146
    endloop
  endfacet
  facet normal 0.00077139 -0.865401 0.50108
    outer loop
      vertex 0 40 77.282
      vertex 5.88683 38.1524 74.082
      vertex 5.99758 38.1635 74.101
    endloop
  endfacet
  facet normal -0.000115614 -0.866108 0.499857
    outer loop
      vertex 0 40 77.282
      vertex 5.65119 38.129 74.0414
      vertex 5.88683 38.1524 74.082
    endloop
  endfacet
  facet normal -0.000465188 -0.866372 0.499399
    outer loop
      vertex 0 40 77.282
      vertex 5.54426 38.1109 74.0099
      vertex 5.65119 38.129 74.0414
    endloop
  endfacet
  facet normal 0.000193681 -0.865889 0.500237
    outer loop
      vertex 0 40 77.282
      vertex 5.31675 38.0722 73.943
      vertex 5.54426 38.1109 74.0099
    endloop
  endfacet
  facet normal -4.06287e-05 -0.86605 0.499957
    outer loop
      vertex 0 40 77.282
      vertex 5.10127 38.0191 73.851
      vertex 5.31675 38.0722 73.943
    endloop
  endfacet
  facet normal 0.000305142 -0.865828 0.500342
    outer loop
      vertex 0 40 77.282
      vertex 5 37.9941 73.8078
      vertex 5.10127 38.0191 73.851
    endloop
  endfacet
  facet normal -0.00054818 -0.866359 0.499421
    outer loop
      vertex 0 40 77.282
      vertex 4.90611 37.9628 73.7534
      vertex 5 37.9941 73.8078
    endloop
  endfacet
  facet normal 0.000143065 -0.865943 0.500142
    outer loop
      vertex 0 40 77.282
      vertex 4.70634 37.896 73.6378
      vertex 4.90611 37.9628 73.7534
    endloop
  endfacet
  facet normal 0.000107783 -0.865963 0.500108
    outer loop
      vertex 0 40 77.282
      vertex 4.52571 37.8168 73.5007
      vertex 4.70634 37.896 73.6378
    endloop
  endfacet
  facet normal -0.000214844 -0.86613 0.499818
    outer loop
      vertex 0 40 77.282
      vertex 4.44081 37.7796 73.4362
      vertex 4.52571 37.8168 73.5007
    endloop
  endfacet
  facet normal 3.53936e-05 -0.866005 0.500035
    outer loop
      vertex 0 40 77.282
      vertex 4.36636 37.7371 73.3626
      vertex 4.44081 37.7796 73.4362
    endloop
  endfacet
  facet normal 2.82959e-06 -0.866021 0.500008
    outer loop
      vertex 0 40 77.282
      vertex 4.20794 37.6468 73.2062
      vertex 4.36636 37.7371 73.3626
    endloop
  endfacet
  facet normal -0.000232027 -0.866126 0.499826
    outer loop
      vertex 0 40 77.282
      vertex 4.14521 37.5999 73.1249
      vertex 4.20794 37.6468 73.2062
    endloop
  endfacet
  facet normal 5.24159e-05 -0.866003 0.500039
    outer loop
      vertex 0 40 77.282
      vertex 4.01173 37.5 72.9519
      vertex 4.14521 37.5999 73.1249
    endloop
  endfacet
  facet normal -0.00010621 -0.866067 0.499929
    outer loop
      vertex 0 40 77.282
      vertex 3.90547 37.3923 72.7653
      vertex 4.01173 37.5 72.9519
    endloop
  endfacet
  facet normal 0.000459356 -0.865855 0.500295
    outer loop
      vertex 0 40 77.282
      vertex 3.85552 37.3416 72.6776
      vertex 3.90547 37.3923 72.7653
    endloop
  endfacet
  facet normal -8.96006e-06 -0.866025 0.500001
    outer loop
      vertex 0 40 77.282
      vertex 3.742 37.1744 72.388
      vertex 3.85552 37.3416 72.6776
    endloop
  endfacet
  facet normal -0.000167229 -0.866077 0.49991
    outer loop
      vertex 0 40 77.282
      vertex 3.69513 37.0566 72.1839
      vertex 3.742 37.1744 72.388
    endloop
  endfacet
  facet normal 0.000301858 -0.86593 0.500165
    outer loop
      vertex 0 40 77.282
      vertex 3.6731 37.0012 72.088
      vertex 3.69513 37.0566 72.1839
    endloop
  endfacet
  facet normal -0.00056894 -0.866196 0.499703
    outer loop
      vertex 0 40 77.282
      vertex 3.66571 36.9449 71.9904
      vertex 3.6731 37.0012 72.088
    endloop
  endfacet
  facet normal 0.000229873 -0.865957 0.500119
    outer loop
      vertex 0 40 77.282
      vertex 3.65 36.825 71.7828
      vertex 3.66571 36.9449 71.9904
    endloop
  endfacet
  facet normal -7.46021e-06 -0.866025 0.5
    outer loop
      vertex 0 3 13.1962
      vertex 3.65 36.825 71.7828
      vertex 0 40 77.282
    endloop
  endfacet
  facet normal 1.2111e-06 -0.866025 0.5
    outer loop
      vertex 3.65 36.825 71.7828
      vertex 0 3 13.1962
      vertex 3.65 3.175 13.4993
    endloop
  endfacet
  facet normal 5.78645e-07 -0.866022 0.500006
    outer loop
      vertex 0 3 13.1962
      vertex 3.6731 2.99879 13.1941
      vertex 3.65 3.175 13.4993
    endloop
  endfacet
  facet normal 5.4749e-07 -0.866046 0.499965
    outer loop
      vertex 0.0256653 2.60842 12.5179
      vertex 3.6731 2.99879 13.1941
      vertex 0 3 13.1962
    endloop
  endfacet
  facet normal 5.16977e-06 -0.866056 0.499946
    outer loop
      vertex 3.6731 2.99879 13.1941
      vertex 0.0256653 2.60842 12.5179
      vertex 3.71997 2.88097 12.99
    endloop
  endfacet
  facet normal -1.74604e-05 -0.86598 0.500079
    outer loop
      vertex 3.71997 2.88097 12.99
      vertex 0.0256653 2.60842 12.5179
      vertex 3.742 2.82559 12.8941
    endloop
  endfacet
  facet normal -9.10002e-06 -0.866016 0.500017
    outer loop
      vertex 0.102222 2.22354 11.8513
      vertex 3.742 2.82559 12.8941
      vertex 0.0256653 2.60842 12.5179
    endloop
  endfacet
  facet normal 4.02413e-06 -0.866035 0.499983
    outer loop
      vertex 3.742 2.82559 12.8941
      vertex 0.102222 2.22354 11.8513
      vertex 3.7783 2.77213 12.8015
    endloop
  endfacet
  facet normal 4.54137e-05 -0.866105 0.499863
    outer loop
      vertex 3.7783 2.77213 12.8015
      vertex 0.102222 2.22354 11.8513
      vertex 3.85552 2.65838 12.6044
    endloop
  endfacet
  facet normal 6.41422e-06 -0.866021 0.500008
    outer loop
      vertex 0.228361 1.85195 11.2077
      vertex 3.85552 2.65838 12.6044
      vertex 0.102222 2.22354 11.8513
    endloop
  endfacet
  facet normal -6.5062e-07 -0.866013 0.500022
    outer loop
      vertex 3.85552 2.65838 12.6044
      vertex 0.228361 1.85195 11.2077
      vertex 3.96179 2.55064 12.4178
    endloop
  endfacet
  facet normal 9.31162e-06 -0.866026 0.499999
    outer loop
      vertex 0.401923 1.5 10.5981
      vertex 3.96179 2.55064 12.4178
      vertex 0.228361 1.85195 11.2077
    endloop
  endfacet
  facet normal -1.82191e-05 -0.866003 0.500039
    outer loop
      vertex 3.96179 2.55064 12.4178
      vertex 0.401923 1.5 10.5981
      vertex 4.01173 2.5 12.3301
    endloop
  endfacet
  facet normal -3.74696e-05 -0.865985 0.50007
    outer loop
      vertex 4.01173 2.5 12.3301
      vertex 0.401923 1.5 10.5981
      vertex 4.07447 2.45305 12.2488
    endloop
  endfacet
  facet normal 2.61222e-05 -0.866046 0.499963
    outer loop
      vertex 0.61994 1.17372 10.0329
      vertex 4.07447 2.45305 12.2488
      vertex 0.401923 1.5 10.5981
    endloop
  endfacet
  facet normal -1.93875e-09 -0.866029 0.499994
    outer loop
      vertex 4.07447 2.45305 12.2488
      vertex 0.61994 1.17372 10.0329
      vertex 4.20794 2.35317 12.0758
    endloop
  endfacet
  facet normal -2.3428e-05 -0.866011 0.500025
    outer loop
      vertex 0.878679 0.878679 9.52192
      vertex 4.20794 2.35317 12.0758
      vertex 0.61994 1.17372 10.0329
    endloop
  endfacet
  facet normal -5.24578e-05 -0.865995 0.500053
    outer loop
      vertex 4.20794 2.35317 12.0758
      vertex 0.878679 0.878679 9.52192
      vertex 4.36636 2.26285 11.9194
    endloop
  endfacet
  facet normal -2.03849e-06 -0.866026 0.499998
    outer loop
      vertex 1.17372 0.61994 9.07377
      vertex 4.36636 2.26285 11.9194
      vertex 0.878679 0.878679 9.52192
    endloop
  endfacet
  facet normal -2.84178e-05 -0.866014 0.50002
    outer loop
      vertex 4.36636 2.26285 11.9194
      vertex 1.17372 0.61994 9.07377
      vertex 4.44081 2.22041 11.8459
    endloop
  endfacet
  facet normal -8.03897e-07 -0.866028 0.499996
    outer loop
      vertex 1.5 0.401923 8.69615
      vertex 4.44081 2.22041 11.8459
      vertex 1.17372 0.61994 9.07377
    endloop
  endfacet
  facet normal -1.45491e-06 -0.866027 0.499996
    outer loop
      vertex 1.85195 0.228361 8.39553
      vertex 4.44081 2.22041 11.8459
      vertex 1.5 0.401923 8.69615
    endloop
  endfacet
  facet normal -2.57152e-06 -0.866027 0.499997
    outer loop
      vertex 3 0 8
      vertex 4.44081 2.22041 11.8459
      vertex 1.85195 0.228361 8.39553
    endloop
  endfacet
  facet normal 6.32052e-06 -0.866029 0.499995
    outer loop
      vertex 4.44081 2.22041 11.8459
      vertex 3 0 8
      vertex 4.62145 2.1412 11.7087
    endloop
  endfacet
  facet normal 6.71064e-05 -0.86604 0.499975
    outer loop
      vertex 4.62145 2.1412 11.7087
      vertex 3 0 8
      vertex 4.70634 2.10397 11.6442
    endloop
  endfacet
  facet normal 3.60666e-05 -0.866036 0.499981
    outer loop
      vertex 4.80023 2.0726 11.5899
      vertex 3 0 8
      vertex 5 2.00587 11.4743
    endloop
  endfacet
  facet normal 0.000107997 -0.866054 0.49995
    outer loop
      vertex 5 2.00587 11.4743
      vertex 3 0 8
      vertex 5.21548 1.95273 11.3822
    endloop
  endfacet
  facet normal 0.000244895 -0.8661 0.49987
    outer loop
      vertex 5.31675 1.92776 11.339
      vertex 3 0 8
      vertex 5.42368 1.90961 11.3075
    endloop
  endfacet
  facet normal -0.00018891 -0.86597 0.500096
    outer loop
      vertex 5.21548 1.95273 11.3822
      vertex 3 0 8
      vertex 5.31675 1.92776 11.339
    endloop
  endfacet
  facet normal 0 -0.866026 0.499999
    outer loop
      vertex 101.65 38.175 74.121
      vertex 108 40 77.282
      vertex 6.35 38.175 74.121
    endloop
  endfacet
  facet normal -3.41755e-05 -0.865996 0.500051
    outer loop
      vertex 101.763 38.1713 74.1146
      vertex 108 40 77.282
      vertex 101.65 38.175 74.121
    endloop
  endfacet
  facet normal 0.000169359 -0.86617 0.49975
    outer loop
      vertex 102.002 38.1635 74.101
      vertex 108 40 77.282
      vertex 101.763 38.1713 74.1146
    endloop
  endfacet
  facet normal -0.000770065 -0.865402 0.501078
    outer loop
      vertex 102.113 38.1524 74.082
      vertex 108 40 77.282
      vertex 102.002 38.1635 74.101
    endloop
  endfacet
  facet normal 0.00011548 -0.866108 0.499857
    outer loop
      vertex 102.349 38.129 74.0414
      vertex 108 40 77.282
      vertex 102.113 38.1524 74.082
    endloop
  endfacet
  facet normal 0.000464992 -0.866372 0.499399
    outer loop
      vertex 102.456 38.1109 74.0099
      vertex 108 40 77.282
      vertex 102.349 38.129 74.0414
    endloop
  endfacet
  facet normal -0.000193975 -0.865889 0.500237
    outer loop
      vertex 102.683 38.0722 73.943
      vertex 108 40 77.282
      vertex 102.456 38.1109 74.0099
    endloop
  endfacet
  facet normal 4.05697e-05 -0.86605 0.499957
    outer loop
      vertex 102.899 38.0191 73.851
      vertex 108 40 77.282
      vertex 102.683 38.0722 73.943
    endloop
  endfacet
  facet normal -0.000305647 -0.865827 0.500343
    outer loop
      vertex 103 37.9941 73.8078
      vertex 108 40 77.282
      vertex 102.899 38.0191 73.851
    endloop
  endfacet
  facet normal 0.000547829 -0.866359 0.499422
    outer loop
      vertex 103.094 37.9628 73.7534
      vertex 108 40 77.282
      vertex 103 37.9941 73.8078
    endloop
  endfacet
  facet normal -0.000142975 -0.865943 0.500142
    outer loop
      vertex 103.294 37.896 73.6378
      vertex 108 40 77.282
      vertex 103.094 37.9628 73.7534
    endloop
  endfacet
  facet normal -0.000107977 -0.865963 0.500108
    outer loop
      vertex 103.474 37.8168 73.5007
      vertex 108 40 77.282
      vertex 103.294 37.896 73.6378
    endloop
  endfacet
  facet normal 0.000214705 -0.86613 0.499818
    outer loop
      vertex 103.559 37.7796 73.4362
      vertex 108 40 77.282
      vertex 103.474 37.8168 73.5007
    endloop
  endfacet
  facet normal -3.52712e-05 -0.866005 0.500035
    outer loop
      vertex 103.634 37.7371 73.3626
      vertex 108 40 77.282
      vertex 103.559 37.7796 73.4362
    endloop
  endfacet
  facet normal -2.83329e-06 -0.866021 0.500008
    outer loop
      vertex 103.792 37.6468 73.2062
      vertex 108 40 77.282
      vertex 103.634 37.7371 73.3626
    endloop
  endfacet
  facet normal 0.000231599 -0.866126 0.499826
    outer loop
      vertex 103.855 37.5999 73.1249
      vertex 108 40 77.282
      vertex 103.792 37.6468 73.2062
    endloop
  endfacet
  facet normal -5.24997e-05 -0.866003 0.500039
    outer loop
      vertex 103.988 37.5 72.9519
      vertex 108 40 77.282
      vertex 103.855 37.5999 73.1249
    endloop
  endfacet
  facet normal 0.000105925 -0.866067 0.499929
    outer loop
      vertex 104.095 37.3923 72.7653
      vertex 108 40 77.282
      vertex 103.988 37.5 72.9519
    endloop
  endfacet
  facet normal -0.000462885 -0.865853 0.500297
    outer loop
      vertex 104.144 37.3416 72.6776
      vertex 108 40 77.282
      vertex 104.095 37.3923 72.7653
    endloop
  endfacet
  facet normal 8.94724e-06 -0.866025 0.500001
    outer loop
      vertex 104.258 37.1744 72.388
      vertex 108 40 77.282
      vertex 104.144 37.3416 72.6776
    endloop
  endfacet
  facet normal 0.000167122 -0.866077 0.49991
    outer loop
      vertex 104.305 37.0566 72.1839
      vertex 108 40 77.282
      vertex 104.258 37.1744 72.388
    endloop
  endfacet
  facet normal -0.000301965 -0.86593 0.500165
    outer loop
      vertex 104.327 37.0012 72.088
      vertex 108 40 77.282
      vertex 104.305 37.0566 72.1839
    endloop
  endfacet
  facet normal 0.000571874 -0.866197 0.499702
    outer loop
      vertex 104.334 36.9449 71.9904
      vertex 108 40 77.282
      vertex 104.327 37.0012 72.088
    endloop
  endfacet
  facet normal -0.00022944 -0.865957 0.500118
    outer loop
      vertex 104.35 36.825 71.7828
      vertex 108 40 77.282
      vertex 104.334 36.9449 71.9904
    endloop
  endfacet
  facet normal -1.2111e-06 -0.866025 0.5
    outer loop
      vertex 108 3 13.1962
      vertex 104.35 36.825 71.7828
      vertex 104.35 3.175 13.4993
    endloop
  endfacet
  facet normal 7.46021e-06 -0.866025 0.5
    outer loop
      vertex 104.35 36.825 71.7828
      vertex 108 3 13.1962
      vertex 108 40 77.282
    endloop
  endfacet
  facet normal -5.78661e-07 -0.866022 0.500006
    outer loop
      vertex 104.327 2.99879 13.1941
      vertex 108 3 13.1962
      vertex 104.35 3.175 13.4993
    endloop
  endfacet
  facet normal -5.16978e-06 -0.866056 0.499946
    outer loop
      vertex 107.974 2.60842 12.5179
      vertex 104.327 2.99879 13.1941
      vertex 104.28 2.88097 12.99
    endloop
  endfacet
  facet normal 1.74625e-05 -0.86598 0.500079
    outer loop
      vertex 107.974 2.60842 12.5179
      vertex 104.28 2.88097 12.99
      vertex 104.258 2.82559 12.8941
    endloop
  endfacet
  facet normal -4.02727e-06 -0.866035 0.499983
    outer loop
      vertex 107.898 2.22354 11.8513
      vertex 104.258 2.82559 12.8941
      vertex 104.222 2.77213 12.8015
    endloop
  endfacet
  facet normal -4.53725e-05 -0.866105 0.499863
    outer loop
      vertex 107.898 2.22354 11.8513
      vertex 104.222 2.77213 12.8015
      vertex 104.144 2.65838 12.6044
    endloop
  endfacet
  facet normal -5.47505e-07 -0.866046 0.499965
    outer loop
      vertex 104.327 2.99879 13.1941
      vertex 107.974 2.60842 12.5179
      vertex 108 3 13.1962
    endloop
  endfacet
  facet normal 6.50794e-07 -0.866013 0.500022
    outer loop
      vertex 107.772 1.85195 11.2077
      vertex 104.144 2.65838 12.6044
      vertex 104.038 2.55064 12.4178
    endloop
  endfacet
  facet normal 1.82137e-05 -0.866003 0.500039
    outer loop
      vertex 107.598 1.5 10.5981
      vertex 104.038 2.55064 12.4178
      vertex 103.988 2.5 12.3301
    endloop
  endfacet
  facet normal 3.75879e-05 -0.865985 0.50007
    outer loop
      vertex 107.598 1.5 10.5981
      vertex 103.988 2.5 12.3301
      vertex 103.926 2.45305 12.2488
    endloop
  endfacet
  facet normal 1.9364e-09 -0.866029 0.499994
    outer loop
      vertex 107.38 1.17372 10.0329
      vertex 103.926 2.45305 12.2488
      vertex 103.792 2.35317 12.0758
    endloop
  endfacet
  facet normal 5.2521e-05 -0.865995 0.500053
    outer loop
      vertex 107.121 0.878679 9.52192
      vertex 103.792 2.35317 12.0758
      vertex 103.634 2.26285 11.9194
    endloop
  endfacet
  facet normal 9.10159e-06 -0.866016 0.500017
    outer loop
      vertex 104.258 2.82559 12.8941
      vertex 107.898 2.22354 11.8513
      vertex 107.974 2.60842 12.5179
    endloop
  endfacet
  facet normal 2.83215e-05 -0.866014 0.50002
    outer loop
      vertex 106.826 0.61994 9.07377
      vertex 103.634 2.26285 11.9194
      vertex 103.559 2.22041 11.8459
    endloop
  endfacet
  facet normal -6.33781e-06 -0.866029 0.499995
    outer loop
      vertex 105 0 8
      vertex 103.559 2.22041 11.8459
      vertex 103.379 2.1412 11.7087
    endloop
  endfacet
  facet normal -6.70458e-05 -0.86604 0.499975
    outer loop
      vertex 105 0 8
      vertex 103.379 2.1412 11.7087
      vertex 103.294 2.10397 11.6442
    endloop
  endfacet
  facet normal 0.000145231 -0.865997 0.500049
    outer loop
      vertex 105 0 8
      vertex 103.294 2.10397 11.6442
      vertex 103.2 2.0726 11.5899
    endloop
  endfacet
  facet normal -3.60354e-05 -0.866036 0.499981
    outer loop
      vertex 105 0 8
      vertex 103.2 2.0726 11.5899
      vertex 103 2.00587 11.4743
    endloop
  endfacet
  facet normal -0.00010819 -0.866054 0.49995
    outer loop
      vertex 105 0 8
      vertex 103 2.00587 11.4743
      vertex 102.785 1.95273 11.3822
    endloop
  endfacet
  facet normal 0.000187861 -0.86597 0.500095
    outer loop
      vertex 105 0 8
      vertex 102.785 1.95273 11.3822
      vertex 102.683 1.92776 11.339
    endloop
  endfacet
  facet normal -0.000244758 -0.8661 0.49987
    outer loop
      vertex 105 0 8
      vertex 102.683 1.92776 11.339
      vertex 102.576 1.90961 11.3075
    endloop
  endfacet
  facet normal 0.000133425 -0.86598 0.500078
    outer loop
      vertex 105 0 8
      vertex 102.576 1.90961 11.3075
      vertex 102.349 1.871 11.2407
    endloop
  endfacet
  facet normal -4.97781e-05 -0.866045 0.499966
    outer loop
      vertex 105 0 8
      vertex 102.349 1.871 11.2407
      vertex 102.238 1.85998 11.2216
    endloop
  endfacet
  facet normal -6.41333e-06 -0.866021 0.500008
    outer loop
      vertex 104.144 2.65838 12.6044
      vertex 107.772 1.85195 11.2077
      vertex 107.898 2.22354 11.8513
    endloop
  endfacet
  facet normal -3.28573e-05 -0.866039 0.499977
    outer loop
      vertex 105 0 8
      vertex 102.238 1.85998 11.2216
      vertex 102.002 1.83655 11.181
    endloop
  endfacet
  facet normal 7.01086e-06 -0.866023 0.500005
    outer loop
      vertex 105 0 8
      vertex 102.002 1.83655 11.181
      vertex 101.65 1.825 11.161
    endloop
  endfacet
  facet normal -9.30834e-06 -0.866026 0.499999
    outer loop
      vertex 104.038 2.55064 12.4178
      vertex 107.598 1.5 10.5981
      vertex 107.772 1.85195 11.2077
    endloop
  endfacet
  facet normal 0 -0.866026 0.499999
    outer loop
      vertex 6.35 1.825 11.161
      vertex 3 0 8
      vertex 101.65 1.825 11.161
    endloop
  endfacet
  facet normal 4.98762e-05 -0.866045 0.499966
    outer loop
      vertex 5.65119 1.871 11.2407
      vertex 3 0 8
      vertex 5.76194 1.85998 11.2216
    endloop
  endfacet
  facet normal 0 -0.866026 0.499999
    outer loop
      vertex 105 0 8
      vertex 101.65 1.825 11.161
      vertex 3 0 8
    endloop
  endfacet
  facet normal -7.00298e-06 -0.866023 0.500005
    outer loop
      vertex 5.99758 1.83655 11.181
      vertex 3 0 8
      vertex 6.35 1.825 11.161
    endloop
  endfacet
  facet normal 2.57158e-06 -0.866027 0.499997
    outer loop
      vertex 103.559 2.22041 11.8459
      vertex 105 0 8
      vertex 106.148 0.228361 8.39553
    endloop
  endfacet
  facet normal 3.29012e-05 -0.866039 0.499977
    outer loop
      vertex 5.76194 1.85998 11.2216
      vertex 3 0 8
      vertex 5.99758 1.83655 11.181
    endloop
  endfacet
  facet normal -2.61258e-05 -0.866046 0.499963
    outer loop
      vertex 103.926 2.45305 12.2488
      vertex 107.38 1.17372 10.0329
      vertex 107.598 1.5 10.5981
    endloop
  endfacet
  facet normal -0.000133182 -0.86598 0.500078
    outer loop
      vertex 5.42368 1.90961 11.3075
      vertex 3 0 8
      vertex 5.65119 1.871 11.2407
    endloop
  endfacet
  facet normal 2.34227e-05 -0.866011 0.500025
    outer loop
      vertex 103.792 2.35317 12.0758
      vertex 107.121 0.878679 9.52192
      vertex 107.38 1.17372 10.0329
    endloop
  endfacet
  facet normal -0.000145358 -0.865997 0.500049
    outer loop
      vertex 4.70634 2.10397 11.6442
      vertex 3 0 8
      vertex 4.80023 2.0726 11.5899
    endloop
  endfacet
  facet normal 2.03885e-06 -0.866026 0.499998
    outer loop
      vertex 103.634 2.26285 11.9194
      vertex 106.826 0.61994 9.07377
      vertex 107.121 0.878679 9.52192
    endloop
  endfacet
  facet normal -4.6083e-06 -0.86603 0.499993
    outer loop
      vertex 3 0 8
      vertex 1.85195 0.228361 8.39553
      vertex 2.22354 0.102222 8.17705
    endloop
  endfacet
  facet normal 8.04202e-07 -0.866028 0.499996
    outer loop
      vertex 103.559 2.22041 11.8459
      vertex 106.5 0.401923 8.69615
      vertex 106.826 0.61994 9.07377
    endloop
  endfacet
  facet normal -6.80241e-06 -0.866034 0.499985
    outer loop
      vertex 3 0 8
      vertex 2.22354 0.102222 8.17705
      vertex 2.60842 0.0256653 8.04445
    endloop
  endfacet
  facet normal 1.45475e-06 -0.866027 0.499996
    outer loop
      vertex 103.559 2.22041 11.8459
      vertex 106.148 0.228361 8.39553
      vertex 106.5 0.401923 8.69615
    endloop
  endfacet
  facet normal 4.616e-06 -0.86603 0.499993
    outer loop
      vertex 106.148 0.228361 8.39553
      vertex 105 0 8
      vertex 105.776 0.102222 8.17705
    endloop
  endfacet
  facet normal 6.78394e-06 -0.866034 0.499986
    outer loop
      vertex 105.776 0.102222 8.17705
      vertex 105 0 8
      vertex 105.392 0.0256653 8.04445
    endloop
  endfacet
  facet normal 0 0 1
    outer loop
      vertex 105 66 77.282
      vertex 108 63 77.282
      vertex 107.974 63.3916 77.282
    endloop
  endfacet
  facet normal 0 0 1
    outer loop
      vertex 105 66 77.282
      vertex 107.974 63.3916 77.282
      vertex 107.898 63.7765 77.282
    endloop
  endfacet
  facet normal 0 0 1
    outer loop
      vertex 105 66 77.282
      vertex 107.898 63.7765 77.282
      vertex 107.772 64.148 77.282
    endloop
  endfacet
  facet normal 0 0 1
    outer loop
      vertex 105 66 77.282
      vertex 107.772 64.148 77.282
      vertex 107.598 64.5 77.282
    endloop
  endfacet
  facet normal 0 0 1
    outer loop
      vertex 105 66 77.282
      vertex 107.598 64.5 77.282
      vertex 107.38 64.8263 77.282
    endloop
  endfacet
  facet normal 0 0 1
    outer loop
      vertex 105 66 77.282
      vertex 107.38 64.8263 77.282
      vertex 107.121 65.1213 77.282
    endloop
  endfacet
  facet normal 0 0 1
    outer loop
      vertex 105 66 77.282
      vertex 107.121 65.1213 77.282
      vertex 106.826 65.3801 77.282
    endloop
  endfacet
  facet normal 0 0 1
    outer loop
      vertex 105 66 77.282
      vertex 106.826 65.3801 77.282
      vertex 106.5 65.5981 77.282
    endloop
  endfacet
  facet normal 0 0 1
    outer loop
      vertex 105 66 77.282
      vertex 106.5 65.5981 77.282
      vertex 106.148 65.7716 77.282
    endloop
  endfacet
  facet normal 0 0 1
    outer loop
      vertex 105 66 77.282
      vertex 106.148 65.7716 77.282
      vertex 105.776 65.8978 77.282
    endloop
  endfacet
  facet normal 0 0 1
    outer loop
      vertex 105 66 77.282
      vertex 105.776 65.8978 77.282
      vertex 105.392 65.9743 77.282
    endloop
  endfacet
  facet normal 0 0 1
    outer loop
      vertex 108 63 77.282
      vertex 105 66 77.282
      vertex 108 40 77.282
    endloop
  endfacet
  facet normal -0 0 1
    outer loop
      vertex 3 66 77.282
      vertex 108 40 77.282
      vertex 105 66 77.282
    endloop
  endfacet
  facet normal 0 0 1
    outer loop
      vertex 0 63 77.282
      vertex 3 66 77.282
      vertex 2.60842 65.9743 77.282
    endloop
  endfacet
  facet normal 0 0 1
    outer loop
      vertex 0 63 77.282
      vertex 2.60842 65.9743 77.282
      vertex 2.22354 65.8978 77.282
    endloop
  endfacet
  facet normal 0 0 1
    outer loop
      vertex 0 63 77.282
      vertex 2.22354 65.8978 77.282
      vertex 1.85195 65.7716 77.282
    endloop
  endfacet
  facet normal 0 0 1
    outer loop
      vertex 0 63 77.282
      vertex 1.85195 65.7716 77.282
      vertex 1.5 65.5981 77.282
    endloop
  endfacet
  facet normal 0 0 1
    outer loop
      vertex 0 63 77.282
      vertex 1.5 65.5981 77.282
      vertex 1.17372 65.3801 77.282
    endloop
  endfacet
  facet normal 0 0 1
    outer loop
      vertex 0 63 77.282
      vertex 1.17372 65.3801 77.282
      vertex 0.878679 65.1213 77.282
    endloop
  endfacet
  facet normal 0 0 1
    outer loop
      vertex 0 63 77.282
      vertex 0.878679 65.1213 77.282
      vertex 0.61994 64.8263 77.282
    endloop
  endfacet
  facet normal 0 0 1
    outer loop
      vertex 0 63 77.282
      vertex 0.61994 64.8263 77.282
      vertex 0.401923 64.5 77.282
    endloop
  endfacet
  facet normal 0 0 1
    outer loop
      vertex 0 63 77.282
      vertex 0.401923 64.5 77.282
      vertex 0.228361 64.148 77.282
    endloop
  endfacet
  facet normal 0 0 1
    outer loop
      vertex 0 63 77.282
      vertex 0.228361 64.148 77.282
      vertex 0.102222 63.7765 77.282
    endloop
  endfacet
  facet normal 0 0 1
    outer loop
      vertex 0 63 77.282
      vertex 0.102222 63.7765 77.282
      vertex 0.0256653 63.3916 77.282
    endloop
  endfacet
  facet normal 0 0 1
    outer loop
      vertex 3 66 77.282
      vertex 0 63 77.282
      vertex 0 40 77.282
    endloop
  endfacet
  facet normal 0 0 1
    outer loop
      vertex 3 66 77.282
      vertex 0 40 77.282
      vertex 108 40 77.282
    endloop
  endfacet
  facet normal 0.896455 0.443134 0
    outer loop
      vertex 107.772 64.148 77.282
      vertex 107.598 64.5 0
      vertex 107.598 64.5 77.282
    endloop
  endfacet
  facet normal 0.896455 0.443134 0
    outer loop
      vertex 107.598 64.5 0
      vertex 107.772 64.148 77.282
      vertex 107.772 64.148 0
    endloop
  endfacet
  facet normal -0.896898 0.442237 0
    outer loop
      vertex 0.228361 64.148 0
      vertex 0.401923 64.5 77.282
      vertex 0.401923 64.5 0
    endloop
  endfacet
  facet normal -0.896898 0.442237 0
    outer loop
      vertex 0.401923 64.5 77.282
      vertex 0.228361 64.148 0
      vertex 0.228361 64.148 77.282
    endloop
  endfacet
  facet normal 0.0653328 -0.997864 0
    outer loop
      vertex 105.392 0.0256653 0
      vertex 105 0 8
      vertex 105 0 0
    endloop
  endfacet
  facet normal 0.0653328 -0.997864 0
    outer loop
      vertex 105 0 8
      vertex 105.392 0.0256653 0
      vertex 105.392 0.0256653 8.04445
    endloop
  endfacet
  facet normal -0.659339 -0.751846 0
    outer loop
      vertex 0.878679 0.878679 0
      vertex 1.17372 0.61994 9.07377
      vertex 0.878679 0.878679 9.52192
    endloop
  endfacet
  facet normal -0.659339 -0.751846 -0
    outer loop
      vertex 1.17372 0.61994 9.07377
      vertex 0.878679 0.878679 0
      vertex 1.17372 0.61994 0
    endloop
  endfacet
  facet normal 0.0654208 0.997858 -0
    outer loop
      vertex 105.392 65.9743 0
      vertex 105 66 77.282
      vertex 105.392 65.9743 77.282
    endloop
  endfacet
  facet normal 0.0654208 0.997858 0
    outer loop
      vertex 105 66 77.282
      vertex 105.392 65.9743 0
      vertex 105 66 0
    endloop
  endfacet
  facet normal -0.831465 -0.555577 -0
    outer loop
      vertex 0.61994 1.17372 10.0329
      vertex 0.401923 1.5 0
      vertex 0.61994 1.17372 0
    endloop
  endfacet
  facet normal -0.831465 -0.555577 0
    outer loop
      vertex 0.401923 1.5 0
      vertex 0.61994 1.17372 10.0329
      vertex 0.401923 1.5 10.5981
    endloop
  endfacet
  facet normal 0.442237 -0.896898 0
    outer loop
      vertex 106.5 0.401923 0
      vertex 106.148 0.228361 8.39553
      vertex 106.148 0.228361 0
    endloop
  endfacet
  facet normal 0.442237 -0.896898 0
    outer loop
      vertex 106.148 0.228361 8.39553
      vertex 106.5 0.401923 0
      vertex 106.5 0.401923 8.69615
    endloop
  endfacet
  facet normal 0.195379 0.980728 -0
    outer loop
      vertex 105.776 65.8978 0
      vertex 105.392 65.9743 77.282
      vertex 105.776 65.8978 77.282
    endloop
  endfacet
  facet normal 0.195379 0.980728 0
    outer loop
      vertex 105.392 65.9743 77.282
      vertex 105.776 65.8978 0
      vertex 105.392 65.9743 0
    endloop
  endfacet
  facet normal 0.321264 0.94699 -0
    outer loop
      vertex 106.148 65.7716 0
      vertex 105.776 65.8978 77.282
      vertex 106.148 65.7716 77.282
    endloop
  endfacet
  facet normal 0.321264 0.94699 0
    outer loop
      vertex 105.776 65.8978 77.282
      vertex 106.148 65.7716 0
      vertex 105.776 65.8978 0
    endloop
  endfacet
  facet normal 0.751471 0.659766 0
    outer loop
      vertex 107.38 64.8263 77.282
      vertex 107.121 65.1213 0
      vertex 107.121 65.1213 77.282
    endloop
  endfacet
  facet normal 0.751471 0.659766 0
    outer loop
      vertex 107.121 65.1213 0
      vertex 107.38 64.8263 77.282
      vertex 107.38 64.8263 0
    endloop
  endfacet
  facet normal -0.442288 -0.896873 0
    outer loop
      vertex 1.5 0.401923 0
      vertex 1.85195 0.228361 8.39553
      vertex 1.5 0.401923 8.69615
    endloop
  endfacet
  facet normal -0.442288 -0.896873 -0
    outer loop
      vertex 1.85195 0.228361 8.39553
      vertex 1.5 0.401923 0
      vertex 1.85195 0.228361 0
    endloop
  endfacet
  facet normal 0.981056 -0.193723 0
    outer loop
      vertex 107.898 2.22354 11.8513
      vertex 107.974 2.60842 0
      vertex 107.974 2.60842 12.5179
    endloop
  endfacet
  facet normal 0.981056 -0.193723 0
    outer loop
      vertex 107.974 2.60842 0
      vertex 107.898 2.22354 11.8513
      vertex 107.898 2.22354 0
    endloop
  endfacet
  facet normal 0.321124 -0.947037 0
    outer loop
      vertex 106.148 0.228361 0
      vertex 105.776 0.102222 8.17705
      vertex 105.776 0.102222 0
    endloop
  endfacet
  facet normal 0.321124 -0.947037 0
    outer loop
      vertex 105.776 0.102222 8.17705
      vertex 106.148 0.228361 0
      vertex 106.148 0.228361 8.39553
    endloop
  endfacet
  facet normal -0.980788 0.195079 0
    outer loop
      vertex 0.0256653 63.3916 0
      vertex 0.102222 63.7765 77.282
      vertex 0.102222 63.7765 0
    endloop
  endfacet
  facet normal -0.980788 0.195079 0
    outer loop
      vertex 0.102222 63.7765 77.282
      vertex 0.0256653 63.3916 0
      vertex 0.0256653 63.3916 77.282
    endloop
  endfacet
  facet normal -0.44216 0.896936 0
    outer loop
      vertex 1.85195 65.7716 0
      vertex 1.5 65.5981 77.282
      vertex 1.85195 65.7716 77.282
    endloop
  endfacet
  facet normal -0.44216 0.896936 0
    outer loop
      vertex 1.5 65.5981 77.282
      vertex 1.85195 65.7716 0
      vertex 1.5 65.5981 0
    endloop
  endfacet
  facet normal 0.947037 -0.321125 0
    outer loop
      vertex 107.772 1.85195 11.2077
      vertex 107.898 2.22354 0
      vertex 107.898 2.22354 11.8513
    endloop
  endfacet
  facet normal 0.947037 -0.321125 0
    outer loop
      vertex 107.898 2.22354 0
      vertex 107.772 1.85195 11.2077
      vertex 107.772 1.85195 0
    endloop
  endfacet
  facet normal 0.981058 0.193714 0
    outer loop
      vertex 107.974 63.3916 77.282
      vertex 107.898 63.7765 0
      vertex 107.898 63.7765 77.282
    endloop
  endfacet
  facet normal 0.981058 0.193714 0
    outer loop
      vertex 107.898 63.7765 0
      vertex 107.974 63.3916 77.282
      vertex 107.974 63.3916 0
    endloop
  endfacet
  facet normal -0.997859 0.0653993 0
    outer loop
      vertex 0 63 0
      vertex 0.0256653 63.3916 77.282
      vertex 0.0256653 63.3916 0
    endloop
  endfacet
  facet normal -0.997859 0.0653993 0
    outer loop
      vertex 0.0256653 63.3916 77.282
      vertex 0 63 0
      vertex 0 63 77.282
    endloop
  endfacet
  facet normal 0.65939 -0.751801 0
    outer loop
      vertex 107.121 0.878679 0
      vertex 106.826 0.61994 9.07377
      vertex 106.826 0.61994 0
    endloop
  endfacet
  facet normal 0.65939 -0.751801 0
    outer loop
      vertex 106.826 0.61994 9.07377
      vertex 107.121 0.878679 0
      vertex 107.121 0.878679 9.52192
    endloop
  endfacet
  facet normal -0.831481 0.555553 0
    outer loop
      vertex 0.401923 64.5 0
      vertex 0.61994 64.8263 77.282
      vertex 0.61994 64.8263 0
    endloop
  endfacet
  facet normal -0.831481 0.555553 0
    outer loop
      vertex 0.61994 64.8263 77.282
      vertex 0.401923 64.5 0
      vertex 0.401923 64.5 77.282
    endloop
  endfacet
  facet normal -0.321442 -0.946929 0
    outer loop
      vertex 1.85195 0.228361 0
      vertex 2.22354 0.102222 8.17705
      vertex 1.85195 0.228361 8.39553
    endloop
  endfacet
  facet normal -0.321442 -0.946929 -0
    outer loop
      vertex 2.22354 0.102222 8.17705
      vertex 1.85195 0.228361 0
      vertex 2.22354 0.102222 0
    endloop
  endfacet
  facet normal -0.321582 0.946882 0
    outer loop
      vertex 2.22354 65.8978 0
      vertex 1.85195 65.7716 77.282
      vertex 2.22354 65.8978 77.282
    endloop
  endfacet
  facet normal -0.321582 0.946882 0
    outer loop
      vertex 1.85195 65.7716 77.282
      vertex 2.22354 65.8978 0
      vertex 1.85195 65.7716 0
    endloop
  endfacet
  facet normal 0.555906 -0.831245 0
    outer loop
      vertex 106.826 0.61994 0
      vertex 106.5 0.401923 8.69615
      vertex 106.5 0.401923 0
    endloop
  endfacet
  facet normal 0.555906 -0.831245 0
    outer loop
      vertex 106.5 0.401923 8.69615
      vertex 106.826 0.61994 0
      vertex 106.826 0.61994 9.07377
    endloop
  endfacet
  facet normal -0.19495 0.980813 0
    outer loop
      vertex 2.60842 65.9743 0
      vertex 2.22354 65.8978 77.282
      vertex 2.60842 65.9743 77.282
    endloop
  endfacet
  facet normal -0.19495 0.980813 0
    outer loop
      vertex 2.22354 65.8978 77.282
      vertex 2.60842 65.9743 0
      vertex 2.22354 65.8978 0
    endloop
  endfacet
  facet normal -0.751846 -0.659339 -0
    outer loop
      vertex 0.878679 0.878679 9.52192
      vertex 0.61994 1.17372 0
      vertex 0.878679 0.878679 0
    endloop
  endfacet
  facet normal -0.751846 -0.659339 0
    outer loop
      vertex 0.61994 1.17372 0
      vertex 0.878679 0.878679 9.52192
      vertex 0.61994 1.17372 10.0329
    endloop
  endfacet
  facet normal 0.195519 -0.9807 0
    outer loop
      vertex 105.776 0.102222 0
      vertex 105.392 0.0256653 8.04445
      vertex 105.392 0.0256653 0
    endloop
  endfacet
  facet normal 0.195519 -0.9807 0
    outer loop
      vertex 105.392 0.0256653 8.04445
      vertex 105.776 0.102222 0
      vertex 105.776 0.102222 8.17705
    endloop
  endfacet
  facet normal -0.751801 0.65939 0
    outer loop
      vertex 0.61994 64.8263 0
      vertex 0.878679 65.1213 77.282
      vertex 0.878679 65.1213 0
    endloop
  endfacet
  facet normal -0.751801 0.65939 0
    outer loop
      vertex 0.878679 65.1213 77.282
      vertex 0.61994 64.8263 0
      vertex 0.61994 64.8263 77.282
    endloop
  endfacet
  facet normal -0.195089 -0.980786 0
    outer loop
      vertex 2.22354 0.102222 0
      vertex 2.60842 0.0256653 8.04445
      vertex 2.22354 0.102222 8.17705
    endloop
  endfacet
  facet normal -0.195089 -0.980786 -0
    outer loop
      vertex 2.60842 0.0256653 8.04445
      vertex 2.22354 0.102222 0
      vertex 2.60842 0.0256653 0
    endloop
  endfacet
  facet normal -0.0654026 -0.997859 0
    outer loop
      vertex 2.60842 0.0256653 0
      vertex 3 0 8
      vertex 2.60842 0.0256653 8.04445
    endloop
  endfacet
  facet normal -0.0654026 -0.997859 -0
    outer loop
      vertex 3 0 8
      vertex 2.60842 0.0256653 0
      vertex 3 0 0
    endloop
  endfacet
  facet normal 0.997803 0.0662484 0
    outer loop
      vertex 108 63 77.282
      vertex 107.974 63.3916 0
      vertex 107.974 63.3916 77.282
    endloop
  endfacet
  facet normal 0.997803 0.0662484 0
    outer loop
      vertex 107.974 63.3916 0
      vertex 108 63 77.282
      vertex 108 63 0
    endloop
  endfacet
  facet normal -0.896873 -0.442288 -0
    outer loop
      vertex 0.401923 1.5 10.5981
      vertex 0.228361 1.85195 0
      vertex 0.401923 1.5 0
    endloop
  endfacet
  facet normal -0.896873 -0.442288 0
    outer loop
      vertex 0.228361 1.85195 0
      vertex 0.401923 1.5 10.5981
      vertex 0.228361 1.85195 11.2077
    endloop
  endfacet
  facet normal 0.659478 0.751724 -0
    outer loop
      vertex 107.121 65.1213 0
      vertex 106.826 65.3801 77.282
      vertex 107.121 65.1213 77.282
    endloop
  endfacet
  facet normal 0.659478 0.751724 0
    outer loop
      vertex 106.826 65.3801 77.282
      vertex 107.121 65.1213 0
      vertex 106.826 65.3801 0
    endloop
  endfacet
  facet normal -0.980786 -0.195089 -0
    outer loop
      vertex 0.102222 2.22354 11.8513
      vertex 0.0256653 2.60842 0
      vertex 0.102222 2.22354 0
    endloop
  endfacet
  facet normal -0.980786 -0.195089 0
    outer loop
      vertex 0.0256653 2.60842 0
      vertex 0.102222 2.22354 11.8513
      vertex 0.0256653 2.60842 12.5179
    endloop
  endfacet
  facet normal 0.44211 0.896961 -0
    outer loop
      vertex 106.5 65.5981 0
      vertex 106.148 65.7716 77.282
      vertex 106.5 65.5981 77.282
    endloop
  endfacet
  facet normal 0.44211 0.896961 0
    outer loop
      vertex 106.148 65.7716 77.282
      vertex 106.5 65.5981 0
      vertex 106.148 65.7716 0
    endloop
  endfacet
  facet normal -0.997859 -0.0654026 -0
    outer loop
      vertex 0.0256653 2.60842 12.5179
      vertex 0 3 0
      vertex 0.0256653 2.60842 0
    endloop
  endfacet
  facet normal -0.997859 -0.0654026 0
    outer loop
      vertex 0 3 0
      vertex 0.0256653 2.60842 12.5179
      vertex 0 3 13.1962
    endloop
  endfacet
  facet normal -0.555547 0.831485 0
    outer loop
      vertex 1.5 65.5981 0
      vertex 1.17372 65.3801 77.282
      vertex 1.5 65.5981 77.282
    endloop
  endfacet
  facet normal -0.555547 0.831485 0
    outer loop
      vertex 1.17372 65.3801 77.282
      vertex 1.5 65.5981 0
      vertex 1.17372 65.3801 0
    endloop
  endfacet
  facet normal 0.947013 0.321194 0
    outer loop
      vertex 107.898 63.7765 77.282
      vertex 107.772 64.148 0
      vertex 107.772 64.148 77.282
    endloop
  endfacet
  facet normal 0.947013 0.321194 0
    outer loop
      vertex 107.772 64.148 0
      vertex 107.898 63.7765 77.282
      vertex 107.898 63.7765 0
    endloop
  endfacet
  facet normal -0.0654906 0.997853 0
    outer loop
      vertex 3 66 0
      vertex 2.60842 65.9743 77.282
      vertex 3 66 77.282
    endloop
  endfacet
  facet normal -0.0654906 0.997853 0
    outer loop
      vertex 2.60842 65.9743 77.282
      vertex 3 66 0
      vertex 2.60842 65.9743 0
    endloop
  endfacet
  facet normal 0.831501 0.555523 0
    outer loop
      vertex 107.598 64.5 77.282
      vertex 107.38 64.8263 0
      vertex 107.38 64.8263 77.282
    endloop
  endfacet
  facet normal 0.831501 0.555523 0
    outer loop
      vertex 107.38 64.8263 0
      vertex 107.598 64.5 77.282
      vertex 107.598 64.5 0
    endloop
  endfacet
  facet normal -0.946905 0.321512 0
    outer loop
      vertex 0.102222 63.7765 0
      vertex 0.228361 64.148 77.282
      vertex 0.228361 64.148 0
    endloop
  endfacet
  facet normal -0.946905 0.321512 0
    outer loop
      vertex 0.228361 64.148 77.282
      vertex 0.102222 63.7765 0
      vertex 0.102222 63.7765 77.282
    endloop
  endfacet
  facet normal 0.997803 -0.0662518 0
    outer loop
      vertex 107.974 2.60842 12.5179
      vertex 108 3 0
      vertex 108 3 13.1962
    endloop
  endfacet
  facet normal 0.997803 -0.0662518 0
    outer loop
      vertex 108 3 0
      vertex 107.974 2.60842 12.5179
      vertex 107.974 2.60842 0
    endloop
  endfacet
  facet normal 0.831485 -0.555547 0
    outer loop
      vertex 107.38 1.17372 10.0329
      vertex 107.598 1.5 0
      vertex 107.598 1.5 10.5981
    endloop
  endfacet
  facet normal 0.831485 -0.555547 0
    outer loop
      vertex 107.598 1.5 0
      vertex 107.38 1.17372 10.0329
      vertex 107.38 1.17372 0
    endloop
  endfacet
  facet normal -0.659426 0.751769 0
    outer loop
      vertex 1.17372 65.3801 0
      vertex 0.878679 65.1213 77.282
      vertex 1.17372 65.3801 77.282
    endloop
  endfacet
  facet normal -0.659426 0.751769 0
    outer loop
      vertex 0.878679 65.1213 77.282
      vertex 1.17372 65.3801 0
      vertex 0.878679 65.1213 0
    endloop
  endfacet
  facet normal -0.946929 -0.321442 -0
    outer loop
      vertex 0.228361 1.85195 11.2077
      vertex 0.102222 2.22354 0
      vertex 0.228361 1.85195 0
    endloop
  endfacet
  facet normal -0.946929 -0.321442 0
    outer loop
      vertex 0.102222 2.22354 0
      vertex 0.228361 1.85195 11.2077
      vertex 0.102222 2.22354 11.8513
    endloop
  endfacet
  facet normal 0.751516 -0.659714 0
    outer loop
      vertex 107.121 0.878679 9.52192
      vertex 107.38 1.17372 0
      vertex 107.38 1.17372 10.0329
    endloop
  endfacet
  facet normal 0.751516 -0.659714 0
    outer loop
      vertex 107.38 1.17372 0
      vertex 107.121 0.878679 9.52192
      vertex 107.121 0.878679 0
    endloop
  endfacet
  facet normal 0.89643 -0.443185 0
    outer loop
      vertex 107.598 1.5 10.5981
      vertex 107.772 1.85195 0
      vertex 107.772 1.85195 11.2077
    endloop
  endfacet
  facet normal 0.89643 -0.443185 0
    outer loop
      vertex 107.772 1.85195 0
      vertex 107.598 1.5 10.5981
      vertex 107.598 1.5 0
    endloop
  endfacet
  facet normal 0.555877 0.831265 -0
    outer loop
      vertex 106.826 65.3801 0
      vertex 106.5 65.5981 77.282
      vertex 106.826 65.3801 77.282
    endloop
  endfacet
  facet normal 0.555877 0.831265 0
    outer loop
      vertex 106.5 65.5981 77.282
      vertex 106.826 65.3801 0
      vertex 106.5 65.5981 0
    endloop
  endfacet
  facet normal -0.555577 -0.831465 0
    outer loop
      vertex 1.17372 0.61994 0
      vertex 1.5 0.401923 8.69615
      vertex 1.17372 0.61994 9.07377
    endloop
  endfacet
  facet normal -0.555577 -0.831465 -0
    outer loop
      vertex 1.5 0.401923 8.69615
      vertex 1.17372 0.61994 0
      vertex 1.5 0.401923 0
    endloop
  endfacet
  facet normal 0 1 -0
    outer loop
      vertex 105.6 2.39999 2.39999
      vertex 2.4 2.39999 7.35692
      vertex 105.6 2.39999 7.35692
    endloop
  endfacet
  facet normal 0 1 0
    outer loop
      vertex 2.4 2.39999 7.35692
      vertex 105.6 2.39999 2.39999
      vertex 2.4 2.39999 2.39999
    endloop
  endfacet
  facet normal 0 -1 0
    outer loop
      vertex 96.5595 63.6 13.7656
      vertex 96.5627 63.6 13.7627
      vertex 96.5656 63.6 13.7656
    endloop
  endfacet
  facet normal 0 -1 0
    outer loop
      vertex 51.5 63.6 30
      vertex 57 63.6 52
      vertex 51.5 63.6 52
    endloop
  endfacet
  facet normal 0 -1 -0
    outer loop
      vertex 57 63.6 52
      vertex 51.5 63.6 30
      vertex 57 63.6 30
    endloop
  endfacet
  facet normal 0 -1 0
    outer loop
      vertex 42.5 63.6 30
      vertex 48 63.6 52
      vertex 42.5 63.6 52
    endloop
  endfacet
  facet normal 0 -1 -0
    outer loop
      vertex 48 63.6 52
      vertex 42.5 63.6 30
      vertex 48 63.6 30
    endloop
  endfacet
  facet normal 0 -1 0
    outer loop
      vertex 33.5 63.6 30
      vertex 39 63.6 52
      vertex 33.5 63.6 52
    endloop
  endfacet
  facet normal 0 -1 -0
    outer loop
      vertex 39 63.6 52
      vertex 33.5 63.6 30
      vertex 39 63.6 30
    endloop
  endfacet
  facet normal 0 -1 0
    outer loop
      vertex 24.5 63.6 30
      vertex 30 63.6 52
      vertex 24.5 63.6 52
    endloop
  endfacet
  facet normal 0 -1 -0
    outer loop
      vertex 30 63.6 52
      vertex 24.5 63.6 30
      vertex 30 63.6 30
    endloop
  endfacet
  facet normal 0 -1 0
    outer loop
      vertex 15.5 63.6 30
      vertex 21 63.6 52
      vertex 15.5 63.6 52
    endloop
  endfacet
  facet normal 0 -1 -0
    outer loop
      vertex 21 63.6 52
      vertex 15.5 63.6 30
      vertex 21 63.6 30
    endloop
  endfacet
  facet normal 0 -1 0
    outer loop
      vertex 15.5 63.6 52
      vertex 2.4 63.6 74.882
      vertex 12 63.6 52
    endloop
  endfacet
  facet normal 0 -1 0
    outer loop
      vertex 2.4 63.6 74.882
      vertex 12 63.6 30
      vertex 12 63.6 52
    endloop
  endfacet
  facet normal 0 -1 0
    outer loop
      vertex 2.4 63.6 2.39999
      vertex 15.5 63.6 30
      vertex 12 63.6 30
    endloop
  endfacet
  facet normal 0 -1 -0
    outer loop
      vertex 15.5 63.6 30
      vertex 2.4 63.6 2.39999
      vertex 21 63.6 30
    endloop
  endfacet
  facet normal 0 -1 -0
    outer loop
      vertex 21 63.6 30
      vertex 2.4 63.6 2.39999
      vertex 24.5 63.6 30
    endloop
  endfacet
  facet normal 0 -1 -0
    outer loop
      vertex 24.5 63.6 30
      vertex 2.4 63.6 2.39999
      vertex 30 63.6 30
    endloop
  endfacet
  facet normal 0 -1 -0
    outer loop
      vertex 30 63.6 30
      vertex 2.4 63.6 2.39999
      vertex 33.5 63.6 30
    endloop
  endfacet
  facet normal 0 -1 -0
    outer loop
      vertex 33.5 63.6 30
      vertex 2.4 63.6 2.39999
      vertex 39 63.6 30
    endloop
  endfacet
  facet normal 0 -1 -0
    outer loop
      vertex 39 63.6 30
      vertex 2.4 63.6 2.39999
      vertex 42.5 63.6 30
    endloop
  endfacet
  facet normal 0 -1 -0
    outer loop
      vertex 42.5 63.6 30
      vertex 2.4 63.6 2.39999
      vertex 48 63.6 30
    endloop
  endfacet
  facet normal 0 -1 -0
    outer loop
      vertex 48 63.6 30
      vertex 2.4 63.6 2.39999
      vertex 51.5 63.6 30
    endloop
  endfacet
  facet normal -0 -1 0
    outer loop
      vertex 91.7613 63.6 9.55197
      vertex 51.5 63.6 30
      vertex 2.4 63.6 2.39999
    endloop
  endfacet
  facet normal -0 -1 -0
    outer loop
      vertex 91.5287 63.6 9.90001
      vertex 51.5 63.6 30
      vertex 91.7613 63.6 9.55197
    endloop
  endfacet
  facet normal 0 -1 0
    outer loop
      vertex 60.5 63.6 30
      vertex 92.0344 63.6 13.7656
      vertex 94.3 63.6 16.044
    endloop
  endfacet
  facet normal 0 -1 0
    outer loop
      vertex 92.0344 63.6 13.7656
      vertex 92.0373 63.6 13.7627
      vertex 92.0405 63.6 13.7656
    endloop
  endfacet
  facet normal 0 -1 0
    outer loop
      vertex 60.5 63.6 30
      vertex 91.7613 63.6 13.448
      vertex 92.0344 63.6 13.7656
    endloop
  endfacet
  facet normal 0 -1 -0
    outer loop
      vertex 92.0344 63.6 13.7656
      vertex 91.7613 63.6 13.448
      vertex 92.0373 63.6 13.7627
    endloop
  endfacet
  facet normal 0 -1 0
    outer loop
      vertex 60.5 63.6 30
      vertex 91.5287 63.6 13.1
      vertex 91.7613 63.6 13.448
    endloop
  endfacet
  facet normal 0 -1 0
    outer loop
      vertex 60.5 63.6 30
      vertex 91.3436 63.6 12.7246
      vertex 91.5287 63.6 13.1
    endloop
  endfacet
  facet normal 0 -1 0
    outer loop
      vertex 60.5 63.6 30
      vertex 91.209 63.6 12.3282
      vertex 91.3436 63.6 12.7246
    endloop
  endfacet
  facet normal 0 -1 0
    outer loop
      vertex 60.5 63.6 30
      vertex 91.1274 63.6 11.9177
      vertex 91.209 63.6 12.3282
    endloop
  endfacet
  facet normal 0 -1 0
    outer loop
      vertex 60.5 63.6 30
      vertex 91.1 63.6 11.5
      vertex 91.1274 63.6 11.9177
    endloop
  endfacet
  facet normal 0 -1 0
    outer loop
      vertex 60.5 63.6 30
      vertex 91.1274 63.6 11.0823
      vertex 91.1 63.6 11.5
    endloop
  endfacet
  facet normal 0 -1 0
    outer loop
      vertex 60.5 63.6 30
      vertex 91.209 63.6 10.6718
      vertex 91.1274 63.6 11.0823
    endloop
  endfacet
  facet normal 0 -1 0
    outer loop
      vertex 51.5 63.6 30
      vertex 91.5287 63.6 9.90001
      vertex 57 63.6 30
    endloop
  endfacet
  facet normal 0 -1 0
    outer loop
      vertex 60.5 63.6 30
      vertex 91.3436 63.6 10.2754
      vertex 91.209 63.6 10.6718
    endloop
  endfacet
  facet normal 0 -1 0
    outer loop
      vertex 60.5 63.6 30
      vertex 91.5287 63.6 9.90001
      vertex 91.3436 63.6 10.2754
    endloop
  endfacet
  facet normal 0 -1 0
    outer loop
      vertex 57 63.6 30
      vertex 91.5287 63.6 9.90001
      vertex 60.5 63.6 30
    endloop
  endfacet
  facet normal 0 -1 -0
    outer loop
      vertex 91.7613 63.6 9.55197
      vertex 2.4 63.6 2.39999
      vertex 92.0373 63.6 9.23726
    endloop
  endfacet
  facet normal 0 -1 -0
    outer loop
      vertex 92.0373 63.6 9.23726
      vertex 2.4 63.6 2.39999
      vertex 92.352 63.6 8.96127
    endloop
  endfacet
  facet normal 0 -1 -0
    outer loop
      vertex 92.352 63.6 8.96127
      vertex 2.4 63.6 2.39999
      vertex 92.7 63.6 8.72873
    endloop
  endfacet
  facet normal 0 -1 -0
    outer loop
      vertex 92.7 63.6 8.72873
      vertex 2.4 63.6 2.39999
      vertex 93.0754 63.6 8.54359
    endloop
  endfacet
  facet normal 0 -1 0
    outer loop
      vertex 93.4718 63.6 8.40904
      vertex 105.6 63.6 2.39999
      vertex 93.8823 63.6 8.32738
    endloop
  endfacet
  facet normal 0 -1 0
    outer loop
      vertex 93.0754 63.6 8.54359
      vertex 105.6 63.6 2.39999
      vertex 93.4718 63.6 8.40904
    endloop
  endfacet
  facet normal 0 -1 0
    outer loop
      vertex 105.6 63.6 2.39999
      vertex 93.0754 63.6 8.54359
      vertex 2.4 63.6 2.39999
    endloop
  endfacet
  facet normal 0 -1 0
    outer loop
      vertex 2.4 63.6 2.39999
      vertex 12 63.6 30
      vertex 2.4 63.6 74.882
    endloop
  endfacet
  facet normal 0 -1 0
    outer loop
      vertex 21 63.6 52
      vertex 2.4 63.6 74.882
      vertex 15.5 63.6 52
    endloop
  endfacet
  facet normal 0 -1 0
    outer loop
      vertex 24.5 63.6 52
      vertex 2.4 63.6 74.882
      vertex 21 63.6 52
    endloop
  endfacet
  facet normal 0 -1 0
    outer loop
      vertex 30 63.6 52
      vertex 2.4 63.6 74.882
      vertex 24.5 63.6 52
    endloop
  endfacet
  facet normal 0 -1 0
    outer loop
      vertex 33.5 63.6 52
      vertex 2.4 63.6 74.882
      vertex 30 63.6 52
    endloop
  endfacet
  facet normal 0 -1 0
    outer loop
      vertex 39 63.6 52
      vertex 2.4 63.6 74.882
      vertex 33.5 63.6 52
    endloop
  endfacet
  facet normal 0 -1 0
    outer loop
      vertex 42.5 63.6 52
      vertex 2.4 63.6 74.882
      vertex 39 63.6 52
    endloop
  endfacet
  facet normal 0 -1 0
    outer loop
      vertex 48 63.6 52
      vertex 2.4 63.6 74.882
      vertex 42.5 63.6 52
    endloop
  endfacet
  facet normal 0 -1 0
    outer loop
      vertex 51.5 63.6 52
      vertex 2.4 63.6 74.882
      vertex 48 63.6 52
    endloop
  endfacet
  facet normal 0 -1 0
    outer loop
      vertex 2.4 63.6 74.882
      vertex 51.5 63.6 52
      vertex 105.6 63.6 74.882
    endloop
  endfacet
  facet normal 0 -1 0
    outer loop
      vertex 57 63.6 52
      vertex 105.6 63.6 74.882
      vertex 51.5 63.6 52
    endloop
  endfacet
  facet normal 0 -1 0
    outer loop
      vertex 60.5 63.6 52
      vertex 105.6 63.6 74.882
      vertex 57 63.6 52
    endloop
  endfacet
  facet normal 0 -1 0
    outer loop
      vertex 94.3 63.6 16.044
      vertex 60.5 63.6 52
      vertex 60.5 63.6 30
    endloop
  endfacet
  facet normal 0 -1 0
    outer loop
      vertex 60.5 63.6 52
      vertex 94.3 63.6 16.044
      vertex 105.6 63.6 74.882
    endloop
  endfacet
  facet normal 0 -1 0
    outer loop
      vertex 96.5656 63.6 13.7656
      vertex 105.6 63.6 74.882
      vertex 94.3 63.6 16.044
    endloop
  endfacet
  facet normal 0 -1 0
    outer loop
      vertex 96.8387 63.6 13.448
      vertex 96.5656 63.6 13.7656
      vertex 96.5627 63.6 13.7627
    endloop
  endfacet
  facet normal 0 -1 0
    outer loop
      vertex 96.8387 63.6 13.448
      vertex 105.6 63.6 74.882
      vertex 96.5656 63.6 13.7656
    endloop
  endfacet
  facet normal 0 -1 0
    outer loop
      vertex 97.0713 63.6 13.1
      vertex 105.6 63.6 74.882
      vertex 96.8387 63.6 13.448
    endloop
  endfacet
  facet normal 0 -1 0
    outer loop
      vertex 105.6 63.6 2.39999
      vertex 97.0713 63.6 13.1
      vertex 97.2564 63.6 12.7246
    endloop
  endfacet
  facet normal 0 -1 0
    outer loop
      vertex 105.6 63.6 2.39999
      vertex 97.2564 63.6 12.7246
      vertex 97.391 63.6 12.3282
    endloop
  endfacet
  facet normal 0 -1 0
    outer loop
      vertex 105.6 63.6 2.39999
      vertex 97.391 63.6 12.3282
      vertex 97.4726 63.6 11.9177
    endloop
  endfacet
  facet normal 0 -1 0
    outer loop
      vertex 105.6 63.6 2.39999
      vertex 97.4726 63.6 11.9177
      vertex 97.5 63.6 11.5
    endloop
  endfacet
  facet normal 0 -1 0
    outer loop
      vertex 105.6 63.6 2.39999
      vertex 97.5 63.6 11.5
      vertex 97.4726 63.6 11.0823
    endloop
  endfacet
  facet normal 0 -1 0
    outer loop
      vertex 97.0713 63.6 13.1
      vertex 105.6 63.6 2.39999
      vertex 105.6 63.6 74.882
    endloop
  endfacet
  facet normal 0 -1 0
    outer loop
      vertex 97.391 63.6 10.6718
      vertex 105.6 63.6 2.39999
      vertex 97.4726 63.6 11.0823
    endloop
  endfacet
  facet normal 0 -1 0
    outer loop
      vertex 97.2564 63.6 10.2754
      vertex 105.6 63.6 2.39999
      vertex 97.391 63.6 10.6718
    endloop
  endfacet
  facet normal 0 -1 0
    outer loop
      vertex 97.0713 63.6 9.90001
      vertex 105.6 63.6 2.39999
      vertex 97.2564 63.6 10.2754
    endloop
  endfacet
  facet normal 0 -1 0
    outer loop
      vertex 96.8387 63.6 9.55197
      vertex 105.6 63.6 2.39999
      vertex 97.0713 63.6 9.90001
    endloop
  endfacet
  facet normal 0 -1 0
    outer loop
      vertex 96.5627 63.6 9.23726
      vertex 105.6 63.6 2.39999
      vertex 96.8387 63.6 9.55197
    endloop
  endfacet
  facet normal 0 -1 0
    outer loop
      vertex 96.248 63.6 8.96127
      vertex 105.6 63.6 2.39999
      vertex 96.5627 63.6 9.23726
    endloop
  endfacet
  facet normal 0 -1 0
    outer loop
      vertex 95.9 63.6 8.72873
      vertex 105.6 63.6 2.39999
      vertex 96.248 63.6 8.96127
    endloop
  endfacet
  facet normal 0 -1 0
    outer loop
      vertex 95.5246 63.6 8.54359
      vertex 105.6 63.6 2.39999
      vertex 95.9 63.6 8.72873
    endloop
  endfacet
  facet normal 0 -1 0
    outer loop
      vertex 95.1282 63.6 8.40904
      vertex 105.6 63.6 2.39999
      vertex 95.5246 63.6 8.54359
    endloop
  endfacet
  facet normal 0 -1 0
    outer loop
      vertex 94.7177 63.6 8.32738
      vertex 105.6 63.6 2.39999
      vertex 95.1282 63.6 8.40904
    endloop
  endfacet
  facet normal 0 -1 0
    outer loop
      vertex 94.3 63.6 8.3
      vertex 105.6 63.6 2.39999
      vertex 94.7177 63.6 8.32738
    endloop
  endfacet
  facet normal 0 -1 0
    outer loop
      vertex 93.8823 63.6 8.32738
      vertex 105.6 63.6 2.39999
      vertex 94.3 63.6 8.3
    endloop
  endfacet
  facet normal 1 0 0
    outer loop
      vertex 2.4 63.6 74.882
      vertex 2.4 62.5 14.3
      vertex 2.4 63.6 2.39999
    endloop
  endfacet
  facet normal 1 0 0
    outer loop
      vertex 2.4 63.6 74.882
      vertex 2.4 54.3501 65.9371
      vertex 2.4 62.5 14.3
    endloop
  endfacet
  facet normal 1 0 0
    outer loop
      vertex 2.4 63.6 74.882
      vertex 2.4 50.886 67.9371
      vertex 2.4 54.3501 65.9371
    endloop
  endfacet
  facet normal 1 -0 0
    outer loop
      vertex 2.4 41.3856 74.882
      vertex 2.4 50.886 67.9371
      vertex 2.4 63.6 74.882
    endloop
  endfacet
  facet normal 1 0 0
    outer loop
      vertex 2.4 2.39999 7.35692
      vertex 2.4 50.886 67.9371
      vertex 2.4 41.3856 74.882
    endloop
  endfacet
  facet normal 1 0 0
    outer loop
      vertex 2.4 50.886 67.9371
      vertex 2.4 2.39999 7.35692
      vertex 2.4 13.0481 2.39999
    endloop
  endfacet
  facet normal 1 0 0
    outer loop
      vertex 2.4 13.0481 2.39999
      vertex 2.4 2.39999 7.35692
      vertex 2.4 2.39999 2.39999
    endloop
  endfacet
  facet normal 1 0 0
    outer loop
      vertex 2.4 63.6 2.39999
      vertex 2.4 62.5 14.3
      vertex 2.4 62.5 2.39999
    endloop
  endfacet
  facet normal 1 0 0
    outer loop
      vertex 2.4 62.5 14.3
      vertex 2.4 54.3501 65.9371
      vertex 2.4 24.5374 14.3
    endloop
  endfacet
  facet normal 1 0 -0
    outer loop
      vertex 2.4 21 2.39999
      vertex 2.4 21 8.17307
      vertex 2.4 17.6669 2.39999
    endloop
  endfacet
  facet normal -0 0 1
    outer loop
      vertex 2.4 13.0481 2.39999
      vertex 105.6 2.39999 2.39999
      vertex 105.6 13.0481 2.39999
    endloop
  endfacet
  facet normal 0 0 1
    outer loop
      vertex 105.6 2.39999 2.39999
      vertex 2.4 13.0481 2.39999
      vertex 2.4 2.39999 2.39999
    endloop
  endfacet
  facet normal 0 0 1
    outer loop
      vertex 100.617 59.0781 2.39999
      vertex 87.9834 59.0781 2.39999
      vertex 100.832 58.8322 2.39999
    endloop
  endfacet
  facet normal 0 0 1
    outer loop
      vertex 101.35 25.7651 2.39999
      vertex 88.4786 23.9263 2.39999
      vertex 88.5 23.6 2.39999
    endloop
  endfacet
  facet normal 0 0 1
    outer loop
      vertex 87.7678 58.8322 2.39999
      vertex 100.832 58.8322 2.39999
      vertex 87.9834 59.0781 2.39999
    endloop
  endfacet
  facet normal 0 0 1
    outer loop
      vertex 101.35 25.7651 2.39999
      vertex 88.4148 24.247 2.39999
      vertex 88.4786 23.9263 2.39999
    endloop
  endfacet
  facet normal 0 0 1
    outer loop
      vertex 100.832 58.8322 2.39999
      vertex 87.7678 58.8322 2.39999
      vertex 101.078 58.6166 2.39999
    endloop
  endfacet
  facet normal 0 0 1
    outer loop
      vertex 101.35 25.7651 2.39999
      vertex 88.3097 24.5567 2.39999
      vertex 88.4148 24.247 2.39999
    endloop
  endfacet
  facet normal 0 0 1
    outer loop
      vertex 87.5219 58.6166 2.39999
      vertex 101.078 58.6166 2.39999
      vertex 87.7678 58.8322 2.39999
    endloop
  endfacet
  facet normal 0 0 1
    outer loop
      vertex 101.35 25.7651 2.39999
      vertex 88.1651 24.85 2.39999
      vertex 88.3097 24.5567 2.39999
    endloop
  endfacet
  facet normal 0 0 1
    outer loop
      vertex 101.078 58.6166 2.39999
      vertex 87.5219 58.6166 2.39999
      vertex 101.35 58.4349 2.39999
    endloop
  endfacet
  facet normal 0 0 1
    outer loop
      vertex 101.35 25.7651 2.39999
      vertex 87.9834 25.1219 2.39999
      vertex 88.1651 24.85 2.39999
    endloop
  endfacet
  facet normal 0 0 1
    outer loop
      vertex 87.25 58.4349 2.39999
      vertex 101.35 58.4349 2.39999
      vertex 87.5219 58.6166 2.39999
    endloop
  endfacet
  facet normal 0 0 1
    outer loop
      vertex 101.35 25.7651 2.39999
      vertex 87.7678 25.3678 2.39999
      vertex 87.9834 25.1219 2.39999
    endloop
  endfacet
  facet normal 0 0 1
    outer loop
      vertex 86.9567 58.2903 2.39999
      vertex 101.35 58.4349 2.39999
      vertex 87.25 58.4349 2.39999
    endloop
  endfacet
  facet normal 0 0 1
    outer loop
      vertex 101.35 25.7651 2.39999
      vertex 87.5219 25.5834 2.39999
      vertex 87.7678 25.3678 2.39999
    endloop
  endfacet
  facet normal 0 0 1
    outer loop
      vertex 101.35 58.4349 2.39999
      vertex 86.9567 58.2903 2.39999
      vertex 101.35 25.7651 2.39999
    endloop
  endfacet
  facet normal 0 0 1
    outer loop
      vertex 101.35 25.7651 2.39999
      vertex 87.25 25.7651 2.39999
      vertex 87.5219 25.5834 2.39999
    endloop
  endfacet
  facet normal -0 0 1
    outer loop
      vertex 86.9567 25.9097 2.39999
      vertex 101.35 25.7651 2.39999
      vertex 86.9567 58.2903 2.39999
    endloop
  endfacet
  facet normal 0 0 1
    outer loop
      vertex 101.35 25.7651 2.39999
      vertex 86.9567 25.9097 2.39999
      vertex 87.25 25.7651 2.39999
    endloop
  endfacet
  facet normal -0 0 1
    outer loop
      vertex 86.647 58.1852 2.39999
      vertex 86.9567 25.9097 2.39999
      vertex 86.9567 58.2903 2.39999
    endloop
  endfacet
  facet normal 0 0 1
    outer loop
      vertex 86.647 58.1852 2.39999
      vertex 86.647 26.0148 2.39999
      vertex 86.9567 25.9097 2.39999
    endloop
  endfacet
  facet normal -0 0 1
    outer loop
      vertex 86.3263 58.1214 2.39999
      vertex 86.647 26.0148 2.39999
      vertex 86.647 58.1852 2.39999
    endloop
  endfacet
  facet normal 0 0 1
    outer loop
      vertex 86.3263 58.1214 2.39999
      vertex 86.3263 26.0786 2.39999
      vertex 86.647 26.0148 2.39999
    endloop
  endfacet
  facet normal -0 0 1
    outer loop
      vertex 86 58.1 2.39999
      vertex 86.3263 26.0786 2.39999
      vertex 86.3263 58.1214 2.39999
    endloop
  endfacet
  facet normal 0 0 1
    outer loop
      vertex 86 58.1 2.39999
      vertex 86 26.1 2.39999
      vertex 86.3263 26.0786 2.39999
    endloop
  endfacet
  facet normal 0 0 1
    outer loop
      vertex 85.6737 58.1214 2.39999
      vertex 86 26.1 2.39999
      vertex 86 58.1 2.39999
    endloop
  endfacet
  facet normal 0 0 1
    outer loop
      vertex 85.6737 58.1214 2.39999
      vertex 85.6737 26.0786 2.39999
      vertex 86 26.1 2.39999
    endloop
  endfacet
  facet normal 0 0 1
    outer loop
      vertex 85.353 58.1852 2.39999
      vertex 85.6737 26.0786 2.39999
      vertex 85.6737 58.1214 2.39999
    endloop
  endfacet
  facet normal 0 0 1
    outer loop
      vertex 85.353 58.1852 2.39999
      vertex 85.353 26.0148 2.39999
      vertex 85.6737 26.0786 2.39999
    endloop
  endfacet
  facet normal 0 0 1
    outer loop
      vertex 85.0433 58.2903 2.39999
      vertex 85.353 26.0148 2.39999
      vertex 85.353 58.1852 2.39999
    endloop
  endfacet
  facet normal 0 0 1
    outer loop
      vertex 85.0433 58.2903 2.39999
      vertex 85.0433 25.9097 2.39999
      vertex 85.353 26.0148 2.39999
    endloop
  endfacet
  facet normal 0 0 1
    outer loop
      vertex 84.75 58.4349 2.39999
      vertex 85.0433 25.9097 2.39999
      vertex 85.0433 58.2903 2.39999
    endloop
  endfacet
  facet normal 0 0 1
    outer loop
      vertex 84.75 58.4349 2.39999
      vertex 84.75 25.7651 2.39999
      vertex 85.0433 25.9097 2.39999
    endloop
  endfacet
  facet normal 0 0 1
    outer loop
      vertex 84.4781 58.6166 2.39999
      vertex 84.75 25.7651 2.39999
      vertex 84.75 58.4349 2.39999
    endloop
  endfacet
  facet normal 0 0 1
    outer loop
      vertex 84.4781 58.6166 2.39999
      vertex 84.4781 25.5834 2.39999
      vertex 84.75 25.7651 2.39999
    endloop
  endfacet
  facet normal 0 0 1
    outer loop
      vertex 72.9 62.5 2.39999
      vertex 84.4781 58.6166 2.39999
      vertex 84.2322 58.8322 2.39999
    endloop
  endfacet
  facet normal 0 0 1
    outer loop
      vertex 84.4781 58.6166 2.39999
      vertex 72.9 62.5 2.39999
      vertex 84.4781 25.5834 2.39999
    endloop
  endfacet
  facet normal 0 0 1
    outer loop
      vertex 72.9 62.5 2.39999
      vertex 84.2322 58.8322 2.39999
      vertex 84.0166 59.0781 2.39999
    endloop
  endfacet
  facet normal 0 0 1
    outer loop
      vertex 72.9 21 2.39999
      vertex 84.4781 25.5834 2.39999
      vertex 72.9 62.5 2.39999
    endloop
  endfacet
  facet normal 0 0 1
    outer loop
      vertex 72.9 62.5 2.39999
      vertex 84.0166 59.0781 2.39999
      vertex 83.8349 59.35 2.39999
    endloop
  endfacet
  facet normal 0 0 1
    outer loop
      vertex 84.4781 25.5834 2.39999
      vertex 72.9 21 2.39999
      vertex 84.2322 25.3678 2.39999
    endloop
  endfacet
  facet normal 0 0 1
    outer loop
      vertex 72.9 62.5 2.39999
      vertex 83.8349 59.35 2.39999
      vertex 83.6903 59.6433 2.39999
    endloop
  endfacet
  facet normal 0 0 1
    outer loop
      vertex 84.2322 25.3678 2.39999
      vertex 72.9 21 2.39999
      vertex 84.0166 25.1219 2.39999
    endloop
  endfacet
  facet normal 0 0 1
    outer loop
      vertex 72.9 62.5 2.39999
      vertex 83.6903 59.6433 2.39999
      vertex 83.5852 59.953 2.39999
    endloop
  endfacet
  facet normal 0 0 1
    outer loop
      vertex 84.0166 25.1219 2.39999
      vertex 72.9 21 2.39999
      vertex 83.8349 24.85 2.39999
    endloop
  endfacet
  facet normal 0 0 1
    outer loop
      vertex 72.9 62.5 2.39999
      vertex 83.5852 59.953 2.39999
      vertex 83.5214 60.2737 2.39999
    endloop
  endfacet
  facet normal 0 0 1
    outer loop
      vertex 83.8349 24.85 2.39999
      vertex 72.9 21 2.39999
      vertex 83.6903 24.5567 2.39999
    endloop
  endfacet
  facet normal 0 0 1
    outer loop
      vertex 72.9 62.5 2.39999
      vertex 83.5214 60.2737 2.39999
      vertex 83.5 60.6 2.39999
    endloop
  endfacet
  facet normal 0 0 1
    outer loop
      vertex 83.6903 24.5567 2.39999
      vertex 72.9 21 2.39999
      vertex 83.5852 24.247 2.39999
    endloop
  endfacet
  facet normal 0 0 1
    outer loop
      vertex 105.079 23.9263 2.39999
      vertex 105.6 63.6 2.39999
      vertex 105.079 60.2737 2.39999
    endloop
  endfacet
  facet normal 0 0 1
    outer loop
      vertex 105.6 63.6 2.39999
      vertex 105.079 23.9263 2.39999
      vertex 105.1 23.6 2.39999
    endloop
  endfacet
  facet normal -0 0 1
    outer loop
      vertex 105.015 59.953 2.39999
      vertex 105.079 23.9263 2.39999
      vertex 105.079 60.2737 2.39999
    endloop
  endfacet
  facet normal 0 0 1
    outer loop
      vertex 105.015 59.953 2.39999
      vertex 105.015 24.247 2.39999
      vertex 105.079 23.9263 2.39999
    endloop
  endfacet
  facet normal -0 0 1
    outer loop
      vertex 104.91 59.6433 2.39999
      vertex 105.015 24.247 2.39999
      vertex 105.015 59.953 2.39999
    endloop
  endfacet
  facet normal 0 0 1
    outer loop
      vertex 104.91 59.6433 2.39999
      vertex 104.91 24.5567 2.39999
      vertex 105.015 24.247 2.39999
    endloop
  endfacet
  facet normal -0 0 1
    outer loop
      vertex 104.765 59.35 2.39999
      vertex 104.91 24.5567 2.39999
      vertex 104.91 59.6433 2.39999
    endloop
  endfacet
  facet normal 0 0 1
    outer loop
      vertex 104.765 59.35 2.39999
      vertex 104.765 24.85 2.39999
      vertex 104.91 24.5567 2.39999
    endloop
  endfacet
  facet normal -0 0 1
    outer loop
      vertex 104.583 59.0781 2.39999
      vertex 104.765 24.85 2.39999
      vertex 104.765 59.35 2.39999
    endloop
  endfacet
  facet normal 0 0 1
    outer loop
      vertex 104.583 59.0781 2.39999
      vertex 104.583 25.1219 2.39999
      vertex 104.765 24.85 2.39999
    endloop
  endfacet
  facet normal -0 0 1
    outer loop
      vertex 104.368 58.8322 2.39999
      vertex 104.583 25.1219 2.39999
      vertex 104.583 59.0781 2.39999
    endloop
  endfacet
  facet normal 0 0 1
    outer loop
      vertex 104.368 58.8322 2.39999
      vertex 104.368 25.3678 2.39999
      vertex 104.583 25.1219 2.39999
    endloop
  endfacet
  facet normal -0 0 1
    outer loop
      vertex 104.122 58.6166 2.39999
      vertex 104.368 25.3678 2.39999
      vertex 104.368 58.8322 2.39999
    endloop
  endfacet
  facet normal 0 0 1
    outer loop
      vertex 104.122 58.6166 2.39999
      vertex 104.122 25.5834 2.39999
      vertex 104.368 25.3678 2.39999
    endloop
  endfacet
  facet normal -0 0 1
    outer loop
      vertex 103.85 58.4349 2.39999
      vertex 104.122 25.5834 2.39999
      vertex 104.122 58.6166 2.39999
    endloop
  endfacet
  facet normal 0 0 1
    outer loop
      vertex 103.85 58.4349 2.39999
      vertex 103.85 25.7651 2.39999
      vertex 104.122 25.5834 2.39999
    endloop
  endfacet
  facet normal -0 0 1
    outer loop
      vertex 103.557 58.2903 2.39999
      vertex 103.85 25.7651 2.39999
      vertex 103.85 58.4349 2.39999
    endloop
  endfacet
  facet normal 0 0 1
    outer loop
      vertex 103.557 58.2903 2.39999
      vertex 103.557 25.9097 2.39999
      vertex 103.85 25.7651 2.39999
    endloop
  endfacet
  facet normal -0 0 1
    outer loop
      vertex 103.247 58.1852 2.39999
      vertex 103.557 25.9097 2.39999
      vertex 103.557 58.2903 2.39999
    endloop
  endfacet
  facet normal 0 0 1
    outer loop
      vertex 103.247 58.1852 2.39999
      vertex 103.247 26.0148 2.39999
      vertex 103.557 25.9097 2.39999
    endloop
  endfacet
  facet normal -0 0 1
    outer loop
      vertex 102.926 58.1214 2.39999
      vertex 103.247 26.0148 2.39999
      vertex 103.247 58.1852 2.39999
    endloop
  endfacet
  facet normal 0 0 1
    outer loop
      vertex 102.926 58.1214 2.39999
      vertex 102.926 26.0786 2.39999
      vertex 103.247 26.0148 2.39999
    endloop
  endfacet
  facet normal -0 0 1
    outer loop
      vertex 102.6 58.1 2.39999
      vertex 102.926 26.0786 2.39999
      vertex 102.926 58.1214 2.39999
    endloop
  endfacet
  facet normal 0 0 1
    outer loop
      vertex 102.6 58.1 2.39999
      vertex 102.6 26.1 2.39999
      vertex 102.926 26.0786 2.39999
    endloop
  endfacet
  facet normal 0 0 1
    outer loop
      vertex 102.274 58.1214 2.39999
      vertex 102.6 26.1 2.39999
      vertex 102.6 58.1 2.39999
    endloop
  endfacet
  facet normal 0 0 1
    outer loop
      vertex 102.274 58.1214 2.39999
      vertex 102.274 26.0786 2.39999
      vertex 102.6 26.1 2.39999
    endloop
  endfacet
  facet normal 0 0 1
    outer loop
      vertex 101.953 58.1852 2.39999
      vertex 102.274 26.0786 2.39999
      vertex 102.274 58.1214 2.39999
    endloop
  endfacet
  facet normal 0 0 1
    outer loop
      vertex 101.953 58.1852 2.39999
      vertex 101.953 26.0148 2.39999
      vertex 102.274 26.0786 2.39999
    endloop
  endfacet
  facet normal 0 0 1
    outer loop
      vertex 101.643 58.2903 2.39999
      vertex 101.953 26.0148 2.39999
      vertex 101.953 58.1852 2.39999
    endloop
  endfacet
  facet normal 0 0 1
    outer loop
      vertex 101.643 58.2903 2.39999
      vertex 101.643 25.9097 2.39999
      vertex 101.953 26.0148 2.39999
    endloop
  endfacet
  facet normal 0 0 1
    outer loop
      vertex 101.35 58.4349 2.39999
      vertex 101.643 25.9097 2.39999
      vertex 101.643 58.2903 2.39999
    endloop
  endfacet
  facet normal 0 0 1
    outer loop
      vertex 101.35 58.4349 2.39999
      vertex 101.35 25.7651 2.39999
      vertex 101.643 25.9097 2.39999
    endloop
  endfacet
  facet normal 0 0 1
    outer loop
      vertex 88.1651 59.35 2.39999
      vertex 100.435 59.35 2.39999
      vertex 88.3097 59.6433 2.39999
    endloop
  endfacet
  facet normal 0 0 1
    outer loop
      vertex 100.435 59.35 2.39999
      vertex 88.1651 59.35 2.39999
      vertex 100.617 59.0781 2.39999
    endloop
  endfacet
  facet normal 0 0 1
    outer loop
      vertex 100.29 59.6433 2.39999
      vertex 88.3097 59.6433 2.39999
      vertex 100.435 59.35 2.39999
    endloop
  endfacet
  facet normal 0 0 1
    outer loop
      vertex 87.9834 59.0781 2.39999
      vertex 100.617 59.0781 2.39999
      vertex 88.1651 59.35 2.39999
    endloop
  endfacet
  facet normal 0 0 1
    outer loop
      vertex 88.3097 59.6433 2.39999
      vertex 100.29 59.6433 2.39999
      vertex 88.4148 59.953 2.39999
    endloop
  endfacet
  facet normal 0 0 1
    outer loop
      vertex 101.35 25.7651 2.39999
      vertex 88.5 23.6 2.39999
      vertex 101.078 25.5834 2.39999
    endloop
  endfacet
  facet normal 0 0 1
    outer loop
      vertex 100.185 59.953 2.39999
      vertex 88.4148 59.953 2.39999
      vertex 100.29 59.6433 2.39999
    endloop
  endfacet
  facet normal 0 0 1
    outer loop
      vertex 101.078 25.5834 2.39999
      vertex 88.5 23.6 2.39999
      vertex 100.832 25.3678 2.39999
    endloop
  endfacet
  facet normal 0 0 1
    outer loop
      vertex 88.4148 59.953 2.39999
      vertex 100.185 59.953 2.39999
      vertex 88.4786 60.2737 2.39999
    endloop
  endfacet
  facet normal 0 0 1
    outer loop
      vertex 100.832 25.3678 2.39999
      vertex 88.5 23.6 2.39999
      vertex 100.617 25.1219 2.39999
    endloop
  endfacet
  facet normal 0 0 1
    outer loop
      vertex 100.121 60.2737 2.39999
      vertex 88.4786 60.2737 2.39999
      vertex 100.185 59.953 2.39999
    endloop
  endfacet
  facet normal 0 0 1
    outer loop
      vertex 100.617 25.1219 2.39999
      vertex 88.5 23.6 2.39999
      vertex 100.435 24.85 2.39999
    endloop
  endfacet
  facet normal 0 0 1
    outer loop
      vertex 88.4786 60.2737 2.39999
      vertex 100.121 60.2737 2.39999
      vertex 88.5 60.6 2.39999
    endloop
  endfacet
  facet normal 0 0 1
    outer loop
      vertex 100.435 24.85 2.39999
      vertex 88.5 23.6 2.39999
      vertex 100.29 24.5567 2.39999
    endloop
  endfacet
  facet normal -0 0 1
    outer loop
      vertex 88.5 60.6 2.39999
      vertex 100.121 60.2737 2.39999
      vertex 100.1 60.6 2.39999
    endloop
  endfacet
  facet normal 0 0 1
    outer loop
      vertex 100.29 24.5567 2.39999
      vertex 88.5 23.6 2.39999
      vertex 100.185 24.247 2.39999
    endloop
  endfacet
  facet normal 0 0 1
    outer loop
      vertex 105.079 60.2737 2.39999
      vertex 105.6 63.6 2.39999
      vertex 105.1 60.6 2.39999
    endloop
  endfacet
  facet normal 0 0 1
    outer loop
      vertex 105.6 63.6 2.39999
      vertex 105.079 60.9263 2.39999
      vertex 105.1 60.6 2.39999
    endloop
  endfacet
  facet normal 0 0 1
    outer loop
      vertex 105.6 63.6 2.39999
      vertex 105.015 61.247 2.39999
      vertex 105.079 60.9263 2.39999
    endloop
  endfacet
  facet normal 0 0 1
    outer loop
      vertex 105.6 63.6 2.39999
      vertex 104.91 61.5567 2.39999
      vertex 105.015 61.247 2.39999
    endloop
  endfacet
  facet normal 0 0 1
    outer loop
      vertex 105.6 63.6 2.39999
      vertex 104.765 61.85 2.39999
      vertex 104.91 61.5567 2.39999
    endloop
  endfacet
  facet normal 0 0 1
    outer loop
      vertex 105.6 63.6 2.39999
      vertex 104.583 62.1219 2.39999
      vertex 104.765 61.85 2.39999
    endloop
  endfacet
  facet normal 0 0 1
    outer loop
      vertex 105.6 63.6 2.39999
      vertex 104.368 62.3678 2.39999
      vertex 104.583 62.1219 2.39999
    endloop
  endfacet
  facet normal 0 0 1
    outer loop
      vertex 105.6 63.6 2.39999
      vertex 104.122 62.5834 2.39999
      vertex 104.368 62.3678 2.39999
    endloop
  endfacet
  facet normal 0 0 1
    outer loop
      vertex 105.6 63.6 2.39999
      vertex 103.85 62.7651 2.39999
      vertex 104.122 62.5834 2.39999
    endloop
  endfacet
  facet normal 0 0 1
    outer loop
      vertex 105.6 63.6 2.39999
      vertex 103.557 62.9097 2.39999
      vertex 103.85 62.7651 2.39999
    endloop
  endfacet
  facet normal 0 0 1
    outer loop
      vertex 105.6 63.6 2.39999
      vertex 103.247 63.0148 2.39999
      vertex 103.557 62.9097 2.39999
    endloop
  endfacet
  facet normal 0 0 1
    outer loop
      vertex 105.6 63.6 2.39999
      vertex 102.926 63.0786 2.39999
      vertex 103.247 63.0148 2.39999
    endloop
  endfacet
  facet normal 0 0 1
    outer loop
      vertex 105.6 63.6 2.39999
      vertex 102.6 63.1 2.39999
      vertex 102.926 63.0786 2.39999
    endloop
  endfacet
  facet normal 0 0 1
    outer loop
      vertex 105.6 63.6 2.39999
      vertex 102.274 63.0786 2.39999
      vertex 102.6 63.1 2.39999
    endloop
  endfacet
  facet normal 0 0 1
    outer loop
      vertex 100.185 24.247 2.39999
      vertex 88.5 23.6 2.39999
      vertex 100.121 23.9263 2.39999
    endloop
  endfacet
  facet normal 0 0 1
    outer loop
      vertex 100.121 60.9263 2.39999
      vertex 88.5 60.6 2.39999
      vertex 100.1 60.6 2.39999
    endloop
  endfacet
  facet normal 0 0 1
    outer loop
      vertex 88.4786 60.9263 2.39999
      vertex 100.121 60.9263 2.39999
      vertex 100.185 61.247 2.39999
    endloop
  endfacet
  facet normal 0 0 1
    outer loop
      vertex 88.4148 61.247 2.39999
      vertex 100.185 61.247 2.39999
      vertex 100.29 61.5567 2.39999
    endloop
  endfacet
  facet normal 0 0 1
    outer loop
      vertex 88.3097 61.5567 2.39999
      vertex 100.29 61.5567 2.39999
      vertex 100.435 61.85 2.39999
    endloop
  endfacet
  facet normal 0 0 1
    outer loop
      vertex 88.1651 61.85 2.39999
      vertex 100.435 61.85 2.39999
      vertex 100.617 62.1219 2.39999
    endloop
  endfacet
  facet normal 0 0 1
    outer loop
      vertex 87.9834 62.1219 2.39999
      vertex 100.617 62.1219 2.39999
      vertex 100.832 62.3678 2.39999
    endloop
  endfacet
  facet normal 0 0 1
    outer loop
      vertex 87.7678 62.3678 2.39999
      vertex 100.832 62.3678 2.39999
      vertex 101.078 62.5834 2.39999
    endloop
  endfacet
  facet normal 0 0 1
    outer loop
      vertex 87.5219 62.5834 2.39999
      vertex 101.078 62.5834 2.39999
      vertex 101.35 62.7651 2.39999
    endloop
  endfacet
  facet normal 0 0 1
    outer loop
      vertex 87.25 62.7651 2.39999
      vertex 101.35 62.7651 2.39999
      vertex 101.643 62.9097 2.39999
    endloop
  endfacet
  facet normal 0 0 1
    outer loop
      vertex 86.9567 62.9097 2.39999
      vertex 101.643 62.9097 2.39999
      vertex 101.953 63.0148 2.39999
    endloop
  endfacet
  facet normal 0 0 1
    outer loop
      vertex 86.647 63.0148 2.39999
      vertex 101.953 63.0148 2.39999
      vertex 102.274 63.0786 2.39999
    endloop
  endfacet
  facet normal 0 0 1
    outer loop
      vertex 100.121 60.9263 2.39999
      vertex 88.4786 60.9263 2.39999
      vertex 88.5 60.6 2.39999
    endloop
  endfacet
  facet normal 0 0 1
    outer loop
      vertex 86.3263 63.0786 2.39999
      vertex 102.274 63.0786 2.39999
      vertex 105.6 63.6 2.39999
    endloop
  endfacet
  facet normal 0 0 1
    outer loop
      vertex 100.185 61.247 2.39999
      vertex 88.4148 61.247 2.39999
      vertex 88.4786 60.9263 2.39999
    endloop
  endfacet
  facet normal 0 0 1
    outer loop
      vertex 100.29 61.5567 2.39999
      vertex 88.3097 61.5567 2.39999
      vertex 88.4148 61.247 2.39999
    endloop
  endfacet
  facet normal 0 0 1
    outer loop
      vertex 100.435 61.85 2.39999
      vertex 88.1651 61.85 2.39999
      vertex 88.3097 61.5567 2.39999
    endloop
  endfacet
  facet normal 0 0 1
    outer loop
      vertex 100.617 62.1219 2.39999
      vertex 87.9834 62.1219 2.39999
      vertex 88.1651 61.85 2.39999
    endloop
  endfacet
  facet normal 0 0 1
    outer loop
      vertex 100.832 62.3678 2.39999
      vertex 87.7678 62.3678 2.39999
      vertex 87.9834 62.1219 2.39999
    endloop
  endfacet
  facet normal 0 0 1
    outer loop
      vertex 101.078 62.5834 2.39999
      vertex 87.5219 62.5834 2.39999
      vertex 87.7678 62.3678 2.39999
    endloop
  endfacet
  facet normal 0 0 1
    outer loop
      vertex 101.35 62.7651 2.39999
      vertex 87.25 62.7651 2.39999
      vertex 87.5219 62.5834 2.39999
    endloop
  endfacet
  facet normal 0 0 1
    outer loop
      vertex 101.643 62.9097 2.39999
      vertex 86.9567 62.9097 2.39999
      vertex 87.25 62.7651 2.39999
    endloop
  endfacet
  facet normal 0 0 1
    outer loop
      vertex 101.953 63.0148 2.39999
      vertex 86.647 63.0148 2.39999
      vertex 86.9567 62.9097 2.39999
    endloop
  endfacet
  facet normal 0 0 1
    outer loop
      vertex 102.274 63.0786 2.39999
      vertex 86.3263 63.0786 2.39999
      vertex 86.647 63.0148 2.39999
    endloop
  endfacet
  facet normal 0 0 1
    outer loop
      vertex 105.6 63.6 2.39999
      vertex 86 63.1 2.39999
      vertex 86.3263 63.0786 2.39999
    endloop
  endfacet
  facet normal 0 0 1
    outer loop
      vertex 83.5852 24.247 2.39999
      vertex 72.9 21 2.39999
      vertex 83.5214 23.9263 2.39999
    endloop
  endfacet
  facet normal 0 0 1
    outer loop
      vertex 83.5214 60.9263 2.39999
      vertex 72.9 62.5 2.39999
      vertex 83.5 60.6 2.39999
    endloop
  endfacet
  facet normal 0 0 1
    outer loop
      vertex 83.5852 61.247 2.39999
      vertex 72.9 62.5 2.39999
      vertex 83.5214 60.9263 2.39999
    endloop
  endfacet
  facet normal 0 0 1
    outer loop
      vertex 83.6903 61.5567 2.39999
      vertex 72.9 62.5 2.39999
      vertex 83.5852 61.247 2.39999
    endloop
  endfacet
  facet normal 0 0 1
    outer loop
      vertex 83.8349 61.85 2.39999
      vertex 72.9 62.5 2.39999
      vertex 83.6903 61.5567 2.39999
    endloop
  endfacet
  facet normal 0 0 1
    outer loop
      vertex 84.0166 62.1219 2.39999
      vertex 72.9 62.5 2.39999
      vertex 83.8349 61.85 2.39999
    endloop
  endfacet
  facet normal 0 0 1
    outer loop
      vertex 84.2322 62.3678 2.39999
      vertex 72.9 62.5 2.39999
      vertex 84.0166 62.1219 2.39999
    endloop
  endfacet
  facet normal 0 0 1
    outer loop
      vertex 84.4781 62.5834 2.39999
      vertex 72.9 62.5 2.39999
      vertex 84.2322 62.3678 2.39999
    endloop
  endfacet
  facet normal 0 0 1
    outer loop
      vertex 84.75 62.7651 2.39999
      vertex 72.9 62.5 2.39999
      vertex 84.4781 62.5834 2.39999
    endloop
  endfacet
  facet normal 0 0 1
    outer loop
      vertex 85.0433 62.9097 2.39999
      vertex 72.9 62.5 2.39999
      vertex 84.75 62.7651 2.39999
    endloop
  endfacet
  facet normal 0 0 1
    outer loop
      vertex 85.353 63.0148 2.39999
      vertex 72.9 62.5 2.39999
      vertex 85.0433 62.9097 2.39999
    endloop
  endfacet
  facet normal 0 0 1
    outer loop
      vertex 85.6737 63.0786 2.39999
      vertex 72.9 62.5 2.39999
      vertex 85.353 63.0148 2.39999
    endloop
  endfacet
  facet normal 0 0 1
    outer loop
      vertex 86 63.1 2.39999
      vertex 72.9 62.5 2.39999
      vertex 85.6737 63.0786 2.39999
    endloop
  endfacet
  facet normal -0 0 1
    outer loop
      vertex 2.4 63.6 2.39999
      vertex 86 63.1 2.39999
      vertex 105.6 63.6 2.39999
    endloop
  endfacet
  facet normal 0 0 1
    outer loop
      vertex 2.4 63.6 2.39999
      vertex 72.9 62.5 2.39999
      vertex 86 63.1 2.39999
    endloop
  endfacet
  facet normal 0 0 1
    outer loop
      vertex 72.9 62.5 2.39999
      vertex 2.4 63.6 2.39999
      vertex 2.4 62.5 2.39999
    endloop
  endfacet
  facet normal 0 0 1
    outer loop
      vertex 105.6 63.6 2.39999
      vertex 105.1 23.6 2.39999
      vertex 105.6 17.6669 2.39999
    endloop
  endfacet
  facet normal -0 0 1
    outer loop
      vertex 105.079 23.2737 2.39999
      vertex 105.6 17.6669 2.39999
      vertex 105.1 23.6 2.39999
    endloop
  endfacet
  facet normal -0 0 1
    outer loop
      vertex 105.015 22.953 2.39999
      vertex 105.6 17.6669 2.39999
      vertex 105.079 23.2737 2.39999
    endloop
  endfacet
  facet normal -0 0 1
    outer loop
      vertex 104.91 22.6433 2.39999
      vertex 105.6 17.6669 2.39999
      vertex 105.015 22.953 2.39999
    endloop
  endfacet
  facet normal -0 0 1
    outer loop
      vertex 104.765 22.35 2.39999
      vertex 105.6 17.6669 2.39999
      vertex 104.91 22.6433 2.39999
    endloop
  endfacet
  facet normal -0 0 1
    outer loop
      vertex 104.583 22.0781 2.39999
      vertex 105.6 17.6669 2.39999
      vertex 104.765 22.35 2.39999
    endloop
  endfacet
  facet normal -0 0 1
    outer loop
      vertex 104.368 21.8322 2.39999
      vertex 105.6 17.6669 2.39999
      vertex 104.583 22.0781 2.39999
    endloop
  endfacet
  facet normal -0 0 1
    outer loop
      vertex 104.122 21.6166 2.39999
      vertex 105.6 17.6669 2.39999
      vertex 104.368 21.8322 2.39999
    endloop
  endfacet
  facet normal -0 0 1
    outer loop
      vertex 103.85 21.4349 2.39999
      vertex 105.6 17.6669 2.39999
      vertex 104.122 21.6166 2.39999
    endloop
  endfacet
  facet normal -0 0 1
    outer loop
      vertex 103.557 21.2903 2.39999
      vertex 105.6 17.6669 2.39999
      vertex 103.85 21.4349 2.39999
    endloop
  endfacet
  facet normal -0 0 1
    outer loop
      vertex 103.247 21.1852 2.39999
      vertex 105.6 17.6669 2.39999
      vertex 103.557 21.2903 2.39999
    endloop
  endfacet
  facet normal -0 0 1
    outer loop
      vertex 102.926 21.1214 2.39999
      vertex 105.6 17.6669 2.39999
      vertex 103.247 21.1852 2.39999
    endloop
  endfacet
  facet normal -0 0 1
    outer loop
      vertex 102.6 21.1 2.39999
      vertex 105.6 17.6669 2.39999
      vertex 102.926 21.1214 2.39999
    endloop
  endfacet
  facet normal 0 0 1
    outer loop
      vertex 102.274 21.1214 2.39999
      vertex 105.6 17.6669 2.39999
      vertex 102.6 21.1 2.39999
    endloop
  endfacet
  facet normal 0 0 1
    outer loop
      vertex 101.953 21.1852 2.39999
      vertex 105.6 17.6669 2.39999
      vertex 102.274 21.1214 2.39999
    endloop
  endfacet
  facet normal 0 0 1
    outer loop
      vertex 101.643 21.2903 2.39999
      vertex 105.6 17.6669 2.39999
      vertex 101.953 21.1852 2.39999
    endloop
  endfacet
  facet normal 0 0 1
    outer loop
      vertex 101.35 21.4349 2.39999
      vertex 105.6 17.6669 2.39999
      vertex 101.643 21.2903 2.39999
    endloop
  endfacet
  facet normal 0 0 1
    outer loop
      vertex 87.25 21.4349 2.39999
      vertex 101.35 21.4349 2.39999
      vertex 101.078 21.6166 2.39999
    endloop
  endfacet
  facet normal 0 0 1
    outer loop
      vertex 100.121 23.9263 2.39999
      vertex 88.5 23.6 2.39999
      vertex 100.1 23.6 2.39999
    endloop
  endfacet
  facet normal 0 0 1
    outer loop
      vertex 100.1 23.6 2.39999
      vertex 88.5 23.6 2.39999
      vertex 100.121 23.2737 2.39999
    endloop
  endfacet
  facet normal 0 0 1
    outer loop
      vertex 88.4786 23.2737 2.39999
      vertex 100.121 23.2737 2.39999
      vertex 88.5 23.6 2.39999
    endloop
  endfacet
  facet normal 0 0 1
    outer loop
      vertex 100.121 23.2737 2.39999
      vertex 88.4786 23.2737 2.39999
      vertex 100.185 22.953 2.39999
    endloop
  endfacet
  facet normal 0 0 1
    outer loop
      vertex 88.4148 22.953 2.39999
      vertex 100.185 22.953 2.39999
      vertex 88.4786 23.2737 2.39999
    endloop
  endfacet
  facet normal 0 0 1
    outer loop
      vertex 100.185 22.953 2.39999
      vertex 88.4148 22.953 2.39999
      vertex 100.29 22.6433 2.39999
    endloop
  endfacet
  facet normal 0 0 1
    outer loop
      vertex 88.3097 22.6433 2.39999
      vertex 100.29 22.6433 2.39999
      vertex 88.4148 22.953 2.39999
    endloop
  endfacet
  facet normal 0 0 1
    outer loop
      vertex 100.29 22.6433 2.39999
      vertex 88.3097 22.6433 2.39999
      vertex 100.435 22.35 2.39999
    endloop
  endfacet
  facet normal 0 0 1
    outer loop
      vertex 88.1651 22.35 2.39999
      vertex 100.435 22.35 2.39999
      vertex 88.3097 22.6433 2.39999
    endloop
  endfacet
  facet normal 0 0 1
    outer loop
      vertex 100.435 22.35 2.39999
      vertex 88.1651 22.35 2.39999
      vertex 100.617 22.0781 2.39999
    endloop
  endfacet
  facet normal 0 0 1
    outer loop
      vertex 87.9834 22.0781 2.39999
      vertex 100.617 22.0781 2.39999
      vertex 88.1651 22.35 2.39999
    endloop
  endfacet
  facet normal 0 0 1
    outer loop
      vertex 100.617 22.0781 2.39999
      vertex 87.9834 22.0781 2.39999
      vertex 100.832 21.8322 2.39999
    endloop
  endfacet
  facet normal 0 0 1
    outer loop
      vertex 87.7678 21.8322 2.39999
      vertex 100.832 21.8322 2.39999
      vertex 87.9834 22.0781 2.39999
    endloop
  endfacet
  facet normal 0 0 1
    outer loop
      vertex 100.832 21.8322 2.39999
      vertex 87.7678 21.8322 2.39999
      vertex 101.078 21.6166 2.39999
    endloop
  endfacet
  facet normal 0 0 1
    outer loop
      vertex 87.5219 21.6166 2.39999
      vertex 101.078 21.6166 2.39999
      vertex 87.7678 21.8322 2.39999
    endloop
  endfacet
  facet normal 0 0 1
    outer loop
      vertex 87.25 21.4349 2.39999
      vertex 101.078 21.6166 2.39999
      vertex 87.5219 21.6166 2.39999
    endloop
  endfacet
  facet normal 0 0 1
    outer loop
      vertex 101.35 21.4349 2.39999
      vertex 87.25 21.4349 2.39999
      vertex 105.6 17.6669 2.39999
    endloop
  endfacet
  facet normal -0 0 1
    outer loop
      vertex 86.9567 21.2903 2.39999
      vertex 105.6 17.6669 2.39999
      vertex 87.25 21.4349 2.39999
    endloop
  endfacet
  facet normal -0 0 1
    outer loop
      vertex 86.647 21.1852 2.39999
      vertex 105.6 17.6669 2.39999
      vertex 86.9567 21.2903 2.39999
    endloop
  endfacet
  facet normal -0 0 1
    outer loop
      vertex 86.3263 21.1214 2.39999
      vertex 105.6 17.6669 2.39999
      vertex 86.647 21.1852 2.39999
    endloop
  endfacet
  facet normal -0 0 1
    outer loop
      vertex 86 21.1 2.39999
      vertex 105.6 17.6669 2.39999
      vertex 86.3263 21.1214 2.39999
    endloop
  endfacet
  facet normal 0 0 1
    outer loop
      vertex 85.6737 21.1214 2.39999
      vertex 105.6 17.6669 2.39999
      vertex 86 21.1 2.39999
    endloop
  endfacet
  facet normal 0 0 1
    outer loop
      vertex 83.5214 23.9263 2.39999
      vertex 72.9 21 2.39999
      vertex 83.5 23.6 2.39999
    endloop
  endfacet
  facet normal 0 0 1
    outer loop
      vertex 83.5 23.6 2.39999
      vertex 72.9 21 2.39999
      vertex 83.5214 23.2737 2.39999
    endloop
  endfacet
  facet normal 0 0 1
    outer loop
      vertex 83.5214 23.2737 2.39999
      vertex 72.9 21 2.39999
      vertex 83.5852 22.953 2.39999
    endloop
  endfacet
  facet normal 0 0 1
    outer loop
      vertex 72.9 21 2.39999
      vertex 83.6903 22.6433 2.39999
      vertex 83.5852 22.953 2.39999
    endloop
  endfacet
  facet normal 0 0 1
    outer loop
      vertex 72.9 21 2.39999
      vertex 83.8349 22.35 2.39999
      vertex 83.6903 22.6433 2.39999
    endloop
  endfacet
  facet normal 0 0 1
    outer loop
      vertex 72.9 21 2.39999
      vertex 84.0166 22.0781 2.39999
      vertex 83.8349 22.35 2.39999
    endloop
  endfacet
  facet normal 0 0 1
    outer loop
      vertex 72.9 21 2.39999
      vertex 84.2322 21.8322 2.39999
      vertex 84.0166 22.0781 2.39999
    endloop
  endfacet
  facet normal 0 0 1
    outer loop
      vertex 72.9 21 2.39999
      vertex 84.4781 21.6166 2.39999
      vertex 84.2322 21.8322 2.39999
    endloop
  endfacet
  facet normal 0 0 1
    outer loop
      vertex 72.9 21 2.39999
      vertex 84.75 21.4349 2.39999
      vertex 84.4781 21.6166 2.39999
    endloop
  endfacet
  facet normal 0 0 1
    outer loop
      vertex 72.9 21 2.39999
      vertex 85.0433 21.2903 2.39999
      vertex 84.75 21.4349 2.39999
    endloop
  endfacet
  facet normal 0 0 1
    outer loop
      vertex 72.9 21 2.39999
      vertex 85.353 21.1852 2.39999
      vertex 85.0433 21.2903 2.39999
    endloop
  endfacet
  facet normal 0 0 1
    outer loop
      vertex 72.9 21 2.39999
      vertex 85.6737 21.1214 2.39999
      vertex 85.353 21.1852 2.39999
    endloop
  endfacet
  facet normal -0 0 1
    outer loop
      vertex 72.9 21 2.39999
      vertex 105.6 17.6669 2.39999
      vertex 85.6737 21.1214 2.39999
    endloop
  endfacet
  facet normal 0 0 1
    outer loop
      vertex 2.4 17.6669 2.39999
      vertex 72.9 21 2.39999
      vertex 2.4 21 2.39999
    endloop
  endfacet
  facet normal 0 0 1
    outer loop
      vertex 72.9 21 2.39999
      vertex 2.4 17.6669 2.39999
      vertex 105.6 17.6669 2.39999
    endloop
  endfacet
  facet normal -0 0 1
    outer loop
      vertex 4.4 60.5 2.39999
      vertex 70.9 23 2.39999
      vertex 70.9 60.5 2.39999
    endloop
  endfacet
  facet normal 0 0 1
    outer loop
      vertex 70.9 23 2.39999
      vertex 4.4 60.5 2.39999
      vertex 4.4 23 2.39999
    endloop
  endfacet
  facet normal 0 0 1
    outer loop
      vertex 86.8923 23.7175 2.39999
      vertex 86.8923 23.4825 2.39999
      vertex 86.9 23.6 2.39999
    endloop
  endfacet
  facet normal 0 0 1
    outer loop
      vertex 86.8693 23.8329 2.39999
      vertex 86.8923 23.4825 2.39999
      vertex 86.8923 23.7175 2.39999
    endloop
  endfacet
  facet normal 0 0 1
    outer loop
      vertex 86.8693 23.8329 2.39999
      vertex 86.8693 23.3671 2.39999
      vertex 86.8923 23.4825 2.39999
    endloop
  endfacet
  facet normal 0 0 1
    outer loop
      vertex 86.8315 23.9444 2.39999
      vertex 86.8693 23.3671 2.39999
      vertex 86.8693 23.8329 2.39999
    endloop
  endfacet
  facet normal 0 0 1
    outer loop
      vertex 86.8315 23.9444 2.39999
      vertex 86.8315 23.2556 2.39999
      vertex 86.8693 23.3671 2.39999
    endloop
  endfacet
  facet normal 0 0 1
    outer loop
      vertex 86.7794 24.05 2.39999
      vertex 86.8315 23.2556 2.39999
      vertex 86.8315 23.9444 2.39999
    endloop
  endfacet
  facet normal 0 0 1
    outer loop
      vertex 86.7794 24.05 2.39999
      vertex 86.7794 23.15 2.39999
      vertex 86.8315 23.2556 2.39999
    endloop
  endfacet
  facet normal 0 0 1
    outer loop
      vertex 86.714 24.1479 2.39999
      vertex 86.7794 23.15 2.39999
      vertex 86.7794 24.05 2.39999
    endloop
  endfacet
  facet normal 0 0 1
    outer loop
      vertex 86.714 24.1479 2.39999
      vertex 86.714 23.0521 2.39999
      vertex 86.7794 23.15 2.39999
    endloop
  endfacet
  facet normal 0 0 1
    outer loop
      vertex 86.6364 24.2364 2.39999
      vertex 86.714 23.0521 2.39999
      vertex 86.714 24.1479 2.39999
    endloop
  endfacet
  facet normal 0 0 1
    outer loop
      vertex 86.6364 24.2364 2.39999
      vertex 86.6364 22.9636 2.39999
      vertex 86.714 23.0521 2.39999
    endloop
  endfacet
  facet normal 0 0 1
    outer loop
      vertex 86.5479 24.314 2.39999
      vertex 86.6364 22.9636 2.39999
      vertex 86.6364 24.2364 2.39999
    endloop
  endfacet
  facet normal 0 0 1
    outer loop
      vertex 86.5479 24.314 2.39999
      vertex 86.5479 22.886 2.39999
      vertex 86.6364 22.9636 2.39999
    endloop
  endfacet
  facet normal 0 0 1
    outer loop
      vertex 86.45 24.3794 2.39999
      vertex 86.5479 22.886 2.39999
      vertex 86.5479 24.314 2.39999
    endloop
  endfacet
  facet normal 0 0 1
    outer loop
      vertex 86.45 24.3794 2.39999
      vertex 86.45 22.8206 2.39999
      vertex 86.5479 22.886 2.39999
    endloop
  endfacet
  facet normal 0 0 1
    outer loop
      vertex 86.3444 24.4315 2.39999
      vertex 86.45 22.8206 2.39999
      vertex 86.45 24.3794 2.39999
    endloop
  endfacet
  facet normal 0 0 1
    outer loop
      vertex 86.3444 24.4315 2.39999
      vertex 86.3444 22.7685 2.39999
      vertex 86.45 22.8206 2.39999
    endloop
  endfacet
  facet normal 0 0 1
    outer loop
      vertex 86.2329 24.4693 2.39999
      vertex 86.3444 22.7685 2.39999
      vertex 86.3444 24.4315 2.39999
    endloop
  endfacet
  facet normal 0 0 1
    outer loop
      vertex 86.2329 24.4693 2.39999
      vertex 86.2329 22.7307 2.39999
      vertex 86.3444 22.7685 2.39999
    endloop
  endfacet
  facet normal 0 0 1
    outer loop
      vertex 86.1175 24.4923 2.39999
      vertex 86.2329 22.7307 2.39999
      vertex 86.2329 24.4693 2.39999
    endloop
  endfacet
  facet normal 0 0 1
    outer loop
      vertex 86.1175 24.4923 2.39999
      vertex 86.1175 22.7077 2.39999
      vertex 86.2329 22.7307 2.39999
    endloop
  endfacet
  facet normal 0 0 1
    outer loop
      vertex 86 24.5 2.39999
      vertex 86.1175 22.7077 2.39999
      vertex 86.1175 24.4923 2.39999
    endloop
  endfacet
  facet normal 0 0 1
    outer loop
      vertex 86 24.5 2.39999
      vertex 86 22.7 2.39999
      vertex 86.1175 22.7077 2.39999
    endloop
  endfacet
  facet normal -0 0 1
    outer loop
      vertex 85.8825 24.4923 2.39999
      vertex 86 22.7 2.39999
      vertex 86 24.5 2.39999
    endloop
  endfacet
  facet normal 0 0 1
    outer loop
      vertex 85.8825 24.4923 2.39999
      vertex 85.8825 22.7077 2.39999
      vertex 86 22.7 2.39999
    endloop
  endfacet
  facet normal -0 0 1
    outer loop
      vertex 85.7671 24.4693 2.39999
      vertex 85.8825 22.7077 2.39999
      vertex 85.8825 24.4923 2.39999
    endloop
  endfacet
  facet normal 0 0 1
    outer loop
      vertex 85.7671 24.4693 2.39999
      vertex 85.7671 22.7307 2.39999
      vertex 85.8825 22.7077 2.39999
    endloop
  endfacet
  facet normal -0 0 1
    outer loop
      vertex 85.6556 24.4315 2.39999
      vertex 85.7671 22.7307 2.39999
      vertex 85.7671 24.4693 2.39999
    endloop
  endfacet
  facet normal 0 0 1
    outer loop
      vertex 85.6556 24.4315 2.39999
      vertex 85.6556 22.7685 2.39999
      vertex 85.7671 22.7307 2.39999
    endloop
  endfacet
  facet normal -0 0 1
    outer loop
      vertex 85.55 24.3794 2.39999
      vertex 85.6556 22.7685 2.39999
      vertex 85.6556 24.4315 2.39999
    endloop
  endfacet
  facet normal 0 0 1
    outer loop
      vertex 85.55 24.3794 2.39999
      vertex 85.55 22.8206 2.39999
      vertex 85.6556 22.7685 2.39999
    endloop
  endfacet
  facet normal -0 0 1
    outer loop
      vertex 85.4521 24.314 2.39999
      vertex 85.55 22.8206 2.39999
      vertex 85.55 24.3794 2.39999
    endloop
  endfacet
  facet normal 0 0 1
    outer loop
      vertex 85.4521 24.314 2.39999
      vertex 85.4521 22.886 2.39999
      vertex 85.55 22.8206 2.39999
    endloop
  endfacet
  facet normal -0 0 1
    outer loop
      vertex 85.3636 24.2364 2.39999
      vertex 85.4521 22.886 2.39999
      vertex 85.4521 24.314 2.39999
    endloop
  endfacet
  facet normal 0 0 1
    outer loop
      vertex 85.3636 24.2364 2.39999
      vertex 85.3636 22.9636 2.39999
      vertex 85.4521 22.886 2.39999
    endloop
  endfacet
  facet normal -0 0 1
    outer loop
      vertex 85.286 24.1479 2.39999
      vertex 85.3636 22.9636 2.39999
      vertex 85.3636 24.2364 2.39999
    endloop
  endfacet
  facet normal 0 0 1
    outer loop
      vertex 85.286 24.1479 2.39999
      vertex 85.286 23.0521 2.39999
      vertex 85.3636 22.9636 2.39999
    endloop
  endfacet
  facet normal -0 0 1
    outer loop
      vertex 85.2206 24.05 2.39999
      vertex 85.286 23.0521 2.39999
      vertex 85.286 24.1479 2.39999
    endloop
  endfacet
  facet normal 0 0 1
    outer loop
      vertex 85.2206 24.05 2.39999
      vertex 85.2206 23.15 2.39999
      vertex 85.286 23.0521 2.39999
    endloop
  endfacet
  facet normal -0 0 1
    outer loop
      vertex 85.1685 23.9444 2.39999
      vertex 85.2206 23.15 2.39999
      vertex 85.2206 24.05 2.39999
    endloop
  endfacet
  facet normal 0 0 1
    outer loop
      vertex 85.1685 23.9444 2.39999
      vertex 85.1685 23.2556 2.39999
      vertex 85.2206 23.15 2.39999
    endloop
  endfacet
  facet normal -0 0 1
    outer loop
      vertex 85.1307 23.8329 2.39999
      vertex 85.1685 23.2556 2.39999
      vertex 85.1685 23.9444 2.39999
    endloop
  endfacet
  facet normal 0 0 1
    outer loop
      vertex 85.1307 23.8329 2.39999
      vertex 85.1307 23.3671 2.39999
      vertex 85.1685 23.2556 2.39999
    endloop
  endfacet
  facet normal -0 0 1
    outer loop
      vertex 85.1077 23.7175 2.39999
      vertex 85.1307 23.3671 2.39999
      vertex 85.1307 23.8329 2.39999
    endloop
  endfacet
  facet normal 0 0 1
    outer loop
      vertex 85.1077 23.7175 2.39999
      vertex 85.1077 23.4825 2.39999
      vertex 85.1307 23.3671 2.39999
    endloop
  endfacet
  facet normal 0 -0 1
    outer loop
      vertex 85.1077 23.4825 2.39999
      vertex 85.1077 23.7175 2.39999
      vertex 85.1 23.6 2.39999
    endloop
  endfacet
  facet normal 0 0 1
    outer loop
      vertex 86.8923 60.7175 2.39999
      vertex 86.8923 60.4825 2.39999
      vertex 86.9 60.6 2.39999
    endloop
  endfacet
  facet normal 0 0 1
    outer loop
      vertex 86.8693 60.8329 2.39999
      vertex 86.8923 60.4825 2.39999
      vertex 86.8923 60.7175 2.39999
    endloop
  endfacet
  facet normal 0 0 1
    outer loop
      vertex 86.8693 60.8329 2.39999
      vertex 86.8693 60.3671 2.39999
      vertex 86.8923 60.4825 2.39999
    endloop
  endfacet
  facet normal 0 0 1
    outer loop
      vertex 86.8315 60.9444 2.39999
      vertex 86.8693 60.3671 2.39999
      vertex 86.8693 60.8329 2.39999
    endloop
  endfacet
  facet normal 0 0 1
    outer loop
      vertex 86.8315 60.9444 2.39999
      vertex 86.8315 60.2556 2.39999
      vertex 86.8693 60.3671 2.39999
    endloop
  endfacet
  facet normal 0 0 1
    outer loop
      vertex 86.7794 61.05 2.39999
      vertex 86.8315 60.2556 2.39999
      vertex 86.8315 60.9444 2.39999
    endloop
  endfacet
  facet normal 0 0 1
    outer loop
      vertex 86.7794 61.05 2.39999
      vertex 86.7794 60.15 2.39999
      vertex 86.8315 60.2556 2.39999
    endloop
  endfacet
  facet normal 0 0 1
    outer loop
      vertex 86.714 61.1479 2.39999
      vertex 86.7794 60.15 2.39999
      vertex 86.7794 61.05 2.39999
    endloop
  endfacet
  facet normal 0 0 1
    outer loop
      vertex 86.714 61.1479 2.39999
      vertex 86.714 60.0521 2.39999
      vertex 86.7794 60.15 2.39999
    endloop
  endfacet
  facet normal 0 0 1
    outer loop
      vertex 86.6364 61.2364 2.39999
      vertex 86.714 60.0521 2.39999
      vertex 86.714 61.1479 2.39999
    endloop
  endfacet
  facet normal 0 0 1
    outer loop
      vertex 86.6364 61.2364 2.39999
      vertex 86.6364 59.9636 2.39999
      vertex 86.714 60.0521 2.39999
    endloop
  endfacet
  facet normal 0 0 1
    outer loop
      vertex 86.5479 61.314 2.39999
      vertex 86.6364 59.9636 2.39999
      vertex 86.6364 61.2364 2.39999
    endloop
  endfacet
  facet normal 0 0 1
    outer loop
      vertex 86.5479 61.314 2.39999
      vertex 86.5479 59.886 2.39999
      vertex 86.6364 59.9636 2.39999
    endloop
  endfacet
  facet normal 0 0 1
    outer loop
      vertex 86.45 61.3794 2.39999
      vertex 86.5479 59.886 2.39999
      vertex 86.5479 61.314 2.39999
    endloop
  endfacet
  facet normal 0 0 1
    outer loop
      vertex 86.45 61.3794 2.39999
      vertex 86.45 59.8206 2.39999
      vertex 86.5479 59.886 2.39999
    endloop
  endfacet
  facet normal 0 0 1
    outer loop
      vertex 86.3444 61.4315 2.39999
      vertex 86.45 59.8206 2.39999
      vertex 86.45 61.3794 2.39999
    endloop
  endfacet
  facet normal 0 0 1
    outer loop
      vertex 86.3444 61.4315 2.39999
      vertex 86.3444 59.7685 2.39999
      vertex 86.45 59.8206 2.39999
    endloop
  endfacet
  facet normal 0 0 1
    outer loop
      vertex 86.2329 61.4693 2.39999
      vertex 86.3444 59.7685 2.39999
      vertex 86.3444 61.4315 2.39999
    endloop
  endfacet
  facet normal 0 0 1
    outer loop
      vertex 86.2329 61.4693 2.39999
      vertex 86.2329 59.7307 2.39999
      vertex 86.3444 59.7685 2.39999
    endloop
  endfacet
  facet normal 0 0 1
    outer loop
      vertex 86.1175 61.4923 2.39999
      vertex 86.2329 59.7307 2.39999
      vertex 86.2329 61.4693 2.39999
    endloop
  endfacet
  facet normal 0 0 1
    outer loop
      vertex 86.1175 61.4923 2.39999
      vertex 86.1175 59.7077 2.39999
      vertex 86.2329 59.7307 2.39999
    endloop
  endfacet
  facet normal 0 0 1
    outer loop
      vertex 86 61.5 2.39999
      vertex 86.1175 59.7077 2.39999
      vertex 86.1175 61.4923 2.39999
    endloop
  endfacet
  facet normal 0 0 1
    outer loop
      vertex 86 61.5 2.39999
      vertex 86 59.7 2.39999
      vertex 86.1175 59.7077 2.39999
    endloop
  endfacet
  facet normal -0 0 1
    outer loop
      vertex 85.8825 61.4923 2.39999
      vertex 86 59.7 2.39999
      vertex 86 61.5 2.39999
    endloop
  endfacet
  facet normal 0 0 1
    outer loop
      vertex 85.8825 61.4923 2.39999
      vertex 85.8825 59.7077 2.39999
      vertex 86 59.7 2.39999
    endloop
  endfacet
  facet normal -0 0 1
    outer loop
      vertex 85.7671 61.4693 2.39999
      vertex 85.8825 59.7077 2.39999
      vertex 85.8825 61.4923 2.39999
    endloop
  endfacet
  facet normal 0 0 1
    outer loop
      vertex 85.7671 61.4693 2.39999
      vertex 85.7671 59.7307 2.39999
      vertex 85.8825 59.7077 2.39999
    endloop
  endfacet
  facet normal -0 0 1
    outer loop
      vertex 85.6556 61.4315 2.39999
      vertex 85.7671 59.7307 2.39999
      vertex 85.7671 61.4693 2.39999
    endloop
  endfacet
  facet normal 0 0 1
    outer loop
      vertex 85.6556 61.4315 2.39999
      vertex 85.6556 59.7685 2.39999
      vertex 85.7671 59.7307 2.39999
    endloop
  endfacet
  facet normal -0 0 1
    outer loop
      vertex 85.55 61.3794 2.39999
      vertex 85.6556 59.7685 2.39999
      vertex 85.6556 61.4315 2.39999
    endloop
  endfacet
  facet normal 0 0 1
    outer loop
      vertex 85.55 61.3794 2.39999
      vertex 85.55 59.8206 2.39999
      vertex 85.6556 59.7685 2.39999
    endloop
  endfacet
  facet normal -0 0 1
    outer loop
      vertex 85.4521 61.314 2.39999
      vertex 85.55 59.8206 2.39999
      vertex 85.55 61.3794 2.39999
    endloop
  endfacet
  facet normal 0 0 1
    outer loop
      vertex 85.4521 61.314 2.39999
      vertex 85.4521 59.886 2.39999
      vertex 85.55 59.8206 2.39999
    endloop
  endfacet
  facet normal -0 0 1
    outer loop
      vertex 85.3636 61.2364 2.39999
      vertex 85.4521 59.886 2.39999
      vertex 85.4521 61.314 2.39999
    endloop
  endfacet
  facet normal 0 0 1
    outer loop
      vertex 85.3636 61.2364 2.39999
      vertex 85.3636 59.9636 2.39999
      vertex 85.4521 59.886 2.39999
    endloop
  endfacet
  facet normal -0 0 1
    outer loop
      vertex 85.286 61.1479 2.39999
      vertex 85.3636 59.9636 2.39999
      vertex 85.3636 61.2364 2.39999
    endloop
  endfacet
  facet normal 0 0 1
    outer loop
      vertex 85.286 61.1479 2.39999
      vertex 85.286 60.0521 2.39999
      vertex 85.3636 59.9636 2.39999
    endloop
  endfacet
  facet normal -0 0 1
    outer loop
      vertex 85.2206 61.05 2.39999
      vertex 85.286 60.0521 2.39999
      vertex 85.286 61.1479 2.39999
    endloop
  endfacet
  facet normal 0 0 1
    outer loop
      vertex 85.2206 61.05 2.39999
      vertex 85.2206 60.15 2.39999
      vertex 85.286 60.0521 2.39999
    endloop
  endfacet
  facet normal -0 0 1
    outer loop
      vertex 85.1685 60.9444 2.39999
      vertex 85.2206 60.15 2.39999
      vertex 85.2206 61.05 2.39999
    endloop
  endfacet
  facet normal 0 0 1
    outer loop
      vertex 85.1685 60.9444 2.39999
      vertex 85.1685 60.2556 2.39999
      vertex 85.2206 60.15 2.39999
    endloop
  endfacet
  facet normal -0 0 1
    outer loop
      vertex 85.1307 60.8329 2.39999
      vertex 85.1685 60.2556 2.39999
      vertex 85.1685 60.9444 2.39999
    endloop
  endfacet
  facet normal 0 0 1
    outer loop
      vertex 85.1307 60.8329 2.39999
      vertex 85.1307 60.3671 2.39999
      vertex 85.1685 60.2556 2.39999
    endloop
  endfacet
  facet normal -0 0 1
    outer loop
      vertex 85.1077 60.7175 2.39999
      vertex 85.1307 60.3671 2.39999
      vertex 85.1307 60.8329 2.39999
    endloop
  endfacet
  facet normal 0 0 1
    outer loop
      vertex 85.1077 60.7175 2.39999
      vertex 85.1077 60.4825 2.39999
      vertex 85.1307 60.3671 2.39999
    endloop
  endfacet
  facet normal 0 -0 1
    outer loop
      vertex 85.1077 60.4825 2.39999
      vertex 85.1077 60.7175 2.39999
      vertex 85.1 60.6 2.39999
    endloop
  endfacet
  facet normal 0 0 1
    outer loop
      vertex 103.492 60.7175 2.39999
      vertex 103.492 60.4825 2.39999
      vertex 103.5 60.6 2.39999
    endloop
  endfacet
  facet normal 0 0 1
    outer loop
      vertex 103.469 60.8329 2.39999
      vertex 103.492 60.4825 2.39999
      vertex 103.492 60.7175 2.39999
    endloop
  endfacet
  facet normal 0 0 1
    outer loop
      vertex 103.469 60.8329 2.39999
      vertex 103.469 60.3671 2.39999
      vertex 103.492 60.4825 2.39999
    endloop
  endfacet
  facet normal 0 0 1
    outer loop
      vertex 103.431 60.9444 2.39999
      vertex 103.469 60.3671 2.39999
      vertex 103.469 60.8329 2.39999
    endloop
  endfacet
  facet normal 0 0 1
    outer loop
      vertex 103.431 60.9444 2.39999
      vertex 103.431 60.2556 2.39999
      vertex 103.469 60.3671 2.39999
    endloop
  endfacet
  facet normal 0 0 1
    outer loop
      vertex 103.379 61.05 2.39999
      vertex 103.431 60.2556 2.39999
      vertex 103.431 60.9444 2.39999
    endloop
  endfacet
  facet normal 0 0 1
    outer loop
      vertex 103.379 61.05 2.39999
      vertex 103.379 60.15 2.39999
      vertex 103.431 60.2556 2.39999
    endloop
  endfacet
  facet normal 0 0 1
    outer loop
      vertex 103.314 61.1479 2.39999
      vertex 103.379 60.15 2.39999
      vertex 103.379 61.05 2.39999
    endloop
  endfacet
  facet normal 0 0 1
    outer loop
      vertex 103.314 61.1479 2.39999
      vertex 103.314 60.0521 2.39999
      vertex 103.379 60.15 2.39999
    endloop
  endfacet
  facet normal 0 0 1
    outer loop
      vertex 103.236 61.2364 2.39999
      vertex 103.314 60.0521 2.39999
      vertex 103.314 61.1479 2.39999
    endloop
  endfacet
  facet normal 0 0 1
    outer loop
      vertex 103.236 61.2364 2.39999
      vertex 103.236 59.9636 2.39999
      vertex 103.314 60.0521 2.39999
    endloop
  endfacet
  facet normal 0 0 1
    outer loop
      vertex 103.148 61.314 2.39999
      vertex 103.236 59.9636 2.39999
      vertex 103.236 61.2364 2.39999
    endloop
  endfacet
  facet normal 0 0 1
    outer loop
      vertex 103.148 61.314 2.39999
      vertex 103.148 59.886 2.39999
      vertex 103.236 59.9636 2.39999
    endloop
  endfacet
  facet normal 0 0 1
    outer loop
      vertex 103.05 61.3794 2.39999
      vertex 103.148 59.886 2.39999
      vertex 103.148 61.314 2.39999
    endloop
  endfacet
  facet normal 0 0 1
    outer loop
      vertex 103.05 61.3794 2.39999
      vertex 103.05 59.8206 2.39999
      vertex 103.148 59.886 2.39999
    endloop
  endfacet
  facet normal 0 0 1
    outer loop
      vertex 102.944 61.4315 2.39999
      vertex 103.05 59.8206 2.39999
      vertex 103.05 61.3794 2.39999
    endloop
  endfacet
  facet normal 0 0 1
    outer loop
      vertex 102.944 61.4315 2.39999
      vertex 102.944 59.7685 2.39999
      vertex 103.05 59.8206 2.39999
    endloop
  endfacet
  facet normal 0 0 1
    outer loop
      vertex 102.833 61.4693 2.39999
      vertex 102.944 59.7685 2.39999
      vertex 102.944 61.4315 2.39999
    endloop
  endfacet
  facet normal 0 0 1
    outer loop
      vertex 102.833 61.4693 2.39999
      vertex 102.833 59.7307 2.39999
      vertex 102.944 59.7685 2.39999
    endloop
  endfacet
  facet normal 0 0 1
    outer loop
      vertex 102.717 61.4923 2.39999
      vertex 102.833 59.7307 2.39999
      vertex 102.833 61.4693 2.39999
    endloop
  endfacet
  facet normal 0 0 1
    outer loop
      vertex 102.717 61.4923 2.39999
      vertex 102.717 59.7077 2.39999
      vertex 102.833 59.7307 2.39999
    endloop
  endfacet
  facet normal 0 0 1
    outer loop
      vertex 102.6 61.5 2.39999
      vertex 102.717 59.7077 2.39999
      vertex 102.717 61.4923 2.39999
    endloop
  endfacet
  facet normal 0 0 1
    outer loop
      vertex 102.6 61.5 2.39999
      vertex 102.6 59.7 2.39999
      vertex 102.717 59.7077 2.39999
    endloop
  endfacet
  facet normal -0 0 1
    outer loop
      vertex 102.483 61.4923 2.39999
      vertex 102.6 59.7 2.39999
      vertex 102.6 61.5 2.39999
    endloop
  endfacet
  facet normal 0 0 1
    outer loop
      vertex 102.483 61.4923 2.39999
      vertex 102.483 59.7077 2.39999
      vertex 102.6 59.7 2.39999
    endloop
  endfacet
  facet normal -0 0 1
    outer loop
      vertex 102.367 61.4693 2.39999
      vertex 102.483 59.7077 2.39999
      vertex 102.483 61.4923 2.39999
    endloop
  endfacet
  facet normal 0 0 1
    outer loop
      vertex 102.367 61.4693 2.39999
      vertex 102.367 59.7307 2.39999
      vertex 102.483 59.7077 2.39999
    endloop
  endfacet
  facet normal -0 0 1
    outer loop
      vertex 102.256 61.4315 2.39999
      vertex 102.367 59.7307 2.39999
      vertex 102.367 61.4693 2.39999
    endloop
  endfacet
  facet normal 0 0 1
    outer loop
      vertex 102.256 61.4315 2.39999
      vertex 102.256 59.7685 2.39999
      vertex 102.367 59.7307 2.39999
    endloop
  endfacet
  facet normal -0 0 1
    outer loop
      vertex 102.15 61.3794 2.39999
      vertex 102.256 59.7685 2.39999
      vertex 102.256 61.4315 2.39999
    endloop
  endfacet
  facet normal 0 0 1
    outer loop
      vertex 102.15 61.3794 2.39999
      vertex 102.15 59.8206 2.39999
      vertex 102.256 59.7685 2.39999
    endloop
  endfacet
  facet normal -0 0 1
    outer loop
      vertex 102.052 61.314 2.39999
      vertex 102.15 59.8206 2.39999
      vertex 102.15 61.3794 2.39999
    endloop
  endfacet
  facet normal 0 0 1
    outer loop
      vertex 102.052 61.314 2.39999
      vertex 102.052 59.886 2.39999
      vertex 102.15 59.8206 2.39999
    endloop
  endfacet
  facet normal -0 0 1
    outer loop
      vertex 101.964 61.2364 2.39999
      vertex 102.052 59.886 2.39999
      vertex 102.052 61.314 2.39999
    endloop
  endfacet
  facet normal 0 0 1
    outer loop
      vertex 101.964 61.2364 2.39999
      vertex 101.964 59.9636 2.39999
      vertex 102.052 59.886 2.39999
    endloop
  endfacet
  facet normal -0 0 1
    outer loop
      vertex 101.886 61.1479 2.39999
      vertex 101.964 59.9636 2.39999
      vertex 101.964 61.2364 2.39999
    endloop
  endfacet
  facet normal 0 0 1
    outer loop
      vertex 101.886 61.1479 2.39999
      vertex 101.886 60.0521 2.39999
      vertex 101.964 59.9636 2.39999
    endloop
  endfacet
  facet normal -0 0 1
    outer loop
      vertex 101.821 61.05 2.39999
      vertex 101.886 60.0521 2.39999
      vertex 101.886 61.1479 2.39999
    endloop
  endfacet
  facet normal 0 0 1
    outer loop
      vertex 101.821 61.05 2.39999
      vertex 101.821 60.15 2.39999
      vertex 101.886 60.0521 2.39999
    endloop
  endfacet
  facet normal -0 0 1
    outer loop
      vertex 101.769 60.9444 2.39999
      vertex 101.821 60.15 2.39999
      vertex 101.821 61.05 2.39999
    endloop
  endfacet
  facet normal 0 0 1
    outer loop
      vertex 101.769 60.9444 2.39999
      vertex 101.769 60.2556 2.39999
      vertex 101.821 60.15 2.39999
    endloop
  endfacet
  facet normal -0 0 1
    outer loop
      vertex 101.731 60.8329 2.39999
      vertex 101.769 60.2556 2.39999
      vertex 101.769 60.9444 2.39999
    endloop
  endfacet
  facet normal 0 0 1
    outer loop
      vertex 101.731 60.8329 2.39999
      vertex 101.731 60.3671 2.39999
      vertex 101.769 60.2556 2.39999
    endloop
  endfacet
  facet normal -0 0 1
    outer loop
      vertex 101.708 60.7175 2.39999
      vertex 101.731 60.3671 2.39999
      vertex 101.731 60.8329 2.39999
    endloop
  endfacet
  facet normal 0 0 1
    outer loop
      vertex 101.708 60.7175 2.39999
      vertex 101.708 60.4825 2.39999
      vertex 101.731 60.3671 2.39999
    endloop
  endfacet
  facet normal 0 -0 1
    outer loop
      vertex 101.708 60.4825 2.39999
      vertex 101.708 60.7175 2.39999
      vertex 101.7 60.6 2.39999
    endloop
  endfacet
  facet normal 0 0 1
    outer loop
      vertex 103.492 23.7175 2.39999
      vertex 103.492 23.4825 2.39999
      vertex 103.5 23.6 2.39999
    endloop
  endfacet
  facet normal 0 0 1
    outer loop
      vertex 103.469 23.8329 2.39999
      vertex 103.492 23.4825 2.39999
      vertex 103.492 23.7175 2.39999
    endloop
  endfacet
  facet normal 0 0 1
    outer loop
      vertex 103.469 23.8329 2.39999
      vertex 103.469 23.3671 2.39999
      vertex 103.492 23.4825 2.39999
    endloop
  endfacet
  facet normal 0 0 1
    outer loop
      vertex 103.431 23.9444 2.39999
      vertex 103.469 23.3671 2.39999
      vertex 103.469 23.8329 2.39999
    endloop
  endfacet
  facet normal 0 0 1
    outer loop
      vertex 103.431 23.9444 2.39999
      vertex 103.431 23.2556 2.39999
      vertex 103.469 23.3671 2.39999
    endloop
  endfacet
  facet normal 0 0 1
    outer loop
      vertex 103.379 24.05 2.39999
      vertex 103.431 23.2556 2.39999
      vertex 103.431 23.9444 2.39999
    endloop
  endfacet
  facet normal 0 0 1
    outer loop
      vertex 103.379 24.05 2.39999
      vertex 103.379 23.15 2.39999
      vertex 103.431 23.2556 2.39999
    endloop
  endfacet
  facet normal 0 0 1
    outer loop
      vertex 103.314 24.1479 2.39999
      vertex 103.379 23.15 2.39999
      vertex 103.379 24.05 2.39999
    endloop
  endfacet
  facet normal 0 0 1
    outer loop
      vertex 103.314 24.1479 2.39999
      vertex 103.314 23.0521 2.39999
      vertex 103.379 23.15 2.39999
    endloop
  endfacet
  facet normal 0 0 1
    outer loop
      vertex 103.236 24.2364 2.39999
      vertex 103.314 23.0521 2.39999
      vertex 103.314 24.1479 2.39999
    endloop
  endfacet
  facet normal 0 0 1
    outer loop
      vertex 103.236 24.2364 2.39999
      vertex 103.236 22.9636 2.39999
      vertex 103.314 23.0521 2.39999
    endloop
  endfacet
  facet normal 0 0 1
    outer loop
      vertex 103.148 24.314 2.39999
      vertex 103.236 22.9636 2.39999
      vertex 103.236 24.2364 2.39999
    endloop
  endfacet
  facet normal 0 0 1
    outer loop
      vertex 103.148 24.314 2.39999
      vertex 103.148 22.886 2.39999
      vertex 103.236 22.9636 2.39999
    endloop
  endfacet
  facet normal 0 0 1
    outer loop
      vertex 103.05 24.3794 2.39999
      vertex 103.148 22.886 2.39999
      vertex 103.148 24.314 2.39999
    endloop
  endfacet
  facet normal 0 0 1
    outer loop
      vertex 103.05 24.3794 2.39999
      vertex 103.05 22.8206 2.39999
      vertex 103.148 22.886 2.39999
    endloop
  endfacet
  facet normal 0 0 1
    outer loop
      vertex 102.944 24.4315 2.39999
      vertex 103.05 22.8206 2.39999
      vertex 103.05 24.3794 2.39999
    endloop
  endfacet
  facet normal 0 0 1
    outer loop
      vertex 102.944 24.4315 2.39999
      vertex 102.944 22.7685 2.39999
      vertex 103.05 22.8206 2.39999
    endloop
  endfacet
  facet normal 0 0 1
    outer loop
      vertex 102.833 24.4693 2.39999
      vertex 102.944 22.7685 2.39999
      vertex 102.944 24.4315 2.39999
    endloop
  endfacet
  facet normal 0 0 1
    outer loop
      vertex 102.833 24.4693 2.39999
      vertex 102.833 22.7307 2.39999
      vertex 102.944 22.7685 2.39999
    endloop
  endfacet
  facet normal 0 0 1
    outer loop
      vertex 102.717 24.4923 2.39999
      vertex 102.833 22.7307 2.39999
      vertex 102.833 24.4693 2.39999
    endloop
  endfacet
  facet normal 0 0 1
    outer loop
      vertex 102.717 24.4923 2.39999
      vertex 102.717 22.7077 2.39999
      vertex 102.833 22.7307 2.39999
    endloop
  endfacet
  facet normal 0 0 1
    outer loop
      vertex 102.6 24.5 2.39999
      vertex 102.717 22.7077 2.39999
      vertex 102.717 24.4923 2.39999
    endloop
  endfacet
  facet normal 0 0 1
    outer loop
      vertex 102.6 24.5 2.39999
      vertex 102.6 22.7 2.39999
      vertex 102.717 22.7077 2.39999
    endloop
  endfacet
  facet normal -0 0 1
    outer loop
      vertex 102.483 24.4923 2.39999
      vertex 102.6 22.7 2.39999
      vertex 102.6 24.5 2.39999
    endloop
  endfacet
  facet normal 0 0 1
    outer loop
      vertex 102.483 24.4923 2.39999
      vertex 102.483 22.7077 2.39999
      vertex 102.6 22.7 2.39999
    endloop
  endfacet
  facet normal -0 0 1
    outer loop
      vertex 102.367 24.4693 2.39999
      vertex 102.483 22.7077 2.39999
      vertex 102.483 24.4923 2.39999
    endloop
  endfacet
  facet normal 0 0 1
    outer loop
      vertex 102.367 24.4693 2.39999
      vertex 102.367 22.7307 2.39999
      vertex 102.483 22.7077 2.39999
    endloop
  endfacet
  facet normal -0 0 1
    outer loop
      vertex 102.256 24.4315 2.39999
      vertex 102.367 22.7307 2.39999
      vertex 102.367 24.4693 2.39999
    endloop
  endfacet
  facet normal 0 0 1
    outer loop
      vertex 102.256 24.4315 2.39999
      vertex 102.256 22.7685 2.39999
      vertex 102.367 22.7307 2.39999
    endloop
  endfacet
  facet normal -0 0 1
    outer loop
      vertex 102.15 24.3794 2.39999
      vertex 102.256 22.7685 2.39999
      vertex 102.256 24.4315 2.39999
    endloop
  endfacet
  facet normal 0 0 1
    outer loop
      vertex 102.15 24.3794 2.39999
      vertex 102.15 22.8206 2.39999
      vertex 102.256 22.7685 2.39999
    endloop
  endfacet
  facet normal -0 0 1
    outer loop
      vertex 102.052 24.314 2.39999
      vertex 102.15 22.8206 2.39999
      vertex 102.15 24.3794 2.39999
    endloop
  endfacet
  facet normal 0 0 1
    outer loop
      vertex 102.052 24.314 2.39999
      vertex 102.052 22.886 2.39999
      vertex 102.15 22.8206 2.39999
    endloop
  endfacet
  facet normal -0 0 1
    outer loop
      vertex 101.964 24.2364 2.39999
      vertex 102.052 22.886 2.39999
      vertex 102.052 24.314 2.39999
    endloop
  endfacet
  facet normal 0 0 1
    outer loop
      vertex 101.964 24.2364 2.39999
      vertex 101.964 22.9636 2.39999
      vertex 102.052 22.886 2.39999
    endloop
  endfacet
  facet normal -0 0 1
    outer loop
      vertex 101.886 24.1479 2.39999
      vertex 101.964 22.9636 2.39999
      vertex 101.964 24.2364 2.39999
    endloop
  endfacet
  facet normal 0 0 1
    outer loop
      vertex 101.886 24.1479 2.39999
      vertex 101.886 23.0521 2.39999
      vertex 101.964 22.9636 2.39999
    endloop
  endfacet
  facet normal -0 0 1
    outer loop
      vertex 101.821 24.05 2.39999
      vertex 101.886 23.0521 2.39999
      vertex 101.886 24.1479 2.39999
    endloop
  endfacet
  facet normal 0 0 1
    outer loop
      vertex 101.821 24.05 2.39999
      vertex 101.821 23.15 2.39999
      vertex 101.886 23.0521 2.39999
    endloop
  endfacet
  facet normal -0 0 1
    outer loop
      vertex 101.769 23.9444 2.39999
      vertex 101.821 23.15 2.39999
      vertex 101.821 24.05 2.39999
    endloop
  endfacet
  facet normal 0 0 1
    outer loop
      vertex 101.769 23.9444 2.39999
      vertex 101.769 23.2556 2.39999
      vertex 101.821 23.15 2.39999
    endloop
  endfacet
  facet normal -0 0 1
    outer loop
      vertex 101.731 23.8329 2.39999
      vertex 101.769 23.2556 2.39999
      vertex 101.769 23.9444 2.39999
    endloop
  endfacet
  facet normal 0 0 1
    outer loop
      vertex 101.731 23.8329 2.39999
      vertex 101.731 23.3671 2.39999
      vertex 101.769 23.2556 2.39999
    endloop
  endfacet
  facet normal -0 0 1
    outer loop
      vertex 101.708 23.7175 2.39999
      vertex 101.731 23.3671 2.39999
      vertex 101.731 23.8329 2.39999
    endloop
  endfacet
  facet normal 0 0 1
    outer loop
      vertex 101.708 23.7175 2.39999
      vertex 101.708 23.4825 2.39999
      vertex 101.731 23.3671 2.39999
    endloop
  endfacet
  facet normal 0 -0 1
    outer loop
      vertex 101.708 23.4825 2.39999
      vertex 101.708 23.7175 2.39999
      vertex 101.7 23.6 2.39999
    endloop
  endfacet
  facet normal -1 -0 0
    outer loop
      vertex 105.6 28.711 29.5288
      vertex 105.6 13.0481 2.39999
      vertex 105.6 23.255 32.6788
    endloop
  endfacet
  facet normal -1 0 0
    outer loop
      vertex 105.6 63.6 2.39999
      vertex 105.6 54.3501 65.9371
      vertex 105.6 63.6 74.882
    endloop
  endfacet
  facet normal -1 0 -0
    outer loop
      vertex 105.6 54.3501 65.9371
      vertex 105.6 63.6 2.39999
      vertex 105.6 17.6669 2.39999
    endloop
  endfacet
  facet normal -1 0 0
    outer loop
      vertex 105.6 50.886 67.9371
      vertex 105.6 63.6 74.882
      vertex 105.6 54.3501 65.9371
    endloop
  endfacet
  facet normal -1 0 0
    outer loop
      vertex 105.6 50.886 67.9371
      vertex 105.6 41.3856 74.882
      vertex 105.6 63.6 74.882
    endloop
  endfacet
  facet normal -1 0 0
    outer loop
      vertex 105.6 30.505 45.2362
      vertex 105.6 50.886 67.9371
      vertex 105.6 35.961 42.0862
    endloop
  endfacet
  facet normal -1 -0 0
    outer loop
      vertex 105.6 50.886 67.9371
      vertex 105.6 30.505 45.2362
      vertex 105.6 41.3856 74.882
    endloop
  endfacet
  facet normal -1 0 0
    outer loop
      vertex 105.6 23.255 32.6788
      vertex 105.6 41.3856 74.882
      vertex 105.6 30.505 45.2362
    endloop
  endfacet
  facet normal -1 0 0
    outer loop
      vertex 105.6 2.39999 7.35692
      vertex 105.6 13.0481 2.39999
      vertex 105.6 2.39999 2.39999
    endloop
  endfacet
  facet normal -1 0 0
    outer loop
      vertex 105.6 13.0481 2.39999
      vertex 105.6 2.39999 7.35692
      vertex 105.6 23.255 32.6788
    endloop
  endfacet
  facet normal -1 -0 0
    outer loop
      vertex 105.6 23.255 32.6788
      vertex 105.6 2.39999 7.35692
      vertex 105.6 41.3856 74.882
    endloop
  endfacet
  facet normal 0 0.866041 -0.499972
    outer loop
      vertex 105.6 41.3856 74.882
      vertex 101.65 40.2535 72.921
      vertex 2.4 41.3856 74.882
    endloop
  endfacet
  facet normal 0.000336279 0.865748 -0.50048
    outer loop
      vertex 105.6 41.3856 74.882
      vertex 101.743 40.2504 72.9157
      vertex 101.65 40.2535 72.921
    endloop
  endfacet
  facet normal 3.99514e-05 0.866 -0.500044
    outer loop
      vertex 105.6 41.3856 74.882
      vertex 102.002 40.2419 72.901
      vertex 101.743 40.2504 72.9157
    endloop
  endfacet
  facet normal -0.000157074 0.866155 -0.499776
    outer loop
      vertex 105.6 41.3856 74.882
      vertex 102.094 40.2328 72.8852
      vertex 102.002 40.2419 72.901
    endloop
  endfacet
  facet normal 3.44968e-05 0.866009 -0.500028
    outer loop
      vertex 105.6 41.3856 74.882
      vertex 102.349 40.2075 72.8414
      vertex 102.094 40.2328 72.8852
    endloop
  endfacet
  facet normal 0.000210083 0.865888 -0.500238
    outer loop
      vertex 105.6 41.3856 74.882
      vertex 102.438 40.1924 72.8153
      vertex 102.349 40.2075 72.8414
    endloop
  endfacet
  facet normal -0.000102488 0.866095 -0.499879
    outer loop
      vertex 105.6 41.3856 74.882
      vertex 102.683 40.1507 72.743
      vertex 102.438 40.1924 72.8153
    endloop
  endfacet
  facet normal 0.000168155 0.865935 -0.500156
    outer loop
      vertex 105.6 41.3856 74.882
      vertex 102.916 40.0933 72.6437
      vertex 102.683 40.1507 72.743
    endloop
  endfacet
  facet normal -0.000185058 0.866119 -0.499838
    outer loop
      vertex 105.6 41.3856 74.882
      vertex 103 40.0726 72.6078
      vertex 102.916 40.0933 72.6437
    endloop
  endfacet
  facet normal -0.000256041 0.866154 -0.499778
    outer loop
      vertex 105.6 41.3856 74.882
      vertex 103.078 40.0466 72.5627
      vertex 103 40.0726 72.6078
    endloop
  endfacet
  facet normal -2.0771e-05 0.866043 -0.499969
    outer loop
      vertex 105.6 41.3856 74.882
      vertex 103.294 39.9745 72.4378
      vertex 103.078 40.0466 72.5627
    endloop
  endfacet
  facet normal 0.000253607 0.865931 -0.500164
    outer loop
      vertex 105.6 41.3856 74.882
      vertex 103.489 39.8889 72.2897
      vertex 103.294 39.9745 72.4378
    endloop
  endfacet
  facet normal -0.000678561 0.866259 -0.499594
    outer loop
      vertex 105.6 41.3856 74.882
      vertex 103.559 39.8581 72.2362
      vertex 103.489 39.8889 72.2897
    endloop
  endfacet
  facet normal 0.000657865 0.865813 -0.500367
    outer loop
      vertex 105.6 41.3856 74.882
      vertex 103.621 39.8228 72.1752
      vertex 103.559 39.8581 72.2362
    endloop
  endfacet
  facet normal -0.000217469 0.86609 -0.499888
    outer loop
      vertex 105.6 41.3856 74.882
      vertex 103.792 39.7253 72.0062
      vertex 103.621 39.8228 72.1752
    endloop
  endfacet
  facet normal 0.000803856 0.865812 -0.500369
    outer loop
      vertex 105.6 41.3856 74.882
      vertex 103.844 39.6863 71.9388
      vertex 103.792 39.7253 72.0062
    endloop
  endfacet
  facet normal -0.000371097 0.866116 -0.499843
    outer loop
      vertex 105.6 41.3856 74.882
      vertex 103.988 39.5785 71.7519
      vertex 103.844 39.6863 71.9388
    endloop
  endfacet
  facet normal 0.000269347 0.865973 -0.500091
    outer loop
      vertex 105.6 41.3856 74.882
      vertex 104.103 39.4621 71.5504
      vertex 103.988 39.5785 71.7519
    endloop
  endfacet
  facet normal -0.000365374 0.866096 -0.499877
    outer loop
      vertex 105.6 41.3856 74.882
      vertex 104.144 39.4201 71.4776
      vertex 104.103 39.4621 71.5504
    endloop
  endfacet
  facet normal 7.35808e-06 0.866027 -0.499996
    outer loop
      vertex 105.6 41.3856 74.882
      vertex 104.258 39.2529 71.188
      vertex 104.144 39.4201 71.4776
    endloop
  endfacet
  facet normal 0.00035614 0.865973 -0.500091
    outer loop
      vertex 105.6 41.3856 74.882
      vertex 104.309 39.1256 70.9676
      vertex 104.258 39.2529 71.188
    endloop
  endfacet
  facet normal -0.00112529 0.866184 -0.499725
    outer loop
      vertex 105.6 41.3856 74.882
      vertex 104.327 39.0797 70.888
      vertex 104.309 39.1256 70.9676
    endloop
  endfacet
  facet normal 0.00096281 0.865896 -0.500224
    outer loop
      vertex 105.6 41.3856 74.882
      vertex 104.333 39.0329 70.807
      vertex 104.327 39.0797 70.888
    endloop
  endfacet
  facet normal -0.000417529 0.866082 -0.499902
    outer loop
      vertex 105.6 41.3856 74.882
      vertex 104.35 38.9035 70.5828
      vertex 104.333 39.0329 70.807
    endloop
  endfacet
  facet normal 3.30059e-05 0.866025 -0.500001
    outer loop
      vertex 105.6 41.3856 74.882
      vertex 104.35 5.25346 12.2993
      vertex 104.35 38.9035 70.5828
    endloop
  endfacet
  facet normal -2.18589e-05 0.866024 -0.500002
    outer loop
      vertex 105.6 2.39999 7.35692
      vertex 104.276 4.95 11.7737
      vertex 104.327 5.07725 11.9941
    endloop
  endfacet
  facet normal 6.56693e-05 0.866047 -0.499963
    outer loop
      vertex 105.6 2.39999 7.35692
      vertex 103.216 4.1564 10.3991
      vertex 103.294 4.18243 10.4442
    endloop
  endfacet
  facet normal 0 0.866024 -0.500002
    outer loop
      vertex 101.65 3.90346 9.96099
      vertex 105.6 2.39999 7.35692
      vertex 6.35 3.90346 9.96099
    endloop
  endfacet
  facet normal 6.45925e-06 0.866028 -0.499995
    outer loop
      vertex 102.002 3.91501 9.981
      vertex 105.6 2.39999 7.35692
      vertex 101.65 3.90346 9.96099
    endloop
  endfacet
  facet normal -6.03233e-05 0.865989 -0.500064
    outer loop
      vertex 102.257 3.94032 10.0248
      vertex 105.6 2.39999 7.35692
      vertex 102.002 3.91501 9.981
    endloop
  endfacet
  facet normal 0.00030988 0.866189 -0.499716
    outer loop
      vertex 102.349 3.94946 10.0407
      vertex 105.6 2.39999 7.35692
      vertex 102.257 3.94032 10.0248
    endloop
  endfacet
  facet normal -4.05379e-05 0.866006 -0.500034
    outer loop
      vertex 102.595 3.99116 10.1129
      vertex 105.6 2.39999 7.35692
      vertex 102.349 3.94946 10.0407
    endloop
  endfacet
  facet normal 6.60509e-05 0.866056 -0.499947
    outer loop
      vertex 102.683 4.00622 10.139
      vertex 105.6 2.39999 7.35692
      vertex 102.595 3.99116 10.1129
    endloop
  endfacet
  facet normal 4.85196e-05 0.866048 -0.499961
    outer loop
      vertex 102.767 4.02694 10.1749
      vertex 105.6 2.39999 7.35692
      vertex 102.683 4.00622 10.139
    endloop
  endfacet
  facet normal 2.13582e-05 0.866036 -0.499981
    outer loop
      vertex 103 4.08432 10.2743
      vertex 105.6 2.39999 7.35692
      vertex 102.767 4.02694 10.1749
    endloop
  endfacet
  facet normal -7.29047e-05 0.866 -0.500044
    outer loop
      vertex 103.216 4.1564 10.3991
      vertex 105.6 2.39999 7.35692
      vertex 103 4.08432 10.2743
    endloop
  endfacet
  facet normal -1.41306e-05 0.866021 -0.500008
    outer loop
      vertex 103.364 4.21332 10.4977
      vertex 105.6 2.39999 7.35692
      vertex 103.294 4.18243 10.4442
    endloop
  endfacet
  facet normal 6.71536e-05 0.866046 -0.499964
    outer loop
      vertex 103.559 4.29886 10.6459
      vertex 105.6 2.39999 7.35692
      vertex 103.364 4.21332 10.4977
    endloop
  endfacet
  facet normal -0.000104672 0.866 -0.500044
    outer loop
      vertex 103.621 4.33409 10.7069
      vertex 105.6 2.39999 7.35692
      vertex 103.559 4.29886 10.6459
    endloop
  endfacet
  facet normal -8.35925e-05 0.866005 -0.500035
    outer loop
      vertex 103.792 4.43163 10.8758
      vertex 105.6 2.39999 7.35692
      vertex 103.621 4.33409 10.7069
    endloop
  endfacet
  facet normal 0.000135276 0.866054 -0.49995
    outer loop
      vertex 103.936 4.5395 11.0627
      vertex 105.6 2.39999 7.35692
      vertex 103.792 4.43163 10.8758
    endloop
  endfacet
  facet normal -0.000494853 0.865931 -0.500163
    outer loop
      vertex 103.988 4.57846 11.1301
      vertex 105.6 2.39999 7.35692
      vertex 103.936 4.5395 11.0627
    endloop
  endfacet
  facet normal 0.000136872 0.866048 -0.49996
    outer loop
      vertex 104.03 4.62048 11.2029
      vertex 105.6 2.39999 7.35692
      vertex 103.988 4.57846 11.1301
    endloop
  endfacet
  facet normal -0.000102684 0.866006 -0.500034
    outer loop
      vertex 104.144 4.73684 11.4044
      vertex 105.6 2.39999 7.35692
      vertex 104.03 4.62048 11.2029
    endloop
  endfacet
  facet normal 6.49859e-05 0.866032 -0.499988
    outer loop
      vertex 104.228 4.85969 11.6172
      vertex 105.6 2.39999 7.35692
      vertex 104.144 4.73684 11.4044
    endloop
  endfacet
  facet normal 0.000612173 0.866108 -0.499856
    outer loop
      vertex 104.258 4.90405 11.6941
      vertex 105.6 2.39999 7.35692
      vertex 104.228 4.85969 11.6172
    endloop
  endfacet
  facet normal 0.000139374 0.866045 -0.499966
    outer loop
      vertex 104.276 4.95 11.7737
      vertex 105.6 2.39999 7.35692
      vertex 104.258 4.90405 11.6941
    endloop
  endfacet
  facet normal -3.10186e-05 0.866023 -0.500004
    outer loop
      vertex 104.35 5.25346 12.2993
      vertex 105.6 2.39999 7.35692
      vertex 104.327 5.07725 11.9941
    endloop
  endfacet
  facet normal -9.32779e-06 0.866025 -0.5
    outer loop
      vertex 105.6 2.39999 7.35692
      vertex 104.35 5.25346 12.2993
      vertex 105.6 41.3856 74.882
    endloop
  endfacet
  facet normal 0 0.866041 -0.499972
    outer loop
      vertex 6.35 40.2535 72.921
      vertex 2.4 41.3856 74.882
      vertex 101.65 40.2535 72.921
    endloop
  endfacet
  facet normal -0.000334665 0.865749 -0.500478
    outer loop
      vertex 6.2565 40.2504 72.9157
      vertex 2.4 41.3856 74.882
      vertex 6.35 40.2535 72.921
    endloop
  endfacet
  facet normal -3.9963e-05 0.866 -0.500044
    outer loop
      vertex 5.99758 40.2419 72.901
      vertex 2.4 41.3856 74.882
      vertex 6.2565 40.2504 72.9157
    endloop
  endfacet
  facet normal 0.000157209 0.866155 -0.499776
    outer loop
      vertex 5.90568 40.2328 72.8852
      vertex 2.4 41.3856 74.882
      vertex 5.99758 40.2419 72.901
    endloop
  endfacet
  facet normal -3.45506e-05 0.866009 -0.500028
    outer loop
      vertex 5.65119 40.2075 72.8414
      vertex 2.4 41.3856 74.882
      vertex 5.90568 40.2328 72.8852
    endloop
  endfacet
  facet normal -0.000210514 0.865888 -0.500238
    outer loop
      vertex 5.56246 40.1924 72.8153
      vertex 2.4 41.3856 74.882
      vertex 5.65119 40.2075 72.8414
    endloop
  endfacet
  facet normal 0.00010228 0.866095 -0.49988
    outer loop
      vertex 5.31675 40.1507 72.743
      vertex 2.4 41.3856 74.882
      vertex 5.56246 40.1924 72.8153
    endloop
  endfacet
  facet normal -0.000168293 0.865935 -0.500156
    outer loop
      vertex 5.08404 40.0933 72.6437
      vertex 2.4 41.3856 74.882
      vertex 5.31675 40.1507 72.743
    endloop
  endfacet
  facet normal 0.000184998 0.866119 -0.499839
    outer loop
      vertex 5 40.0726 72.6078
      vertex 2.4 41.3856 74.882
      vertex 5.08404 40.0933 72.6437
    endloop
  endfacet
  facet normal 0.000256219 0.866154 -0.499777
    outer loop
      vertex 4.92209 40.0466 72.5627
      vertex 2.4 41.3856 74.882
      vertex 5 40.0726 72.6078
    endloop
  endfacet
  facet normal 2.07855e-05 0.866043 -0.499969
    outer loop
      vertex 4.70634 39.9745 72.4378
      vertex 2.4 41.3856 74.882
      vertex 4.92209 40.0466 72.5627
    endloop
  endfacet
  facet normal -0.000253531 0.865931 -0.500164
    outer loop
      vertex 4.51126 39.8889 72.2897
      vertex 2.4 41.3856 74.882
      vertex 4.70634 39.9745 72.4378
    endloop
  endfacet
  facet normal 0.00067585 0.866258 -0.499596
    outer loop
      vertex 4.44081 39.8581 72.2362
      vertex 2.4 41.3856 74.882
      vertex 4.51126 39.8889 72.2897
    endloop
  endfacet
  facet normal -0.000659221 0.865813 -0.500368
    outer loop
      vertex 4.37903 39.8228 72.1752
      vertex 2.4 41.3856 74.882
      vertex 4.44081 39.8581 72.2362
    endloop
  endfacet
  facet normal 0.000217401 0.86609 -0.499888
    outer loop
      vertex 4.20794 39.7253 72.0062
      vertex 2.4 41.3856 74.882
      vertex 4.37903 39.8228 72.1752
    endloop
  endfacet
  facet normal -0.000803443 0.865812 -0.500369
    outer loop
      vertex 4.15589 39.6863 71.9388
      vertex 2.4 41.3856 74.882
      vertex 4.20794 39.7253 72.0062
    endloop
  endfacet
  facet normal 0.000370875 0.866116 -0.499843
    outer loop
      vertex 4.01173 39.5785 71.7519
      vertex 2.4 41.3856 74.882
      vertex 4.15589 39.6863 71.9388
    endloop
  endfacet
  facet normal -0.000269665 0.865973 -0.500091
    outer loop
      vertex 3.89697 39.4621 71.5504
      vertex 2.4 41.3856 74.882
      vertex 4.01173 39.5785 71.7519
    endloop
  endfacet
  facet normal 0.00036316 0.866096 -0.499878
    outer loop
      vertex 3.85552 39.4201 71.4776
      vertex 2.4 41.3856 74.882
      vertex 3.89697 39.4621 71.5504
    endloop
  endfacet
  facet normal -7.37422e-06 0.866027 -0.499996
    outer loop
      vertex 3.742 39.2529 71.188
      vertex 2.4 41.3856 74.882
      vertex 3.85552 39.4201 71.4776
    endloop
  endfacet
  facet normal -0.000357175 0.865972 -0.500092
    outer loop
      vertex 3.69138 39.1256 70.9676
      vertex 2.4 41.3856 74.882
      vertex 3.742 39.2529 71.188
    endloop
  endfacet
  facet normal 0.00111802 0.866183 -0.499726
    outer loop
      vertex 3.6731 39.0797 70.888
      vertex 2.4 41.3856 74.882
      vertex 3.69138 39.1256 70.9676
    endloop
  endfacet
  facet normal -0.000958832 0.865896 -0.500223
    outer loop
      vertex 3.66697 39.0329 70.807
      vertex 2.4 41.3856 74.882
      vertex 3.6731 39.0797 70.888
    endloop
  endfacet
  facet normal 0.000417682 0.866082 -0.499902
    outer loop
      vertex 3.65 38.9035 70.5828
      vertex 2.4 41.3856 74.882
      vertex 3.66697 39.0329 70.807
    endloop
  endfacet
  facet normal -3.30059e-05 0.866025 -0.500001
    outer loop
      vertex 3.65 5.25346 12.2993
      vertex 2.4 41.3856 74.882
      vertex 3.65 38.9035 70.5828
    endloop
  endfacet
  facet normal -0.000138464 0.866045 -0.499966
    outer loop
      vertex 2.4 2.39999 7.35692
      vertex 3.72372 4.95 11.7737
      vertex 3.742 4.90405 11.6941
    endloop
  endfacet
  facet normal -6.524e-05 0.866032 -0.499988
    outer loop
      vertex 2.4 2.39999 7.35692
      vertex 3.77212 4.85969 11.6172
      vertex 3.85552 4.73684 11.4044
    endloop
  endfacet
  facet normal 0.000104907 0.866 -0.500044
    outer loop
      vertex 2.4 2.39999 7.35692
      vertex 4.37903 4.33409 10.7069
      vertex 4.44081 4.29886 10.6459
    endloop
  endfacet
  facet normal 6.04224e-05 0.865989 -0.500064
    outer loop
      vertex 2.4 2.39999 7.35692
      vertex 5.74309 3.94032 10.0248
      vertex 5.99758 3.91501 9.981
    endloop
  endfacet
  facet normal 9.32779e-06 0.866025 -0.5
    outer loop
      vertex 3.65 5.25346 12.2993
      vertex 2.4 2.39999 7.35692
      vertex 2.4 41.3856 74.882
    endloop
  endfacet
  facet normal 3.09876e-05 0.866023 -0.500004
    outer loop
      vertex 3.6731 5.07725 11.9941
      vertex 2.4 2.39999 7.35692
      vertex 3.65 5.25346 12.2993
    endloop
  endfacet
  facet normal 2.19327e-05 0.866024 -0.500002
    outer loop
      vertex 3.72372 4.95 11.7737
      vertex 2.4 2.39999 7.35692
      vertex 3.6731 5.07725 11.9941
    endloop
  endfacet
  facet normal -0.00061081 0.866108 -0.499856
    outer loop
      vertex 3.77212 4.85969 11.6172
      vertex 2.4 2.39999 7.35692
      vertex 3.742 4.90405 11.6941
    endloop
  endfacet
  facet normal 0.000102275 0.866006 -0.500033
    outer loop
      vertex 3.97029 4.62048 11.2029
      vertex 2.4 2.39999 7.35692
      vertex 3.85552 4.73684 11.4044
    endloop
  endfacet
  facet normal -0.000137939 0.866049 -0.49996
    outer loop
      vertex 4.01173 4.57846 11.1301
      vertex 2.4 2.39999 7.35692
      vertex 3.97029 4.62048 11.2029
    endloop
  endfacet
  facet normal 0.000494516 0.865931 -0.500162
    outer loop
      vertex 4.06379 4.5395 11.0627
      vertex 2.4 2.39999 7.35692
      vertex 4.01173 4.57846 11.1301
    endloop
  endfacet
  facet normal -0.000135193 0.866054 -0.49995
    outer loop
      vertex 4.20794 4.43163 10.8758
      vertex 2.4 2.39999 7.35692
      vertex 4.06379 4.5395 11.0627
    endloop
  endfacet
  facet normal 8.35643e-05 0.866005 -0.500035
    outer loop
      vertex 4.37903 4.33409 10.7069
      vertex 2.4 2.39999 7.35692
      vertex 4.20794 4.43163 10.8758
    endloop
  endfacet
  facet normal -6.71346e-05 0.866046 -0.499964
    outer loop
      vertex 4.6359 4.21332 10.4977
      vertex 2.4 2.39999 7.35692
      vertex 4.44081 4.29886 10.6459
    endloop
  endfacet
  facet normal 1.40735e-05 0.866021 -0.500007
    outer loop
      vertex 4.70634 4.18243 10.4442
      vertex 2.4 2.39999 7.35692
      vertex 4.6359 4.21332 10.4977
    endloop
  endfacet
  facet normal -6.57193e-05 0.866047 -0.499963
    outer loop
      vertex 4.78425 4.1564 10.3991
      vertex 2.4 2.39999 7.35692
      vertex 4.70634 4.18243 10.4442
    endloop
  endfacet
  facet normal 7.29604e-05 0.866 -0.500044
    outer loop
      vertex 5 4.08432 10.2743
      vertex 2.4 2.39999 7.35692
      vertex 4.78425 4.1564 10.3991
    endloop
  endfacet
  facet normal -2.13768e-05 0.866036 -0.499981
    outer loop
      vertex 5.23272 4.02694 10.1749
      vertex 2.4 2.39999 7.35692
      vertex 5 4.08432 10.2743
    endloop
  endfacet
  facet normal -4.85089e-05 0.866048 -0.499961
    outer loop
      vertex 5.31675 4.00622 10.139
      vertex 2.4 2.39999 7.35692
      vertex 5.23272 4.02694 10.1749
    endloop
  endfacet
  facet normal -6.56369e-05 0.866056 -0.499947
    outer loop
      vertex 5.40548 3.99116 10.1129
      vertex 2.4 2.39999 7.35692
      vertex 5.31675 4.00622 10.139
    endloop
  endfacet
  facet normal 4.05726e-05 0.866006 -0.500034
    outer loop
      vertex 5.65119 3.94946 10.0407
      vertex 2.4 2.39999 7.35692
      vertex 5.40548 3.99116 10.1129
    endloop
  endfacet
  facet normal -0.000310155 0.86619 -0.499715
    outer loop
      vertex 5.74309 3.94032 10.0248
      vertex 2.4 2.39999 7.35692
      vertex 5.65119 3.94946 10.0407
    endloop
  endfacet
  facet normal -6.45217e-06 0.866028 -0.499995
    outer loop
      vertex 6.35 3.90346 9.96099
      vertex 2.4 2.39999 7.35692
      vertex 5.99758 3.91501 9.981
    endloop
  endfacet
  facet normal 0 0.866024 -0.500002
    outer loop
      vertex 2.4 2.39999 7.35692
      vertex 6.35 3.90346 9.96099
      vertex 105.6 2.39999 7.35692
    endloop
  endfacet
  facet normal 0 0 -1
    outer loop
      vertex 2.4 41.3856 74.882
      vertex 105.6 63.6 74.882
      vertex 105.6 41.3856 74.882
    endloop
  endfacet
  facet normal -0 0 -1
    outer loop
      vertex 105.6 63.6 74.882
      vertex 2.4 41.3856 74.882
      vertex 2.4 63.6 74.882
    endloop
  endfacet
  facet normal 0.997859 0.0327036 0.0566443
    outer loop
      vertex 3.65 3.175 13.4993
      vertex 3.6731 5.07725 11.9941
      vertex 3.65 5.25346 12.2993
    endloop
  endfacet
  facet normal 0.997859 0.0327036 0.0566443
    outer loop
      vertex 3.6731 5.07725 11.9941
      vertex 3.65 3.175 13.4993
      vertex 3.6731 2.99879 13.1941
    endloop
  endfacet
  facet normal -0.997851 -0.0326727 -0.0568047
    outer loop
      vertex 104.35 38.9035 70.5828
      vertex 104.334 36.9449 71.9904
      vertex 104.333 39.0329 70.807
    endloop
  endfacet
  facet normal -0.99778 -0.0332954 -0.0576704
    outer loop
      vertex 104.334 36.9449 71.9904
      vertex 104.35 38.9035 70.5828
      vertex 104.35 36.825 71.7828
    endloop
  endfacet
  facet normal -0.55502 0.41593 0.720385
    outer loop
      vertex 103 4.08432 10.2743
      vertex 103.2 2.0726 11.5899
      vertex 103.216 4.1564 10.3991
    endloop
  endfacet
  facet normal -0.555115 0.415888 0.720336
    outer loop
      vertex 103.2 2.0726 11.5899
      vertex 103 4.08432 10.2743
      vertex 103 2.00587 11.4743
    endloop
  endfacet
  facet normal 0.946982 0.160644 0.278243
    outer loop
      vertex 3.742 2.82559 12.8941
      vertex 3.77212 4.85969 11.6172
      vertex 3.742 4.90405 11.6941
    endloop
  endfacet
  facet normal 0.946919 0.160743 0.2784
    outer loop
      vertex 3.77212 4.85969 11.6172
      vertex 3.742 2.82559 12.8941
      vertex 3.7783 2.77213 12.8015
    endloop
  endfacet
  facet normal 0.751869 -0.329636 -0.570993
    outer loop
      vertex 4.36636 37.7371 73.3626
      vertex 4.20794 39.7253 72.0062
      vertex 4.37903 39.8228 72.1752
    endloop
  endfacet
  facet normal 0.751755 -0.329717 -0.571097
    outer loop
      vertex 4.20794 39.7253 72.0062
      vertex 4.36636 37.7371 73.3626
      vertex 4.20794 37.6468 73.2062
    endloop
  endfacet
  facet normal 0.980787 0.0975404 0.168945
    outer loop
      vertex 3.6731 2.99879 13.1941
      vertex 3.72372 4.95 11.7737
      vertex 3.6731 5.07725 11.9941
    endloop
  endfacet
  facet normal 0.980791 0.0975298 0.16893
    outer loop
      vertex 3.72372 4.95 11.7737
      vertex 3.6731 2.99879 13.1941
      vertex 3.71997 2.88097 12.99
    endloop
  endfacet
  facet normal -0.896501 -0.221518 -0.383687
    outer loop
      vertex 104.103 39.4621 71.5504
      vertex 103.988 37.5 72.9519
      vertex 103.988 39.5785 71.7519
    endloop
  endfacet
  facet normal -0.89563 -0.222581 -0.385104
    outer loop
      vertex 103.988 37.5 72.9519
      vertex 104.103 39.4621 71.5504
      vertex 104.095 37.3923 72.7653
    endloop
  endfacet
  facet normal -0.894548 0.22368 0.386977
    outer loop
      vertex 103.988 4.57846 11.1301
      vertex 104.038 2.55064 12.4178
      vertex 104.03 4.62048 11.2029
    endloop
  endfacet
  facet normal -0.896666 0.221354 0.383397
    outer loop
      vertex 104.038 2.55064 12.4178
      vertex 103.988 4.57846 11.1301
      vertex 103.988 2.5 12.3301
    endloop
  endfacet
  facet normal 0.55557 -0.415729 -0.720077
    outer loop
      vertex 5 37.9941 73.8078
      vertex 4.92209 40.0466 72.5627
      vertex 5 40.0726 72.6078
    endloop
  endfacet
  facet normal 0.555732 -0.415668 -0.719987
    outer loop
      vertex 4.92209 40.0466 72.5627
      vertex 5 37.9941 73.8078
      vertex 4.90611 37.9628 73.7534
    endloop
  endfacet
  facet normal 0.0655266 -0.498918 -0.864168
    outer loop
      vertex 6.35 38.175 74.121
      vertex 6.2565 40.2504 72.9157
      vertex 6.35 40.2535 72.921
    endloop
  endfacet
  facet normal 0.065466 -0.498922 -0.86417
    outer loop
      vertex 6.2565 40.2504 72.9157
      vertex 6.35 38.175 74.121
      vertex 6.23732 38.1713 74.1146
    endloop
  endfacet
  facet normal 0.195704 0.490332 0.849279
    outer loop
      vertex 5.65119 1.871 11.2407
      vertex 5.74309 3.94032 10.0248
      vertex 5.65119 3.94946 10.0407
    endloop
  endfacet
  facet normal 0.195274 0.490389 0.849345
    outer loop
      vertex 5.74309 3.94032 10.0248
      vertex 5.65119 1.871 11.2407
      vertex 5.76194 1.85998 11.2216
    endloop
  endfacet
  facet normal -0.322303 -0.473312 -0.819815
    outer loop
      vertex 102.456 38.1109 74.0099
      vertex 102.683 40.1507 72.743
      vertex 102.683 38.0722 73.943
    endloop
  endfacet
  facet normal -0.322469 -0.473268 -0.819775
    outer loop
      vertex 102.683 40.1507 72.743
      vertex 102.456 38.1109 74.0099
      vertex 102.438 40.1924 72.8153
    endloop
  endfacet
  facet normal 0.896924 0.221088 0.382945
    outer loop
      vertex 3.96179 2.55064 12.4178
      vertex 4.01173 4.57846 11.1301
      vertex 3.97029 4.62048 11.2029
    endloop
  endfacet
  facet normal 0.896876 0.221141 0.383027
    outer loop
      vertex 4.01173 4.57846 11.1301
      vertex 3.96179 2.55064 12.4178
      vertex 4.01173 2.5 12.3301
    endloop
  endfacet
  facet normal -0.321505 -0.473425 -0.820063
    outer loop
      vertex 102.349 38.129 74.0414
      vertex 102.438 40.1924 72.8153
      vertex 102.456 38.1109 74.0099
    endloop
  endfacet
  facet normal -0.320884 -0.473553 -0.820232
    outer loop
      vertex 102.438 40.1924 72.8153
      vertex 102.349 38.129 74.0414
      vertex 102.349 40.2075 72.8414
    endloop
  endfacet
  facet normal 0.83154 0.277723 0.481051
    outer loop
      vertex 4.07447 2.45305 12.2488
      vertex 4.20794 4.43163 10.8758
      vertex 4.06379 4.5395 11.0627
    endloop
  endfacet
  facet normal 0.831483 0.277775 0.481121
    outer loop
      vertex 4.20794 4.43163 10.8758
      vertex 4.07447 2.45305 12.2488
      vertex 4.20794 2.35317 12.0758
    endloop
  endfacet
  facet normal -0.443035 -0.448246 -0.776399
    outer loop
      vertex 102.899 38.0191 73.851
      vertex 103 40.0726 72.6078
      vertex 103 37.9941 73.8078
    endloop
  endfacet
  facet normal -0.442427 -0.448424 -0.776643
    outer loop
      vertex 103 40.0726 72.6078
      vertex 102.899 38.0191 73.851
      vertex 102.916 40.0933 72.6437
    endloop
  endfacet
  facet normal -0.661698 0.374739 0.649405
    outer loop
      vertex 103.294 4.18243 10.4442
      vertex 103.379 2.1412 11.7087
      vertex 103.364 4.21332 10.4977
    endloop
  endfacet
  facet normal -0.658999 0.376072 0.651376
    outer loop
      vertex 103.379 2.1412 11.7087
      vertex 103.294 4.18243 10.4442
      vertex 103.294 2.10397 11.6442
    endloop
  endfacet
  facet normal -0.194588 0.490463 0.849459
    outer loop
      vertex 102.002 3.91501 9.981
      vertex 102.238 1.85998 11.2216
      vertex 102.257 3.94032 10.0248
    endloop
  endfacet
  facet normal -0.19482 0.49042 0.849431
    outer loop
      vertex 102.238 1.85998 11.2216
      vertex 102.002 3.91501 9.981
      vertex 102.002 1.83655 11.181
    endloop
  endfacet
  facet normal 0.0654182 0.498929 0.86417
    outer loop
      vertex 5.99758 1.83655 11.181
      vertex 6.35 3.90346 9.96099
      vertex 5.99758 3.91501 9.981
    endloop
  endfacet
  facet normal 0.0653938 0.498933 0.86417
    outer loop
      vertex 6.35 3.90346 9.96099
      vertex 5.99758 1.83655 11.181
      vertex 6.35 1.825 11.161
    endloop
  endfacet
  facet normal -0.555283 -0.415819 -0.720247
    outer loop
      vertex 103 37.9941 73.8078
      vertex 103.078 40.0466 72.5627
      vertex 103.094 37.9628 73.7534
    endloop
  endfacet
  facet normal -0.555126 -0.415877 -0.720334
    outer loop
      vertex 103.078 40.0466 72.5627
      vertex 103 37.9941 73.8078
      vertex 103 40.0726 72.6078
    endloop
  endfacet
  facet normal -0.98051 -0.0982337 -0.170149
    outer loop
      vertex 104.309 39.1256 70.9676
      vertex 104.258 37.1744 72.388
      vertex 104.258 39.2529 71.188
    endloop
  endfacet
  facet normal -0.980685 -0.0977103 -0.169436
    outer loop
      vertex 104.258 37.1744 72.388
      vertex 104.309 39.1256 70.9676
      vertex 104.305 37.0566 72.1839
    endloop
  endfacet
  facet normal 0.659297 -0.375936 -0.651152
    outer loop
      vertex 4.70634 37.896 73.6378
      vertex 4.51126 39.8889 72.2897
      vertex 4.70634 39.9745 72.4378
    endloop
  endfacet
  facet normal 0.659167 -0.37601 -0.651242
    outer loop
      vertex 4.51126 39.8889 72.2897
      vertex 4.70634 37.896 73.6378
      vertex 4.52571 37.8168 73.5007
    endloop
  endfacet
  facet normal 0.98078 -0.0975594 -0.168978
    outer loop
      vertex 3.69513 37.0566 72.1839
      vertex 3.6731 39.0797 70.888
      vertex 3.69138 39.1256 70.9676
    endloop
  endfacet
  facet normal 0.980785 -0.0975442 -0.168955
    outer loop
      vertex 3.6731 39.0797 70.888
      vertex 3.69513 37.0566 72.1839
      vertex 3.6731 37.0012 72.088
    endloop
  endfacet
  facet normal 1 0 0
    outer loop
      vertex 3.65 36.825 71.7828
      vertex 3.65 5.25346 12.2993
      vertex 3.65 38.9035 70.5828
    endloop
  endfacet
  facet normal 1 0 -0
    outer loop
      vertex 3.65 5.25346 12.2993
      vertex 3.65 36.825 71.7828
      vertex 3.65 3.175 13.4993
    endloop
  endfacet
  facet normal -0.555237 0.415846 0.720266
    outer loop
      vertex 103.216 4.1564 10.3991
      vertex 103.294 2.10397 11.6442
      vertex 103.294 4.18243 10.4442
    endloop
  endfacet
  facet normal -0.554967 0.415947 0.720416
    outer loop
      vertex 103.294 2.10397 11.6442
      vertex 103.216 4.1564 10.3991
      vertex 103.2 2.0726 11.5899
    endloop
  endfacet
  facet normal 0.442314 0.448432 0.776703
    outer loop
      vertex 5 2.00587 11.4743
      vertex 5.23272 4.02694 10.1749
      vertex 5 4.08432 10.2743
    endloop
  endfacet
  facet normal 0.442516 0.448361 0.776629
    outer loop
      vertex 5.23272 4.02694 10.1749
      vertex 5 2.00587 11.4743
      vertex 5.21548 1.95273 11.3822
    endloop
  endfacet
  facet normal -0 0.500003 0.866023
    outer loop
      vertex 6.35 3.90346 9.96099
      vertex 101.65 1.825 11.161
      vertex 101.65 3.90346 9.96099
    endloop
  endfacet
  facet normal 0 0.500003 0.866023
    outer loop
      vertex 101.65 1.825 11.161
      vertex 6.35 3.90346 9.96099
      vertex 6.35 1.825 11.161
    endloop
  endfacet
  facet normal 0.896868 -0.221146 -0.383043
    outer loop
      vertex 4.01173 37.5 72.9519
      vertex 3.89697 39.4621 71.5504
      vertex 4.01173 39.5785 71.7519
    endloop
  endfacet
  facet normal 0.896854 -0.221164 -0.383067
    outer loop
      vertex 3.89697 39.4621 71.5504
      vertex 4.01173 37.5 72.9519
      vertex 3.90547 37.3923 72.7653
    endloop
  endfacet
  facet normal 0.751758 0.32972 0.571091
    outer loop
      vertex 4.20794 2.35317 12.0758
      vertex 4.37903 4.33409 10.7069
      vertex 4.20794 4.43163 10.8758
    endloop
  endfacet
  facet normal 0.751773 0.329709 0.571078
    outer loop
      vertex 4.37903 4.33409 10.7069
      vertex 4.20794 2.35317 12.0758
      vertex 4.36636 2.26285 11.9194
    endloop
  endfacet
  facet normal 0.32176 -0.473404 -0.819975
    outer loop
      vertex 5.65119 38.129 74.0414
      vertex 5.56246 40.1924 72.8153
      vertex 5.65119 40.2075 72.8414
    endloop
  endfacet
  facet normal 0.321693 -0.473418 -0.819993
    outer loop
      vertex 5.56246 40.1924 72.8153
      vertex 5.65119 38.129 74.0414
      vertex 5.54426 38.1109 74.0099
    endloop
  endfacet
  facet normal -0.194455 -0.490465 -0.849489
    outer loop
      vertex 102.002 38.1635 74.101
      vertex 102.094 40.2328 72.8852
      vertex 102.113 38.1524 74.082
    endloop
  endfacet
  facet normal -0.194406 -0.490471 -0.849496
    outer loop
      vertex 102.094 40.2328 72.8852
      vertex 102.002 38.1635 74.101
      vertex 102.002 40.2419 72.901
    endloop
  endfacet
  facet normal 0.442085 -0.44848 -0.776805
    outer loop
      vertex 5 40.0726 72.6078
      vertex 5.10127 38.0191 73.851
      vertex 5 37.9941 73.8078
    endloop
  endfacet
  facet normal 0.442258 -0.44843 -0.776736
    outer loop
      vertex 5.10127 38.0191 73.851
      vertex 5 40.0726 72.6078
      vertex 5.08404 40.0933 72.6437
    endloop
  endfacet
  facet normal -0.898762 -0.219351 -0.379622
    outer loop
      vertex 104.144 39.4201 71.4776
      vertex 104.095 37.3923 72.7653
      vertex 104.103 39.4621 71.5504
    endloop
  endfacet
  facet normal -0.900216 -0.217719 -0.377107
    outer loop
      vertex 104.095 37.3923 72.7653
      vertex 104.144 39.4201 71.4776
      vertex 104.144 37.3416 72.6776
    endloop
  endfacet
  facet normal -0.65945 -0.375869 -0.651036
    outer loop
      vertex 103.489 39.8889 72.2897
      vertex 103.294 37.896 73.6378
      vertex 103.294 39.9745 72.4378
    endloop
  endfacet
  facet normal -0.660468 -0.375295 -0.650335
    outer loop
      vertex 103.294 37.896 73.6378
      vertex 103.489 39.8889 72.2897
      vertex 103.474 37.8168 73.5007
    endloop
  endfacet
  facet normal -0.75082 -0.330249 -0.572018
    outer loop
      vertex 103.621 39.8228 72.1752
      vertex 103.559 37.7796 73.4362
      vertex 103.559 39.8581 72.2362
    endloop
  endfacet
  facet normal -0.749797 -0.330882 -0.572993
    outer loop
      vertex 103.559 37.7796 73.4362
      vertex 103.621 39.8228 72.1752
      vertex 103.634 37.7371 73.3626
    endloop
  endfacet
  facet normal 0.98079 0.0975325 0.168935
    outer loop
      vertex 3.71997 2.88097 12.99
      vertex 3.742 4.90405 11.6941
      vertex 3.72372 4.95 11.7737
    endloop
  endfacet
  facet normal 0.980782 0.0975541 0.168968
    outer loop
      vertex 3.742 4.90405 11.6941
      vertex 3.71997 2.88097 12.99
      vertex 3.742 2.82559 12.8941
    endloop
  endfacet
  facet normal 0.980791 -0.0975298 -0.16893
    outer loop
      vertex 3.742 37.1744 72.388
      vertex 3.69138 39.1256 70.9676
      vertex 3.742 39.2529 71.188
    endloop
  endfacet
  facet normal 0.980789 -0.0975349 -0.168937
    outer loop
      vertex 3.69138 39.1256 70.9676
      vertex 3.742 37.1744 72.388
      vertex 3.69513 37.0566 72.1839
    endloop
  endfacet
  facet normal 0.946925 -0.160725 -0.27839
    outer loop
      vertex 3.85552 37.3416 72.6776
      vertex 3.742 39.2529 71.188
      vertex 3.85552 39.4201 71.4776
    endloop
  endfacet
  facet normal 0.946925 -0.160725 -0.27839
    outer loop
      vertex 3.742 39.2529 71.188
      vertex 3.85552 37.3416 72.6776
      vertex 3.742 37.1744 72.388
    endloop
  endfacet
  facet normal 0 -0.499993 -0.866029
    outer loop
      vertex 6.35 38.175 74.121
      vertex 101.65 40.2535 72.921
      vertex 101.65 38.175 74.121
    endloop
  endfacet
  facet normal -0 -0.499993 -0.866029
    outer loop
      vertex 101.65 40.2535 72.921
      vertex 6.35 38.175 74.121
      vertex 6.35 40.2535 72.921
    endloop
  endfacet
  facet normal -0.750658 0.330266 0.572221
    outer loop
      vertex 103.559 4.29886 10.6459
      vertex 103.634 2.26285 11.9194
      vertex 103.621 4.33409 10.7069
    endloop
  endfacet
  facet normal -0.749346 0.33109 0.573462
    outer loop
      vertex 103.634 2.26285 11.9194
      vertex 103.559 4.29886 10.6459
      vertex 103.559 2.22041 11.8459
    endloop
  endfacet
  facet normal -0.659574 0.375821 0.650938
    outer loop
      vertex 103.364 4.21332 10.4977
      vertex 103.559 2.22041 11.8459
      vertex 103.559 4.29886 10.6459
    endloop
  endfacet
  facet normal -0.660684 0.375195 0.650174
    outer loop
      vertex 103.559 2.22041 11.8459
      vertex 103.364 4.21332 10.4977
      vertex 103.379 2.1412 11.7087
    endloop
  endfacet
  facet normal -0.75193 0.329622 0.570922
    outer loop
      vertex 103.621 4.33409 10.7069
      vertex 103.792 2.35317 12.0758
      vertex 103.792 4.43163 10.8758
    endloop
  endfacet
  facet normal -0.75264 0.329115 0.570277
    outer loop
      vertex 103.792 2.35317 12.0758
      vertex 103.621 4.33409 10.7069
      vertex 103.634 2.26285 11.9194
    endloop
  endfacet
  facet normal -0.831557 0.27772 0.481024
    outer loop
      vertex 103.936 4.5395 11.0627
      vertex 103.988 2.5 12.3301
      vertex 103.988 4.57846 11.1301
    endloop
  endfacet
  facet normal -0.834457 0.27536 0.477346
    outer loop
      vertex 103.988 2.5 12.3301
      vertex 103.936 4.5395 11.0627
      vertex 103.926 2.45305 12.2488
    endloop
  endfacet
  facet normal 0.442386 0.448394 0.776684
    outer loop
      vertex 5.21548 1.95273 11.3822
      vertex 5.31675 4.00622 10.139
      vertex 5.23272 4.02694 10.1749
    endloop
  endfacet
  facet normal 0.441978 0.448513 0.776847
    outer loop
      vertex 5.31675 4.00622 10.139
      vertex 5.21548 1.95273 11.3822
      vertex 5.31675 1.92776 11.339
    endloop
  endfacet
  facet normal -0.441886 0.448537 0.776885
    outer loop
      vertex 102.767 4.02694 10.1749
      vertex 103 2.00587 11.4743
      vertex 103 4.08432 10.2743
    endloop
  endfacet
  facet normal -0.44331 0.448037 0.776363
    outer loop
      vertex 103 2.00587 11.4743
      vertex 102.767 4.02694 10.1749
      vertex 102.785 1.95273 11.3822
    endloop
  endfacet
  facet normal -0.195499 0.490352 0.849314
    outer loop
      vertex 102.257 3.94032 10.0248
      vertex 102.349 1.871 11.2407
      vertex 102.349 3.94946 10.0407
    endloop
  endfacet
  facet normal -0.194851 0.490439 0.849413
    outer loop
      vertex 102.349 1.871 11.2407
      vertex 102.257 3.94032 10.0248
      vertex 102.238 1.85998 11.2216
    endloop
  endfacet
  facet normal -0.320995 0.473615 0.820153
    outer loop
      vertex 102.349 3.94946 10.0407
      vertex 102.576 1.90961 11.3075
      vertex 102.595 3.99116 10.1129
    endloop
  endfacet
  facet normal -0.321811 0.473402 0.819956
    outer loop
      vertex 102.576 1.90961 11.3075
      vertex 102.349 3.94946 10.0407
      vertex 102.349 1.871 11.2407
    endloop
  endfacet
  facet normal 0.442159 -0.448455 -0.776778
    outer loop
      vertex 5.08404 40.0933 72.6437
      vertex 5.31675 38.0722 73.943
      vertex 5.10127 38.0191 73.851
    endloop
  endfacet
  facet normal 0.442092 -0.448479 -0.776802
    outer loop
      vertex 5.31675 38.0722 73.943
      vertex 5.08404 40.0933 72.6437
      vertex 5.31675 40.1507 72.743
    endloop
  endfacet
  facet normal 0.555658 -0.4157 -0.720026
    outer loop
      vertex 4.70634 39.9745 72.4378
      vertex 4.90611 37.9628 73.7534
      vertex 4.70634 37.896 73.6378
    endloop
  endfacet
  facet normal 0.555722 -0.415671 -0.719993
    outer loop
      vertex 4.90611 37.9628 73.7534
      vertex 4.70634 39.9745 72.4378
      vertex 4.92209 40.0466 72.5627
    endloop
  endfacet
  facet normal -0.831623 -0.277666 -0.480941
    outer loop
      vertex 103.844 39.6863 71.9388
      vertex 103.792 37.6468 73.2062
      vertex 103.792 39.7253 72.0062
    endloop
  endfacet
  facet normal -0.830298 -0.278736 -0.482608
    outer loop
      vertex 103.792 37.6468 73.2062
      vertex 103.844 39.6863 71.9388
      vertex 103.855 37.5999 73.1249
    endloop
  endfacet
  facet normal -0.831766 -0.277658 -0.480699
    outer loop
      vertex 103.988 39.5785 71.7519
      vertex 103.855 37.5999 73.1249
      vertex 103.844 39.6863 71.9388
    endloop
  endfacet
  facet normal -0.832399 -0.277084 -0.479933
    outer loop
      vertex 103.855 37.5999 73.1249
      vertex 103.988 39.5785 71.7519
      vertex 103.988 37.5 72.9519
    endloop
  endfacet
  facet normal -0.997949 -0.0320029 -0.0554316
    outer loop
      vertex 104.333 39.0329 70.807
      vertex 104.327 37.0012 72.088
      vertex 104.327 39.0797 70.888
    endloop
  endfacet
  facet normal -0.998076 -0.030935 -0.0537386
    outer loop
      vertex 104.327 37.0012 72.088
      vertex 104.333 39.0329 70.807
      vertex 104.334 36.9449 71.9904
    endloop
  endfacet
  facet normal -0.981348 -0.0960118 -0.166549
    outer loop
      vertex 104.327 39.0797 70.888
      vertex 104.305 37.0566 72.1839
      vertex 104.309 39.1256 70.9676
    endloop
  endfacet
  facet normal -0.980836 -0.0974164 -0.168733
    outer loop
      vertex 104.305 37.0566 72.1839
      vertex 104.327 39.0797 70.888
      vertex 104.327 37.0012 72.088
    endloop
  endfacet
  facet normal -0.94651 -0.161334 -0.279444
    outer loop
      vertex 104.258 39.2529 71.188
      vertex 104.144 37.3416 72.6776
      vertex 104.144 39.4201 71.4776
    endloop
  endfacet
  facet normal -0.94651 -0.161334 -0.279444
    outer loop
      vertex 104.144 37.3416 72.6776
      vertex 104.258 39.2529 71.188
      vertex 104.258 37.1744 72.388
    endloop
  endfacet
  facet normal -0.19476 -0.490419 -0.849446
    outer loop
      vertex 102.113 38.1524 74.082
      vertex 102.349 40.2075 72.8414
      vertex 102.349 38.129 74.0414
    endloop
  endfacet
  facet normal -0.19457 -0.490454 -0.849469
    outer loop
      vertex 102.349 40.2075 72.8414
      vertex 102.113 38.1524 74.082
      vertex 102.094 40.2328 72.8852
    endloop
  endfacet
  facet normal -0.555216 -0.415847 -0.720282
    outer loop
      vertex 103.094 37.9628 73.7534
      vertex 103.294 39.9745 72.4378
      vertex 103.294 37.896 73.6378
    endloop
  endfacet
  facet normal -0.555277 -0.41582 -0.72025
    outer loop
      vertex 103.294 39.9745 72.4378
      vertex 103.094 37.9628 73.7534
      vertex 103.078 40.0466 72.5627
    endloop
  endfacet
  facet normal -0.441302 -0.448709 -0.777118
    outer loop
      vertex 102.683 38.0722 73.943
      vertex 102.916 40.0933 72.6437
      vertex 102.899 38.0191 73.851
    endloop
  endfacet
  facet normal -0.441649 -0.448588 -0.776991
    outer loop
      vertex 102.916 40.0933 72.6437
      vertex 102.683 38.0722 73.943
      vertex 102.683 40.1507 72.743
    endloop
  endfacet
  facet normal 0.751821 0.329681 0.57103
    outer loop
      vertex 4.36636 2.26285 11.9194
      vertex 4.44081 4.29886 10.6459
      vertex 4.37903 4.33409 10.7069
    endloop
  endfacet
  facet normal 0.751759 0.329721 0.57109
    outer loop
      vertex 4.44081 4.29886 10.6459
      vertex 4.36636 2.26285 11.9194
      vertex 4.44081 2.22041 11.8459
    endloop
  endfacet
  facet normal 0.99786 -0.0326933 -0.0566276
    outer loop
      vertex 3.6731 37.0012 72.088
      vertex 3.66697 39.0329 70.807
      vertex 3.6731 39.0797 70.888
    endloop
  endfacet
  facet normal 0.997856 -0.0327249 -0.0566777
    outer loop
      vertex 3.66697 39.0329 70.807
      vertex 3.6731 37.0012 72.088
      vertex 3.66571 36.9449 71.9904
    endloop
  endfacet
  facet normal 0.997858 -0.0327095 -0.0566505
    outer loop
      vertex 3.66571 36.9449 71.9904
      vertex 3.65 38.9035 70.5828
      vertex 3.66697 39.0329 70.807
    endloop
  endfacet
  facet normal 0.99786 -0.0326945 -0.0566296
    outer loop
      vertex 3.65 38.9035 70.5828
      vertex 3.66571 36.9449 71.9904
      vertex 3.65 36.825 71.7828
    endloop
  endfacet
  facet normal 0.896861 -0.221156 -0.383054
    outer loop
      vertex 3.90547 37.3923 72.7653
      vertex 3.85552 39.4201 71.4776
      vertex 3.89697 39.4621 71.5504
    endloop
  endfacet
  facet normal 0.896893 -0.22112 -0.382999
    outer loop
      vertex 3.85552 39.4201 71.4776
      vertex 3.90547 37.3923 72.7653
      vertex 3.85552 37.3416 72.6776
    endloop
  endfacet
  facet normal 0.896838 0.22118 0.383095
    outer loop
      vertex 3.85552 2.65838 12.6044
      vertex 3.97029 4.62048 11.2029
      vertex 3.85552 4.73684 11.4044
    endloop
  endfacet
  facet normal 0.896853 0.221161 0.383069
    outer loop
      vertex 3.97029 4.62048 11.2029
      vertex 3.85552 2.65838 12.6044
      vertex 3.96179 2.55064 12.4178
    endloop
  endfacet
  facet normal 0.946941 0.160711 0.278343
    outer loop
      vertex 3.7783 2.77213 12.8015
      vertex 3.85552 4.73684 11.4044
      vertex 3.77212 4.85969 11.6172
    endloop
  endfacet
  facet normal 0.946967 0.160665 0.278281
    outer loop
      vertex 3.85552 4.73684 11.4044
      vertex 3.7783 2.77213 12.8015
      vertex 3.85552 2.65838 12.6044
    endloop
  endfacet
  facet normal 0.831481 -0.277772 -0.481126
    outer loop
      vertex 4.14521 37.5999 73.1249
      vertex 4.01173 39.5785 71.7519
      vertex 4.15589 39.6863 71.9388
    endloop
  endfacet
  facet normal 0.831477 -0.277776 -0.481131
    outer loop
      vertex 4.01173 39.5785 71.7519
      vertex 4.14521 37.5999 73.1249
      vertex 4.01173 37.5 72.9519
    endloop
  endfacet
  facet normal 0.195046 -0.49039 -0.849397
    outer loop
      vertex 5.65119 40.2075 72.8414
      vertex 5.88683 38.1524 74.082
      vertex 5.65119 38.129 74.0414
    endloop
  endfacet
  facet normal 0.194945 -0.490409 -0.849409
    outer loop
      vertex 5.88683 38.1524 74.082
      vertex 5.65119 40.2075 72.8414
      vertex 5.90568 40.2328 72.8852
    endloop
  endfacet
  facet normal 0.0652562 -0.498945 -0.864173
    outer loop
      vertex 5.99758 40.2419 72.901
      vertex 6.23732 38.1713 74.1146
      vertex 5.99758 38.1635 74.101
    endloop
  endfacet
  facet normal 0.0654417 -0.498923 -0.864172
    outer loop
      vertex 6.23732 38.1713 74.1146
      vertex 5.99758 40.2419 72.901
      vertex 6.2565 40.2504 72.9157
    endloop
  endfacet
  facet normal -0.94737 0.16007 0.277249
    outer loop
      vertex 104.228 4.85969 11.6172
      vertex 104.258 2.82559 12.8941
      vertex 104.258 4.90405 11.6941
    endloop
  endfacet
  facet normal -0.947725 0.159506 0.27636
    outer loop
      vertex 104.258 2.82559 12.8941
      vertex 104.228 4.85969 11.6172
      vertex 104.222 2.77213 12.8015
    endloop
  endfacet
  facet normal -0.981357 0.0959852 0.166506
    outer loop
      vertex 104.258 4.90405 11.6941
      vertex 104.28 2.88097 12.99
      vertex 104.276 4.95 11.7737
    endloop
  endfacet
  facet normal -0.980833 0.0974263 0.168747
    outer loop
      vertex 104.28 2.88097 12.99
      vertex 104.258 4.90405 11.6941
      vertex 104.258 2.82559 12.8941
    endloop
  endfacet
  facet normal 0.321164 0.473512 0.820146
    outer loop
      vertex 5.65119 3.94946 10.0407
      vertex 5.42368 1.90961 11.3075
      vertex 5.65119 1.871 11.2407
    endloop
  endfacet
  facet normal 0.321335 0.473467 0.820105
    outer loop
      vertex 5.42368 1.90961 11.3075
      vertex 5.65119 3.94946 10.0407
      vertex 5.40548 3.99116 10.1129
    endloop
  endfacet
  facet normal 0.321569 0.473443 0.820028
    outer loop
      vertex 5.31675 1.92776 11.339
      vertex 5.40548 3.99116 10.1129
      vertex 5.31675 4.00622 10.139
    endloop
  endfacet
  facet normal 0.321892 0.473377 0.819939
    outer loop
      vertex 5.40548 3.99116 10.1129
      vertex 5.31675 1.92776 11.339
      vertex 5.42368 1.90961 11.3075
    endloop
  endfacet
  facet normal -0.831807 0.277323 0.480821
    outer loop
      vertex 103.792 4.43163 10.8758
      vertex 103.926 2.45305 12.2488
      vertex 103.936 4.5395 11.0627
    endloop
  endfacet
  facet normal -0.830464 0.278536 0.482439
    outer loop
      vertex 103.926 2.45305 12.2488
      vertex 103.792 4.43163 10.8758
      vertex 103.792 2.35317 12.0758
    endloop
  endfacet
  facet normal 0.831377 -0.277851 -0.481261
    outer loop
      vertex 4.20794 37.6468 73.2062
      vertex 4.15589 39.6863 71.9388
      vertex 4.20794 39.7253 72.0062
    endloop
  endfacet
  facet normal 0.831403 -0.277829 -0.481227
    outer loop
      vertex 4.15589 39.6863 71.9388
      vertex 4.20794 37.6468 73.2062
      vertex 4.14521 37.5999 73.1249
    endloop
  endfacet
  facet normal -0.323957 0.473036 0.819322
    outer loop
      vertex 102.595 3.99116 10.1129
      vertex 102.683 1.92776 11.339
      vertex 102.683 4.00622 10.139
    endloop
  endfacet
  facet normal -0.321703 0.4735 0.819942
    outer loop
      vertex 102.683 1.92776 11.339
      vertex 102.595 3.99116 10.1129
      vertex 102.576 1.90961 11.3075
    endloop
  endfacet
  facet normal -0.442513 0.44824 0.7767
    outer loop
      vertex 102.683 4.00622 10.139
      vertex 102.785 1.95273 11.3822
      vertex 102.767 4.02694 10.1749
    endloop
  endfacet
  facet normal -0.439428 0.449139 0.777931
    outer loop
      vertex 102.785 1.95273 11.3822
      vertex 102.683 4.00622 10.139
      vertex 102.683 1.92776 11.339
    endloop
  endfacet
  facet normal -0.0654959 0.498927 0.864166
    outer loop
      vertex 101.65 3.90346 9.96099
      vertex 102.002 1.83655 11.181
      vertex 102.002 3.91501 9.981
    endloop
  endfacet
  facet normal -0.0654715 0.498931 0.864165
    outer loop
      vertex 102.002 1.83655 11.181
      vertex 101.65 3.90346 9.96099
      vertex 101.65 1.825 11.161
    endloop
  endfacet
  facet normal 0.321655 -0.473422 -0.820006
    outer loop
      vertex 5.31675 40.1507 72.743
      vertex 5.54426 38.1109 74.0099
      vertex 5.31675 38.0722 73.943
    endloop
  endfacet
  facet normal 0.321634 -0.473427 -0.820011
    outer loop
      vertex 5.54426 38.1109 74.0099
      vertex 5.31675 40.1507 72.743
      vertex 5.56246 40.1924 72.8153
    endloop
  endfacet
  facet normal -1 0 0
    outer loop
      vertex 104.35 5.25346 12.2993
      vertex 104.35 36.825 71.7828
      vertex 104.35 38.9035 70.5828
    endloop
  endfacet
  facet normal -1 0 0
    outer loop
      vertex 104.35 36.825 71.7828
      vertex 104.35 5.25346 12.2993
      vertex 104.35 3.175 13.4993
    endloop
  endfacet
  facet normal -0.0654574 -0.498939 -0.864162
    outer loop
      vertex 101.763 38.1713 74.1146
      vertex 102.002 40.2419 72.901
      vertex 102.002 38.1635 74.101
    endloop
  endfacet
  facet normal -0.0654216 -0.498943 -0.864162
    outer loop
      vertex 102.002 40.2419 72.901
      vertex 101.763 38.1713 74.1146
      vertex 101.743 40.2504 72.9157
    endloop
  endfacet
  facet normal -0.0652814 -0.498947 -0.864171
    outer loop
      vertex 101.65 38.175 74.121
      vertex 101.743 40.2504 72.9157
      vertex 101.763 38.1713 74.1146
    endloop
  endfacet
  facet normal -0.0658774 -0.498907 -0.864148
    outer loop
      vertex 101.743 40.2504 72.9157
      vertex 101.65 38.175 74.121
      vertex 101.65 40.2535 72.921
    endloop
  endfacet
  facet normal 0.555557 0.415741 0.72008
    outer loop
      vertex 5 4.08432 10.2743
      vertex 4.80023 2.0726 11.5899
      vertex 5 2.00587 11.4743
    endloop
  endfacet
  facet normal 0.555465 0.415781 0.720128
    outer loop
      vertex 4.80023 2.0726 11.5899
      vertex 5 4.08432 10.2743
      vertex 4.78425 4.1564 10.3991
    endloop
  endfacet
  facet normal 0.659365 0.375918 0.651094
    outer loop
      vertex 4.62145 2.1412 11.7087
      vertex 4.70634 4.18243 10.4442
      vertex 4.6359 4.21332 10.4977
    endloop
  endfacet
  facet normal 0.659481 0.375861 0.651009
    outer loop
      vertex 4.70634 4.18243 10.4442
      vertex 4.62145 2.1412 11.7087
      vertex 4.70634 2.10397 11.6442
    endloop
  endfacet
  facet normal 0.831261 0.277941 0.481408
    outer loop
      vertex 4.01173 2.5 12.3301
      vertex 4.06379 4.5395 11.0627
      vertex 4.01173 4.57846 11.1301
    endloop
  endfacet
  facet normal 0.831431 0.277804 0.481194
    outer loop
      vertex 4.06379 4.5395 11.0627
      vertex 4.01173 2.5 12.3301
      vertex 4.07447 2.45305 12.2488
    endloop
  endfacet
  facet normal 0.751983 -0.329586 -0.570871
    outer loop
      vertex 4.44081 37.7796 73.4362
      vertex 4.37903 39.8228 72.1752
      vertex 4.44081 39.8581 72.2362
    endloop
  endfacet
  facet normal 0.752207 -0.329447 -0.570657
    outer loop
      vertex 4.37903 39.8228 72.1752
      vertex 4.44081 37.7796 73.4362
      vertex 4.36636 37.7371 73.3626
    endloop
  endfacet
  facet normal 0.65904 -0.376066 -0.651337
    outer loop
      vertex 4.52571 37.8168 73.5007
      vertex 4.44081 39.8581 72.2362
      vertex 4.51126 39.8889 72.2897
    endloop
  endfacet
  facet normal 0.659363 -0.375907 -0.651103
    outer loop
      vertex 4.44081 39.8581 72.2362
      vertex 4.52571 37.8168 73.5007
      vertex 4.44081 37.7796 73.4362
    endloop
  endfacet
  facet normal 0.194609 -0.490451 -0.849461
    outer loop
      vertex 5.99758 38.1635 74.101
      vertex 5.90568 40.2328 72.8852
      vertex 5.99758 40.2419 72.901
    endloop
  endfacet
  facet normal 0.194877 -0.490415 -0.849421
    outer loop
      vertex 5.90568 40.2328 72.8852
      vertex 5.99758 38.1635 74.101
      vertex 5.88683 38.1524 74.082
    endloop
  endfacet
  facet normal -0.898014 0.219984 0.381023
    outer loop
      vertex 104.03 4.62048 11.2029
      vertex 104.144 2.65838 12.6044
      vertex 104.144 4.73684 11.4044
    endloop
  endfacet
  facet normal -0.897299 0.220863 0.382196
    outer loop
      vertex 104.144 2.65838 12.6044
      vertex 104.03 4.62048 11.2029
      vertex 104.038 2.55064 12.4178
    endloop
  endfacet
  facet normal -0.946235 0.16167 0.280181
    outer loop
      vertex 104.144 4.73684 11.4044
      vertex 104.222 2.77213 12.8015
      vertex 104.228 4.85969 11.6172
    endloop
  endfacet
  facet normal -0.945976 0.162118 0.280797
    outer loop
      vertex 104.222 2.77213 12.8015
      vertex 104.144 4.73684 11.4044
      vertex 104.144 2.65838 12.6044
    endloop
  endfacet
  facet normal 0.195106 0.490391 0.849382
    outer loop
      vertex 5.99758 3.91501 9.981
      vertex 5.76194 1.85998 11.2216
      vertex 5.99758 1.83655 11.181
    endloop
  endfacet
  facet normal 0.194963 0.490418 0.849399
    outer loop
      vertex 5.76194 1.85998 11.2216
      vertex 5.99758 3.91501 9.981
      vertex 5.74309 3.94032 10.0248
    endloop
  endfacet
  facet normal -0.997877 0.0325626 0.0564001
    outer loop
      vertex 104.327 5.07725 11.9941
      vertex 104.35 3.175 13.4993
      vertex 104.35 5.25346 12.2993
    endloop
  endfacet
  facet normal -0.997877 0.0325626 0.0564001
    outer loop
      vertex 104.35 3.175 13.4993
      vertex 104.327 5.07725 11.9941
      vertex 104.327 2.99879 13.1941
    endloop
  endfacet
  facet normal -0.980506 0.0982444 0.170164
    outer loop
      vertex 104.276 4.95 11.7737
      vertex 104.327 2.99879 13.1941
      vertex 104.327 5.07725 11.9941
    endloop
  endfacet
  facet normal -0.980687 0.0977052 0.16943
    outer loop
      vertex 104.327 2.99879 13.1941
      vertex 104.276 4.95 11.7737
      vertex 104.28 2.88097 12.99
    endloop
  endfacet
  facet normal -0.752041 -0.32963 -0.57077
    outer loop
      vertex 103.792 39.7253 72.0062
      vertex 103.634 37.7371 73.3626
      vertex 103.621 39.8228 72.1752
    endloop
  endfacet
  facet normal -0.752622 -0.329222 -0.57024
    outer loop
      vertex 103.634 37.7371 73.3626
      vertex 103.792 39.7253 72.0062
      vertex 103.792 37.6468 73.2062
    endloop
  endfacet
  facet normal -0.661427 -0.374864 -0.649609
    outer loop
      vertex 103.559 39.8581 72.2362
      vertex 103.474 37.8168 73.5007
      vertex 103.489 39.8889 72.2897
    endloop
  endfacet
  facet normal -0.658924 -0.3761 -0.651436
    outer loop
      vertex 103.474 37.8168 73.5007
      vertex 103.559 39.8581 72.2362
      vertex 103.559 37.7796 73.4362
    endloop
  endfacet
  facet normal 0.659402 0.375897 0.651069
    outer loop
      vertex 4.44081 2.22041 11.8459
      vertex 4.6359 4.21332 10.4977
      vertex 4.44081 4.29886 10.6459
    endloop
  endfacet
  facet normal 0.659361 0.37592 0.651097
    outer loop
      vertex 4.6359 4.21332 10.4977
      vertex 4.44081 2.22041 11.8459
      vertex 4.62145 2.1412 11.7087
    endloop
  endfacet
  facet normal 0.555681 0.415698 0.72001
    outer loop
      vertex 4.70634 2.10397 11.6442
      vertex 4.78425 4.1564 10.3991
      vertex 4.70634 4.18243 10.4442
    endloop
  endfacet
  facet normal 0.555416 0.415797 0.720156
    outer loop
      vertex 4.78425 4.1564 10.3991
      vertex 4.70634 2.10397 11.6442
      vertex 4.80023 2.0726 11.5899
    endloop
  endfacet
  facet normal 0 -0.866026 0.499999
    outer loop
      vertex 95.25 19.586 13.7239
      vertex 95.25 15.411 6.49256
      vertex 101.25 19.586 13.7239
    endloop
  endfacet
  facet normal 0 -0.866023 0.500004
    outer loop
      vertex 101.25 22.586 18.92
      vertex 101.25 19.586 13.7239
      vertex 101.6 22.586 18.92
    endloop
  endfacet
  facet normal -6.1892e-06 -0.866026 0.499999
    outer loop
      vertex 101.6 41.836 52.262
      vertex 103.55 28.711 29.5288
      vertex 103.55 35.961 42.0862
    endloop
  endfacet
  facet normal 4.662e-06 -0.866026 0.5
    outer loop
      vertex 101.6 22.586 18.92
      vertex 103.55 28.711 29.5288
      vertex 101.6 41.836 52.262
    endloop
  endfacet
  facet normal 0 -0.866025 0.5
    outer loop
      vertex 101.6 22.586 18.92
      vertex 105.6 28.711 29.5288
      vertex 103.55 28.711 29.5288
    endloop
  endfacet
  facet normal 4.81838e-06 -0.866023 0.500004
    outer loop
      vertex 105.6 13.0481 2.39999
      vertex 101.6 22.586 18.92
      vertex 101.25 19.586 13.7239
    endloop
  endfacet
  facet normal -4.88633e-06 -0.866024 0.500002
    outer loop
      vertex 101.6 22.586 18.92
      vertex 105.6 13.0481 2.39999
      vertex 105.6 28.711 29.5288
    endloop
  endfacet
  facet normal -3.95145e-06 -0.866025 0.500001
    outer loop
      vertex 95.25 15.411 6.49256
      vertex 105.6 13.0481 2.39999
      vertex 101.25 19.586 13.7239
    endloop
  endfacet
  facet normal 0 -0.86602 0.500009
    outer loop
      vertex 20.75 15.411 6.49256
      vertex 105.6 13.0481 2.39999
      vertex 95.25 15.411 6.49256
    endloop
  endfacet
  facet normal 0 -0.866026 0.499999
    outer loop
      vertex 2.4 50.886 67.9371
      vertex 20.75 49.011 64.6895
      vertex 105.6 50.886 67.9371
    endloop
  endfacet
  facet normal 2.41859e-07 -0.866025 0.5
    outer loop
      vertex 2.4 50.886 67.9371
      vertex 14.75 44.836 57.4582
      vertex 20.75 49.011 64.6895
    endloop
  endfacet
  facet normal -1.77006e-06 -0.866026 0.499999
    outer loop
      vertex 2.4 50.886 67.9371
      vertex 6.4 41.836 52.262
      vertex 14.75 44.836 57.4582
    endloop
  endfacet
  facet normal 3.73376e-06 -0.866026 0.5
    outer loop
      vertex 2.4 50.886 67.9371
      vertex 6.4 22.586 18.92
      vertex 6.4 41.836 52.262
    endloop
  endfacet
  facet normal 0 -0.866023 0.500004
    outer loop
      vertex 6.4 22.586 18.92
      vertex 14.75 19.586 13.7239
      vertex 14.75 22.586 18.92
    endloop
  endfacet
  facet normal 0 -0.866026 0.499999
    outer loop
      vertex 14.75 19.586 13.7239
      vertex 20.75 15.411 6.49256
      vertex 20.75 19.586 13.7239
    endloop
  endfacet
  facet normal -8.06463e-07 -0.866024 0.500003
    outer loop
      vertex 2.4 13.0481 2.39999
      vertex 14.75 19.586 13.7239
      vertex 6.4 22.586 18.92
    endloop
  endfacet
  facet normal 0 -0.86602 0.500009
    outer loop
      vertex 105.6 13.0481 2.39999
      vertex 20.75 15.411 6.49256
      vertex 2.4 13.0481 2.39999
    endloop
  endfacet
  facet normal 2.49776e-06 -0.866025 0.5
    outer loop
      vertex 14.75 19.586 13.7239
      vertex 2.4 13.0481 2.39999
      vertex 20.75 15.411 6.49256
    endloop
  endfacet
  facet normal 1.29338e-05 -0.866025 0.5
    outer loop
      vertex 2.4 13.0481 2.39999
      vertex 6.4 22.586 18.92
      vertex 2.4 50.886 67.9371
    endloop
  endfacet
  facet normal 0 -0.866026 0.499999
    outer loop
      vertex 95.25 49.011 64.6895
      vertex 105.6 50.886 67.9371
      vertex 20.75 49.011 64.6895
    endloop
  endfacet
  facet normal 0 -0.866025 0.500001
    outer loop
      vertex 101.25 44.836 57.4582
      vertex 95.25 49.011 64.6895
      vertex 95.25 44.836 57.4582
    endloop
  endfacet
  facet normal -3.90186e-07 -0.866025 0.5
    outer loop
      vertex 95.25 49.011 64.6895
      vertex 101.25 44.836 57.4582
      vertex 105.6 50.886 67.9371
    endloop
  endfacet
  facet normal 0 -0.866027 0.499997
    outer loop
      vertex 101.6 41.836 52.262
      vertex 101.25 44.836 57.4582
      vertex 101.25 41.836 52.262
    endloop
  endfacet
  facet normal 1.02192e-05 -0.866027 0.499997
    outer loop
      vertex 101.25 44.836 57.4582
      vertex 101.6 41.836 52.262
      vertex 105.6 50.886 67.9371
    endloop
  endfacet
  facet normal 0 -0.866025 0.5
    outer loop
      vertex 105.6 35.961 42.0862
      vertex 101.6 41.836 52.262
      vertex 103.55 35.961 42.0862
    endloop
  endfacet
  facet normal -1.86348e-06 -0.866026 0.499999
    outer loop
      vertex 101.6 41.836 52.262
      vertex 105.6 35.961 42.0862
      vertex 105.6 50.886 67.9371
    endloop
  endfacet
  facet normal 0 -0.866025 0.500001
    outer loop
      vertex 20.75 49.011 64.6895
      vertex 14.75 44.836 57.4582
      vertex 20.75 44.836 57.4582
    endloop
  endfacet
  facet normal 0 -0.866027 0.499997
    outer loop
      vertex 14.75 44.836 57.4582
      vertex 6.4 41.836 52.262
      vertex 14.75 41.836 52.262
    endloop
  endfacet
  facet normal 0 0.866023 -0.500004
    outer loop
      vertex 20.75 22.228 10.3
      vertex 6.4 26.0501 16.92
      vertex 20.75 26.0501 16.92
    endloop
  endfacet
  facet normal 0 0.866023 -0.500004
    outer loop
      vertex 4.4 22.228 10.3
      vertex 6.4 26.0501 16.92
      vertex 20.75 22.228 10.3
    endloop
  endfacet
  facet normal -1.86195e-05 0.866026 -0.5
    outer loop
      vertex 6.4 26.0501 16.92
      vertex 4.4 22.228 10.3
      vertex 4.4 24.5374 14.3
    endloop
  endfacet
  facet normal 0 0.866038 -0.499978
    outer loop
      vertex 32.5 51.8251 61.5636
      vertex 25.5 52.4751 62.6895
      vertex 32.5 52.4751 62.6895
    endloop
  endfacet
  facet normal 0 0.866038 -0.499978
    outer loop
      vertex 25.5 52.4751 62.6895
      vertex 32.5 51.8251 61.5636
      vertex 25.5 51.8251 61.5636
    endloop
  endfacet
  facet normal 0 0.866038 -0.499978
    outer loop
      vertex 82.5 51.8251 61.5636
      vertex 75.5 52.4751 62.6895
      vertex 82.5 52.4751 62.6895
    endloop
  endfacet
  facet normal 0 0.866038 -0.499978
    outer loop
      vertex 75.5 52.4751 62.6895
      vertex 82.5 51.8251 61.5636
      vertex 75.5 51.8251 61.5636
    endloop
  endfacet
  facet normal 0 0.866026 -0.499999
    outer loop
      vertex 82.5 52.4751 62.6895
      vertex 105.6 54.3501 65.9371
      vertex 95.25 52.4751 62.6895
    endloop
  endfacet
  facet normal -1.88586e-07 0.866026 -0.499999
    outer loop
      vertex 105.6 54.3501 65.9371
      vertex 101.6 45.3001 50.262
      vertex 95.25 52.4751 62.6895
    endloop
  endfacet
  facet normal 6.75657e-06 0.866025 -0.5
    outer loop
      vertex 105.6 17.6669 2.39999
      vertex 101.6 45.3001 50.262
      vertex 105.6 54.3501 65.9371
    endloop
  endfacet
  facet normal 0 0.866025 -0.500001
    outer loop
      vertex 101.6 26.0501 16.92
      vertex 95.25 18.8751 4.49256
      vertex 95.25 26.0501 16.92
    endloop
  endfacet
  facet normal 0 0.866016 -0.500017
    outer loop
      vertex 105.6 17.6669 2.39999
      vertex 82.5 18.8751 4.49256
      vertex 95.25 18.8751 4.49256
    endloop
  endfacet
  facet normal 0 0.866016 -0.500017
    outer loop
      vertex 82.5 18.8751 4.49256
      vertex 105.6 17.6669 2.39999
      vertex 75.5 18.8751 4.49256
    endloop
  endfacet
  facet normal 0 0.866016 -0.500017
    outer loop
      vertex 75.5 18.8751 4.49256
      vertex 105.6 17.6669 2.39999
      vertex 32.5 18.8751 4.49256
    endloop
  endfacet
  facet normal 0 0.866016 -0.500017
    outer loop
      vertex 2.4 17.6669 2.39999
      vertex 32.5 18.8751 4.49256
      vertex 105.6 17.6669 2.39999
    endloop
  endfacet
  facet normal 0 0.866016 -0.500017
    outer loop
      vertex 32.5 18.8751 4.49256
      vertex 2.4 17.6669 2.39999
      vertex 25.5 18.8751 4.49256
    endloop
  endfacet
  facet normal 3.92551e-06 0.866024 -0.500002
    outer loop
      vertex 101.6 26.0501 16.92
      vertex 105.6 17.6669 2.39999
      vertex 95.25 18.8751 4.49256
    endloop
  endfacet
  facet normal 1.59864e-05 0.866026 -0.5
    outer loop
      vertex 101.6 45.3001 50.262
      vertex 105.6 17.6669 2.39999
      vertex 101.6 26.0501 16.92
    endloop
  endfacet
  facet normal 0 0.866026 -0.499999
    outer loop
      vertex 75.5 52.4751 62.6895
      vertex 105.6 54.3501 65.9371
      vertex 82.5 52.4751 62.6895
    endloop
  endfacet
  facet normal 0 0.866026 -0.499999
    outer loop
      vertex 105.6 54.3501 65.9371
      vertex 75.5 52.4751 62.6895
      vertex 2.4 54.3501 65.9371
    endloop
  endfacet
  facet normal 0 0.866026 -0.499999
    outer loop
      vertex 32.5 52.4751 62.6895
      vertex 2.4 54.3501 65.9371
      vertex 75.5 52.4751 62.6895
    endloop
  endfacet
  facet normal 0 0.866026 -0.499999
    outer loop
      vertex 25.5 52.4751 62.6895
      vertex 2.4 54.3501 65.9371
      vertex 32.5 52.4751 62.6895
    endloop
  endfacet
  facet normal 0 0.866026 -0.499999
    outer loop
      vertex 20.75 52.4751 62.6895
      vertex 2.4 54.3501 65.9371
      vertex 25.5 52.4751 62.6895
    endloop
  endfacet
  facet normal 0 0.866026 -0.499999
    outer loop
      vertex 6.4 45.3001 50.262
      vertex 20.75 52.4751 62.6895
      vertex 20.75 45.3001 50.262
    endloop
  endfacet
  facet normal 1.0248e-07 0.866026 -0.499999
    outer loop
      vertex 20.75 52.4751 62.6895
      vertex 6.4 45.3001 50.262
      vertex 2.4 54.3501 65.9371
    endloop
  endfacet
  facet normal -9.37272e-06 0.866026 -0.5
    outer loop
      vertex 2.4 24.5374 14.3
      vertex 6.4 45.3001 50.262
      vertex 6.4 26.0501 16.92
    endloop
  endfacet
  facet normal 0 0.866019 -0.50001
    outer loop
      vertex 2.4 24.5374 14.3
      vertex 6.4 26.0501 16.92
      vertex 4.4 24.5374 14.3
    endloop
  endfacet
  facet normal -5.44554e-06 0.866025 -0.5
    outer loop
      vertex 6.4 45.3001 50.262
      vertex 2.4 24.5374 14.3
      vertex 2.4 54.3501 65.9371
    endloop
  endfacet
  facet normal 0 0.866026 -0.499999
    outer loop
      vertex 95.25 52.4751 62.6895
      vertex 101.6 45.3001 50.262
      vertex 95.25 45.3001 50.262
    endloop
  endfacet
  facet normal 0 0.866027 -0.499998
    outer loop
      vertex 82.5 18.8751 4.49256
      vertex 75.5 19.5251 5.6184
      vertex 82.5 19.5251 5.6184
    endloop
  endfacet
  facet normal 0 0.866027 -0.499998
    outer loop
      vertex 75.5 19.5251 5.6184
      vertex 82.5 18.8751 4.49256
      vertex 75.5 18.8751 4.49256
    endloop
  endfacet
  facet normal 0 0.866027 -0.499998
    outer loop
      vertex 32.5 18.8751 4.49256
      vertex 25.5 19.5251 5.6184
      vertex 32.5 19.5251 5.6184
    endloop
  endfacet
  facet normal 0 0.866027 -0.499998
    outer loop
      vertex 25.5 19.5251 5.6184
      vertex 32.5 18.8751 4.49256
      vertex 25.5 18.8751 4.49256
    endloop
  endfacet
  facet normal 0 0.86603 -0.499992
    outer loop
      vertex 20.75 18.8751 4.49256
      vertex 2.4 21 8.17307
      vertex 20.75 21 8.17307
    endloop
  endfacet
  facet normal -2.37229e-06 0.866025 -0.500001
    outer loop
      vertex 20.75 18.8751 4.49256
      vertex 2.4 17.6669 2.39999
      vertex 2.4 21 8.17307
    endloop
  endfacet
  facet normal 0 0.866016 -0.500017
    outer loop
      vertex 25.5 18.8751 4.49256
      vertex 2.4 17.6669 2.39999
      vertex 20.75 18.8751 4.49256
    endloop
  endfacet
  facet normal -0 0.5 0.866025
    outer loop
      vertex 2.4 54.3501 65.9371
      vertex 105.6 50.886 67.9371
      vertex 105.6 54.3501 65.9371
    endloop
  endfacet
  facet normal 0 0.5 0.866025
    outer loop
      vertex 105.6 50.886 67.9371
      vertex 2.4 54.3501 65.9371
      vertex 2.4 50.886 67.9371
    endloop
  endfacet
  facet normal -1 0 0
    outer loop
      vertex 101.6 26.0501 16.92
      vertex 101.6 41.836 52.262
      vertex 101.6 45.3001 50.262
    endloop
  endfacet
  facet normal -1 0 0
    outer loop
      vertex 101.6 41.836 52.262
      vertex 101.6 26.0501 16.92
      vertex 101.6 22.586 18.92
    endloop
  endfacet
  facet normal 1 0 0
    outer loop
      vertex 6.4 41.836 52.262
      vertex 6.4 26.0501 16.92
      vertex 6.4 45.3001 50.262
    endloop
  endfacet
  facet normal 1 0 -0
    outer loop
      vertex 6.4 26.0501 16.92
      vertex 6.4 41.836 52.262
      vertex 6.4 22.586 18.92
    endloop
  endfacet
  facet normal 2.35294e-06 -0.5 -0.866025
    outer loop
      vertex 95.25 49.011 64.6895
      vertex 82.5 51.0894 63.4895
      vertex 95.25 52.4751 62.6895
    endloop
  endfacet
  facet normal 0 -0.500011 -0.866019
    outer loop
      vertex 95.25 49.011 64.6895
      vertex 75.5 51.0894 63.4895
      vertex 82.5 51.0894 63.4895
    endloop
  endfacet
  facet normal -0 -0.499984 -0.866035
    outer loop
      vertex 75.5 51.0894 63.4895
      vertex 32.5 51.0894 63.4895
      vertex 75.5 52.4751 62.6895
    endloop
  endfacet
  facet normal 0 -0.500011 -0.866019
    outer loop
      vertex 20.75 49.011 64.6895
      vertex 75.5 51.0894 63.4895
      vertex 95.25 49.011 64.6895
    endloop
  endfacet
  facet normal -0 -0.500011 -0.866019
    outer loop
      vertex 75.5 51.0894 63.4895
      vertex 20.75 49.011 64.6895
      vertex 32.5 51.0894 63.4895
    endloop
  endfacet
  facet normal -0 -0.500011 -0.866019
    outer loop
      vertex 32.5 51.0894 63.4895
      vertex 20.75 49.011 64.6895
      vertex 25.5 51.0894 63.4895
    endloop
  endfacet
  facet normal -6.31579e-06 -0.5 -0.866025
    outer loop
      vertex 20.75 52.4751 62.6895
      vertex 25.5 51.0894 63.4895
      vertex 20.75 49.011 64.6895
    endloop
  endfacet
  facet normal 0 -0.499984 -0.866035
    outer loop
      vertex 25.5 51.0894 63.4895
      vertex 20.75 52.4751 62.6895
      vertex 25.5 52.4751 62.6895
    endloop
  endfacet
  facet normal -0 -0.499984 -0.866035
    outer loop
      vertex 95.25 52.4751 62.6895
      vertex 82.5 51.0894 63.4895
      vertex 82.5 52.4751 62.6895
    endloop
  endfacet
  facet normal -0 -0.499984 -0.866035
    outer loop
      vertex 75.5 52.4751 62.6895
      vertex 32.5 51.0894 63.4895
      vertex 32.5 52.4751 62.6895
    endloop
  endfacet
  facet normal 0 0.499984 0.866035
    outer loop
      vertex 25.5 18.8751 4.49256
      vertex 20.75 18.8751 4.49256
      vertex 25.5 17.4894 5.29256
    endloop
  endfacet
  facet normal 0 0.499984 0.866035
    outer loop
      vertex 75.5 18.8751 4.49256
      vertex 32.5 18.8751 4.49256
      vertex 75.5 17.4894 5.29256
    endloop
  endfacet
  facet normal 0 0.499984 0.866035
    outer loop
      vertex 82.5 17.4894 5.29256
      vertex 95.25 18.8751 4.49256
      vertex 82.5 18.8751 4.49256
    endloop
  endfacet
  facet normal -2.35294e-06 0.5 0.866025
    outer loop
      vertex 95.25 18.8751 4.49256
      vertex 82.5 17.4894 5.29256
      vertex 95.25 15.411 6.49256
    endloop
  endfacet
  facet normal -0 0.500011 0.866019
    outer loop
      vertex 75.5 17.4894 5.29256
      vertex 95.25 15.411 6.49256
      vertex 82.5 17.4894 5.29256
    endloop
  endfacet
  facet normal -0 0.499984 0.866035
    outer loop
      vertex 32.5 17.4894 5.29256
      vertex 75.5 17.4894 5.29256
      vertex 32.5 18.8751 4.49256
    endloop
  endfacet
  facet normal 0 0.500011 0.866019
    outer loop
      vertex 20.75 15.411 6.49256
      vertex 75.5 17.4894 5.29256
      vertex 32.5 17.4894 5.29256
    endloop
  endfacet
  facet normal 0 0.500011 0.866019
    outer loop
      vertex 20.75 15.411 6.49256
      vertex 32.5 17.4894 5.29256
      vertex 25.5 17.4894 5.29256
    endloop
  endfacet
  facet normal 0 0.500011 0.866019
    outer loop
      vertex 75.5 17.4894 5.29256
      vertex 20.75 15.411 6.49256
      vertex 95.25 15.411 6.49256
    endloop
  endfacet
  facet normal 6.31579e-06 0.5 0.866025
    outer loop
      vertex 20.75 15.411 6.49256
      vertex 25.5 17.4894 5.29256
      vertex 20.75 18.8751 4.49256
    endloop
  endfacet
  facet normal 1 -0 0
    outer loop
      vertex 20.75 19.586 13.7239
      vertex 20.75 22.228 10.3
      vertex 20.75 26.0501 16.92
    endloop
  endfacet
  facet normal 1 0 0
    outer loop
      vertex 20.75 15.411 6.49256
      vertex 20.75 21 10.3
      vertex 20.75 19.586 13.7239
    endloop
  endfacet
  facet normal 1 0 0
    outer loop
      vertex 20.75 22.228 10.3
      vertex 20.75 19.586 13.7239
      vertex 20.75 21 10.3
    endloop
  endfacet
  facet normal 1 0 0
    outer loop
      vertex 20.75 17.4331 21.895
      vertex 20.75 19.586 13.7239
      vertex 20.75 26.0501 16.92
    endloop
  endfacet
  facet normal 1 0 0
    outer loop
      vertex 20.75 19.586 13.7239
      vertex 20.75 17.4331 21.895
      vertex 20.75 14.4331 16.6989
    endloop
  endfacet
  facet normal 1 0 0
    outer loop
      vertex 20.75 21 10.3
      vertex 20.75 15.411 6.49256
      vertex 20.75 21 8.17307
    endloop
  endfacet
  facet normal 1 0 0
    outer loop
      vertex 20.75 21 8.17307
      vertex 20.75 15.411 6.49256
      vertex 20.75 18.8751 4.49256
    endloop
  endfacet
  facet normal 1.71691e-06 0.499998 0.866027
    outer loop
      vertex 20.75 26.0501 16.92
      vertex 14.75 22.586 18.92
      vertex 20.75 17.4331 21.895
    endloop
  endfacet
  facet normal -0 0.5 0.866025
    outer loop
      vertex 6.4 26.0501 16.92
      vertex 14.75 22.586 18.92
      vertex 20.75 26.0501 16.92
    endloop
  endfacet
  facet normal 0 0.5 0.866025
    outer loop
      vertex 14.75 22.586 18.92
      vertex 6.4 26.0501 16.92
      vertex 6.4 22.586 18.92
    endloop
  endfacet
  facet normal 0 0.499996 0.866027
    outer loop
      vertex 20.75 17.4331 21.895
      vertex 14.75 22.586 18.92
      vertex 14.75 17.4331 21.895
    endloop
  endfacet
  facet normal 0 -0.866023 0.500004
    outer loop
      vertex 14.75 14.4331 16.6989
      vertex 20.75 17.4331 21.895
      vertex 14.75 17.4331 21.895
    endloop
  endfacet
  facet normal 0 -0.866023 0.500004
    outer loop
      vertex 20.75 17.4331 21.895
      vertex 14.75 14.4331 16.6989
      vertex 20.75 14.4331 16.6989
    endloop
  endfacet
  facet normal -1 0 0
    outer loop
      vertex 14.75 19.586 13.7239
      vertex 14.75 17.4331 21.895
      vertex 14.75 22.586 18.92
    endloop
  endfacet
  facet normal -1 0 -0
    outer loop
      vertex 14.75 17.4331 21.895
      vertex 14.75 19.586 13.7239
      vertex 14.75 14.4331 16.6989
    endloop
  endfacet
  facet normal 0 -0.499996 -0.866027
    outer loop
      vertex 14.75 14.4331 16.6989
      vertex 20.75 19.586 13.7239
      vertex 20.75 14.4331 16.6989
    endloop
  endfacet
  facet normal -0 -0.499996 -0.866027
    outer loop
      vertex 20.75 19.586 13.7239
      vertex 14.75 14.4331 16.6989
      vertex 14.75 19.586 13.7239
    endloop
  endfacet
  facet normal 1 0 0
    outer loop
      vertex 20.75 44.836 57.4582
      vertex 20.75 52.4751 62.6895
      vertex 20.75 49.011 64.6895
    endloop
  endfacet
  facet normal 1 0 0
    outer loop
      vertex 20.75 52.4751 62.6895
      vertex 20.75 44.836 57.4582
      vertex 20.75 45.3001 50.262
    endloop
  endfacet
  facet normal 1 0 0
    outer loop
      vertex 20.75 36.6831 55.237
      vertex 20.75 44.836 57.4582
      vertex 20.75 39.6831 60.4332
    endloop
  endfacet
  facet normal 1 0 0
    outer loop
      vertex 20.75 44.836 57.4582
      vertex 20.75 36.6831 55.237
      vertex 20.75 45.3001 50.262
    endloop
  endfacet
  facet normal 0 -0.499996 -0.866027
    outer loop
      vertex 14.75 41.836 52.262
      vertex 20.75 36.6831 55.237
      vertex 14.75 36.6831 55.237
    endloop
  endfacet
  facet normal -1.71691e-06 -0.499998 -0.866027
    outer loop
      vertex 20.75 36.6831 55.237
      vertex 14.75 41.836 52.262
      vertex 20.75 45.3001 50.262
    endloop
  endfacet
  facet normal 0 -0.5 -0.866025
    outer loop
      vertex 6.4 45.3001 50.262
      vertex 14.75 41.836 52.262
      vertex 6.4 41.836 52.262
    endloop
  endfacet
  facet normal 0 -0.5 -0.866025
    outer loop
      vertex 14.75 41.836 52.262
      vertex 6.4 45.3001 50.262
      vertex 20.75 45.3001 50.262
    endloop
  endfacet
  facet normal 0 -0.866027 0.499997
    outer loop
      vertex 14.75 36.6831 55.237
      vertex 20.75 39.6831 60.4332
      vertex 14.75 39.6831 60.4332
    endloop
  endfacet
  facet normal 0 -0.866027 0.499997
    outer loop
      vertex 20.75 39.6831 60.4332
      vertex 14.75 36.6831 55.237
      vertex 20.75 36.6831 55.237
    endloop
  endfacet
  facet normal -1 0 0
    outer loop
      vertex 14.75 41.836 52.262
      vertex 14.75 39.6831 60.4332
      vertex 14.75 44.836 57.4582
    endloop
  endfacet
  facet normal -1 0 -0
    outer loop
      vertex 14.75 39.6831 60.4332
      vertex 14.75 41.836 52.262
      vertex 14.75 36.6831 55.237
    endloop
  endfacet
  facet normal -0 0.499996 0.866027
    outer loop
      vertex 14.75 44.836 57.4582
      vertex 20.75 39.6831 60.4332
      vertex 20.75 44.836 57.4582
    endloop
  endfacet
  facet normal 0 0.499996 0.866027
    outer loop
      vertex 20.75 39.6831 60.4332
      vertex 14.75 44.836 57.4582
      vertex 14.75 39.6831 60.4332
    endloop
  endfacet
  facet normal -1 0 0
    outer loop
      vertex 95.25 18.8751 4.49256
      vertex 95.25 19.586 13.7239
      vertex 95.25 26.0501 16.92
    endloop
  endfacet
  facet normal -1 0 0
    outer loop
      vertex 95.25 19.586 13.7239
      vertex 95.25 18.8751 4.49256
      vertex 95.25 15.411 6.49256
    endloop
  endfacet
  facet normal -1 0 0
    outer loop
      vertex 95.25 19.586 13.7239
      vertex 95.25 17.4331 21.895
      vertex 95.25 26.0501 16.92
    endloop
  endfacet
  facet normal -1 0 -0
    outer loop
      vertex 95.25 17.4331 21.895
      vertex 95.25 19.586 13.7239
      vertex 95.25 14.4331 16.6989
    endloop
  endfacet
  facet normal 0 0.5 0.866025
    outer loop
      vertex 101.6 26.0501 16.92
      vertex 101.25 22.586 18.92
      vertex 101.6 22.586 18.92
    endloop
  endfacet
  facet normal -0 0.5 0.866025
    outer loop
      vertex 95.25 26.0501 16.92
      vertex 101.25 22.586 18.92
      vertex 101.6 26.0501 16.92
    endloop
  endfacet
  facet normal -1.71691e-06 0.499998 0.866027
    outer loop
      vertex 95.25 17.4331 21.895
      vertex 101.25 22.586 18.92
      vertex 95.25 26.0501 16.92
    endloop
  endfacet
  facet normal 0 0.499996 0.866027
    outer loop
      vertex 101.25 22.586 18.92
      vertex 95.25 17.4331 21.895
      vertex 101.25 17.4331 21.895
    endloop
  endfacet
  facet normal 1 0 0
    outer loop
      vertex 101.25 17.4331 21.895
      vertex 101.25 19.586 13.7239
      vertex 101.25 22.586 18.92
    endloop
  endfacet
  facet normal 1 0 0
    outer loop
      vertex 101.25 19.586 13.7239
      vertex 101.25 17.4331 21.895
      vertex 101.25 14.4331 16.6989
    endloop
  endfacet
  facet normal 0 -0.866023 0.500004
    outer loop
      vertex 95.25 14.4331 16.6989
      vertex 101.25 17.4331 21.895
      vertex 95.25 17.4331 21.895
    endloop
  endfacet
  facet normal 0 -0.866023 0.500004
    outer loop
      vertex 101.25 17.4331 21.895
      vertex 95.25 14.4331 16.6989
      vertex 101.25 14.4331 16.6989
    endloop
  endfacet
  facet normal 0 -0.499996 -0.866027
    outer loop
      vertex 95.25 14.4331 16.6989
      vertex 101.25 19.586 13.7239
      vertex 101.25 14.4331 16.6989
    endloop
  endfacet
  facet normal -0 -0.499996 -0.866027
    outer loop
      vertex 101.25 19.586 13.7239
      vertex 95.25 14.4331 16.6989
      vertex 95.25 19.586 13.7239
    endloop
  endfacet
  facet normal -1 0 0
    outer loop
      vertex 95.25 44.836 57.4582
      vertex 95.25 52.4751 62.6895
      vertex 95.25 45.3001 50.262
    endloop
  endfacet
  facet normal -1 -0 0
    outer loop
      vertex 95.25 52.4751 62.6895
      vertex 95.25 44.836 57.4582
      vertex 95.25 49.011 64.6895
    endloop
  endfacet
  facet normal -1 0 0
    outer loop
      vertex 95.25 36.6831 55.237
      vertex 95.25 44.836 57.4582
      vertex 95.25 45.3001 50.262
    endloop
  endfacet
  facet normal -1 -0 0
    outer loop
      vertex 95.25 44.836 57.4582
      vertex 95.25 36.6831 55.237
      vertex 95.25 39.6831 60.4332
    endloop
  endfacet
  facet normal -0 -0.499996 -0.866027
    outer loop
      vertex 101.25 36.6831 55.237
      vertex 95.25 36.6831 55.237
      vertex 101.25 41.836 52.262
    endloop
  endfacet
  facet normal 0 -0.5 -0.866025
    outer loop
      vertex 101.25 41.836 52.262
      vertex 101.6 45.3001 50.262
      vertex 101.6 41.836 52.262
    endloop
  endfacet
  facet normal 1.71691e-06 -0.499998 -0.866027
    outer loop
      vertex 95.25 45.3001 50.262
      vertex 101.25 41.836 52.262
      vertex 95.25 36.6831 55.237
    endloop
  endfacet
  facet normal 0 -0.5 -0.866025
    outer loop
      vertex 101.25 41.836 52.262
      vertex 95.25 45.3001 50.262
      vertex 101.6 45.3001 50.262
    endloop
  endfacet
  facet normal 1 0 0
    outer loop
      vertex 101.25 39.6831 60.4332
      vertex 101.25 41.836 52.262
      vertex 101.25 44.836 57.4582
    endloop
  endfacet
  facet normal 1 0 0
    outer loop
      vertex 101.25 41.836 52.262
      vertex 101.25 39.6831 60.4332
      vertex 101.25 36.6831 55.237
    endloop
  endfacet
  facet normal 0 -0.866027 0.499997
    outer loop
      vertex 95.25 36.6831 55.237
      vertex 101.25 39.6831 60.4332
      vertex 95.25 39.6831 60.4332
    endloop
  endfacet
  facet normal 0 -0.866027 0.499997
    outer loop
      vertex 101.25 39.6831 60.4332
      vertex 95.25 36.6831 55.237
      vertex 101.25 36.6831 55.237
    endloop
  endfacet
  facet normal -0 0.499996 0.866027
    outer loop
      vertex 95.25 44.836 57.4582
      vertex 101.25 39.6831 60.4332
      vertex 101.25 44.836 57.4582
    endloop
  endfacet
  facet normal 0 0.499996 0.866027
    outer loop
      vertex 101.25 39.6831 60.4332
      vertex 95.25 44.836 57.4582
      vertex 95.25 39.6831 60.4332
    endloop
  endfacet
  facet normal 1 0 0
    outer loop
      vertex 32.5 18.0644 6.28849
      vertex 32.5 8.08144 10.8975
      vertex 32.5 17.5644 5.42247
    endloop
  endfacet
  facet normal 1 0 0
    outer loop
      vertex 32.5 7.41231 12.4385
      vertex 32.5 8.08144 10.8975
      vertex 32.5 18.0644 6.28849
    endloop
  endfacet
  facet normal 1 -0 0
    outer loop
      vertex 32.5 6.95561 11.5475
      vertex 32.5 8.08144 10.8975
      vertex 32.5 7.41231 12.4385
    endloop
  endfacet
  facet normal 1 -0 0
    outer loop
      vertex 32.5 6.93061 11.5042
      vertex 32.5 8.08144 10.8975
      vertex 32.5 6.95561 11.5475
    endloop
  endfacet
  facet normal 1 0 0
    outer loop
      vertex 32.5 8.08144 10.8975
      vertex 32.5 7.38503 10.4912
      vertex 32.5 7.73144 10.2912
    endloop
  endfacet
  facet normal 1 0 -0
    outer loop
      vertex 32.5 6.95561 11.5475
      vertex 32.5 7.41231 12.4385
      vertex 32.5 6.91231 11.5725
    endloop
  endfacet
  facet normal 1 -0 0
    outer loop
      vertex 32.5 18.0644 6.28849
      vertex 32.5 19.5251 5.6184
      vertex 32.5 18.1394 6.4184
    endloop
  endfacet
  facet normal 1 0 0
    outer loop
      vertex 32.5 19.5251 5.6184
      vertex 32.5 18.0644 6.28849
      vertex 32.5 18.8751 4.49256
    endloop
  endfacet
  facet normal 1 -0 0
    outer loop
      vertex 32.5 17.5644 5.42247
      vertex 32.5 18.8751 4.49256
      vertex 32.5 18.0644 6.28849
    endloop
  endfacet
  facet normal 1 0 0
    outer loop
      vertex 32.5 18.8751 4.49256
      vertex 32.5 17.5644 5.42247
      vertex 32.5 17.4894 5.29256
    endloop
  endfacet
  facet normal 1 0 0
    outer loop
      vertex 32.5 8.08144 10.8975
      vertex 32.5 6.93061 11.5042
      vertex 32.5 7.38503 10.4912
    endloop
  endfacet
  facet normal 0 -0.866036 0.499982
    outer loop
      vertex 25.5 18.0644 6.28849
      vertex 32.5 18.1394 6.4184
      vertex 25.5 18.1394 6.4184
    endloop
  endfacet
  facet normal 0 -0.866036 0.499982
    outer loop
      vertex 32.5 18.1394 6.4184
      vertex 25.5 18.0644 6.28849
      vertex 32.5 18.0644 6.28849
    endloop
  endfacet
  facet normal 0 -0.866036 0.499982
    outer loop
      vertex 25.5 17.4894 5.29256
      vertex 32.5 17.5644 5.42247
      vertex 25.5 17.5644 5.42247
    endloop
  endfacet
  facet normal 0 -0.866036 0.499982
    outer loop
      vertex 32.5 17.5644 5.42247
      vertex 25.5 17.4894 5.29256
      vertex 32.5 17.4894 5.29256
    endloop
  endfacet
  facet normal -1 0 0
    outer loop
      vertex 25.5 8.08144 10.8975
      vertex 25.5 6.93061 11.5042
      vertex 25.5 6.95561 11.5475
    endloop
  endfacet
  facet normal -1 0 0
    outer loop
      vertex 25.5 18.0644 6.28849
      vertex 25.5 19.5251 5.6184
      vertex 25.5 18.8751 4.49256
    endloop
  endfacet
  facet normal -1 0 0
    outer loop
      vertex 25.5 19.5251 5.6184
      vertex 25.5 18.0644 6.28849
      vertex 25.5 18.1394 6.4184
    endloop
  endfacet
  facet normal -1 0 0
    outer loop
      vertex 25.5 18.8751 4.49256
      vertex 25.5 17.5644 5.42247
      vertex 25.5 18.0644 6.28849
    endloop
  endfacet
  facet normal -1 0 -0
    outer loop
      vertex 25.5 17.5644 5.42247
      vertex 25.5 18.8751 4.49256
      vertex 25.5 17.4894 5.29256
    endloop
  endfacet
  facet normal -1 0 0
    outer loop
      vertex 25.5 8.08144 10.8975
      vertex 25.5 18.0644 6.28849
      vertex 25.5 17.5644 5.42247
    endloop
  endfacet
  facet normal -1 0 0
    outer loop
      vertex 25.5 8.08144 10.8975
      vertex 25.5 7.41231 12.4385
      vertex 25.5 18.0644 6.28849
    endloop
  endfacet
  facet normal -1 0 0
    outer loop
      vertex 25.5 7.38503 10.4912
      vertex 25.5 8.08144 10.8975
      vertex 25.5 7.73144 10.2912
    endloop
  endfacet
  facet normal -1 0 0
    outer loop
      vertex 25.5 6.93061 11.5042
      vertex 25.5 8.08144 10.8975
      vertex 25.5 7.38503 10.4912
    endloop
  endfacet
  facet normal -1 0 0
    outer loop
      vertex 25.5 8.08144 10.8975
      vertex 25.5 6.95561 11.5475
      vertex 25.5 7.41231 12.4385
    endloop
  endfacet
  facet normal -1 0 0
    outer loop
      vertex 25.5 7.41231 12.4385
      vertex 25.5 6.95561 11.5475
      vertex 25.5 6.91231 11.5725
    endloop
  endfacet
  facet normal -0 0.499984 0.866035
    outer loop
      vertex 25.5 19.5251 5.6184
      vertex 32.5 18.1394 6.4184
      vertex 32.5 19.5251 5.6184
    endloop
  endfacet
  facet normal 0 0.499984 0.866035
    outer loop
      vertex 32.5 18.1394 6.4184
      vertex 25.5 19.5251 5.6184
      vertex 25.5 18.1394 6.4184
    endloop
  endfacet
  facet normal 0 -0.866019 0.500011
    outer loop
      vertex 25.5 6.91231 11.5725
      vertex 32.5 7.41231 12.4385
      vertex 25.5 7.41231 12.4385
    endloop
  endfacet
  facet normal 0 -0.866019 0.500011
    outer loop
      vertex 32.5 7.41231 12.4385
      vertex 25.5 6.91231 11.5725
      vertex 32.5 6.91231 11.5725
    endloop
  endfacet
  facet normal -0 0.500001 0.866025
    outer loop
      vertex 25.5 18.0644 6.28849
      vertex 32.5 7.41231 12.4385
      vertex 32.5 18.0644 6.28849
    endloop
  endfacet
  facet normal 0 0.500001 0.866025
    outer loop
      vertex 32.5 7.41231 12.4385
      vertex 25.5 18.0644 6.28849
      vertex 25.5 7.41231 12.4385
    endloop
  endfacet
  facet normal 0 -0.500011 -0.866019
    outer loop
      vertex 25.5 6.91231 11.5725
      vertex 32.5 6.95561 11.5475
      vertex 32.5 6.91231 11.5725
    endloop
  endfacet
  facet normal -0 -0.500011 -0.866019
    outer loop
      vertex 32.5 6.95561 11.5475
      vertex 25.5 6.91231 11.5725
      vertex 25.5 6.95561 11.5475
    endloop
  endfacet
  facet normal 0 -0.500003 -0.866024
    outer loop
      vertex 25.5 8.08144 10.8975
      vertex 32.5 17.5644 5.42247
      vertex 32.5 8.08144 10.8975
    endloop
  endfacet
  facet normal -0 -0.500003 -0.866024
    outer loop
      vertex 32.5 17.5644 5.42247
      vertex 25.5 8.08144 10.8975
      vertex 25.5 17.5644 5.42247
    endloop
  endfacet
  facet normal 0 -0.5 -0.866025
    outer loop
      vertex 25.5 7.38503 10.4912
      vertex 32.5 7.73144 10.2912
      vertex 32.5 7.38503 10.4912
    endloop
  endfacet
  facet normal -0 -0.5 -0.866025
    outer loop
      vertex 32.5 7.73144 10.2912
      vertex 25.5 7.38503 10.4912
      vertex 25.5 7.73144 10.2912
    endloop
  endfacet
  facet normal 0 -0.866019 0.500011
    outer loop
      vertex 25.5 6.93061 11.5042
      vertex 32.5 6.95561 11.5475
      vertex 25.5 6.95561 11.5475
    endloop
  endfacet
  facet normal 0 -0.866019 0.500011
    outer loop
      vertex 32.5 6.95561 11.5475
      vertex 25.5 6.93061 11.5042
      vertex 32.5 6.93061 11.5042
    endloop
  endfacet
  facet normal 0 -0.912403 -0.409293
    outer loop
      vertex 25.5 7.38503 10.4912
      vertex 32.5 6.93061 11.5042
      vertex 25.5 6.93061 11.5042
    endloop
  endfacet
  facet normal 0 -0.912403 -0.409293
    outer loop
      vertex 32.5 6.93061 11.5042
      vertex 25.5 7.38503 10.4912
      vertex 32.5 7.38503 10.4912
    endloop
  endfacet
  facet normal 0 0.866055 -0.499949
    outer loop
      vertex 32.5 7.73144 10.2912
      vertex 25.5 8.08144 10.8975
      vertex 32.5 8.08144 10.8975
    endloop
  endfacet
  facet normal 0 0.866055 -0.499949
    outer loop
      vertex 25.5 8.08144 10.8975
      vertex 32.5 7.73144 10.2912
      vertex 25.5 7.73144 10.2912
    endloop
  endfacet
  facet normal 1 0 0
    outer loop
      vertex 32.5 41.535 69.6408
      vertex 32.5 41.5314 68.8346
      vertex 32.5 41.8814 69.4408
    endloop
  endfacet
  facet normal 1 0 -0
    outer loop
      vertex 32.5 41.5314 68.8346
      vertex 32.5 41.535 69.6408
      vertex 32.5 40.4306 69.5279
    endloop
  endfacet
  facet normal 1 0 0
    outer loop
      vertex 32.5 41.5314 68.8346
      vertex 32.5 50.5144 62.4935
      vertex 32.5 51.0144 63.3596
    endloop
  endfacet
  facet normal 1 -0 0
    outer loop
      vertex 32.5 40.4056 69.4846
      vertex 32.5 41.5314 68.8346
      vertex 32.5 40.4306 69.5279
    endloop
  endfacet
  facet normal 1 0 0
    outer loop
      vertex 32.5 39.8623 68.6435
      vertex 32.5 41.5314 68.8346
      vertex 32.5 40.4056 69.4846
    endloop
  endfacet
  facet normal 1 0 0
    outer loop
      vertex 32.5 39.8623 68.6435
      vertex 32.5 40.4056 69.4846
      vertex 32.5 40.3623 69.5096
    endloop
  endfacet
  facet normal 1 0 0
    outer loop
      vertex 32.5 41.5314 68.8346
      vertex 32.5 39.8623 68.6435
      vertex 32.5 50.5144 62.4935
    endloop
  endfacet
  facet normal 1 -0 0
    outer loop
      vertex 32.5 51.0144 63.3596
      vertex 32.5 52.4751 62.6895
      vertex 32.5 51.0894 63.4895
    endloop
  endfacet
  facet normal 1 0 0
    outer loop
      vertex 32.5 52.4751 62.6895
      vertex 32.5 51.0144 63.3596
      vertex 32.5 51.8251 61.5636
    endloop
  endfacet
  facet normal 1 -0 0
    outer loop
      vertex 32.5 50.5144 62.4935
      vertex 32.5 51.8251 61.5636
      vertex 32.5 51.0144 63.3596
    endloop
  endfacet
  facet normal 1 0 0
    outer loop
      vertex 32.5 51.8251 61.5636
      vertex 32.5 50.5144 62.4935
      vertex 32.5 50.4394 62.3636
    endloop
  endfacet
  facet normal 0 -0.866019 0.500011
    outer loop
      vertex 25.5 50.4394 62.3636
      vertex 32.5 50.5144 62.4935
      vertex 25.5 50.5144 62.4935
    endloop
  endfacet
  facet normal 0 -0.866019 0.500011
    outer loop
      vertex 32.5 50.5144 62.4935
      vertex 25.5 50.4394 62.3636
      vertex 32.5 50.4394 62.3636
    endloop
  endfacet
  facet normal 0 -0.866019 0.500011
    outer loop
      vertex 25.5 51.0144 63.3596
      vertex 32.5 51.0894 63.4895
      vertex 25.5 51.0894 63.4895
    endloop
  endfacet
  facet normal 0 -0.866019 0.500011
    outer loop
      vertex 32.5 51.0894 63.4895
      vertex 25.5 51.0144 63.3596
      vertex 32.5 51.0144 63.3596
    endloop
  endfacet
  facet normal -1 0 0
    outer loop
      vertex 25.5 51.0144 63.3596
      vertex 25.5 52.4751 62.6895
      vertex 25.5 51.8251 61.5636
    endloop
  endfacet
  facet normal -1 0 0
    outer loop
      vertex 25.5 52.4751 62.6895
      vertex 25.5 51.0144 63.3596
      vertex 25.5 51.0894 63.4895
    endloop
  endfacet
  facet normal -1 0 0
    outer loop
      vertex 25.5 51.8251 61.5636
      vertex 25.5 50.5144 62.4935
      vertex 25.5 51.0144 63.3596
    endloop
  endfacet
  facet normal -1 0 -0
    outer loop
      vertex 25.5 50.5144 62.4935
      vertex 25.5 51.8251 61.5636
      vertex 25.5 50.4394 62.3636
    endloop
  endfacet
  facet normal -1 0 0
    outer loop
      vertex 25.5 50.5144 62.4935
      vertex 25.5 41.5314 68.8346
      vertex 25.5 51.0144 63.3596
    endloop
  endfacet
  facet normal -1 0 0
    outer loop
      vertex 25.5 39.8623 68.6435
      vertex 25.5 41.5314 68.8346
      vertex 25.5 50.5144 62.4935
    endloop
  endfacet
  facet normal -1 0 0
    outer loop
      vertex 25.5 41.5314 68.8346
      vertex 25.5 40.4056 69.4846
      vertex 25.5 40.4306 69.5279
    endloop
  endfacet
  facet normal -1 -0 0
    outer loop
      vertex 25.5 41.5314 68.8346
      vertex 25.5 39.8623 68.6435
      vertex 25.5 40.4056 69.4846
    endloop
  endfacet
  facet normal -1 -0 0
    outer loop
      vertex 25.5 40.4056 69.4846
      vertex 25.5 39.8623 68.6435
      vertex 25.5 40.3623 69.5096
    endloop
  endfacet
  facet normal -1 0 0
    outer loop
      vertex 25.5 41.5314 68.8346
      vertex 25.5 41.535 69.6408
      vertex 25.5 41.8814 69.4408
    endloop
  endfacet
  facet normal -1 0 0
    outer loop
      vertex 25.5 41.535 69.6408
      vertex 25.5 41.5314 68.8346
      vertex 25.5 40.4306 69.5279
    endloop
  endfacet
  facet normal 0 -0.499984 -0.866035
    outer loop
      vertex 25.5 50.4394 62.3636
      vertex 32.5 51.8251 61.5636
      vertex 32.5 50.4394 62.3636
    endloop
  endfacet
  facet normal -0 -0.499984 -0.866035
    outer loop
      vertex 32.5 51.8251 61.5636
      vertex 25.5 50.4394 62.3636
      vertex 25.5 51.8251 61.5636
    endloop
  endfacet
  facet normal 0 -0.866044 0.499968
    outer loop
      vertex 25.5 39.8623 68.6435
      vertex 32.5 40.3623 69.5096
      vertex 25.5 40.3623 69.5096
    endloop
  endfacet
  facet normal 0 -0.866044 0.499968
    outer loop
      vertex 32.5 40.3623 69.5096
      vertex 25.5 39.8623 68.6435
      vertex 32.5 39.8623 68.6435
    endloop
  endfacet
  facet normal 0 -0.5 -0.866025
    outer loop
      vertex 25.5 39.8623 68.6435
      vertex 32.5 50.5144 62.4935
      vertex 32.5 39.8623 68.6435
    endloop
  endfacet
  facet normal -0 -0.5 -0.866025
    outer loop
      vertex 32.5 50.5144 62.4935
      vertex 25.5 39.8623 68.6435
      vertex 25.5 50.5144 62.4935
    endloop
  endfacet
  facet normal -0 0.500011 0.866019
    outer loop
      vertex 25.5 40.4056 69.4846
      vertex 32.5 40.3623 69.5096
      vertex 32.5 40.4056 69.4846
    endloop
  endfacet
  facet normal 0 0.500011 0.866019
    outer loop
      vertex 32.5 40.3623 69.5096
      vertex 25.5 40.4056 69.4846
      vertex 25.5 40.3623 69.5096
    endloop
  endfacet
  facet normal -0 0.499999 0.866026
    outer loop
      vertex 25.5 51.0144 63.3596
      vertex 32.5 41.5314 68.8346
      vertex 32.5 51.0144 63.3596
    endloop
  endfacet
  facet normal 0 0.499999 0.866026
    outer loop
      vertex 32.5 41.5314 68.8346
      vertex 25.5 51.0144 63.3596
      vertex 25.5 41.5314 68.8346
    endloop
  endfacet
  facet normal -0 0.500011 0.866019
    outer loop
      vertex 25.5 41.8814 69.4408
      vertex 32.5 41.535 69.6408
      vertex 32.5 41.8814 69.4408
    endloop
  endfacet
  facet normal 0 0.500011 0.866019
    outer loop
      vertex 32.5 41.535 69.6408
      vertex 25.5 41.8814 69.4408
      vertex 25.5 41.535 69.6408
    endloop
  endfacet
  facet normal 0 -0.866019 0.500011
    outer loop
      vertex 25.5 40.4056 69.4846
      vertex 32.5 40.4306 69.5279
      vertex 25.5 40.4306 69.5279
    endloop
  endfacet
  facet normal 0 -0.866019 0.500011
    outer loop
      vertex 32.5 40.4306 69.5279
      vertex 25.5 40.4056 69.4846
      vertex 32.5 40.4056 69.4846
    endloop
  endfacet
  facet normal 0 -0.101697 0.994815
    outer loop
      vertex 25.5 41.535 69.6408
      vertex 32.5 40.4306 69.5279
      vertex 32.5 41.535 69.6408
    endloop
  endfacet
  facet normal 0 -0.101697 0.994815
    outer loop
      vertex 32.5 40.4306 69.5279
      vertex 25.5 41.535 69.6408
      vertex 25.5 40.4306 69.5279
    endloop
  endfacet
  facet normal 0 0.866019 -0.500011
    outer loop
      vertex 32.5 41.5314 68.8346
      vertex 25.5 41.8814 69.4408
      vertex 32.5 41.8814 69.4408
    endloop
  endfacet
  facet normal 0 0.866019 -0.500011
    outer loop
      vertex 25.5 41.8814 69.4408
      vertex 32.5 41.5314 68.8346
      vertex 25.5 41.5314 68.8346
    endloop
  endfacet
  facet normal 1 0 0
    outer loop
      vertex 82.5 18.0644 6.28849
      vertex 82.5 8.08144 10.8975
      vertex 82.5 17.5644 5.42247
    endloop
  endfacet
  facet normal 1 0 0
    outer loop
      vertex 82.5 7.41231 12.4385
      vertex 82.5 8.08144 10.8975
      vertex 82.5 18.0644 6.28849
    endloop
  endfacet
  facet normal 1 -0 0
    outer loop
      vertex 82.5 6.95561 11.5475
      vertex 82.5 8.08144 10.8975
      vertex 82.5 7.41231 12.4385
    endloop
  endfacet
  facet normal 1 -0 0
    outer loop
      vertex 82.5 6.93061 11.5042
      vertex 82.5 8.08144 10.8975
      vertex 82.5 6.95561 11.5475
    endloop
  endfacet
  facet normal 1 0 0
    outer loop
      vertex 82.5 8.08144 10.8975
      vertex 82.5 7.38503 10.4912
      vertex 82.5 7.73144 10.2912
    endloop
  endfacet
  facet normal 1 0 -0
    outer loop
      vertex 82.5 6.95561 11.5475
      vertex 82.5 7.41231 12.4385
      vertex 82.5 6.91231 11.5725
    endloop
  endfacet
  facet normal 1 -0 0
    outer loop
      vertex 82.5 18.0644 6.28849
      vertex 82.5 19.5251 5.6184
      vertex 82.5 18.1394 6.4184
    endloop
  endfacet
  facet normal 1 0 0
    outer loop
      vertex 82.5 19.5251 5.6184
      vertex 82.5 18.0644 6.28849
      vertex 82.5 18.8751 4.49256
    endloop
  endfacet
  facet normal 1 -0 0
    outer loop
      vertex 82.5 17.5644 5.42247
      vertex 82.5 18.8751 4.49256
      vertex 82.5 18.0644 6.28849
    endloop
  endfacet
  facet normal 1 0 0
    outer loop
      vertex 82.5 18.8751 4.49256
      vertex 82.5 17.5644 5.42247
      vertex 82.5 17.4894 5.29256
    endloop
  endfacet
  facet normal 1 0 0
    outer loop
      vertex 82.5 8.08144 10.8975
      vertex 82.5 6.93061 11.5042
      vertex 82.5 7.38503 10.4912
    endloop
  endfacet
  facet normal 0 -0.866036 0.499982
    outer loop
      vertex 75.5 18.0644 6.28849
      vertex 82.5 18.1394 6.4184
      vertex 75.5 18.1394 6.4184
    endloop
  endfacet
  facet normal 0 -0.866036 0.499982
    outer loop
      vertex 82.5 18.1394 6.4184
      vertex 75.5 18.0644 6.28849
      vertex 82.5 18.0644 6.28849
    endloop
  endfacet
  facet normal 0 -0.866036 0.499982
    outer loop
      vertex 75.5 17.4894 5.29256
      vertex 82.5 17.5644 5.42247
      vertex 75.5 17.5644 5.42247
    endloop
  endfacet
  facet normal 0 -0.866036 0.499982
    outer loop
      vertex 82.5 17.5644 5.42247
      vertex 75.5 17.4894 5.29256
      vertex 82.5 17.4894 5.29256
    endloop
  endfacet
  facet normal -1 0 0
    outer loop
      vertex 75.5 8.08144 10.8975
      vertex 75.5 6.93061 11.5042
      vertex 75.5 6.95561 11.5475
    endloop
  endfacet
  facet normal -1 0 0
    outer loop
      vertex 75.5 18.0644 6.28849
      vertex 75.5 19.5251 5.6184
      vertex 75.5 18.8751 4.49256
    endloop
  endfacet
  facet normal -1 0 0
    outer loop
      vertex 75.5 19.5251 5.6184
      vertex 75.5 18.0644 6.28849
      vertex 75.5 18.1394 6.4184
    endloop
  endfacet
  facet normal -1 0 0
    outer loop
      vertex 75.5 18.8751 4.49256
      vertex 75.5 17.5644 5.42247
      vertex 75.5 18.0644 6.28849
    endloop
  endfacet
  facet normal -1 0 -0
    outer loop
      vertex 75.5 17.5644 5.42247
      vertex 75.5 18.8751 4.49256
      vertex 75.5 17.4894 5.29256
    endloop
  endfacet
  facet normal -1 0 0
    outer loop
      vertex 75.5 8.08144 10.8975
      vertex 75.5 18.0644 6.28849
      vertex 75.5 17.5644 5.42247
    endloop
  endfacet
  facet normal -1 0 0
    outer loop
      vertex 75.5 8.08144 10.8975
      vertex 75.5 7.41231 12.4385
      vertex 75.5 18.0644 6.28849
    endloop
  endfacet
  facet normal -1 0 0
    outer loop
      vertex 75.5 7.38503 10.4912
      vertex 75.5 8.08144 10.8975
      vertex 75.5 7.73144 10.2912
    endloop
  endfacet
  facet normal -1 0 0
    outer loop
      vertex 75.5 6.93061 11.5042
      vertex 75.5 8.08144 10.8975
      vertex 75.5 7.38503 10.4912
    endloop
  endfacet
  facet normal -1 0 0
    outer loop
      vertex 75.5 8.08144 10.8975
      vertex 75.5 6.95561 11.5475
      vertex 75.5 7.41231 12.4385
    endloop
  endfacet
  facet normal -1 0 0
    outer loop
      vertex 75.5 7.41231 12.4385
      vertex 75.5 6.95561 11.5475
      vertex 75.5 6.91231 11.5725
    endloop
  endfacet
  facet normal -0 0.499984 0.866035
    outer loop
      vertex 75.5 19.5251 5.6184
      vertex 82.5 18.1394 6.4184
      vertex 82.5 19.5251 5.6184
    endloop
  endfacet
  facet normal 0 0.499984 0.866035
    outer loop
      vertex 82.5 18.1394 6.4184
      vertex 75.5 19.5251 5.6184
      vertex 75.5 18.1394 6.4184
    endloop
  endfacet
  facet normal 0 -0.866019 0.500011
    outer loop
      vertex 75.5 6.91231 11.5725
      vertex 82.5 7.41231 12.4385
      vertex 75.5 7.41231 12.4385
    endloop
  endfacet
  facet normal 0 -0.866019 0.500011
    outer loop
      vertex 82.5 7.41231 12.4385
      vertex 75.5 6.91231 11.5725
      vertex 82.5 6.91231 11.5725
    endloop
  endfacet
  facet normal -0 0.500001 0.866025
    outer loop
      vertex 75.5 18.0644 6.28849
      vertex 82.5 7.41231 12.4385
      vertex 82.5 18.0644 6.28849
    endloop
  endfacet
  facet normal 0 0.500001 0.866025
    outer loop
      vertex 82.5 7.41231 12.4385
      vertex 75.5 18.0644 6.28849
      vertex 75.5 7.41231 12.4385
    endloop
  endfacet
  facet normal 0 -0.500011 -0.866019
    outer loop
      vertex 75.5 6.91231 11.5725
      vertex 82.5 6.95561 11.5475
      vertex 82.5 6.91231 11.5725
    endloop
  endfacet
  facet normal -0 -0.500011 -0.866019
    outer loop
      vertex 82.5 6.95561 11.5475
      vertex 75.5 6.91231 11.5725
      vertex 75.5 6.95561 11.5475
    endloop
  endfacet
  facet normal 0 -0.500003 -0.866024
    outer loop
      vertex 75.5 8.08144 10.8975
      vertex 82.5 17.5644 5.42247
      vertex 82.5 8.08144 10.8975
    endloop
  endfacet
  facet normal -0 -0.500003 -0.866024
    outer loop
      vertex 82.5 17.5644 5.42247
      vertex 75.5 8.08144 10.8975
      vertex 75.5 17.5644 5.42247
    endloop
  endfacet
  facet normal 0 -0.5 -0.866025
    outer loop
      vertex 75.5 7.38503 10.4912
      vertex 82.5 7.73144 10.2912
      vertex 82.5 7.38503 10.4912
    endloop
  endfacet
  facet normal -0 -0.5 -0.866025
    outer loop
      vertex 82.5 7.73144 10.2912
      vertex 75.5 7.38503 10.4912
      vertex 75.5 7.73144 10.2912
    endloop
  endfacet
  facet normal 0 -0.866019 0.500011
    outer loop
      vertex 75.5 6.93061 11.5042
      vertex 82.5 6.95561 11.5475
      vertex 75.5 6.95561 11.5475
    endloop
  endfacet
  facet normal 0 -0.866019 0.500011
    outer loop
      vertex 82.5 6.95561 11.5475
      vertex 75.5 6.93061 11.5042
      vertex 82.5 6.93061 11.5042
    endloop
  endfacet
  facet normal 0 -0.912403 -0.409293
    outer loop
      vertex 75.5 7.38503 10.4912
      vertex 82.5 6.93061 11.5042
      vertex 75.5 6.93061 11.5042
    endloop
  endfacet
  facet normal 0 -0.912403 -0.409293
    outer loop
      vertex 82.5 6.93061 11.5042
      vertex 75.5 7.38503 10.4912
      vertex 82.5 7.38503 10.4912
    endloop
  endfacet
  facet normal 0 0.866055 -0.499949
    outer loop
      vertex 82.5 7.73144 10.2912
      vertex 75.5 8.08144 10.8975
      vertex 82.5 8.08144 10.8975
    endloop
  endfacet
  facet normal 0 0.866055 -0.499949
    outer loop
      vertex 75.5 8.08144 10.8975
      vertex 82.5 7.73144 10.2912
      vertex 75.5 7.73144 10.2912
    endloop
  endfacet
  facet normal 1 0 0
    outer loop
      vertex 82.5 41.535 69.6408
      vertex 82.5 41.5314 68.8346
      vertex 82.5 41.8814 69.4408
    endloop
  endfacet
  facet normal 1 0 -0
    outer loop
      vertex 82.5 41.5314 68.8346
      vertex 82.5 41.535 69.6408
      vertex 82.5 40.4306 69.5279
    endloop
  endfacet
  facet normal 1 0 0
    outer loop
      vertex 82.5 41.5314 68.8346
      vertex 82.5 50.5144 62.4935
      vertex 82.5 51.0144 63.3596
    endloop
  endfacet
  facet normal 1 -0 0
    outer loop
      vertex 82.5 40.4056 69.4846
      vertex 82.5 41.5314 68.8346
      vertex 82.5 40.4306 69.5279
    endloop
  endfacet
  facet normal 1 0 0
    outer loop
      vertex 82.5 39.8623 68.6435
      vertex 82.5 41.5314 68.8346
      vertex 82.5 40.4056 69.4846
    endloop
  endfacet
  facet normal 1 0 0
    outer loop
      vertex 82.5 39.8623 68.6435
      vertex 82.5 40.4056 69.4846
      vertex 82.5 40.3623 69.5096
    endloop
  endfacet
  facet normal 1 0 0
    outer loop
      vertex 82.5 41.5314 68.8346
      vertex 82.5 39.8623 68.6435
      vertex 82.5 50.5144 62.4935
    endloop
  endfacet
  facet normal 1 -0 0
    outer loop
      vertex 82.5 51.0144 63.3596
      vertex 82.5 52.4751 62.6895
      vertex 82.5 51.0894 63.4895
    endloop
  endfacet
  facet normal 1 0 0
    outer loop
      vertex 82.5 52.4751 62.6895
      vertex 82.5 51.0144 63.3596
      vertex 82.5 51.8251 61.5636
    endloop
  endfacet
  facet normal 1 -0 0
    outer loop
      vertex 82.5 50.5144 62.4935
      vertex 82.5 51.8251 61.5636
      vertex 82.5 51.0144 63.3596
    endloop
  endfacet
  facet normal 1 0 0
    outer loop
      vertex 82.5 51.8251 61.5636
      vertex 82.5 50.5144 62.4935
      vertex 82.5 50.4394 62.3636
    endloop
  endfacet
  facet normal 0 -0.866019 0.500011
    outer loop
      vertex 75.5 50.4394 62.3636
      vertex 82.5 50.5144 62.4935
      vertex 75.5 50.5144 62.4935
    endloop
  endfacet
  facet normal 0 -0.866019 0.500011
    outer loop
      vertex 82.5 50.5144 62.4935
      vertex 75.5 50.4394 62.3636
      vertex 82.5 50.4394 62.3636
    endloop
  endfacet
  facet normal 0 -0.866019 0.500011
    outer loop
      vertex 75.5 51.0144 63.3596
      vertex 82.5 51.0894 63.4895
      vertex 75.5 51.0894 63.4895
    endloop
  endfacet
  facet normal 0 -0.866019 0.500011
    outer loop
      vertex 82.5 51.0894 63.4895
      vertex 75.5 51.0144 63.3596
      vertex 82.5 51.0144 63.3596
    endloop
  endfacet
  facet normal -1 0 0
    outer loop
      vertex 75.5 51.0144 63.3596
      vertex 75.5 52.4751 62.6895
      vertex 75.5 51.8251 61.5636
    endloop
  endfacet
  facet normal -1 0 0
    outer loop
      vertex 75.5 52.4751 62.6895
      vertex 75.5 51.0144 63.3596
      vertex 75.5 51.0894 63.4895
    endloop
  endfacet
  facet normal -1 0 0
    outer loop
      vertex 75.5 51.8251 61.5636
      vertex 75.5 50.5144 62.4935
      vertex 75.5 51.0144 63.3596
    endloop
  endfacet
  facet normal -1 0 -0
    outer loop
      vertex 75.5 50.5144 62.4935
      vertex 75.5 51.8251 61.5636
      vertex 75.5 50.4394 62.3636
    endloop
  endfacet
  facet normal -1 0 0
    outer loop
      vertex 75.5 50.5144 62.4935
      vertex 75.5 41.5314 68.8346
      vertex 75.5 51.0144 63.3596
    endloop
  endfacet
  facet normal -1 0 0
    outer loop
      vertex 75.5 39.8623 68.6435
      vertex 75.5 41.5314 68.8346
      vertex 75.5 50.5144 62.4935
    endloop
  endfacet
  facet normal -1 0 0
    outer loop
      vertex 75.5 41.5314 68.8346
      vertex 75.5 40.4056 69.4846
      vertex 75.5 40.4306 69.5279
    endloop
  endfacet
  facet normal -1 -0 0
    outer loop
      vertex 75.5 41.5314 68.8346
      vertex 75.5 39.8623 68.6435
      vertex 75.5 40.4056 69.4846
    endloop
  endfacet
  facet normal -1 -0 0
    outer loop
      vertex 75.5 40.4056 69.4846
      vertex 75.5 39.8623 68.6435
      vertex 75.5 40.3623 69.5096
    endloop
  endfacet
  facet normal -1 0 0
    outer loop
      vertex 75.5 41.5314 68.8346
      vertex 75.5 41.535 69.6408
      vertex 75.5 41.8814 69.4408
    endloop
  endfacet
  facet normal -1 0 0
    outer loop
      vertex 75.5 41.535 69.6408
      vertex 75.5 41.5314 68.8346
      vertex 75.5 40.4306 69.5279
    endloop
  endfacet
  facet normal 0 -0.499984 -0.866035
    outer loop
      vertex 75.5 50.4394 62.3636
      vertex 82.5 51.8251 61.5636
      vertex 82.5 50.4394 62.3636
    endloop
  endfacet
  facet normal -0 -0.499984 -0.866035
    outer loop
      vertex 82.5 51.8251 61.5636
      vertex 75.5 50.4394 62.3636
      vertex 75.5 51.8251 61.5636
    endloop
  endfacet
  facet normal 0 -0.866044 0.499968
    outer loop
      vertex 75.5 39.8623 68.6435
      vertex 82.5 40.3623 69.5096
      vertex 75.5 40.3623 69.5096
    endloop
  endfacet
  facet normal 0 -0.866044 0.499968
    outer loop
      vertex 82.5 40.3623 69.5096
      vertex 75.5 39.8623 68.6435
      vertex 82.5 39.8623 68.6435
    endloop
  endfacet
  facet normal 0 -0.5 -0.866025
    outer loop
      vertex 75.5 39.8623 68.6435
      vertex 82.5 50.5144 62.4935
      vertex 82.5 39.8623 68.6435
    endloop
  endfacet
  facet normal -0 -0.5 -0.866025
    outer loop
      vertex 82.5 50.5144 62.4935
      vertex 75.5 39.8623 68.6435
      vertex 75.5 50.5144 62.4935
    endloop
  endfacet
  facet normal -0 0.500011 0.866019
    outer loop
      vertex 75.5 40.4056 69.4846
      vertex 82.5 40.3623 69.5096
      vertex 82.5 40.4056 69.4846
    endloop
  endfacet
  facet normal 0 0.500011 0.866019
    outer loop
      vertex 82.5 40.3623 69.5096
      vertex 75.5 40.4056 69.4846
      vertex 75.5 40.3623 69.5096
    endloop
  endfacet
  facet normal -0 0.499999 0.866026
    outer loop
      vertex 75.5 51.0144 63.3596
      vertex 82.5 41.5314 68.8346
      vertex 82.5 51.0144 63.3596
    endloop
  endfacet
  facet normal 0 0.499999 0.866026
    outer loop
      vertex 82.5 41.5314 68.8346
      vertex 75.5 51.0144 63.3596
      vertex 75.5 41.5314 68.8346
    endloop
  endfacet
  facet normal -0 0.500011 0.866019
    outer loop
      vertex 75.5 41.8814 69.4408
      vertex 82.5 41.535 69.6408
      vertex 82.5 41.8814 69.4408
    endloop
  endfacet
  facet normal 0 0.500011 0.866019
    outer loop
      vertex 82.5 41.535 69.6408
      vertex 75.5 41.8814 69.4408
      vertex 75.5 41.535 69.6408
    endloop
  endfacet
  facet normal 0 -0.866019 0.500011
    outer loop
      vertex 75.5 40.4056 69.4846
      vertex 82.5 40.4306 69.5279
      vertex 75.5 40.4306 69.5279
    endloop
  endfacet
  facet normal 0 -0.866019 0.500011
    outer loop
      vertex 82.5 40.4306 69.5279
      vertex 75.5 40.4056 69.4846
      vertex 82.5 40.4056 69.4846
    endloop
  endfacet
  facet normal 0 -0.101697 0.994815
    outer loop
      vertex 75.5 41.535 69.6408
      vertex 82.5 40.4306 69.5279
      vertex 82.5 41.535 69.6408
    endloop
  endfacet
  facet normal 0 -0.101697 0.994815
    outer loop
      vertex 82.5 40.4306 69.5279
      vertex 75.5 41.535 69.6408
      vertex 75.5 40.4306 69.5279
    endloop
  endfacet
  facet normal 0 0.866019 -0.500011
    outer loop
      vertex 82.5 41.5314 68.8346
      vertex 75.5 41.8814 69.4408
      vertex 82.5 41.8814 69.4408
    endloop
  endfacet
  facet normal 0 0.866019 -0.500011
    outer loop
      vertex 75.5 41.8814 69.4408
      vertex 82.5 41.5314 68.8346
      vertex 75.5 41.5314 68.8346
    endloop
  endfacet
  facet normal -0.32136 0.946957 0
    outer loop
      vertex 85.353 26.0148 2.39999
      vertex 85.0433 25.9097 6.39
      vertex 85.353 26.0148 6.39
    endloop
  endfacet
  facet normal -0.32136 0.946957 0
    outer loop
      vertex 85.0433 25.9097 6.39
      vertex 85.353 26.0148 2.39999
      vertex 85.0433 25.9097 2.39999
    endloop
  endfacet
  facet normal 0.98078 0.195116 0
    outer loop
      vertex 88.4786 23.9263 6.39
      vertex 88.4148 24.247 2.39999
      vertex 88.4148 24.247 6.39
    endloop
  endfacet
  facet normal 0.98078 0.195116 0
    outer loop
      vertex 88.4148 24.247 2.39999
      vertex 88.4786 23.9263 6.39
      vertex 88.4786 23.9263 2.39999
    endloop
  endfacet
  facet normal 0.997856 0.0654432 0
    outer loop
      vertex 88.5 23.6 6.39
      vertex 88.4786 23.9263 2.39999
      vertex 88.4786 23.9263 6.39
    endloop
  endfacet
  facet normal 0.997856 0.0654432 0
    outer loop
      vertex 88.4786 23.9263 2.39999
      vertex 88.5 23.6 6.39
      vertex 88.5 23.6 2.39999
    endloop
  endfacet
  facet normal -0.98078 0.195116 0
    outer loop
      vertex 83.5214 23.9263 2.39999
      vertex 83.5852 24.247 6.39
      vertex 83.5852 24.247 2.39999
    endloop
  endfacet
  facet normal -0.98078 0.195116 0
    outer loop
      vertex 83.5852 24.247 6.39
      vertex 83.5214 23.9263 2.39999
      vertex 83.5214 23.9263 6.39
    endloop
  endfacet
  facet normal 0.0654432 0.997856 -0
    outer loop
      vertex 86.3263 26.0786 2.39999
      vertex 86 26.1 6.39
      vertex 86.3263 26.0786 6.39
    endloop
  endfacet
  facet normal 0.0654432 0.997856 0
    outer loop
      vertex 86 26.1 6.39
      vertex 86.3263 26.0786 2.39999
      vertex 86 26.1 2.39999
    endloop
  endfacet
  facet normal -0.896921 0.442191 0
    outer loop
      vertex 83.6903 24.5567 2.39999
      vertex 83.8349 24.85 6.39
      vertex 83.8349 24.85 2.39999
    endloop
  endfacet
  facet normal -0.896921 0.442191 0
    outer loop
      vertex 83.8349 24.85 6.39
      vertex 83.6903 24.5567 2.39999
      vertex 83.6903 24.5567 6.39
    endloop
  endfacet
  facet normal 0.831438 0.555617 0
    outer loop
      vertex 88.1651 24.85 6.39
      vertex 87.9834 25.1219 2.39999
      vertex 87.9834 25.1219 6.39
    endloop
  endfacet
  facet normal 0.831438 0.555617 0
    outer loop
      vertex 87.9834 25.1219 2.39999
      vertex 88.1651 24.85 6.39
      vertex 88.1651 24.85 2.39999
    endloop
  endfacet
  facet normal 0.659262 0.751913 -0
    outer loop
      vertex 87.7678 25.3678 2.39999
      vertex 87.5219 25.5834 6.39
      vertex 87.7678 25.3678 6.39
    endloop
  endfacet
  facet normal 0.659262 0.751913 0
    outer loop
      vertex 87.5219 25.5834 6.39
      vertex 87.7678 25.3678 2.39999
      vertex 87.5219 25.5834 2.39999
    endloop
  endfacet
  facet normal -0.442191 -0.896921 0
    outer loop
      vertex 84.75 21.4349 2.39999
      vertex 85.0433 21.2903 6.39
      vertex 84.75 21.4349 6.39
    endloop
  endfacet
  facet normal -0.442191 -0.896921 -0
    outer loop
      vertex 85.0433 21.2903 6.39
      vertex 84.75 21.4349 2.39999
      vertex 85.0433 21.2903 2.39999
    endloop
  endfacet
  facet normal 0.997856 -0.0654432 0
    outer loop
      vertex 88.4786 23.2737 6.39
      vertex 88.5 23.6 2.39999
      vertex 88.5 23.6 6.39
    endloop
  endfacet
  facet normal 0.997856 -0.0654432 0
    outer loop
      vertex 88.5 23.6 2.39999
      vertex 88.4786 23.2737 6.39
      vertex 88.4786 23.2737 2.39999
    endloop
  endfacet
  facet normal 0.751913 0.659262 0
    outer loop
      vertex 87.9834 25.1219 6.39
      vertex 87.7678 25.3678 2.39999
      vertex 87.7678 25.3678 6.39
    endloop
  endfacet
  facet normal 0.751913 0.659262 0
    outer loop
      vertex 87.7678 25.3678 2.39999
      vertex 87.9834 25.1219 6.39
      vertex 87.9834 25.1219 2.39999
    endloop
  endfacet
  facet normal -0.831438 -0.555617 0
    outer loop
      vertex 84.0166 22.0781 2.39999
      vertex 83.8349 22.35 6.39
      vertex 83.8349 22.35 2.39999
    endloop
  endfacet
  facet normal -0.831438 -0.555617 0
    outer loop
      vertex 83.8349 22.35 6.39
      vertex 84.0166 22.0781 2.39999
      vertex 84.0166 22.0781 6.39
    endloop
  endfacet
  facet normal 0.0654432 -0.997856 0
    outer loop
      vertex 86 21.1 2.39999
      vertex 86.3263 21.1214 6.39
      vertex 86 21.1 6.39
    endloop
  endfacet
  facet normal 0.0654432 -0.997856 0
    outer loop
      vertex 86.3263 21.1214 6.39
      vertex 86 21.1 2.39999
      vertex 86.3263 21.1214 2.39999
    endloop
  endfacet
  facet normal 0.32136 -0.946957 0
    outer loop
      vertex 86.647 21.1852 2.39999
      vertex 86.9567 21.2903 6.39
      vertex 86.647 21.1852 6.39
    endloop
  endfacet
  facet normal 0.32136 -0.946957 0
    outer loop
      vertex 86.9567 21.2903 6.39
      vertex 86.647 21.1852 2.39999
      vertex 86.9567 21.2903 2.39999
    endloop
  endfacet
  facet normal -0.0654432 -0.997856 0
    outer loop
      vertex 85.6737 21.1214 2.39999
      vertex 86 21.1 6.39
      vertex 85.6737 21.1214 6.39
    endloop
  endfacet
  facet normal -0.0654432 -0.997856 -0
    outer loop
      vertex 86 21.1 6.39
      vertex 85.6737 21.1214 2.39999
      vertex 86 21.1 2.39999
    endloop
  endfacet
  facet normal 0.442191 -0.896921 0
    outer loop
      vertex 86.9567 21.2903 2.39999
      vertex 87.25 21.4349 6.39
      vertex 86.9567 21.2903 6.39
    endloop
  endfacet
  facet normal 0.442191 -0.896921 0
    outer loop
      vertex 87.25 21.4349 6.39
      vertex 86.9567 21.2903 2.39999
      vertex 87.25 21.4349 2.39999
    endloop
  endfacet
  facet normal -0.751913 0.659262 0
    outer loop
      vertex 84.0166 25.1219 2.39999
      vertex 84.2322 25.3678 6.39
      vertex 84.2322 25.3678 2.39999
    endloop
  endfacet
  facet normal -0.751913 0.659262 0
    outer loop
      vertex 84.2322 25.3678 6.39
      vertex 84.0166 25.1219 2.39999
      vertex 84.0166 25.1219 6.39
    endloop
  endfacet
  facet normal 0.442191 0.896921 -0
    outer loop
      vertex 87.25 25.7651 2.39999
      vertex 86.9567 25.9097 6.39
      vertex 87.25 25.7651 6.39
    endloop
  endfacet
  facet normal 0.442191 0.896921 0
    outer loop
      vertex 86.9567 25.9097 6.39
      vertex 87.25 25.7651 2.39999
      vertex 86.9567 25.9097 2.39999
    endloop
  endfacet
  facet normal -0.442191 0.896921 0
    outer loop
      vertex 85.0433 25.9097 2.39999
      vertex 84.75 25.7651 6.39
      vertex 85.0433 25.9097 6.39
    endloop
  endfacet
  facet normal -0.442191 0.896921 0
    outer loop
      vertex 84.75 25.7651 6.39
      vertex 85.0433 25.9097 2.39999
      vertex 84.75 25.7651 2.39999
    endloop
  endfacet
  facet normal 0.751913 -0.659262 0
    outer loop
      vertex 87.7678 21.8322 6.39
      vertex 87.9834 22.0781 2.39999
      vertex 87.9834 22.0781 6.39
    endloop
  endfacet
  facet normal 0.751913 -0.659262 0
    outer loop
      vertex 87.9834 22.0781 2.39999
      vertex 87.7678 21.8322 6.39
      vertex 87.7678 21.8322 2.39999
    endloop
  endfacet
  facet normal -0.195116 -0.98078 0
    outer loop
      vertex 85.353 21.1852 2.39999
      vertex 85.6737 21.1214 6.39
      vertex 85.353 21.1852 6.39
    endloop
  endfacet
  facet normal -0.195116 -0.98078 -0
    outer loop
      vertex 85.6737 21.1214 6.39
      vertex 85.353 21.1852 2.39999
      vertex 85.6737 21.1214 2.39999
    endloop
  endfacet
  facet normal 0.831438 -0.555617 0
    outer loop
      vertex 87.9834 22.0781 6.39
      vertex 88.1651 22.35 2.39999
      vertex 88.1651 22.35 6.39
    endloop
  endfacet
  facet normal 0.831438 -0.555617 0
    outer loop
      vertex 88.1651 22.35 2.39999
      vertex 87.9834 22.0781 6.39
      vertex 87.9834 22.0781 2.39999
    endloop
  endfacet
  facet normal -0.659262 -0.751913 0
    outer loop
      vertex 84.2322 21.8322 2.39999
      vertex 84.4781 21.6166 6.39
      vertex 84.2322 21.8322 6.39
    endloop
  endfacet
  facet normal -0.659262 -0.751913 -0
    outer loop
      vertex 84.4781 21.6166 6.39
      vertex 84.2322 21.8322 2.39999
      vertex 84.4781 21.6166 2.39999
    endloop
  endfacet
  facet normal 0.195116 -0.98078 0
    outer loop
      vertex 86.3263 21.1214 2.39999
      vertex 86.647 21.1852 6.39
      vertex 86.3263 21.1214 6.39
    endloop
  endfacet
  facet normal 0.195116 -0.98078 0
    outer loop
      vertex 86.647 21.1852 6.39
      vertex 86.3263 21.1214 2.39999
      vertex 86.647 21.1852 2.39999
    endloop
  endfacet
  facet normal 0.896921 -0.442191 0
    outer loop
      vertex 88.1651 22.35 6.39
      vertex 88.3097 22.6433 2.39999
      vertex 88.3097 22.6433 6.39
    endloop
  endfacet
  facet normal 0.896921 -0.442191 0
    outer loop
      vertex 88.3097 22.6433 2.39999
      vertex 88.1651 22.35 6.39
      vertex 88.1651 22.35 2.39999
    endloop
  endfacet
  facet normal -0.98078 -0.195116 0
    outer loop
      vertex 83.5852 22.953 2.39999
      vertex 83.5214 23.2737 6.39
      vertex 83.5214 23.2737 2.39999
    endloop
  endfacet
  facet normal -0.98078 -0.195116 0
    outer loop
      vertex 83.5214 23.2737 6.39
      vertex 83.5852 22.953 2.39999
      vertex 83.5852 22.953 6.39
    endloop
  endfacet
  facet normal 0.946957 -0.32136 0
    outer loop
      vertex 88.3097 22.6433 6.39
      vertex 88.4148 22.953 2.39999
      vertex 88.4148 22.953 6.39
    endloop
  endfacet
  facet normal 0.946957 -0.32136 0
    outer loop
      vertex 88.4148 22.953 2.39999
      vertex 88.3097 22.6433 6.39
      vertex 88.3097 22.6433 2.39999
    endloop
  endfacet
  facet normal -0.946957 0.32136 0
    outer loop
      vertex 83.5852 24.247 2.39999
      vertex 83.6903 24.5567 6.39
      vertex 83.6903 24.5567 2.39999
    endloop
  endfacet
  facet normal -0.946957 0.32136 0
    outer loop
      vertex 83.6903 24.5567 6.39
      vertex 83.5852 24.247 2.39999
      vertex 83.5852 24.247 6.39
    endloop
  endfacet
  facet normal -0.0654432 0.997856 0
    outer loop
      vertex 86 26.1 2.39999
      vertex 85.6737 26.0786 6.39
      vertex 86 26.1 6.39
    endloop
  endfacet
  facet normal -0.0654432 0.997856 0
    outer loop
      vertex 85.6737 26.0786 6.39
      vertex 86 26.1 2.39999
      vertex 85.6737 26.0786 2.39999
    endloop
  endfacet
  facet normal -0.896921 -0.442191 0
    outer loop
      vertex 83.8349 22.35 2.39999
      vertex 83.6903 22.6433 6.39
      vertex 83.6903 22.6433 2.39999
    endloop
  endfacet
  facet normal -0.896921 -0.442191 0
    outer loop
      vertex 83.6903 22.6433 6.39
      vertex 83.8349 22.35 2.39999
      vertex 83.8349 22.35 6.39
    endloop
  endfacet
  facet normal 0.555617 0.831438 -0
    outer loop
      vertex 87.5219 25.5834 2.39999
      vertex 87.25 25.7651 6.39
      vertex 87.5219 25.5834 6.39
    endloop
  endfacet
  facet normal 0.555617 0.831438 0
    outer loop
      vertex 87.25 25.7651 6.39
      vertex 87.5219 25.5834 2.39999
      vertex 87.25 25.7651 2.39999
    endloop
  endfacet
  facet normal -0.659262 0.751913 0
    outer loop
      vertex 84.4781 25.5834 2.39999
      vertex 84.2322 25.3678 6.39
      vertex 84.4781 25.5834 6.39
    endloop
  endfacet
  facet normal -0.659262 0.751913 0
    outer loop
      vertex 84.2322 25.3678 6.39
      vertex 84.4781 25.5834 2.39999
      vertex 84.2322 25.3678 2.39999
    endloop
  endfacet
  facet normal -0.555617 0.831438 0
    outer loop
      vertex 84.75 25.7651 2.39999
      vertex 84.4781 25.5834 6.39
      vertex 84.75 25.7651 6.39
    endloop
  endfacet
  facet normal -0.555617 0.831438 0
    outer loop
      vertex 84.4781 25.5834 6.39
      vertex 84.75 25.7651 2.39999
      vertex 84.4781 25.5834 2.39999
    endloop
  endfacet
  facet normal 0.195116 0.98078 -0
    outer loop
      vertex 86.647 26.0148 2.39999
      vertex 86.3263 26.0786 6.39
      vertex 86.647 26.0148 6.39
    endloop
  endfacet
  facet normal 0.195116 0.98078 0
    outer loop
      vertex 86.3263 26.0786 6.39
      vertex 86.647 26.0148 2.39999
      vertex 86.3263 26.0786 2.39999
    endloop
  endfacet
  facet normal 0.98078 -0.195116 0
    outer loop
      vertex 88.4148 22.953 6.39
      vertex 88.4786 23.2737 2.39999
      vertex 88.4786 23.2737 6.39
    endloop
  endfacet
  facet normal 0.98078 -0.195116 0
    outer loop
      vertex 88.4786 23.2737 2.39999
      vertex 88.4148 22.953 6.39
      vertex 88.4148 22.953 2.39999
    endloop
  endfacet
  facet normal 0.659262 -0.751913 0
    outer loop
      vertex 87.5219 21.6166 2.39999
      vertex 87.7678 21.8322 6.39
      vertex 87.5219 21.6166 6.39
    endloop
  endfacet
  facet normal 0.659262 -0.751913 0
    outer loop
      vertex 87.7678 21.8322 6.39
      vertex 87.5219 21.6166 2.39999
      vertex 87.7678 21.8322 2.39999
    endloop
  endfacet
  facet normal -0.997856 -0.0654432 0
    outer loop
      vertex 83.5214 23.2737 2.39999
      vertex 83.5 23.6 6.39
      vertex 83.5 23.6 2.39999
    endloop
  endfacet
  facet normal -0.997856 -0.0654432 0
    outer loop
      vertex 83.5 23.6 6.39
      vertex 83.5214 23.2737 2.39999
      vertex 83.5214 23.2737 6.39
    endloop
  endfacet
  facet normal 0.896921 0.442191 0
    outer loop
      vertex 88.3097 24.5567 6.39
      vertex 88.1651 24.85 2.39999
      vertex 88.1651 24.85 6.39
    endloop
  endfacet
  facet normal 0.896921 0.442191 0
    outer loop
      vertex 88.1651 24.85 2.39999
      vertex 88.3097 24.5567 6.39
      vertex 88.3097 24.5567 2.39999
    endloop
  endfacet
  facet normal 0.555617 -0.831438 0
    outer loop
      vertex 87.25 21.4349 2.39999
      vertex 87.5219 21.6166 6.39
      vertex 87.25 21.4349 6.39
    endloop
  endfacet
  facet normal 0.555617 -0.831438 0
    outer loop
      vertex 87.5219 21.6166 6.39
      vertex 87.25 21.4349 2.39999
      vertex 87.5219 21.6166 2.39999
    endloop
  endfacet
  facet normal 0.946957 0.32136 0
    outer loop
      vertex 88.4148 24.247 6.39
      vertex 88.3097 24.5567 2.39999
      vertex 88.3097 24.5567 6.39
    endloop
  endfacet
  facet normal 0.946957 0.32136 0
    outer loop
      vertex 88.3097 24.5567 2.39999
      vertex 88.4148 24.247 6.39
      vertex 88.4148 24.247 2.39999
    endloop
  endfacet
  facet normal -0.195116 0.98078 0
    outer loop
      vertex 85.6737 26.0786 2.39999
      vertex 85.353 26.0148 6.39
      vertex 85.6737 26.0786 6.39
    endloop
  endfacet
  facet normal -0.195116 0.98078 0
    outer loop
      vertex 85.353 26.0148 6.39
      vertex 85.6737 26.0786 2.39999
      vertex 85.353 26.0148 2.39999
    endloop
  endfacet
  facet normal -0.997856 0.0654432 0
    outer loop
      vertex 83.5 23.6 2.39999
      vertex 83.5214 23.9263 6.39
      vertex 83.5214 23.9263 2.39999
    endloop
  endfacet
  facet normal -0.997856 0.0654432 0
    outer loop
      vertex 83.5214 23.9263 6.39
      vertex 83.5 23.6 2.39999
      vertex 83.5 23.6 6.39
    endloop
  endfacet
  facet normal -0.32136 -0.946957 0
    outer loop
      vertex 85.0433 21.2903 2.39999
      vertex 85.353 21.1852 6.39
      vertex 85.0433 21.2903 6.39
    endloop
  endfacet
  facet normal -0.32136 -0.946957 -0
    outer loop
      vertex 85.353 21.1852 6.39
      vertex 85.0433 21.2903 2.39999
      vertex 85.353 21.1852 2.39999
    endloop
  endfacet
  facet normal -0.946957 -0.32136 0
    outer loop
      vertex 83.6903 22.6433 2.39999
      vertex 83.5852 22.953 6.39
      vertex 83.5852 22.953 2.39999
    endloop
  endfacet
  facet normal -0.946957 -0.32136 0
    outer loop
      vertex 83.5852 22.953 6.39
      vertex 83.6903 22.6433 2.39999
      vertex 83.6903 22.6433 6.39
    endloop
  endfacet
  facet normal -0.751913 -0.659262 0
    outer loop
      vertex 84.2322 21.8322 2.39999
      vertex 84.0166 22.0781 6.39
      vertex 84.0166 22.0781 2.39999
    endloop
  endfacet
  facet normal -0.751913 -0.659262 0
    outer loop
      vertex 84.0166 22.0781 6.39
      vertex 84.2322 21.8322 2.39999
      vertex 84.2322 21.8322 6.39
    endloop
  endfacet
  facet normal 0 0 1
    outer loop
      vertex 86.9 23.6 6.39
      vertex 88.5 23.6 6.39
      vertex 88.4786 23.9263 6.39
    endloop
  endfacet
  facet normal 0 0 1
    outer loop
      vertex 86.8923 23.7175 6.39
      vertex 88.4786 23.9263 6.39
      vertex 88.4148 24.247 6.39
    endloop
  endfacet
  facet normal 0 0 1
    outer loop
      vertex 88.5 23.6 6.39
      vertex 86.9 23.6 6.39
      vertex 88.4786 23.2737 6.39
    endloop
  endfacet
  facet normal 0 0 1
    outer loop
      vertex 86.8693 23.8329 6.39
      vertex 88.4148 24.247 6.39
      vertex 88.3097 24.5567 6.39
    endloop
  endfacet
  facet normal -0 0 1
    outer loop
      vertex 86.8923 23.4825 6.39
      vertex 88.4786 23.2737 6.39
      vertex 86.9 23.6 6.39
    endloop
  endfacet
  facet normal 0 0 1
    outer loop
      vertex 86.8315 23.9444 6.39
      vertex 88.3097 24.5567 6.39
      vertex 88.1651 24.85 6.39
    endloop
  endfacet
  facet normal 0 0 1
    outer loop
      vertex 88.4786 23.2737 6.39
      vertex 86.8923 23.4825 6.39
      vertex 88.4148 22.953 6.39
    endloop
  endfacet
  facet normal 0 0 1
    outer loop
      vertex 86.7794 24.05 6.39
      vertex 88.1651 24.85 6.39
      vertex 87.9834 25.1219 6.39
    endloop
  endfacet
  facet normal -0 0 1
    outer loop
      vertex 86.8693 23.3671 6.39
      vertex 88.4148 22.953 6.39
      vertex 86.8923 23.4825 6.39
    endloop
  endfacet
  facet normal 0 0 1
    outer loop
      vertex 86.714 24.1479 6.39
      vertex 87.9834 25.1219 6.39
      vertex 87.7678 25.3678 6.39
    endloop
  endfacet
  facet normal 0 0 1
    outer loop
      vertex 88.4148 22.953 6.39
      vertex 86.8693 23.3671 6.39
      vertex 88.3097 22.6433 6.39
    endloop
  endfacet
  facet normal 0 0 1
    outer loop
      vertex 86.6364 24.2364 6.39
      vertex 87.7678 25.3678 6.39
      vertex 87.5219 25.5834 6.39
    endloop
  endfacet
  facet normal -0 0 1
    outer loop
      vertex 86.8315 23.2556 6.39
      vertex 88.3097 22.6433 6.39
      vertex 86.8693 23.3671 6.39
    endloop
  endfacet
  facet normal 0 0 1
    outer loop
      vertex 86.5479 24.314 6.39
      vertex 87.5219 25.5834 6.39
      vertex 87.25 25.7651 6.39
    endloop
  endfacet
  facet normal 0 0 1
    outer loop
      vertex 88.3097 22.6433 6.39
      vertex 86.8315 23.2556 6.39
      vertex 88.1651 22.35 6.39
    endloop
  endfacet
  facet normal 0 0 1
    outer loop
      vertex 86.45 24.3794 6.39
      vertex 87.25 25.7651 6.39
      vertex 86.9567 25.9097 6.39
    endloop
  endfacet
  facet normal -0 0 1
    outer loop
      vertex 86.7794 23.15 6.39
      vertex 88.1651 22.35 6.39
      vertex 86.8315 23.2556 6.39
    endloop
  endfacet
  facet normal 0 0 1
    outer loop
      vertex 88.1651 22.35 6.39
      vertex 86.7794 23.15 6.39
      vertex 87.9834 22.0781 6.39
    endloop
  endfacet
  facet normal 0 0 1
    outer loop
      vertex 88.4786 23.9263 6.39
      vertex 86.8923 23.7175 6.39
      vertex 86.9 23.6 6.39
    endloop
  endfacet
  facet normal 0 0 1
    outer loop
      vertex 88.4148 24.247 6.39
      vertex 86.8693 23.8329 6.39
      vertex 86.8923 23.7175 6.39
    endloop
  endfacet
  facet normal 0 0 1
    outer loop
      vertex 88.3097 24.5567 6.39
      vertex 86.8315 23.9444 6.39
      vertex 86.8693 23.8329 6.39
    endloop
  endfacet
  facet normal 0 0 1
    outer loop
      vertex 88.1651 24.85 6.39
      vertex 86.7794 24.05 6.39
      vertex 86.8315 23.9444 6.39
    endloop
  endfacet
  facet normal 0 0 1
    outer loop
      vertex 87.9834 25.1219 6.39
      vertex 86.714 24.1479 6.39
      vertex 86.7794 24.05 6.39
    endloop
  endfacet
  facet normal 0 0 1
    outer loop
      vertex 86.3444 24.4315 6.39
      vertex 86.9567 25.9097 6.39
      vertex 86.647 26.0148 6.39
    endloop
  endfacet
  facet normal 0 0 1
    outer loop
      vertex 87.7678 25.3678 6.39
      vertex 86.6364 24.2364 6.39
      vertex 86.714 24.1479 6.39
    endloop
  endfacet
  facet normal 0 0 1
    outer loop
      vertex 87.5219 25.5834 6.39
      vertex 86.5479 24.314 6.39
      vertex 86.6364 24.2364 6.39
    endloop
  endfacet
  facet normal 0 0 1
    outer loop
      vertex 87.25 25.7651 6.39
      vertex 86.45 24.3794 6.39
      vertex 86.5479 24.314 6.39
    endloop
  endfacet
  facet normal 0 0 1
    outer loop
      vertex 86.9567 25.9097 6.39
      vertex 86.3444 24.4315 6.39
      vertex 86.45 24.3794 6.39
    endloop
  endfacet
  facet normal 0 0 1
    outer loop
      vertex 86.2329 24.4693 6.39
      vertex 86.647 26.0148 6.39
      vertex 86.3263 26.0786 6.39
    endloop
  endfacet
  facet normal 0 0 1
    outer loop
      vertex 86.647 26.0148 6.39
      vertex 86.2329 24.4693 6.39
      vertex 86.3444 24.4315 6.39
    endloop
  endfacet
  facet normal 0 0 1
    outer loop
      vertex 86.3263 26.0786 6.39
      vertex 86.1175 24.4923 6.39
      vertex 86.2329 24.4693 6.39
    endloop
  endfacet
  facet normal 0 0 1
    outer loop
      vertex 86 26.1 6.39
      vertex 86.1175 24.4923 6.39
      vertex 86.3263 26.0786 6.39
    endloop
  endfacet
  facet normal 0 0 1
    outer loop
      vertex 86 26.1 6.39
      vertex 86 24.5 6.39
      vertex 86.1175 24.4923 6.39
    endloop
  endfacet
  facet normal 0 0 1
    outer loop
      vertex 86 26.1 6.39
      vertex 85.8825 24.4923 6.39
      vertex 86 24.5 6.39
    endloop
  endfacet
  facet normal -0 0 1
    outer loop
      vertex 85.6737 26.0786 6.39
      vertex 85.8825 24.4923 6.39
      vertex 86 26.1 6.39
    endloop
  endfacet
  facet normal 0 0 1
    outer loop
      vertex 85.8825 24.4923 6.39
      vertex 85.6737 26.0786 6.39
      vertex 85.7671 24.4693 6.39
    endloop
  endfacet
  facet normal -0 0 1
    outer loop
      vertex 85.353 26.0148 6.39
      vertex 85.7671 24.4693 6.39
      vertex 85.6737 26.0786 6.39
    endloop
  endfacet
  facet normal 0 0 1
    outer loop
      vertex 85.7671 24.4693 6.39
      vertex 85.353 26.0148 6.39
      vertex 85.6556 24.4315 6.39
    endloop
  endfacet
  facet normal -0 0 1
    outer loop
      vertex 85.0433 25.9097 6.39
      vertex 85.6556 24.4315 6.39
      vertex 85.353 26.0148 6.39
    endloop
  endfacet
  facet normal 0 0 1
    outer loop
      vertex 85.6556 24.4315 6.39
      vertex 85.0433 25.9097 6.39
      vertex 85.55 24.3794 6.39
    endloop
  endfacet
  facet normal -0 0 1
    outer loop
      vertex 84.75 25.7651 6.39
      vertex 85.55 24.3794 6.39
      vertex 85.0433 25.9097 6.39
    endloop
  endfacet
  facet normal 0 0 1
    outer loop
      vertex 85.55 24.3794 6.39
      vertex 84.75 25.7651 6.39
      vertex 85.4521 24.314 6.39
    endloop
  endfacet
  facet normal -0 0 1
    outer loop
      vertex 84.4781 25.5834 6.39
      vertex 85.4521 24.314 6.39
      vertex 84.75 25.7651 6.39
    endloop
  endfacet
  facet normal 0 0 1
    outer loop
      vertex 85.4521 24.314 6.39
      vertex 84.4781 25.5834 6.39
      vertex 85.3636 24.2364 6.39
    endloop
  endfacet
  facet normal -0 0 1
    outer loop
      vertex 84.2322 25.3678 6.39
      vertex 85.3636 24.2364 6.39
      vertex 84.4781 25.5834 6.39
    endloop
  endfacet
  facet normal 0 0 1
    outer loop
      vertex 85.3636 24.2364 6.39
      vertex 84.2322 25.3678 6.39
      vertex 85.286 24.1479 6.39
    endloop
  endfacet
  facet normal 0 0 1
    outer loop
      vertex 85.286 24.1479 6.39
      vertex 84.0166 25.1219 6.39
      vertex 85.2206 24.05 6.39
    endloop
  endfacet
  facet normal -0 0 1
    outer loop
      vertex 84.0166 25.1219 6.39
      vertex 85.286 24.1479 6.39
      vertex 84.2322 25.3678 6.39
    endloop
  endfacet
  facet normal -0 0 1
    outer loop
      vertex 86.714 23.0521 6.39
      vertex 87.9834 22.0781 6.39
      vertex 86.7794 23.15 6.39
    endloop
  endfacet
  facet normal 0 0 1
    outer loop
      vertex 87.9834 22.0781 6.39
      vertex 86.714 23.0521 6.39
      vertex 87.7678 21.8322 6.39
    endloop
  endfacet
  facet normal -0 0 1
    outer loop
      vertex 86.6364 22.9636 6.39
      vertex 87.7678 21.8322 6.39
      vertex 86.714 23.0521 6.39
    endloop
  endfacet
  facet normal 0 0 1
    outer loop
      vertex 87.7678 21.8322 6.39
      vertex 86.6364 22.9636 6.39
      vertex 87.5219 21.6166 6.39
    endloop
  endfacet
  facet normal -0 0 1
    outer loop
      vertex 86.5479 22.886 6.39
      vertex 87.5219 21.6166 6.39
      vertex 86.6364 22.9636 6.39
    endloop
  endfacet
  facet normal 0 0 1
    outer loop
      vertex 87.5219 21.6166 6.39
      vertex 86.5479 22.886 6.39
      vertex 87.25 21.4349 6.39
    endloop
  endfacet
  facet normal -0 0 1
    outer loop
      vertex 86.45 22.8206 6.39
      vertex 87.25 21.4349 6.39
      vertex 86.5479 22.886 6.39
    endloop
  endfacet
  facet normal 0 0 1
    outer loop
      vertex 87.25 21.4349 6.39
      vertex 86.45 22.8206 6.39
      vertex 86.9567 21.2903 6.39
    endloop
  endfacet
  facet normal -0 0 1
    outer loop
      vertex 86.3444 22.7685 6.39
      vertex 86.9567 21.2903 6.39
      vertex 86.45 22.8206 6.39
    endloop
  endfacet
  facet normal 0 0 1
    outer loop
      vertex 86.9567 21.2903 6.39
      vertex 86.3444 22.7685 6.39
      vertex 86.647 21.1852 6.39
    endloop
  endfacet
  facet normal -0 0 1
    outer loop
      vertex 86.2329 22.7307 6.39
      vertex 86.647 21.1852 6.39
      vertex 86.3444 22.7685 6.39
    endloop
  endfacet
  facet normal 0 0 1
    outer loop
      vertex 86.647 21.1852 6.39
      vertex 86.2329 22.7307 6.39
      vertex 86.3263 21.1214 6.39
    endloop
  endfacet
  facet normal -0 0 1
    outer loop
      vertex 86.1175 22.7077 6.39
      vertex 86.3263 21.1214 6.39
      vertex 86.2329 22.7307 6.39
    endloop
  endfacet
  facet normal -0 0 1
    outer loop
      vertex 86 22.7 6.39
      vertex 86.3263 21.1214 6.39
      vertex 86.1175 22.7077 6.39
    endloop
  endfacet
  facet normal 0 0 1
    outer loop
      vertex 86 22.7 6.39
      vertex 86 21.1 6.39
      vertex 86.3263 21.1214 6.39
    endloop
  endfacet
  facet normal 0 0 1
    outer loop
      vertex 85.8825 22.7077 6.39
      vertex 86 21.1 6.39
      vertex 86 22.7 6.39
    endloop
  endfacet
  facet normal 0 0 1
    outer loop
      vertex 85.6737 21.1214 6.39
      vertex 85.8825 22.7077 6.39
      vertex 85.7671 22.7307 6.39
    endloop
  endfacet
  facet normal 0 0 1
    outer loop
      vertex 85.8825 22.7077 6.39
      vertex 85.6737 21.1214 6.39
      vertex 86 21.1 6.39
    endloop
  endfacet
  facet normal 0 0 1
    outer loop
      vertex 85.353 21.1852 6.39
      vertex 85.7671 22.7307 6.39
      vertex 85.6556 22.7685 6.39
    endloop
  endfacet
  facet normal 0 0 1
    outer loop
      vertex 85.0433 21.2903 6.39
      vertex 85.6556 22.7685 6.39
      vertex 85.55 22.8206 6.39
    endloop
  endfacet
  facet normal 0 0 1
    outer loop
      vertex 84.75 21.4349 6.39
      vertex 85.55 22.8206 6.39
      vertex 85.4521 22.886 6.39
    endloop
  endfacet
  facet normal 0 0 1
    outer loop
      vertex 84.4781 21.6166 6.39
      vertex 85.4521 22.886 6.39
      vertex 85.3636 22.9636 6.39
    endloop
  endfacet
  facet normal 0 0 1
    outer loop
      vertex 85.7671 22.7307 6.39
      vertex 85.353 21.1852 6.39
      vertex 85.6737 21.1214 6.39
    endloop
  endfacet
  facet normal 0 0 1
    outer loop
      vertex 84.2322 21.8322 6.39
      vertex 85.3636 22.9636 6.39
      vertex 85.286 23.0521 6.39
    endloop
  endfacet
  facet normal 0 0 1
    outer loop
      vertex 84.0166 22.0781 6.39
      vertex 85.286 23.0521 6.39
      vertex 85.2206 23.15 6.39
    endloop
  endfacet
  facet normal 0 0 1
    outer loop
      vertex 83.8349 22.35 6.39
      vertex 85.2206 23.15 6.39
      vertex 85.1685 23.2556 6.39
    endloop
  endfacet
  facet normal 0 0 1
    outer loop
      vertex 83.6903 22.6433 6.39
      vertex 85.1685 23.2556 6.39
      vertex 85.1307 23.3671 6.39
    endloop
  endfacet
  facet normal 0 0 1
    outer loop
      vertex 83.5852 22.953 6.39
      vertex 85.1307 23.3671 6.39
      vertex 85.1077 23.4825 6.39
    endloop
  endfacet
  facet normal 0 0 1
    outer loop
      vertex 85.6556 22.7685 6.39
      vertex 85.0433 21.2903 6.39
      vertex 85.353 21.1852 6.39
    endloop
  endfacet
  facet normal 0 0 1
    outer loop
      vertex 83.5214 23.2737 6.39
      vertex 85.1077 23.4825 6.39
      vertex 85.1 23.6 6.39
    endloop
  endfacet
  facet normal -0 0 1
    outer loop
      vertex 83.8349 24.85 6.39
      vertex 85.2206 24.05 6.39
      vertex 84.0166 25.1219 6.39
    endloop
  endfacet
  facet normal 0 0 1
    outer loop
      vertex 85.2206 24.05 6.39
      vertex 83.8349 24.85 6.39
      vertex 85.1685 23.9444 6.39
    endloop
  endfacet
  facet normal 0 0 1
    outer loop
      vertex 85.55 22.8206 6.39
      vertex 84.75 21.4349 6.39
      vertex 85.0433 21.2903 6.39
    endloop
  endfacet
  facet normal -0 0 1
    outer loop
      vertex 83.6903 24.5567 6.39
      vertex 85.1685 23.9444 6.39
      vertex 83.8349 24.85 6.39
    endloop
  endfacet
  facet normal 0 0 1
    outer loop
      vertex 85.4521 22.886 6.39
      vertex 84.4781 21.6166 6.39
      vertex 84.75 21.4349 6.39
    endloop
  endfacet
  facet normal 0 0 1
    outer loop
      vertex 85.1685 23.9444 6.39
      vertex 83.6903 24.5567 6.39
      vertex 85.1307 23.8329 6.39
    endloop
  endfacet
  facet normal 0 0 1
    outer loop
      vertex 85.3636 22.9636 6.39
      vertex 84.2322 21.8322 6.39
      vertex 84.4781 21.6166 6.39
    endloop
  endfacet
  facet normal -0 0 1
    outer loop
      vertex 83.5852 24.247 6.39
      vertex 85.1307 23.8329 6.39
      vertex 83.6903 24.5567 6.39
    endloop
  endfacet
  facet normal 0 0 1
    outer loop
      vertex 85.286 23.0521 6.39
      vertex 84.0166 22.0781 6.39
      vertex 84.2322 21.8322 6.39
    endloop
  endfacet
  facet normal 0 0 1
    outer loop
      vertex 85.1307 23.8329 6.39
      vertex 83.5852 24.247 6.39
      vertex 85.1077 23.7175 6.39
    endloop
  endfacet
  facet normal 0 0 1
    outer loop
      vertex 85.2206 23.15 6.39
      vertex 83.8349 22.35 6.39
      vertex 84.0166 22.0781 6.39
    endloop
  endfacet
  facet normal -0 0 1
    outer loop
      vertex 83.5214 23.9263 6.39
      vertex 85.1077 23.7175 6.39
      vertex 83.5852 24.247 6.39
    endloop
  endfacet
  facet normal 0 0 1
    outer loop
      vertex 85.1685 23.2556 6.39
      vertex 83.6903 22.6433 6.39
      vertex 83.8349 22.35 6.39
    endloop
  endfacet
  facet normal 0 0 1
    outer loop
      vertex 85.1077 23.7175 6.39
      vertex 83.5214 23.9263 6.39
      vertex 85.1 23.6 6.39
    endloop
  endfacet
  facet normal 0 0 1
    outer loop
      vertex 85.1307 23.3671 6.39
      vertex 83.5852 22.953 6.39
      vertex 83.6903 22.6433 6.39
    endloop
  endfacet
  facet normal 0 0 1
    outer loop
      vertex 83.5 23.6 6.39
      vertex 85.1 23.6 6.39
      vertex 83.5214 23.9263 6.39
    endloop
  endfacet
  facet normal 0 0 1
    outer loop
      vertex 85.1077 23.4825 6.39
      vertex 83.5214 23.2737 6.39
      vertex 83.5852 22.953 6.39
    endloop
  endfacet
  facet normal 0 0 1
    outer loop
      vertex 85.1 23.6 6.39
      vertex 83.5 23.6 6.39
      vertex 83.5214 23.2737 6.39
    endloop
  endfacet
  facet normal -0.555617 -0.831438 0
    outer loop
      vertex 84.4781 21.6166 2.39999
      vertex 84.75 21.4349 6.39
      vertex 84.4781 21.6166 6.39
    endloop
  endfacet
  facet normal -0.555617 -0.831438 -0
    outer loop
      vertex 84.75 21.4349 6.39
      vertex 84.4781 21.6166 2.39999
      vertex 84.75 21.4349 2.39999
    endloop
  endfacet
  facet normal 0.32136 0.946957 -0
    outer loop
      vertex 86.9567 25.9097 2.39999
      vertex 86.647 26.0148 6.39
      vertex 86.9567 25.9097 6.39
    endloop
  endfacet
  facet normal 0.32136 0.946957 0
    outer loop
      vertex 86.647 26.0148 6.39
      vertex 86.9567 25.9097 2.39999
      vertex 86.647 26.0148 2.39999
    endloop
  endfacet
  facet normal -0.831438 0.555617 0
    outer loop
      vertex 83.8349 24.85 2.39999
      vertex 84.0166 25.1219 6.39
      vertex 84.0166 25.1219 2.39999
    endloop
  endfacet
  facet normal -0.831438 0.555617 0
    outer loop
      vertex 84.0166 25.1219 6.39
      vertex 83.8349 24.85 2.39999
      vertex 83.8349 24.85 6.39
    endloop
  endfacet
  facet normal -0.321065 -0.947057 0
    outer loop
      vertex 86.2329 24.4693 2.39999
      vertex 86.3444 24.4315 6.39
      vertex 86.2329 24.4693 6.39
    endloop
  endfacet
  facet normal -0.321065 -0.947057 -0
    outer loop
      vertex 86.3444 24.4315 6.39
      vertex 86.2329 24.4693 2.39999
      vertex 86.3444 24.4315 2.39999
    endloop
  endfacet
  facet normal -0.980711 -0.195462 0
    outer loop
      vertex 86.8923 23.7175 2.39999
      vertex 86.8693 23.8329 6.39
      vertex 86.8693 23.8329 2.39999
    endloop
  endfacet
  facet normal -0.980711 -0.195462 0
    outer loop
      vertex 86.8693 23.8329 6.39
      vertex 86.8923 23.7175 2.39999
      vertex 86.8923 23.7175 6.39
    endloop
  endfacet
  facet normal -0.99786 -0.0653917 0
    outer loop
      vertex 86.9 23.6 2.39999
      vertex 86.8923 23.7175 6.39
      vertex 86.8923 23.7175 2.39999
    endloop
  endfacet
  facet normal -0.99786 -0.0653917 0
    outer loop
      vertex 86.8923 23.7175 6.39
      vertex 86.9 23.6 2.39999
      vertex 86.9 23.6 6.39
    endloop
  endfacet
  facet normal -0.947057 -0.321065 0
    outer loop
      vertex 86.8693 23.8329 2.39999
      vertex 86.8315 23.9444 6.39
      vertex 86.8315 23.9444 2.39999
    endloop
  endfacet
  facet normal -0.947057 -0.321065 0
    outer loop
      vertex 86.8315 23.9444 6.39
      vertex 86.8693 23.8329 2.39999
      vertex 86.8693 23.8329 6.39
    endloop
  endfacet
  facet normal -0.442452 -0.896792 0
    outer loop
      vertex 86.3444 24.4315 2.39999
      vertex 86.45 24.3794 6.39
      vertex 86.3444 24.4315 6.39
    endloop
  endfacet
  facet normal -0.442452 -0.896792 -0
    outer loop
      vertex 86.45 24.3794 6.39
      vertex 86.3444 24.4315 2.39999
      vertex 86.45 24.3794 2.39999
    endloop
  endfacet
  facet normal 0.99786 0.0653917 0
    outer loop
      vertex 85.1077 23.4825 6.39
      vertex 85.1 23.6 2.39999
      vertex 85.1 23.6 6.39
    endloop
  endfacet
  facet normal 0.99786 0.0653917 0
    outer loop
      vertex 85.1 23.6 2.39999
      vertex 85.1077 23.4825 6.39
      vertex 85.1077 23.4825 2.39999
    endloop
  endfacet
  facet normal -0.896792 -0.442452 0
    outer loop
      vertex 86.8315 23.9444 2.39999
      vertex 86.7794 24.05 6.39
      vertex 86.7794 24.05 2.39999
    endloop
  endfacet
  facet normal -0.896792 -0.442452 0
    outer loop
      vertex 86.7794 24.05 6.39
      vertex 86.8315 23.9444 2.39999
      vertex 86.8315 23.9444 6.39
    endloop
  endfacet
  facet normal -0.831527 -0.555484 0
    outer loop
      vertex 86.7794 24.05 2.39999
      vertex 86.714 24.1479 6.39
      vertex 86.714 24.1479 2.39999
    endloop
  endfacet
  facet normal -0.831527 -0.555484 0
    outer loop
      vertex 86.714 24.1479 6.39
      vertex 86.7794 24.05 2.39999
      vertex 86.7794 24.05 6.39
    endloop
  endfacet
  facet normal 0.659286 -0.751892 0
    outer loop
      vertex 85.3636 24.2364 2.39999
      vertex 85.4521 24.314 6.39
      vertex 85.3636 24.2364 6.39
    endloop
  endfacet
  facet normal 0.659286 -0.751892 0
    outer loop
      vertex 85.4521 24.314 6.39
      vertex 85.3636 24.2364 2.39999
      vertex 85.4521 24.314 2.39999
    endloop
  endfacet
  facet normal -0.751892 -0.659286 0
    outer loop
      vertex 86.714 24.1479 2.39999
      vertex 86.6364 24.2364 6.39
      vertex 86.6364 24.2364 2.39999
    endloop
  endfacet
  facet normal -0.751892 -0.659286 0
    outer loop
      vertex 86.6364 24.2364 6.39
      vertex 86.714 24.1479 2.39999
      vertex 86.714 24.1479 6.39
    endloop
  endfacet
  facet normal 0.980711 -0.195462 0
    outer loop
      vertex 85.1077 23.7175 6.39
      vertex 85.1307 23.8329 2.39999
      vertex 85.1307 23.8329 6.39
    endloop
  endfacet
  facet normal 0.980711 -0.195462 0
    outer loop
      vertex 85.1307 23.8329 2.39999
      vertex 85.1077 23.7175 6.39
      vertex 85.1077 23.7175 2.39999
    endloop
  endfacet
  facet normal 0.555484 0.831527 -0
    outer loop
      vertex 85.55 22.8206 2.39999
      vertex 85.4521 22.886 6.39
      vertex 85.55 22.8206 6.39
    endloop
  endfacet
  facet normal 0.555484 0.831527 0
    outer loop
      vertex 85.4521 22.886 6.39
      vertex 85.55 22.8206 2.39999
      vertex 85.4521 22.886 2.39999
    endloop
  endfacet
  facet normal 0.99786 -0.0653917 0
    outer loop
      vertex 85.1 23.6 6.39
      vertex 85.1077 23.7175 2.39999
      vertex 85.1077 23.7175 6.39
    endloop
  endfacet
  facet normal 0.99786 -0.0653917 0
    outer loop
      vertex 85.1077 23.7175 2.39999
      vertex 85.1 23.6 6.39
      vertex 85.1 23.6 2.39999
    endloop
  endfacet
  facet normal 0.751892 0.659286 0
    outer loop
      vertex 85.3636 22.9636 6.39
      vertex 85.286 23.0521 2.39999
      vertex 85.286 23.0521 6.39
    endloop
  endfacet
  facet normal 0.751892 0.659286 0
    outer loop
      vertex 85.286 23.0521 2.39999
      vertex 85.3636 22.9636 6.39
      vertex 85.3636 22.9636 2.39999
    endloop
  endfacet
  facet normal -0.195462 0.980711 0
    outer loop
      vertex 86.2329 22.7307 2.39999
      vertex 86.1175 22.7077 6.39
      vertex 86.2329 22.7307 6.39
    endloop
  endfacet
  facet normal -0.195462 0.980711 0
    outer loop
      vertex 86.1175 22.7077 6.39
      vertex 86.2329 22.7307 2.39999
      vertex 86.1175 22.7077 2.39999
    endloop
  endfacet
  facet normal 0.442452 -0.896792 0
    outer loop
      vertex 85.55 24.3794 2.39999
      vertex 85.6556 24.4315 6.39
      vertex 85.55 24.3794 6.39
    endloop
  endfacet
  facet normal 0.442452 -0.896792 0
    outer loop
      vertex 85.6556 24.4315 6.39
      vertex 85.55 24.3794 2.39999
      vertex 85.6556 24.4315 2.39999
    endloop
  endfacet
  facet normal 0.321065 0.947057 -0
    outer loop
      vertex 85.7671 22.7307 2.39999
      vertex 85.6556 22.7685 6.39
      vertex 85.7671 22.7307 6.39
    endloop
  endfacet
  facet normal 0.321065 0.947057 0
    outer loop
      vertex 85.6556 22.7685 6.39
      vertex 85.7671 22.7307 2.39999
      vertex 85.6556 22.7685 2.39999
    endloop
  endfacet
  facet normal -0.980711 0.195462 0
    outer loop
      vertex 86.8693 23.3671 2.39999
      vertex 86.8923 23.4825 6.39
      vertex 86.8923 23.4825 2.39999
    endloop
  endfacet
  facet normal -0.980711 0.195462 0
    outer loop
      vertex 86.8923 23.4825 6.39
      vertex 86.8693 23.3671 2.39999
      vertex 86.8693 23.3671 6.39
    endloop
  endfacet
  facet normal 0.751892 -0.659286 0
    outer loop
      vertex 85.286 24.1479 6.39
      vertex 85.3636 24.2364 2.39999
      vertex 85.3636 24.2364 6.39
    endloop
  endfacet
  facet normal 0.751892 -0.659286 0
    outer loop
      vertex 85.3636 24.2364 2.39999
      vertex 85.286 24.1479 6.39
      vertex 85.286 24.1479 2.39999
    endloop
  endfacet
  facet normal -0.831527 0.555484 0
    outer loop
      vertex 86.714 23.0521 2.39999
      vertex 86.7794 23.15 6.39
      vertex 86.7794 23.15 2.39999
    endloop
  endfacet
  facet normal -0.831527 0.555484 0
    outer loop
      vertex 86.7794 23.15 6.39
      vertex 86.714 23.0521 2.39999
      vertex 86.714 23.0521 6.39
    endloop
  endfacet
  facet normal 0.321065 -0.947057 0
    outer loop
      vertex 85.6556 24.4315 2.39999
      vertex 85.7671 24.4693 6.39
      vertex 85.6556 24.4315 6.39
    endloop
  endfacet
  facet normal 0.321065 -0.947057 0
    outer loop
      vertex 85.7671 24.4693 6.39
      vertex 85.6556 24.4315 2.39999
      vertex 85.7671 24.4693 2.39999
    endloop
  endfacet
  facet normal 0.980711 0.195462 0
    outer loop
      vertex 85.1307 23.3671 6.39
      vertex 85.1077 23.4825 2.39999
      vertex 85.1077 23.4825 6.39
    endloop
  endfacet
  facet normal 0.980711 0.195462 0
    outer loop
      vertex 85.1077 23.4825 2.39999
      vertex 85.1307 23.3671 6.39
      vertex 85.1307 23.3671 2.39999
    endloop
  endfacet
  facet normal 0.195462 0.980711 -0
    outer loop
      vertex 85.8825 22.7077 2.39999
      vertex 85.7671 22.7307 6.39
      vertex 85.8825 22.7077 6.39
    endloop
  endfacet
  facet normal 0.195462 0.980711 0
    outer loop
      vertex 85.7671 22.7307 6.39
      vertex 85.8825 22.7077 2.39999
      vertex 85.7671 22.7307 2.39999
    endloop
  endfacet
  facet normal -0.555484 -0.831527 0
    outer loop
      vertex 86.45 24.3794 2.39999
      vertex 86.5479 24.314 6.39
      vertex 86.45 24.3794 6.39
    endloop
  endfacet
  facet normal -0.555484 -0.831527 -0
    outer loop
      vertex 86.5479 24.314 6.39
      vertex 86.45 24.3794 2.39999
      vertex 86.5479 24.314 2.39999
    endloop
  endfacet
  facet normal -0.947057 0.321065 0
    outer loop
      vertex 86.8315 23.2556 2.39999
      vertex 86.8693 23.3671 6.39
      vertex 86.8693 23.3671 2.39999
    endloop
  endfacet
  facet normal -0.947057 0.321065 0
    outer loop
      vertex 86.8693 23.3671 6.39
      vertex 86.8315 23.2556 2.39999
      vertex 86.8315 23.2556 6.39
    endloop
  endfacet
  facet normal -0.0653917 0.99786 0
    outer loop
      vertex 86.1175 22.7077 2.39999
      vertex 86 22.7 6.39
      vertex 86.1175 22.7077 6.39
    endloop
  endfacet
  facet normal -0.0653917 0.99786 0
    outer loop
      vertex 86 22.7 6.39
      vertex 86.1175 22.7077 2.39999
      vertex 86 22.7 2.39999
    endloop
  endfacet
  facet normal -0.751892 0.659286 0
    outer loop
      vertex 86.6364 22.9636 2.39999
      vertex 86.714 23.0521 6.39
      vertex 86.714 23.0521 2.39999
    endloop
  endfacet
  facet normal -0.751892 0.659286 0
    outer loop
      vertex 86.714 23.0521 6.39
      vertex 86.6364 22.9636 2.39999
      vertex 86.6364 22.9636 6.39
    endloop
  endfacet
  facet normal 0.0653917 -0.99786 0
    outer loop
      vertex 85.8825 24.4923 2.39999
      vertex 86 24.5 6.39
      vertex 85.8825 24.4923 6.39
    endloop
  endfacet
  facet normal 0.0653917 -0.99786 0
    outer loop
      vertex 86 24.5 6.39
      vertex 85.8825 24.4923 2.39999
      vertex 86 24.5 2.39999
    endloop
  endfacet
  facet normal -0.555484 0.831527 0
    outer loop
      vertex 86.5479 22.886 2.39999
      vertex 86.45 22.8206 6.39
      vertex 86.5479 22.886 6.39
    endloop
  endfacet
  facet normal -0.555484 0.831527 0
    outer loop
      vertex 86.45 22.8206 6.39
      vertex 86.5479 22.886 2.39999
      vertex 86.45 22.8206 2.39999
    endloop
  endfacet
  facet normal 0.659286 0.751892 -0
    outer loop
      vertex 85.4521 22.886 2.39999
      vertex 85.3636 22.9636 6.39
      vertex 85.4521 22.886 6.39
    endloop
  endfacet
  facet normal 0.659286 0.751892 0
    outer loop
      vertex 85.3636 22.9636 6.39
      vertex 85.4521 22.886 2.39999
      vertex 85.3636 22.9636 2.39999
    endloop
  endfacet
  facet normal -0.659286 -0.751892 0
    outer loop
      vertex 86.5479 24.314 2.39999
      vertex 86.6364 24.2364 6.39
      vertex 86.5479 24.314 6.39
    endloop
  endfacet
  facet normal -0.659286 -0.751892 -0
    outer loop
      vertex 86.6364 24.2364 6.39
      vertex 86.5479 24.314 2.39999
      vertex 86.6364 24.2364 2.39999
    endloop
  endfacet
  facet normal 0.896792 -0.442452 0
    outer loop
      vertex 85.1685 23.9444 6.39
      vertex 85.2206 24.05 2.39999
      vertex 85.2206 24.05 6.39
    endloop
  endfacet
  facet normal 0.896792 -0.442452 0
    outer loop
      vertex 85.2206 24.05 2.39999
      vertex 85.1685 23.9444 6.39
      vertex 85.1685 23.9444 2.39999
    endloop
  endfacet
  facet normal -0.0653917 -0.99786 0
    outer loop
      vertex 86 24.5 2.39999
      vertex 86.1175 24.4923 6.39
      vertex 86 24.5 6.39
    endloop
  endfacet
  facet normal -0.0653917 -0.99786 -0
    outer loop
      vertex 86.1175 24.4923 6.39
      vertex 86 24.5 2.39999
      vertex 86.1175 24.4923 2.39999
    endloop
  endfacet
  facet normal -0.99786 0.0653917 0
    outer loop
      vertex 86.8923 23.4825 2.39999
      vertex 86.9 23.6 6.39
      vertex 86.9 23.6 2.39999
    endloop
  endfacet
  facet normal -0.99786 0.0653917 0
    outer loop
      vertex 86.9 23.6 6.39
      vertex 86.8923 23.4825 2.39999
      vertex 86.8923 23.4825 6.39
    endloop
  endfacet
  facet normal 0.195462 -0.980711 0
    outer loop
      vertex 85.7671 24.4693 2.39999
      vertex 85.8825 24.4923 6.39
      vertex 85.7671 24.4693 6.39
    endloop
  endfacet
  facet normal 0.195462 -0.980711 0
    outer loop
      vertex 85.8825 24.4923 6.39
      vertex 85.7671 24.4693 2.39999
      vertex 85.8825 24.4923 2.39999
    endloop
  endfacet
  facet normal 0.555484 -0.831527 0
    outer loop
      vertex 85.4521 24.314 2.39999
      vertex 85.55 24.3794 6.39
      vertex 85.4521 24.314 6.39
    endloop
  endfacet
  facet normal 0.555484 -0.831527 0
    outer loop
      vertex 85.55 24.3794 6.39
      vertex 85.4521 24.314 2.39999
      vertex 85.55 24.3794 2.39999
    endloop
  endfacet
  facet normal 0.0653917 0.99786 -0
    outer loop
      vertex 86 22.7 2.39999
      vertex 85.8825 22.7077 6.39
      vertex 86 22.7 6.39
    endloop
  endfacet
  facet normal 0.0653917 0.99786 0
    outer loop
      vertex 85.8825 22.7077 6.39
      vertex 86 22.7 2.39999
      vertex 85.8825 22.7077 2.39999
    endloop
  endfacet
  facet normal -0.896792 0.442452 0
    outer loop
      vertex 86.7794 23.15 2.39999
      vertex 86.8315 23.2556 6.39
      vertex 86.8315 23.2556 2.39999
    endloop
  endfacet
  facet normal -0.896792 0.442452 0
    outer loop
      vertex 86.8315 23.2556 6.39
      vertex 86.7794 23.15 2.39999
      vertex 86.7794 23.15 6.39
    endloop
  endfacet
  facet normal 0.947057 -0.321065 0
    outer loop
      vertex 85.1307 23.8329 6.39
      vertex 85.1685 23.9444 2.39999
      vertex 85.1685 23.9444 6.39
    endloop
  endfacet
  facet normal 0.947057 -0.321065 0
    outer loop
      vertex 85.1685 23.9444 2.39999
      vertex 85.1307 23.8329 6.39
      vertex 85.1307 23.8329 2.39999
    endloop
  endfacet
  facet normal 0.947057 0.321065 0
    outer loop
      vertex 85.1685 23.2556 6.39
      vertex 85.1307 23.3671 2.39999
      vertex 85.1307 23.3671 6.39
    endloop
  endfacet
  facet normal 0.947057 0.321065 0
    outer loop
      vertex 85.1307 23.3671 2.39999
      vertex 85.1685 23.2556 6.39
      vertex 85.1685 23.2556 2.39999
    endloop
  endfacet
  facet normal 0.831527 -0.555484 0
    outer loop
      vertex 85.2206 24.05 6.39
      vertex 85.286 24.1479 2.39999
      vertex 85.286 24.1479 6.39
    endloop
  endfacet
  facet normal 0.831527 -0.555484 0
    outer loop
      vertex 85.286 24.1479 2.39999
      vertex 85.2206 24.05 6.39
      vertex 85.2206 24.05 2.39999
    endloop
  endfacet
  facet normal -0.442452 0.896792 0
    outer loop
      vertex 86.45 22.8206 2.39999
      vertex 86.3444 22.7685 6.39
      vertex 86.45 22.8206 6.39
    endloop
  endfacet
  facet normal -0.442452 0.896792 0
    outer loop
      vertex 86.3444 22.7685 6.39
      vertex 86.45 22.8206 2.39999
      vertex 86.3444 22.7685 2.39999
    endloop
  endfacet
  facet normal -0.321065 0.947057 0
    outer loop
      vertex 86.3444 22.7685 2.39999
      vertex 86.2329 22.7307 6.39
      vertex 86.3444 22.7685 6.39
    endloop
  endfacet
  facet normal -0.321065 0.947057 0
    outer loop
      vertex 86.2329 22.7307 6.39
      vertex 86.3444 22.7685 2.39999
      vertex 86.2329 22.7307 2.39999
    endloop
  endfacet
  facet normal -0.659286 0.751892 0
    outer loop
      vertex 86.6364 22.9636 2.39999
      vertex 86.5479 22.886 6.39
      vertex 86.6364 22.9636 6.39
    endloop
  endfacet
  facet normal -0.659286 0.751892 0
    outer loop
      vertex 86.5479 22.886 6.39
      vertex 86.6364 22.9636 2.39999
      vertex 86.5479 22.886 2.39999
    endloop
  endfacet
  facet normal 0.896792 0.442452 0
    outer loop
      vertex 85.2206 23.15 6.39
      vertex 85.1685 23.2556 2.39999
      vertex 85.1685 23.2556 6.39
    endloop
  endfacet
  facet normal 0.896792 0.442452 0
    outer loop
      vertex 85.1685 23.2556 2.39999
      vertex 85.2206 23.15 6.39
      vertex 85.2206 23.15 2.39999
    endloop
  endfacet
  facet normal -0.195462 -0.980711 0
    outer loop
      vertex 86.1175 24.4923 2.39999
      vertex 86.2329 24.4693 6.39
      vertex 86.1175 24.4923 6.39
    endloop
  endfacet
  facet normal -0.195462 -0.980711 -0
    outer loop
      vertex 86.2329 24.4693 6.39
      vertex 86.1175 24.4923 2.39999
      vertex 86.2329 24.4693 2.39999
    endloop
  endfacet
  facet normal 0.442452 0.896792 -0
    outer loop
      vertex 85.6556 22.7685 2.39999
      vertex 85.55 22.8206 6.39
      vertex 85.6556 22.7685 6.39
    endloop
  endfacet
  facet normal 0.442452 0.896792 0
    outer loop
      vertex 85.55 22.8206 6.39
      vertex 85.6556 22.7685 2.39999
      vertex 85.55 22.8206 2.39999
    endloop
  endfacet
  facet normal 0.831527 0.555484 0
    outer loop
      vertex 85.286 23.0521 6.39
      vertex 85.2206 23.15 2.39999
      vertex 85.2206 23.15 6.39
    endloop
  endfacet
  facet normal 0.831527 0.555484 0
    outer loop
      vertex 85.2206 23.15 2.39999
      vertex 85.286 23.0521 6.39
      vertex 85.286 23.0521 2.39999
    endloop
  endfacet
  facet normal -0.32136 0.946957 0
    outer loop
      vertex 85.353 63.0148 2.39999
      vertex 85.0433 62.9097 6.39
      vertex 85.353 63.0148 6.39
    endloop
  endfacet
  facet normal -0.32136 0.946957 0
    outer loop
      vertex 85.0433 62.9097 6.39
      vertex 85.353 63.0148 2.39999
      vertex 85.0433 62.9097 2.39999
    endloop
  endfacet
  facet normal 0.98078 0.195116 0
    outer loop
      vertex 88.4786 60.9263 6.39
      vertex 88.4148 61.247 2.39999
      vertex 88.4148 61.247 6.39
    endloop
  endfacet
  facet normal 0.98078 0.195116 0
    outer loop
      vertex 88.4148 61.247 2.39999
      vertex 88.4786 60.9263 6.39
      vertex 88.4786 60.9263 2.39999
    endloop
  endfacet
  facet normal 0.997856 0.0654432 0
    outer loop
      vertex 88.5 60.6 6.39
      vertex 88.4786 60.9263 2.39999
      vertex 88.4786 60.9263 6.39
    endloop
  endfacet
  facet normal 0.997856 0.0654432 0
    outer loop
      vertex 88.4786 60.9263 2.39999
      vertex 88.5 60.6 6.39
      vertex 88.5 60.6 2.39999
    endloop
  endfacet
  facet normal -0.98078 0.195116 0
    outer loop
      vertex 83.5214 60.9263 2.39999
      vertex 83.5852 61.247 6.39
      vertex 83.5852 61.247 2.39999
    endloop
  endfacet
  facet normal -0.98078 0.195116 0
    outer loop
      vertex 83.5852 61.247 6.39
      vertex 83.5214 60.9263 2.39999
      vertex 83.5214 60.9263 6.39
    endloop
  endfacet
  facet normal 0.0654432 0.997856 -0
    outer loop
      vertex 86.3263 63.0786 2.39999
      vertex 86 63.1 6.39
      vertex 86.3263 63.0786 6.39
    endloop
  endfacet
  facet normal 0.0654432 0.997856 0
    outer loop
      vertex 86 63.1 6.39
      vertex 86.3263 63.0786 2.39999
      vertex 86 63.1 2.39999
    endloop
  endfacet
  facet normal -0.896921 0.442191 0
    outer loop
      vertex 83.6903 61.5567 2.39999
      vertex 83.8349 61.85 6.39
      vertex 83.8349 61.85 2.39999
    endloop
  endfacet
  facet normal -0.896921 0.442191 0
    outer loop
      vertex 83.8349 61.85 6.39
      vertex 83.6903 61.5567 2.39999
      vertex 83.6903 61.5567 6.39
    endloop
  endfacet
  facet normal 0.831438 0.555617 0
    outer loop
      vertex 88.1651 61.85 6.39
      vertex 87.9834 62.1219 2.39999
      vertex 87.9834 62.1219 6.39
    endloop
  endfacet
  facet normal 0.831438 0.555617 0
    outer loop
      vertex 87.9834 62.1219 2.39999
      vertex 88.1651 61.85 6.39
      vertex 88.1651 61.85 2.39999
    endloop
  endfacet
  facet normal 0.659262 0.751913 -0
    outer loop
      vertex 87.7678 62.3678 2.39999
      vertex 87.5219 62.5834 6.39
      vertex 87.7678 62.3678 6.39
    endloop
  endfacet
  facet normal 0.659262 0.751913 0
    outer loop
      vertex 87.5219 62.5834 6.39
      vertex 87.7678 62.3678 2.39999
      vertex 87.5219 62.5834 2.39999
    endloop
  endfacet
  facet normal -0.442191 -0.896921 0
    outer loop
      vertex 84.75 58.4349 2.39999
      vertex 85.0433 58.2903 6.39
      vertex 84.75 58.4349 6.39
    endloop
  endfacet
  facet normal -0.442191 -0.896921 -0
    outer loop
      vertex 85.0433 58.2903 6.39
      vertex 84.75 58.4349 2.39999
      vertex 85.0433 58.2903 2.39999
    endloop
  endfacet
  facet normal 0.997856 -0.0654432 0
    outer loop
      vertex 88.4786 60.2737 6.39
      vertex 88.5 60.6 2.39999
      vertex 88.5 60.6 6.39
    endloop
  endfacet
  facet normal 0.997856 -0.0654432 0
    outer loop
      vertex 88.5 60.6 2.39999
      vertex 88.4786 60.2737 6.39
      vertex 88.4786 60.2737 2.39999
    endloop
  endfacet
  facet normal 0.751913 0.659262 0
    outer loop
      vertex 87.9834 62.1219 6.39
      vertex 87.7678 62.3678 2.39999
      vertex 87.7678 62.3678 6.39
    endloop
  endfacet
  facet normal 0.751913 0.659262 0
    outer loop
      vertex 87.7678 62.3678 2.39999
      vertex 87.9834 62.1219 6.39
      vertex 87.9834 62.1219 2.39999
    endloop
  endfacet
  facet normal -0.831438 -0.555617 0
    outer loop
      vertex 84.0166 59.0781 2.39999
      vertex 83.8349 59.35 6.39
      vertex 83.8349 59.35 2.39999
    endloop
  endfacet
  facet normal -0.831438 -0.555617 0
    outer loop
      vertex 83.8349 59.35 6.39
      vertex 84.0166 59.0781 2.39999
      vertex 84.0166 59.0781 6.39
    endloop
  endfacet
  facet normal 0.0654432 -0.997856 0
    outer loop
      vertex 86 58.1 2.39999
      vertex 86.3263 58.1214 6.39
      vertex 86 58.1 6.39
    endloop
  endfacet
  facet normal 0.0654432 -0.997856 0
    outer loop
      vertex 86.3263 58.1214 6.39
      vertex 86 58.1 2.39999
      vertex 86.3263 58.1214 2.39999
    endloop
  endfacet
  facet normal 0.32136 -0.946957 0
    outer loop
      vertex 86.647 58.1852 2.39999
      vertex 86.9567 58.2903 6.39
      vertex 86.647 58.1852 6.39
    endloop
  endfacet
  facet normal 0.32136 -0.946957 0
    outer loop
      vertex 86.9567 58.2903 6.39
      vertex 86.647 58.1852 2.39999
      vertex 86.9567 58.2903 2.39999
    endloop
  endfacet
  facet normal -0.0654432 -0.997856 0
    outer loop
      vertex 85.6737 58.1214 2.39999
      vertex 86 58.1 6.39
      vertex 85.6737 58.1214 6.39
    endloop
  endfacet
  facet normal -0.0654432 -0.997856 -0
    outer loop
      vertex 86 58.1 6.39
      vertex 85.6737 58.1214 2.39999
      vertex 86 58.1 2.39999
    endloop
  endfacet
  facet normal 0.442191 -0.896921 0
    outer loop
      vertex 86.9567 58.2903 2.39999
      vertex 87.25 58.4349 6.39
      vertex 86.9567 58.2903 6.39
    endloop
  endfacet
  facet normal 0.442191 -0.896921 0
    outer loop
      vertex 87.25 58.4349 6.39
      vertex 86.9567 58.2903 2.39999
      vertex 87.25 58.4349 2.39999
    endloop
  endfacet
  facet normal -0.751913 0.659262 0
    outer loop
      vertex 84.0166 62.1219 2.39999
      vertex 84.2322 62.3678 6.39
      vertex 84.2322 62.3678 2.39999
    endloop
  endfacet
  facet normal -0.751913 0.659262 0
    outer loop
      vertex 84.2322 62.3678 6.39
      vertex 84.0166 62.1219 2.39999
      vertex 84.0166 62.1219 6.39
    endloop
  endfacet
  facet normal 0.442191 0.896921 -0
    outer loop
      vertex 87.25 62.7651 2.39999
      vertex 86.9567 62.9097 6.39
      vertex 87.25 62.7651 6.39
    endloop
  endfacet
  facet normal 0.442191 0.896921 0
    outer loop
      vertex 86.9567 62.9097 6.39
      vertex 87.25 62.7651 2.39999
      vertex 86.9567 62.9097 2.39999
    endloop
  endfacet
  facet normal -0.442191 0.896921 0
    outer loop
      vertex 85.0433 62.9097 2.39999
      vertex 84.75 62.7651 6.39
      vertex 85.0433 62.9097 6.39
    endloop
  endfacet
  facet normal -0.442191 0.896921 0
    outer loop
      vertex 84.75 62.7651 6.39
      vertex 85.0433 62.9097 2.39999
      vertex 84.75 62.7651 2.39999
    endloop
  endfacet
  facet normal 0.751913 -0.659262 0
    outer loop
      vertex 87.7678 58.8322 6.39
      vertex 87.9834 59.0781 2.39999
      vertex 87.9834 59.0781 6.39
    endloop
  endfacet
  facet normal 0.751913 -0.659262 0
    outer loop
      vertex 87.9834 59.0781 2.39999
      vertex 87.7678 58.8322 6.39
      vertex 87.7678 58.8322 2.39999
    endloop
  endfacet
  facet normal -0.195116 -0.98078 0
    outer loop
      vertex 85.353 58.1852 2.39999
      vertex 85.6737 58.1214 6.39
      vertex 85.353 58.1852 6.39
    endloop
  endfacet
  facet normal -0.195116 -0.98078 -0
    outer loop
      vertex 85.6737 58.1214 6.39
      vertex 85.353 58.1852 2.39999
      vertex 85.6737 58.1214 2.39999
    endloop
  endfacet
  facet normal 0.831438 -0.555617 0
    outer loop
      vertex 87.9834 59.0781 6.39
      vertex 88.1651 59.35 2.39999
      vertex 88.1651 59.35 6.39
    endloop
  endfacet
  facet normal 0.831438 -0.555617 0
    outer loop
      vertex 88.1651 59.35 2.39999
      vertex 87.9834 59.0781 6.39
      vertex 87.9834 59.0781 2.39999
    endloop
  endfacet
  facet normal -0.659262 -0.751913 0
    outer loop
      vertex 84.2322 58.8322 2.39999
      vertex 84.4781 58.6166 6.39
      vertex 84.2322 58.8322 6.39
    endloop
  endfacet
  facet normal -0.659262 -0.751913 -0
    outer loop
      vertex 84.4781 58.6166 6.39
      vertex 84.2322 58.8322 2.39999
      vertex 84.4781 58.6166 2.39999
    endloop
  endfacet
  facet normal 0.195116 -0.98078 0
    outer loop
      vertex 86.3263 58.1214 2.39999
      vertex 86.647 58.1852 6.39
      vertex 86.3263 58.1214 6.39
    endloop
  endfacet
  facet normal 0.195116 -0.98078 0
    outer loop
      vertex 86.647 58.1852 6.39
      vertex 86.3263 58.1214 2.39999
      vertex 86.647 58.1852 2.39999
    endloop
  endfacet
  facet normal 0.896921 -0.442191 0
    outer loop
      vertex 88.1651 59.35 6.39
      vertex 88.3097 59.6433 2.39999
      vertex 88.3097 59.6433 6.39
    endloop
  endfacet
  facet normal 0.896921 -0.442191 0
    outer loop
      vertex 88.3097 59.6433 2.39999
      vertex 88.1651 59.35 6.39
      vertex 88.1651 59.35 2.39999
    endloop
  endfacet
  facet normal -0.98078 -0.195116 0
    outer loop
      vertex 83.5852 59.953 2.39999
      vertex 83.5214 60.2737 6.39
      vertex 83.5214 60.2737 2.39999
    endloop
  endfacet
  facet normal -0.98078 -0.195116 0
    outer loop
      vertex 83.5214 60.2737 6.39
      vertex 83.5852 59.953 2.39999
      vertex 83.5852 59.953 6.39
    endloop
  endfacet
  facet normal 0.946957 -0.32136 0
    outer loop
      vertex 88.3097 59.6433 6.39
      vertex 88.4148 59.953 2.39999
      vertex 88.4148 59.953 6.39
    endloop
  endfacet
  facet normal 0.946957 -0.32136 0
    outer loop
      vertex 88.4148 59.953 2.39999
      vertex 88.3097 59.6433 6.39
      vertex 88.3097 59.6433 2.39999
    endloop
  endfacet
  facet normal -0.946957 0.32136 0
    outer loop
      vertex 83.5852 61.247 2.39999
      vertex 83.6903 61.5567 6.39
      vertex 83.6903 61.5567 2.39999
    endloop
  endfacet
  facet normal -0.946957 0.32136 0
    outer loop
      vertex 83.6903 61.5567 6.39
      vertex 83.5852 61.247 2.39999
      vertex 83.5852 61.247 6.39
    endloop
  endfacet
  facet normal -0.0654432 0.997856 0
    outer loop
      vertex 86 63.1 2.39999
      vertex 85.6737 63.0786 6.39
      vertex 86 63.1 6.39
    endloop
  endfacet
  facet normal -0.0654432 0.997856 0
    outer loop
      vertex 85.6737 63.0786 6.39
      vertex 86 63.1 2.39999
      vertex 85.6737 63.0786 2.39999
    endloop
  endfacet
  facet normal -0.896921 -0.442191 0
    outer loop
      vertex 83.8349 59.35 2.39999
      vertex 83.6903 59.6433 6.39
      vertex 83.6903 59.6433 2.39999
    endloop
  endfacet
  facet normal -0.896921 -0.442191 0
    outer loop
      vertex 83.6903 59.6433 6.39
      vertex 83.8349 59.35 2.39999
      vertex 83.8349 59.35 6.39
    endloop
  endfacet
  facet normal 0.555617 0.831438 -0
    outer loop
      vertex 87.5219 62.5834 2.39999
      vertex 87.25 62.7651 6.39
      vertex 87.5219 62.5834 6.39
    endloop
  endfacet
  facet normal 0.555617 0.831438 0
    outer loop
      vertex 87.25 62.7651 6.39
      vertex 87.5219 62.5834 2.39999
      vertex 87.25 62.7651 2.39999
    endloop
  endfacet
  facet normal -0.659262 0.751913 0
    outer loop
      vertex 84.4781 62.5834 2.39999
      vertex 84.2322 62.3678 6.39
      vertex 84.4781 62.5834 6.39
    endloop
  endfacet
  facet normal -0.659262 0.751913 0
    outer loop
      vertex 84.2322 62.3678 6.39
      vertex 84.4781 62.5834 2.39999
      vertex 84.2322 62.3678 2.39999
    endloop
  endfacet
  facet normal -0.555617 0.831438 0
    outer loop
      vertex 84.75 62.7651 2.39999
      vertex 84.4781 62.5834 6.39
      vertex 84.75 62.7651 6.39
    endloop
  endfacet
  facet normal -0.555617 0.831438 0
    outer loop
      vertex 84.4781 62.5834 6.39
      vertex 84.75 62.7651 2.39999
      vertex 84.4781 62.5834 2.39999
    endloop
  endfacet
  facet normal 0.195116 0.98078 -0
    outer loop
      vertex 86.647 63.0148 2.39999
      vertex 86.3263 63.0786 6.39
      vertex 86.647 63.0148 6.39
    endloop
  endfacet
  facet normal 0.195116 0.98078 0
    outer loop
      vertex 86.3263 63.0786 6.39
      vertex 86.647 63.0148 2.39999
      vertex 86.3263 63.0786 2.39999
    endloop
  endfacet
  facet normal 0.98078 -0.195116 0
    outer loop
      vertex 88.4148 59.953 6.39
      vertex 88.4786 60.2737 2.39999
      vertex 88.4786 60.2737 6.39
    endloop
  endfacet
  facet normal 0.98078 -0.195116 0
    outer loop
      vertex 88.4786 60.2737 2.39999
      vertex 88.4148 59.953 6.39
      vertex 88.4148 59.953 2.39999
    endloop
  endfacet
  facet normal 0.659262 -0.751913 0
    outer loop
      vertex 87.5219 58.6166 2.39999
      vertex 87.7678 58.8322 6.39
      vertex 87.5219 58.6166 6.39
    endloop
  endfacet
  facet normal 0.659262 -0.751913 0
    outer loop
      vertex 87.7678 58.8322 6.39
      vertex 87.5219 58.6166 2.39999
      vertex 87.7678 58.8322 2.39999
    endloop
  endfacet
  facet normal -0.997856 -0.0654432 0
    outer loop
      vertex 83.5214 60.2737 2.39999
      vertex 83.5 60.6 6.39
      vertex 83.5 60.6 2.39999
    endloop
  endfacet
  facet normal -0.997856 -0.0654432 0
    outer loop
      vertex 83.5 60.6 6.39
      vertex 83.5214 60.2737 2.39999
      vertex 83.5214 60.2737 6.39
    endloop
  endfacet
  facet normal 0.896921 0.442191 0
    outer loop
      vertex 88.3097 61.5567 6.39
      vertex 88.1651 61.85 2.39999
      vertex 88.1651 61.85 6.39
    endloop
  endfacet
  facet normal 0.896921 0.442191 0
    outer loop
      vertex 88.1651 61.85 2.39999
      vertex 88.3097 61.5567 6.39
      vertex 88.3097 61.5567 2.39999
    endloop
  endfacet
  facet normal 0.555617 -0.831438 0
    outer loop
      vertex 87.25 58.4349 2.39999
      vertex 87.5219 58.6166 6.39
      vertex 87.25 58.4349 6.39
    endloop
  endfacet
  facet normal 0.555617 -0.831438 0
    outer loop
      vertex 87.5219 58.6166 6.39
      vertex 87.25 58.4349 2.39999
      vertex 87.5219 58.6166 2.39999
    endloop
  endfacet
  facet normal 0.946957 0.32136 0
    outer loop
      vertex 88.4148 61.247 6.39
      vertex 88.3097 61.5567 2.39999
      vertex 88.3097 61.5567 6.39
    endloop
  endfacet
  facet normal 0.946957 0.32136 0
    outer loop
      vertex 88.3097 61.5567 2.39999
      vertex 88.4148 61.247 6.39
      vertex 88.4148 61.247 2.39999
    endloop
  endfacet
  facet normal -0.195116 0.98078 0
    outer loop
      vertex 85.6737 63.0786 2.39999
      vertex 85.353 63.0148 6.39
      vertex 85.6737 63.0786 6.39
    endloop
  endfacet
  facet normal -0.195116 0.98078 0
    outer loop
      vertex 85.353 63.0148 6.39
      vertex 85.6737 63.0786 2.39999
      vertex 85.353 63.0148 2.39999
    endloop
  endfacet
  facet normal -0.997856 0.0654432 0
    outer loop
      vertex 83.5 60.6 2.39999
      vertex 83.5214 60.9263 6.39
      vertex 83.5214 60.9263 2.39999
    endloop
  endfacet
  facet normal -0.997856 0.0654432 0
    outer loop
      vertex 83.5214 60.9263 6.39
      vertex 83.5 60.6 2.39999
      vertex 83.5 60.6 6.39
    endloop
  endfacet
  facet normal -0.32136 -0.946957 0
    outer loop
      vertex 85.0433 58.2903 2.39999
      vertex 85.353 58.1852 6.39
      vertex 85.0433 58.2903 6.39
    endloop
  endfacet
  facet normal -0.32136 -0.946957 -0
    outer loop
      vertex 85.353 58.1852 6.39
      vertex 85.0433 58.2903 2.39999
      vertex 85.353 58.1852 2.39999
    endloop
  endfacet
  facet normal -0.946957 -0.32136 0
    outer loop
      vertex 83.6903 59.6433 2.39999
      vertex 83.5852 59.953 6.39
      vertex 83.5852 59.953 2.39999
    endloop
  endfacet
  facet normal -0.946957 -0.32136 0
    outer loop
      vertex 83.5852 59.953 6.39
      vertex 83.6903 59.6433 2.39999
      vertex 83.6903 59.6433 6.39
    endloop
  endfacet
  facet normal -0.751913 -0.659262 0
    outer loop
      vertex 84.2322 58.8322 2.39999
      vertex 84.0166 59.0781 6.39
      vertex 84.0166 59.0781 2.39999
    endloop
  endfacet
  facet normal -0.751913 -0.659262 0
    outer loop
      vertex 84.0166 59.0781 6.39
      vertex 84.2322 58.8322 2.39999
      vertex 84.2322 58.8322 6.39
    endloop
  endfacet
  facet normal 0 0 1
    outer loop
      vertex 86.9 60.6 6.39
      vertex 88.5 60.6 6.39
      vertex 88.4786 60.9263 6.39
    endloop
  endfacet
  facet normal 0 0 1
    outer loop
      vertex 86.8923 60.7175 6.39
      vertex 88.4786 60.9263 6.39
      vertex 88.4148 61.247 6.39
    endloop
  endfacet
  facet normal 0 0 1
    outer loop
      vertex 88.5 60.6 6.39
      vertex 86.9 60.6 6.39
      vertex 88.4786 60.2737 6.39
    endloop
  endfacet
  facet normal 0 0 1
    outer loop
      vertex 86.8693 60.8329 6.39
      vertex 88.4148 61.247 6.39
      vertex 88.3097 61.5567 6.39
    endloop
  endfacet
  facet normal -0 0 1
    outer loop
      vertex 86.8923 60.4825 6.39
      vertex 88.4786 60.2737 6.39
      vertex 86.9 60.6 6.39
    endloop
  endfacet
  facet normal 0 0 1
    outer loop
      vertex 86.8315 60.9444 6.39
      vertex 88.3097 61.5567 6.39
      vertex 88.1651 61.85 6.39
    endloop
  endfacet
  facet normal 0 0 1
    outer loop
      vertex 88.4786 60.2737 6.39
      vertex 86.8923 60.4825 6.39
      vertex 88.4148 59.953 6.39
    endloop
  endfacet
  facet normal 0 0 1
    outer loop
      vertex 86.7794 61.05 6.39
      vertex 88.1651 61.85 6.39
      vertex 87.9834 62.1219 6.39
    endloop
  endfacet
  facet normal -0 0 1
    outer loop
      vertex 86.8693 60.3671 6.39
      vertex 88.4148 59.953 6.39
      vertex 86.8923 60.4825 6.39
    endloop
  endfacet
  facet normal 0 0 1
    outer loop
      vertex 86.714 61.1479 6.39
      vertex 87.9834 62.1219 6.39
      vertex 87.7678 62.3678 6.39
    endloop
  endfacet
  facet normal 0 0 1
    outer loop
      vertex 88.4148 59.953 6.39
      vertex 86.8693 60.3671 6.39
      vertex 88.3097 59.6433 6.39
    endloop
  endfacet
  facet normal 0 0 1
    outer loop
      vertex 86.6364 61.2364 6.39
      vertex 87.7678 62.3678 6.39
      vertex 87.5219 62.5834 6.39
    endloop
  endfacet
  facet normal -0 0 1
    outer loop
      vertex 86.8315 60.2556 6.39
      vertex 88.3097 59.6433 6.39
      vertex 86.8693 60.3671 6.39
    endloop
  endfacet
  facet normal 0 0 1
    outer loop
      vertex 86.5479 61.314 6.39
      vertex 87.5219 62.5834 6.39
      vertex 87.25 62.7651 6.39
    endloop
  endfacet
  facet normal 0 0 1
    outer loop
      vertex 88.3097 59.6433 6.39
      vertex 86.8315 60.2556 6.39
      vertex 88.1651 59.35 6.39
    endloop
  endfacet
  facet normal 0 0 1
    outer loop
      vertex 86.45 61.3794 6.39
      vertex 87.25 62.7651 6.39
      vertex 86.9567 62.9097 6.39
    endloop
  endfacet
  facet normal -0 0 1
    outer loop
      vertex 86.7794 60.15 6.39
      vertex 88.1651 59.35 6.39
      vertex 86.8315 60.2556 6.39
    endloop
  endfacet
  facet normal 0 0 1
    outer loop
      vertex 88.1651 59.35 6.39
      vertex 86.7794 60.15 6.39
      vertex 87.9834 59.0781 6.39
    endloop
  endfacet
  facet normal 0 0 1
    outer loop
      vertex 88.4786 60.9263 6.39
      vertex 86.8923 60.7175 6.39
      vertex 86.9 60.6 6.39
    endloop
  endfacet
  facet normal 0 0 1
    outer loop
      vertex 88.4148 61.247 6.39
      vertex 86.8693 60.8329 6.39
      vertex 86.8923 60.7175 6.39
    endloop
  endfacet
  facet normal 0 0 1
    outer loop
      vertex 88.3097 61.5567 6.39
      vertex 86.8315 60.9444 6.39
      vertex 86.8693 60.8329 6.39
    endloop
  endfacet
  facet normal 0 0 1
    outer loop
      vertex 88.1651 61.85 6.39
      vertex 86.7794 61.05 6.39
      vertex 86.8315 60.9444 6.39
    endloop
  endfacet
  facet normal 0 0 1
    outer loop
      vertex 87.9834 62.1219 6.39
      vertex 86.714 61.1479 6.39
      vertex 86.7794 61.05 6.39
    endloop
  endfacet
  facet normal 0 0 1
    outer loop
      vertex 86.3444 61.4315 6.39
      vertex 86.9567 62.9097 6.39
      vertex 86.647 63.0148 6.39
    endloop
  endfacet
  facet normal 0 0 1
    outer loop
      vertex 87.7678 62.3678 6.39
      vertex 86.6364 61.2364 6.39
      vertex 86.714 61.1479 6.39
    endloop
  endfacet
  facet normal 0 0 1
    outer loop
      vertex 87.5219 62.5834 6.39
      vertex 86.5479 61.314 6.39
      vertex 86.6364 61.2364 6.39
    endloop
  endfacet
  facet normal 0 0 1
    outer loop
      vertex 87.25 62.7651 6.39
      vertex 86.45 61.3794 6.39
      vertex 86.5479 61.314 6.39
    endloop
  endfacet
  facet normal 0 0 1
    outer loop
      vertex 86.9567 62.9097 6.39
      vertex 86.3444 61.4315 6.39
      vertex 86.45 61.3794 6.39
    endloop
  endfacet
  facet normal 0 0 1
    outer loop
      vertex 86.2329 61.4693 6.39
      vertex 86.647 63.0148 6.39
      vertex 86.3263 63.0786 6.39
    endloop
  endfacet
  facet normal 0 0 1
    outer loop
      vertex 86.647 63.0148 6.39
      vertex 86.2329 61.4693 6.39
      vertex 86.3444 61.4315 6.39
    endloop
  endfacet
  facet normal 0 0 1
    outer loop
      vertex 86.3263 63.0786 6.39
      vertex 86.1175 61.4923 6.39
      vertex 86.2329 61.4693 6.39
    endloop
  endfacet
  facet normal 0 0 1
    outer loop
      vertex 86 63.1 6.39
      vertex 86.1175 61.4923 6.39
      vertex 86.3263 63.0786 6.39
    endloop
  endfacet
  facet normal 0 0 1
    outer loop
      vertex 86 63.1 6.39
      vertex 86 61.5 6.39
      vertex 86.1175 61.4923 6.39
    endloop
  endfacet
  facet normal 0 0 1
    outer loop
      vertex 86 63.1 6.39
      vertex 85.8825 61.4923 6.39
      vertex 86 61.5 6.39
    endloop
  endfacet
  facet normal -0 0 1
    outer loop
      vertex 85.6737 63.0786 6.39
      vertex 85.8825 61.4923 6.39
      vertex 86 63.1 6.39
    endloop
  endfacet
  facet normal 0 0 1
    outer loop
      vertex 85.8825 61.4923 6.39
      vertex 85.6737 63.0786 6.39
      vertex 85.7671 61.4693 6.39
    endloop
  endfacet
  facet normal -0 0 1
    outer loop
      vertex 85.353 63.0148 6.39
      vertex 85.7671 61.4693 6.39
      vertex 85.6737 63.0786 6.39
    endloop
  endfacet
  facet normal 0 0 1
    outer loop
      vertex 85.7671 61.4693 6.39
      vertex 85.353 63.0148 6.39
      vertex 85.6556 61.4315 6.39
    endloop
  endfacet
  facet normal -0 0 1
    outer loop
      vertex 85.0433 62.9097 6.39
      vertex 85.6556 61.4315 6.39
      vertex 85.353 63.0148 6.39
    endloop
  endfacet
  facet normal 0 0 1
    outer loop
      vertex 85.6556 61.4315 6.39
      vertex 85.0433 62.9097 6.39
      vertex 85.55 61.3794 6.39
    endloop
  endfacet
  facet normal -0 0 1
    outer loop
      vertex 84.75 62.7651 6.39
      vertex 85.55 61.3794 6.39
      vertex 85.0433 62.9097 6.39
    endloop
  endfacet
  facet normal 0 0 1
    outer loop
      vertex 85.55 61.3794 6.39
      vertex 84.75 62.7651 6.39
      vertex 85.4521 61.314 6.39
    endloop
  endfacet
  facet normal -0 0 1
    outer loop
      vertex 84.4781 62.5834 6.39
      vertex 85.4521 61.314 6.39
      vertex 84.75 62.7651 6.39
    endloop
  endfacet
  facet normal 0 0 1
    outer loop
      vertex 85.4521 61.314 6.39
      vertex 84.4781 62.5834 6.39
      vertex 85.3636 61.2364 6.39
    endloop
  endfacet
  facet normal -0 0 1
    outer loop
      vertex 84.2322 62.3678 6.39
      vertex 85.3636 61.2364 6.39
      vertex 84.4781 62.5834 6.39
    endloop
  endfacet
  facet normal 0 0 1
    outer loop
      vertex 85.3636 61.2364 6.39
      vertex 84.2322 62.3678 6.39
      vertex 85.286 61.1479 6.39
    endloop
  endfacet
  facet normal 0 0 1
    outer loop
      vertex 85.286 61.1479 6.39
      vertex 84.0166 62.1219 6.39
      vertex 85.2206 61.05 6.39
    endloop
  endfacet
  facet normal -0 0 1
    outer loop
      vertex 84.0166 62.1219 6.39
      vertex 85.286 61.1479 6.39
      vertex 84.2322 62.3678 6.39
    endloop
  endfacet
  facet normal -0 0 1
    outer loop
      vertex 86.714 60.0521 6.39
      vertex 87.9834 59.0781 6.39
      vertex 86.7794 60.15 6.39
    endloop
  endfacet
  facet normal 0 0 1
    outer loop
      vertex 87.9834 59.0781 6.39
      vertex 86.714 60.0521 6.39
      vertex 87.7678 58.8322 6.39
    endloop
  endfacet
  facet normal -0 0 1
    outer loop
      vertex 86.6364 59.9636 6.39
      vertex 87.7678 58.8322 6.39
      vertex 86.714 60.0521 6.39
    endloop
  endfacet
  facet normal 0 0 1
    outer loop
      vertex 87.7678 58.8322 6.39
      vertex 86.6364 59.9636 6.39
      vertex 87.5219 58.6166 6.39
    endloop
  endfacet
  facet normal -0 0 1
    outer loop
      vertex 86.5479 59.886 6.39
      vertex 87.5219 58.6166 6.39
      vertex 86.6364 59.9636 6.39
    endloop
  endfacet
  facet normal 0 0 1
    outer loop
      vertex 87.5219 58.6166 6.39
      vertex 86.5479 59.886 6.39
      vertex 87.25 58.4349 6.39
    endloop
  endfacet
  facet normal -0 0 1
    outer loop
      vertex 86.45 59.8206 6.39
      vertex 87.25 58.4349 6.39
      vertex 86.5479 59.886 6.39
    endloop
  endfacet
  facet normal 0 0 1
    outer loop
      vertex 87.25 58.4349 6.39
      vertex 86.45 59.8206 6.39
      vertex 86.9567 58.2903 6.39
    endloop
  endfacet
  facet normal -0 0 1
    outer loop
      vertex 86.3444 59.7685 6.39
      vertex 86.9567 58.2903 6.39
      vertex 86.45 59.8206 6.39
    endloop
  endfacet
  facet normal 0 0 1
    outer loop
      vertex 86.9567 58.2903 6.39
      vertex 86.3444 59.7685 6.39
      vertex 86.647 58.1852 6.39
    endloop
  endfacet
  facet normal -0 0 1
    outer loop
      vertex 86.2329 59.7307 6.39
      vertex 86.647 58.1852 6.39
      vertex 86.3444 59.7685 6.39
    endloop
  endfacet
  facet normal 0 0 1
    outer loop
      vertex 86.647 58.1852 6.39
      vertex 86.2329 59.7307 6.39
      vertex 86.3263 58.1214 6.39
    endloop
  endfacet
  facet normal -0 0 1
    outer loop
      vertex 86.1175 59.7077 6.39
      vertex 86.3263 58.1214 6.39
      vertex 86.2329 59.7307 6.39
    endloop
  endfacet
  facet normal -0 0 1
    outer loop
      vertex 86 59.7 6.39
      vertex 86.3263 58.1214 6.39
      vertex 86.1175 59.7077 6.39
    endloop
  endfacet
  facet normal 0 0 1
    outer loop
      vertex 86 59.7 6.39
      vertex 86 58.1 6.39
      vertex 86.3263 58.1214 6.39
    endloop
  endfacet
  facet normal 0 0 1
    outer loop
      vertex 85.8825 59.7077 6.39
      vertex 86 58.1 6.39
      vertex 86 59.7 6.39
    endloop
  endfacet
  facet normal 0 0 1
    outer loop
      vertex 85.6737 58.1214 6.39
      vertex 85.8825 59.7077 6.39
      vertex 85.7671 59.7307 6.39
    endloop
  endfacet
  facet normal 0 0 1
    outer loop
      vertex 85.8825 59.7077 6.39
      vertex 85.6737 58.1214 6.39
      vertex 86 58.1 6.39
    endloop
  endfacet
  facet normal 0 0 1
    outer loop
      vertex 85.353 58.1852 6.39
      vertex 85.7671 59.7307 6.39
      vertex 85.6556 59.7685 6.39
    endloop
  endfacet
  facet normal 0 0 1
    outer loop
      vertex 85.0433 58.2903 6.39
      vertex 85.6556 59.7685 6.39
      vertex 85.55 59.8206 6.39
    endloop
  endfacet
  facet normal 0 0 1
    outer loop
      vertex 84.75 58.4349 6.39
      vertex 85.55 59.8206 6.39
      vertex 85.4521 59.886 6.39
    endloop
  endfacet
  facet normal 0 0 1
    outer loop
      vertex 84.4781 58.6166 6.39
      vertex 85.4521 59.886 6.39
      vertex 85.3636 59.9636 6.39
    endloop
  endfacet
  facet normal 0 0 1
    outer loop
      vertex 85.7671 59.7307 6.39
      vertex 85.353 58.1852 6.39
      vertex 85.6737 58.1214 6.39
    endloop
  endfacet
  facet normal 0 0 1
    outer loop
      vertex 84.2322 58.8322 6.39
      vertex 85.3636 59.9636 6.39
      vertex 85.286 60.0521 6.39
    endloop
  endfacet
  facet normal 0 0 1
    outer loop
      vertex 84.0166 59.0781 6.39
      vertex 85.286 60.0521 6.39
      vertex 85.2206 60.15 6.39
    endloop
  endfacet
  facet normal 0 0 1
    outer loop
      vertex 83.8349 59.35 6.39
      vertex 85.2206 60.15 6.39
      vertex 85.1685 60.2556 6.39
    endloop
  endfacet
  facet normal 0 0 1
    outer loop
      vertex 83.6903 59.6433 6.39
      vertex 85.1685 60.2556 6.39
      vertex 85.1307 60.3671 6.39
    endloop
  endfacet
  facet normal 0 0 1
    outer loop
      vertex 83.5852 59.953 6.39
      vertex 85.1307 60.3671 6.39
      vertex 85.1077 60.4825 6.39
    endloop
  endfacet
  facet normal 0 0 1
    outer loop
      vertex 85.6556 59.7685 6.39
      vertex 85.0433 58.2903 6.39
      vertex 85.353 58.1852 6.39
    endloop
  endfacet
  facet normal 0 0 1
    outer loop
      vertex 83.5214 60.2737 6.39
      vertex 85.1077 60.4825 6.39
      vertex 85.1 60.6 6.39
    endloop
  endfacet
  facet normal -0 0 1
    outer loop
      vertex 83.8349 61.85 6.39
      vertex 85.2206 61.05 6.39
      vertex 84.0166 62.1219 6.39
    endloop
  endfacet
  facet normal 0 0 1
    outer loop
      vertex 85.2206 61.05 6.39
      vertex 83.8349 61.85 6.39
      vertex 85.1685 60.9444 6.39
    endloop
  endfacet
  facet normal 0 0 1
    outer loop
      vertex 85.55 59.8206 6.39
      vertex 84.75 58.4349 6.39
      vertex 85.0433 58.2903 6.39
    endloop
  endfacet
  facet normal -0 0 1
    outer loop
      vertex 83.6903 61.5567 6.39
      vertex 85.1685 60.9444 6.39
      vertex 83.8349 61.85 6.39
    endloop
  endfacet
  facet normal 0 0 1
    outer loop
      vertex 85.4521 59.886 6.39
      vertex 84.4781 58.6166 6.39
      vertex 84.75 58.4349 6.39
    endloop
  endfacet
  facet normal 0 0 1
    outer loop
      vertex 85.1685 60.9444 6.39
      vertex 83.6903 61.5567 6.39
      vertex 85.1307 60.8329 6.39
    endloop
  endfacet
  facet normal 0 0 1
    outer loop
      vertex 85.3636 59.9636 6.39
      vertex 84.2322 58.8322 6.39
      vertex 84.4781 58.6166 6.39
    endloop
  endfacet
  facet normal -0 0 1
    outer loop
      vertex 83.5852 61.247 6.39
      vertex 85.1307 60.8329 6.39
      vertex 83.6903 61.5567 6.39
    endloop
  endfacet
  facet normal 0 0 1
    outer loop
      vertex 85.286 60.0521 6.39
      vertex 84.0166 59.0781 6.39
      vertex 84.2322 58.8322 6.39
    endloop
  endfacet
  facet normal 0 0 1
    outer loop
      vertex 85.1307 60.8329 6.39
      vertex 83.5852 61.247 6.39
      vertex 85.1077 60.7175 6.39
    endloop
  endfacet
  facet normal 0 0 1
    outer loop
      vertex 85.2206 60.15 6.39
      vertex 83.8349 59.35 6.39
      vertex 84.0166 59.0781 6.39
    endloop
  endfacet
  facet normal -0 0 1
    outer loop
      vertex 83.5214 60.9263 6.39
      vertex 85.1077 60.7175 6.39
      vertex 83.5852 61.247 6.39
    endloop
  endfacet
  facet normal 0 0 1
    outer loop
      vertex 85.1685 60.2556 6.39
      vertex 83.6903 59.6433 6.39
      vertex 83.8349 59.35 6.39
    endloop
  endfacet
  facet normal 0 0 1
    outer loop
      vertex 85.1077 60.7175 6.39
      vertex 83.5214 60.9263 6.39
      vertex 85.1 60.6 6.39
    endloop
  endfacet
  facet normal 0 0 1
    outer loop
      vertex 85.1307 60.3671 6.39
      vertex 83.5852 59.953 6.39
      vertex 83.6903 59.6433 6.39
    endloop
  endfacet
  facet normal 0 0 1
    outer loop
      vertex 83.5 60.6 6.39
      vertex 85.1 60.6 6.39
      vertex 83.5214 60.9263 6.39
    endloop
  endfacet
  facet normal 0 0 1
    outer loop
      vertex 85.1077 60.4825 6.39
      vertex 83.5214 60.2737 6.39
      vertex 83.5852 59.953 6.39
    endloop
  endfacet
  facet normal 0 0 1
    outer loop
      vertex 85.1 60.6 6.39
      vertex 83.5 60.6 6.39
      vertex 83.5214 60.2737 6.39
    endloop
  endfacet
  facet normal -0.555617 -0.831438 0
    outer loop
      vertex 84.4781 58.6166 2.39999
      vertex 84.75 58.4349 6.39
      vertex 84.4781 58.6166 6.39
    endloop
  endfacet
  facet normal -0.555617 -0.831438 -0
    outer loop
      vertex 84.75 58.4349 6.39
      vertex 84.4781 58.6166 2.39999
      vertex 84.75 58.4349 2.39999
    endloop
  endfacet
  facet normal 0.32136 0.946957 -0
    outer loop
      vertex 86.9567 62.9097 2.39999
      vertex 86.647 63.0148 6.39
      vertex 86.9567 62.9097 6.39
    endloop
  endfacet
  facet normal 0.32136 0.946957 0
    outer loop
      vertex 86.647 63.0148 6.39
      vertex 86.9567 62.9097 2.39999
      vertex 86.647 63.0148 2.39999
    endloop
  endfacet
  facet normal -0.831438 0.555617 0
    outer loop
      vertex 83.8349 61.85 2.39999
      vertex 84.0166 62.1219 6.39
      vertex 84.0166 62.1219 2.39999
    endloop
  endfacet
  facet normal -0.831438 0.555617 0
    outer loop
      vertex 84.0166 62.1219 6.39
      vertex 83.8349 61.85 2.39999
      vertex 83.8349 61.85 6.39
    endloop
  endfacet
  facet normal -0.321065 -0.947057 0
    outer loop
      vertex 86.2329 61.4693 2.39999
      vertex 86.3444 61.4315 6.39
      vertex 86.2329 61.4693 6.39
    endloop
  endfacet
  facet normal -0.321065 -0.947057 -0
    outer loop
      vertex 86.3444 61.4315 6.39
      vertex 86.2329 61.4693 2.39999
      vertex 86.3444 61.4315 2.39999
    endloop
  endfacet
  facet normal -0.980711 -0.195462 0
    outer loop
      vertex 86.8923 60.7175 2.39999
      vertex 86.8693 60.8329 6.39
      vertex 86.8693 60.8329 2.39999
    endloop
  endfacet
  facet normal -0.980711 -0.195462 0
    outer loop
      vertex 86.8693 60.8329 6.39
      vertex 86.8923 60.7175 2.39999
      vertex 86.8923 60.7175 6.39
    endloop
  endfacet
  facet normal -0.99786 -0.0653917 0
    outer loop
      vertex 86.9 60.6 2.39999
      vertex 86.8923 60.7175 6.39
      vertex 86.8923 60.7175 2.39999
    endloop
  endfacet
  facet normal -0.99786 -0.0653917 0
    outer loop
      vertex 86.8923 60.7175 6.39
      vertex 86.9 60.6 2.39999
      vertex 86.9 60.6 6.39
    endloop
  endfacet
  facet normal -0.947057 -0.321065 0
    outer loop
      vertex 86.8693 60.8329 2.39999
      vertex 86.8315 60.9444 6.39
      vertex 86.8315 60.9444 2.39999
    endloop
  endfacet
  facet normal -0.947057 -0.321065 0
    outer loop
      vertex 86.8315 60.9444 6.39
      vertex 86.8693 60.8329 2.39999
      vertex 86.8693 60.8329 6.39
    endloop
  endfacet
  facet normal -0.442452 -0.896792 0
    outer loop
      vertex 86.3444 61.4315 2.39999
      vertex 86.45 61.3794 6.39
      vertex 86.3444 61.4315 6.39
    endloop
  endfacet
  facet normal -0.442452 -0.896792 -0
    outer loop
      vertex 86.45 61.3794 6.39
      vertex 86.3444 61.4315 2.39999
      vertex 86.45 61.3794 2.39999
    endloop
  endfacet
  facet normal 0.99786 0.0653917 0
    outer loop
      vertex 85.1077 60.4825 6.39
      vertex 85.1 60.6 2.39999
      vertex 85.1 60.6 6.39
    endloop
  endfacet
  facet normal 0.99786 0.0653917 0
    outer loop
      vertex 85.1 60.6 2.39999
      vertex 85.1077 60.4825 6.39
      vertex 85.1077 60.4825 2.39999
    endloop
  endfacet
  facet normal -0.896792 -0.442452 0
    outer loop
      vertex 86.8315 60.9444 2.39999
      vertex 86.7794 61.05 6.39
      vertex 86.7794 61.05 2.39999
    endloop
  endfacet
  facet normal -0.896792 -0.442452 0
    outer loop
      vertex 86.7794 61.05 6.39
      vertex 86.8315 60.9444 2.39999
      vertex 86.8315 60.9444 6.39
    endloop
  endfacet
  facet normal -0.831527 -0.555484 0
    outer loop
      vertex 86.7794 61.05 2.39999
      vertex 86.714 61.1479 6.39
      vertex 86.714 61.1479 2.39999
    endloop
  endfacet
  facet normal -0.831527 -0.555484 0
    outer loop
      vertex 86.714 61.1479 6.39
      vertex 86.7794 61.05 2.39999
      vertex 86.7794 61.05 6.39
    endloop
  endfacet
  facet normal 0.659286 -0.751892 0
    outer loop
      vertex 85.3636 61.2364 2.39999
      vertex 85.4521 61.314 6.39
      vertex 85.3636 61.2364 6.39
    endloop
  endfacet
  facet normal 0.659286 -0.751892 0
    outer loop
      vertex 85.4521 61.314 6.39
      vertex 85.3636 61.2364 2.39999
      vertex 85.4521 61.314 2.39999
    endloop
  endfacet
  facet normal -0.751892 -0.659286 0
    outer loop
      vertex 86.714 61.1479 2.39999
      vertex 86.6364 61.2364 6.39
      vertex 86.6364 61.2364 2.39999
    endloop
  endfacet
  facet normal -0.751892 -0.659286 0
    outer loop
      vertex 86.6364 61.2364 6.39
      vertex 86.714 61.1479 2.39999
      vertex 86.714 61.1479 6.39
    endloop
  endfacet
  facet normal 0.980711 -0.195462 0
    outer loop
      vertex 85.1077 60.7175 6.39
      vertex 85.1307 60.8329 2.39999
      vertex 85.1307 60.8329 6.39
    endloop
  endfacet
  facet normal 0.980711 -0.195462 0
    outer loop
      vertex 85.1307 60.8329 2.39999
      vertex 85.1077 60.7175 6.39
      vertex 85.1077 60.7175 2.39999
    endloop
  endfacet
  facet normal 0.555484 0.831527 -0
    outer loop
      vertex 85.55 59.8206 2.39999
      vertex 85.4521 59.886 6.39
      vertex 85.55 59.8206 6.39
    endloop
  endfacet
  facet normal 0.555484 0.831527 0
    outer loop
      vertex 85.4521 59.886 6.39
      vertex 85.55 59.8206 2.39999
      vertex 85.4521 59.886 2.39999
    endloop
  endfacet
  facet normal 0.99786 -0.0653917 0
    outer loop
      vertex 85.1 60.6 6.39
      vertex 85.1077 60.7175 2.39999
      vertex 85.1077 60.7175 6.39
    endloop
  endfacet
  facet normal 0.99786 -0.0653917 0
    outer loop
      vertex 85.1077 60.7175 2.39999
      vertex 85.1 60.6 6.39
      vertex 85.1 60.6 2.39999
    endloop
  endfacet
  facet normal 0.751892 0.659286 0
    outer loop
      vertex 85.3636 59.9636 6.39
      vertex 85.286 60.0521 2.39999
      vertex 85.286 60.0521 6.39
    endloop
  endfacet
  facet normal 0.751892 0.659286 0
    outer loop
      vertex 85.286 60.0521 2.39999
      vertex 85.3636 59.9636 6.39
      vertex 85.3636 59.9636 2.39999
    endloop
  endfacet
  facet normal -0.195462 0.980711 0
    outer loop
      vertex 86.2329 59.7307 2.39999
      vertex 86.1175 59.7077 6.39
      vertex 86.2329 59.7307 6.39
    endloop
  endfacet
  facet normal -0.195462 0.980711 0
    outer loop
      vertex 86.1175 59.7077 6.39
      vertex 86.2329 59.7307 2.39999
      vertex 86.1175 59.7077 2.39999
    endloop
  endfacet
  facet normal 0.442452 -0.896792 0
    outer loop
      vertex 85.55 61.3794 2.39999
      vertex 85.6556 61.4315 6.39
      vertex 85.55 61.3794 6.39
    endloop
  endfacet
  facet normal 0.442452 -0.896792 0
    outer loop
      vertex 85.6556 61.4315 6.39
      vertex 85.55 61.3794 2.39999
      vertex 85.6556 61.4315 2.39999
    endloop
  endfacet
  facet normal 0.321065 0.947057 -0
    outer loop
      vertex 85.7671 59.7307 2.39999
      vertex 85.6556 59.7685 6.39
      vertex 85.7671 59.7307 6.39
    endloop
  endfacet
  facet normal 0.321065 0.947057 0
    outer loop
      vertex 85.6556 59.7685 6.39
      vertex 85.7671 59.7307 2.39999
      vertex 85.6556 59.7685 2.39999
    endloop
  endfacet
  facet normal -0.980711 0.195462 0
    outer loop
      vertex 86.8693 60.3671 2.39999
      vertex 86.8923 60.4825 6.39
      vertex 86.8923 60.4825 2.39999
    endloop
  endfacet
  facet normal -0.980711 0.195462 0
    outer loop
      vertex 86.8923 60.4825 6.39
      vertex 86.8693 60.3671 2.39999
      vertex 86.8693 60.3671 6.39
    endloop
  endfacet
  facet normal 0.751892 -0.659286 0
    outer loop
      vertex 85.286 61.1479 6.39
      vertex 85.3636 61.2364 2.39999
      vertex 85.3636 61.2364 6.39
    endloop
  endfacet
  facet normal 0.751892 -0.659286 0
    outer loop
      vertex 85.3636 61.2364 2.39999
      vertex 85.286 61.1479 6.39
      vertex 85.286 61.1479 2.39999
    endloop
  endfacet
  facet normal -0.831527 0.555484 0
    outer loop
      vertex 86.714 60.0521 2.39999
      vertex 86.7794 60.15 6.39
      vertex 86.7794 60.15 2.39999
    endloop
  endfacet
  facet normal -0.831527 0.555484 0
    outer loop
      vertex 86.7794 60.15 6.39
      vertex 86.714 60.0521 2.39999
      vertex 86.714 60.0521 6.39
    endloop
  endfacet
  facet normal 0.321065 -0.947057 0
    outer loop
      vertex 85.6556 61.4315 2.39999
      vertex 85.7671 61.4693 6.39
      vertex 85.6556 61.4315 6.39
    endloop
  endfacet
  facet normal 0.321065 -0.947057 0
    outer loop
      vertex 85.7671 61.4693 6.39
      vertex 85.6556 61.4315 2.39999
      vertex 85.7671 61.4693 2.39999
    endloop
  endfacet
  facet normal 0.980711 0.195462 0
    outer loop
      vertex 85.1307 60.3671 6.39
      vertex 85.1077 60.4825 2.39999
      vertex 85.1077 60.4825 6.39
    endloop
  endfacet
  facet normal 0.980711 0.195462 0
    outer loop
      vertex 85.1077 60.4825 2.39999
      vertex 85.1307 60.3671 6.39
      vertex 85.1307 60.3671 2.39999
    endloop
  endfacet
  facet normal 0.195462 0.980711 -0
    outer loop
      vertex 85.8825 59.7077 2.39999
      vertex 85.7671 59.7307 6.39
      vertex 85.8825 59.7077 6.39
    endloop
  endfacet
  facet normal 0.195462 0.980711 0
    outer loop
      vertex 85.7671 59.7307 6.39
      vertex 85.8825 59.7077 2.39999
      vertex 85.7671 59.7307 2.39999
    endloop
  endfacet
  facet normal -0.555484 -0.831527 0
    outer loop
      vertex 86.45 61.3794 2.39999
      vertex 86.5479 61.314 6.39
      vertex 86.45 61.3794 6.39
    endloop
  endfacet
  facet normal -0.555484 -0.831527 -0
    outer loop
      vertex 86.5479 61.314 6.39
      vertex 86.45 61.3794 2.39999
      vertex 86.5479 61.314 2.39999
    endloop
  endfacet
  facet normal -0.947057 0.321065 0
    outer loop
      vertex 86.8315 60.2556 2.39999
      vertex 86.8693 60.3671 6.39
      vertex 86.8693 60.3671 2.39999
    endloop
  endfacet
  facet normal -0.947057 0.321065 0
    outer loop
      vertex 86.8693 60.3671 6.39
      vertex 86.8315 60.2556 2.39999
      vertex 86.8315 60.2556 6.39
    endloop
  endfacet
  facet normal -0.0653917 0.99786 0
    outer loop
      vertex 86.1175 59.7077 2.39999
      vertex 86 59.7 6.39
      vertex 86.1175 59.7077 6.39
    endloop
  endfacet
  facet normal -0.0653917 0.99786 0
    outer loop
      vertex 86 59.7 6.39
      vertex 86.1175 59.7077 2.39999
      vertex 86 59.7 2.39999
    endloop
  endfacet
  facet normal -0.751892 0.659286 0
    outer loop
      vertex 86.6364 59.9636 2.39999
      vertex 86.714 60.0521 6.39
      vertex 86.714 60.0521 2.39999
    endloop
  endfacet
  facet normal -0.751892 0.659286 0
    outer loop
      vertex 86.714 60.0521 6.39
      vertex 86.6364 59.9636 2.39999
      vertex 86.6364 59.9636 6.39
    endloop
  endfacet
  facet normal 0.0653917 -0.99786 0
    outer loop
      vertex 85.8825 61.4923 2.39999
      vertex 86 61.5 6.39
      vertex 85.8825 61.4923 6.39
    endloop
  endfacet
  facet normal 0.0653917 -0.99786 0
    outer loop
      vertex 86 61.5 6.39
      vertex 85.8825 61.4923 2.39999
      vertex 86 61.5 2.39999
    endloop
  endfacet
  facet normal -0.555484 0.831527 0
    outer loop
      vertex 86.5479 59.886 2.39999
      vertex 86.45 59.8206 6.39
      vertex 86.5479 59.886 6.39
    endloop
  endfacet
  facet normal -0.555484 0.831527 0
    outer loop
      vertex 86.45 59.8206 6.39
      vertex 86.5479 59.886 2.39999
      vertex 86.45 59.8206 2.39999
    endloop
  endfacet
  facet normal 0.659286 0.751892 -0
    outer loop
      vertex 85.4521 59.886 2.39999
      vertex 85.3636 59.9636 6.39
      vertex 85.4521 59.886 6.39
    endloop
  endfacet
  facet normal 0.659286 0.751892 0
    outer loop
      vertex 85.3636 59.9636 6.39
      vertex 85.4521 59.886 2.39999
      vertex 85.3636 59.9636 2.39999
    endloop
  endfacet
  facet normal -0.659286 -0.751892 0
    outer loop
      vertex 86.5479 61.314 2.39999
      vertex 86.6364 61.2364 6.39
      vertex 86.5479 61.314 6.39
    endloop
  endfacet
  facet normal -0.659286 -0.751892 -0
    outer loop
      vertex 86.6364 61.2364 6.39
      vertex 86.5479 61.314 2.39999
      vertex 86.6364 61.2364 2.39999
    endloop
  endfacet
  facet normal 0.896792 -0.442452 0
    outer loop
      vertex 85.1685 60.9444 6.39
      vertex 85.2206 61.05 2.39999
      vertex 85.2206 61.05 6.39
    endloop
  endfacet
  facet normal 0.896792 -0.442452 0
    outer loop
      vertex 85.2206 61.05 2.39999
      vertex 85.1685 60.9444 6.39
      vertex 85.1685 60.9444 2.39999
    endloop
  endfacet
  facet normal -0.0653917 -0.99786 0
    outer loop
      vertex 86 61.5 2.39999
      vertex 86.1175 61.4923 6.39
      vertex 86 61.5 6.39
    endloop
  endfacet
  facet normal -0.0653917 -0.99786 -0
    outer loop
      vertex 86.1175 61.4923 6.39
      vertex 86 61.5 2.39999
      vertex 86.1175 61.4923 2.39999
    endloop
  endfacet
  facet normal -0.99786 0.0653917 0
    outer loop
      vertex 86.8923 60.4825 2.39999
      vertex 86.9 60.6 6.39
      vertex 86.9 60.6 2.39999
    endloop
  endfacet
  facet normal -0.99786 0.0653917 0
    outer loop
      vertex 86.9 60.6 6.39
      vertex 86.8923 60.4825 2.39999
      vertex 86.8923 60.4825 6.39
    endloop
  endfacet
  facet normal 0.195462 -0.980711 0
    outer loop
      vertex 85.7671 61.4693 2.39999
      vertex 85.8825 61.4923 6.39
      vertex 85.7671 61.4693 6.39
    endloop
  endfacet
  facet normal 0.195462 -0.980711 0
    outer loop
      vertex 85.8825 61.4923 6.39
      vertex 85.7671 61.4693 2.39999
      vertex 85.8825 61.4923 2.39999
    endloop
  endfacet
  facet normal 0.555484 -0.831527 0
    outer loop
      vertex 85.4521 61.314 2.39999
      vertex 85.55 61.3794 6.39
      vertex 85.4521 61.314 6.39
    endloop
  endfacet
  facet normal 0.555484 -0.831527 0
    outer loop
      vertex 85.55 61.3794 6.39
      vertex 85.4521 61.314 2.39999
      vertex 85.55 61.3794 2.39999
    endloop
  endfacet
  facet normal 0.0653917 0.99786 -0
    outer loop
      vertex 86 59.7 2.39999
      vertex 85.8825 59.7077 6.39
      vertex 86 59.7 6.39
    endloop
  endfacet
  facet normal 0.0653917 0.99786 0
    outer loop
      vertex 85.8825 59.7077 6.39
      vertex 86 59.7 2.39999
      vertex 85.8825 59.7077 2.39999
    endloop
  endfacet
  facet normal -0.896792 0.442452 0
    outer loop
      vertex 86.7794 60.15 2.39999
      vertex 86.8315 60.2556 6.39
      vertex 86.8315 60.2556 2.39999
    endloop
  endfacet
  facet normal -0.896792 0.442452 0
    outer loop
      vertex 86.8315 60.2556 6.39
      vertex 86.7794 60.15 2.39999
      vertex 86.7794 60.15 6.39
    endloop
  endfacet
  facet normal 0.947057 -0.321065 0
    outer loop
      vertex 85.1307 60.8329 6.39
      vertex 85.1685 60.9444 2.39999
      vertex 85.1685 60.9444 6.39
    endloop
  endfacet
  facet normal 0.947057 -0.321065 0
    outer loop
      vertex 85.1685 60.9444 2.39999
      vertex 85.1307 60.8329 6.39
      vertex 85.1307 60.8329 2.39999
    endloop
  endfacet
  facet normal 0.947057 0.321065 0
    outer loop
      vertex 85.1685 60.2556 6.39
      vertex 85.1307 60.3671 2.39999
      vertex 85.1307 60.3671 6.39
    endloop
  endfacet
  facet normal 0.947057 0.321065 0
    outer loop
      vertex 85.1307 60.3671 2.39999
      vertex 85.1685 60.2556 6.39
      vertex 85.1685 60.2556 2.39999
    endloop
  endfacet
  facet normal 0.831527 -0.555484 0
    outer loop
      vertex 85.2206 61.05 6.39
      vertex 85.286 61.1479 2.39999
      vertex 85.286 61.1479 6.39
    endloop
  endfacet
  facet normal 0.831527 -0.555484 0
    outer loop
      vertex 85.286 61.1479 2.39999
      vertex 85.2206 61.05 6.39
      vertex 85.2206 61.05 2.39999
    endloop
  endfacet
  facet normal -0.442452 0.896792 0
    outer loop
      vertex 86.45 59.8206 2.39999
      vertex 86.3444 59.7685 6.39
      vertex 86.45 59.8206 6.39
    endloop
  endfacet
  facet normal -0.442452 0.896792 0
    outer loop
      vertex 86.3444 59.7685 6.39
      vertex 86.45 59.8206 2.39999
      vertex 86.3444 59.7685 2.39999
    endloop
  endfacet
  facet normal -0.321065 0.947057 0
    outer loop
      vertex 86.3444 59.7685 2.39999
      vertex 86.2329 59.7307 6.39
      vertex 86.3444 59.7685 6.39
    endloop
  endfacet
  facet normal -0.321065 0.947057 0
    outer loop
      vertex 86.2329 59.7307 6.39
      vertex 86.3444 59.7685 2.39999
      vertex 86.2329 59.7307 2.39999
    endloop
  endfacet
  facet normal -0.659286 0.751892 0
    outer loop
      vertex 86.6364 59.9636 2.39999
      vertex 86.5479 59.886 6.39
      vertex 86.6364 59.9636 6.39
    endloop
  endfacet
  facet normal -0.659286 0.751892 0
    outer loop
      vertex 86.5479 59.886 6.39
      vertex 86.6364 59.9636 2.39999
      vertex 86.5479 59.886 2.39999
    endloop
  endfacet
  facet normal 0.896792 0.442452 0
    outer loop
      vertex 85.2206 60.15 6.39
      vertex 85.1685 60.2556 2.39999
      vertex 85.1685 60.2556 6.39
    endloop
  endfacet
  facet normal 0.896792 0.442452 0
    outer loop
      vertex 85.1685 60.2556 2.39999
      vertex 85.2206 60.15 6.39
      vertex 85.2206 60.15 2.39999
    endloop
  endfacet
  facet normal -0.195462 -0.980711 0
    outer loop
      vertex 86.1175 61.4923 2.39999
      vertex 86.2329 61.4693 6.39
      vertex 86.1175 61.4923 6.39
    endloop
  endfacet
  facet normal -0.195462 -0.980711 -0
    outer loop
      vertex 86.2329 61.4693 6.39
      vertex 86.1175 61.4923 2.39999
      vertex 86.2329 61.4693 2.39999
    endloop
  endfacet
  facet normal 0.442452 0.896792 -0
    outer loop
      vertex 85.6556 59.7685 2.39999
      vertex 85.55 59.8206 6.39
      vertex 85.6556 59.7685 6.39
    endloop
  endfacet
  facet normal 0.442452 0.896792 0
    outer loop
      vertex 85.55 59.8206 6.39
      vertex 85.6556 59.7685 2.39999
      vertex 85.55 59.8206 2.39999
    endloop
  endfacet
  facet normal 0.831527 0.555484 0
    outer loop
      vertex 85.286 60.0521 6.39
      vertex 85.2206 60.15 2.39999
      vertex 85.2206 60.15 6.39
    endloop
  endfacet
  facet normal 0.831527 0.555484 0
    outer loop
      vertex 85.2206 60.15 2.39999
      vertex 85.286 60.0521 6.39
      vertex 85.286 60.0521 2.39999
    endloop
  endfacet
  facet normal -0.321081 0.947052 0
    outer loop
      vertex 101.953 26.0148 2.39999
      vertex 101.643 25.9097 6.39
      vertex 101.953 26.0148 6.39
    endloop
  endfacet
  facet normal -0.321081 0.947052 0
    outer loop
      vertex 101.643 25.9097 6.39
      vertex 101.953 26.0148 2.39999
      vertex 101.643 25.9097 2.39999
    endloop
  endfacet
  facet normal 0.980663 0.195704 0
    outer loop
      vertex 105.079 23.9263 6.39
      vertex 105.015 24.247 2.39999
      vertex 105.015 24.247 6.39
    endloop
  endfacet
  facet normal 0.980663 0.195704 0
    outer loop
      vertex 105.015 24.247 2.39999
      vertex 105.079 23.9263 6.39
      vertex 105.079 23.9263 2.39999
    endloop
  endfacet
  facet normal 0.997935 0.0642251 0
    outer loop
      vertex 105.1 23.6 6.39
      vertex 105.079 23.9263 2.39999
      vertex 105.079 23.9263 6.39
    endloop
  endfacet
  facet normal 0.997935 0.0642251 0
    outer loop
      vertex 105.079 23.9263 2.39999
      vertex 105.1 23.6 6.39
      vertex 105.1 23.6 2.39999
    endloop
  endfacet
  facet normal -0.980663 0.195704 0
    outer loop
      vertex 100.121 23.9263 2.39999
      vertex 100.185 24.247 6.39
      vertex 100.185 24.247 2.39999
    endloop
  endfacet
  facet normal -0.980663 0.195704 0
    outer loop
      vertex 100.185 24.247 6.39
      vertex 100.121 23.9263 2.39999
      vertex 100.121 23.9263 6.39
    endloop
  endfacet
  facet normal 0.0655032 0.997852 -0
    outer loop
      vertex 102.926 26.0786 2.39999
      vertex 102.6 26.1 6.39
      vertex 102.926 26.0786 6.39
    endloop
  endfacet
  facet normal 0.0655032 0.997852 0
    outer loop
      vertex 102.6 26.1 6.39
      vertex 102.926 26.0786 2.39999
      vertex 102.6 26.1 2.39999
    endloop
  endfacet
  facet normal -0.896435 0.443175 0
    outer loop
      vertex 100.29 24.5567 2.39999
      vertex 100.435 24.85 6.39
      vertex 100.435 24.85 2.39999
    endloop
  endfacet
  facet normal -0.896435 0.443175 0
    outer loop
      vertex 100.435 24.85 6.39
      vertex 100.29 24.5567 2.39999
      vertex 100.29 24.5567 6.39
    endloop
  endfacet
  facet normal 0.831014 0.556251 0
    outer loop
      vertex 104.765 24.85 6.39
      vertex 104.583 25.1219 2.39999
      vertex 104.583 25.1219 6.39
    endloop
  endfacet
  facet normal 0.831014 0.556251 0
    outer loop
      vertex 104.583 25.1219 2.39999
      vertex 104.765 24.85 6.39
      vertex 104.765 24.85 2.39999
    endloop
  endfacet
  facet normal 0.65911 0.752046 -0
    outer loop
      vertex 104.368 25.3678 2.39999
      vertex 104.122 25.5834 6.39
      vertex 104.368 25.3678 6.39
    endloop
  endfacet
  facet normal 0.65911 0.752046 0
    outer loop
      vertex 104.122 25.5834 6.39
      vertex 104.368 25.3678 2.39999
      vertex 104.122 25.5834 2.39999
    endloop
  endfacet
  facet normal -0.442556 -0.896741 0
    outer loop
      vertex 101.35 21.4349 2.39999
      vertex 101.643 21.2903 6.39
      vertex 101.35 21.4349 6.39
    endloop
  endfacet
  facet normal -0.442556 -0.896741 -0
    outer loop
      vertex 101.643 21.2903 6.39
      vertex 101.35 21.4349 2.39999
      vertex 101.643 21.2903 2.39999
    endloop
  endfacet
  facet normal 0.997935 -0.0642251 0
    outer loop
      vertex 105.079 23.2737 6.39
      vertex 105.1 23.6 2.39999
      vertex 105.1 23.6 6.39
    endloop
  endfacet
  facet normal 0.997935 -0.0642251 0
    outer loop
      vertex 105.1 23.6 2.39999
      vertex 105.079 23.2737 6.39
      vertex 105.079 23.2737 2.39999
    endloop
  endfacet
  facet normal 0.752823 0.658223 0
    outer loop
      vertex 104.583 25.1219 6.39
      vertex 104.368 25.3678 2.39999
      vertex 104.368 25.3678 6.39
    endloop
  endfacet
  facet normal 0.752823 0.658223 0
    outer loop
      vertex 104.368 25.3678 2.39999
      vertex 104.583 25.1219 6.39
      vertex 104.583 25.1219 2.39999
    endloop
  endfacet
  facet normal -0.831014 -0.556251 0
    outer loop
      vertex 100.617 22.0781 2.39999
      vertex 100.435 22.35 6.39
      vertex 100.435 22.35 2.39999
    endloop
  endfacet
  facet normal -0.831014 -0.556251 0
    outer loop
      vertex 100.435 22.35 6.39
      vertex 100.617 22.0781 2.39999
      vertex 100.617 22.0781 6.39
    endloop
  endfacet
  facet normal 0.0655032 -0.997852 0
    outer loop
      vertex 102.6 21.1 2.39999
      vertex 102.926 21.1214 6.39
      vertex 102.6 21.1 6.39
    endloop
  endfacet
  facet normal 0.0655032 -0.997852 0
    outer loop
      vertex 102.926 21.1214 6.39
      vertex 102.6 21.1 2.39999
      vertex 102.926 21.1214 2.39999
    endloop
  endfacet
  facet normal 0.321081 -0.947052 0
    outer loop
      vertex 103.247 21.1852 2.39999
      vertex 103.557 21.2903 6.39
      vertex 103.247 21.1852 6.39
    endloop
  endfacet
  facet normal 0.321081 -0.947052 0
    outer loop
      vertex 103.557 21.2903 6.39
      vertex 103.247 21.1852 2.39999
      vertex 103.557 21.2903 2.39999
    endloop
  endfacet
  facet normal -0.0655032 -0.997852 0
    outer loop
      vertex 102.274 21.1214 2.39999
      vertex 102.6 21.1 6.39
      vertex 102.274 21.1214 6.39
    endloop
  endfacet
  facet normal -0.0655032 -0.997852 -0
    outer loop
      vertex 102.6 21.1 6.39
      vertex 102.274 21.1214 2.39999
      vertex 102.6 21.1 2.39999
    endloop
  endfacet
  facet normal 0.442556 -0.896741 0
    outer loop
      vertex 103.557 21.2903 2.39999
      vertex 103.85 21.4349 6.39
      vertex 103.557 21.2903 6.39
    endloop
  endfacet
  facet normal 0.442556 -0.896741 0
    outer loop
      vertex 103.85 21.4349 6.39
      vertex 103.557 21.2903 2.39999
      vertex 103.85 21.4349 2.39999
    endloop
  endfacet
  facet normal -0.752823 0.658223 0
    outer loop
      vertex 100.617 25.1219 2.39999
      vertex 100.832 25.3678 6.39
      vertex 100.832 25.3678 2.39999
    endloop
  endfacet
  facet normal -0.752823 0.658223 0
    outer loop
      vertex 100.832 25.3678 6.39
      vertex 100.617 25.1219 2.39999
      vertex 100.617 25.1219 6.39
    endloop
  endfacet
  facet normal 0.442556 0.896741 -0
    outer loop
      vertex 103.85 25.7651 2.39999
      vertex 103.557 25.9097 6.39
      vertex 103.85 25.7651 6.39
    endloop
  endfacet
  facet normal 0.442556 0.896741 0
    outer loop
      vertex 103.557 25.9097 6.39
      vertex 103.85 25.7651 2.39999
      vertex 103.557 25.9097 2.39999
    endloop
  endfacet
  facet normal -0.442556 0.896741 0
    outer loop
      vertex 101.643 25.9097 2.39999
      vertex 101.35 25.7651 6.39
      vertex 101.643 25.9097 6.39
    endloop
  endfacet
  facet normal -0.442556 0.896741 0
    outer loop
      vertex 101.35 25.7651 6.39
      vertex 101.643 25.9097 2.39999
      vertex 101.35 25.7651 2.39999
    endloop
  endfacet
  facet normal 0.752823 -0.658223 0
    outer loop
      vertex 104.368 21.8322 6.39
      vertex 104.583 22.0781 2.39999
      vertex 104.583 22.0781 6.39
    endloop
  endfacet
  facet normal 0.752823 -0.658223 0
    outer loop
      vertex 104.583 22.0781 2.39999
      vertex 104.368 21.8322 6.39
      vertex 104.368 21.8322 2.39999
    endloop
  endfacet
  facet normal -0.194941 -0.980815 0
    outer loop
      vertex 101.953 21.1852 2.39999
      vertex 102.274 21.1214 6.39
      vertex 101.953 21.1852 6.39
    endloop
  endfacet
  facet normal -0.194941 -0.980815 -0
    outer loop
      vertex 102.274 21.1214 6.39
      vertex 101.953 21.1852 2.39999
      vertex 102.274 21.1214 2.39999
    endloop
  endfacet
  facet normal 0.831014 -0.556251 0
    outer loop
      vertex 104.583 22.0781 6.39
      vertex 104.765 22.35 2.39999
      vertex 104.765 22.35 6.39
    endloop
  endfacet
  facet normal 0.831014 -0.556251 0
    outer loop
      vertex 104.765 22.35 2.39999
      vertex 104.583 22.0781 6.39
      vertex 104.583 22.0781 2.39999
    endloop
  endfacet
  facet normal -0.65911 -0.752046 0
    outer loop
      vertex 100.832 21.8322 2.39999
      vertex 101.078 21.6166 6.39
      vertex 100.832 21.8322 6.39
    endloop
  endfacet
  facet normal -0.65911 -0.752046 -0
    outer loop
      vertex 101.078 21.6166 6.39
      vertex 100.832 21.8322 2.39999
      vertex 101.078 21.6166 2.39999
    endloop
  endfacet
  facet normal 0.194941 -0.980815 0
    outer loop
      vertex 102.926 21.1214 2.39999
      vertex 103.247 21.1852 6.39
      vertex 102.926 21.1214 6.39
    endloop
  endfacet
  facet normal 0.194941 -0.980815 0
    outer loop
      vertex 103.247 21.1852 6.39
      vertex 102.926 21.1214 2.39999
      vertex 103.247 21.1852 2.39999
    endloop
  endfacet
  facet normal 0.896435 -0.443175 0
    outer loop
      vertex 104.765 22.35 6.39
      vertex 104.91 22.6433 2.39999
      vertex 104.91 22.6433 6.39
    endloop
  endfacet
  facet normal 0.896435 -0.443175 0
    outer loop
      vertex 104.91 22.6433 2.39999
      vertex 104.765 22.35 6.39
      vertex 104.765 22.35 2.39999
    endloop
  endfacet
  facet normal -0.980663 -0.195704 0
    outer loop
      vertex 100.185 22.953 2.39999
      vertex 100.121 23.2737 6.39
      vertex 100.121 23.2737 2.39999
    endloop
  endfacet
  facet normal -0.980663 -0.195704 0
    outer loop
      vertex 100.121 23.2737 6.39
      vertex 100.185 22.953 2.39999
      vertex 100.185 22.953 6.39
    endloop
  endfacet
  facet normal 0.94705 -0.321086 0
    outer loop
      vertex 104.91 22.6433 6.39
      vertex 105.015 22.953 2.39999
      vertex 105.015 22.953 6.39
    endloop
  endfacet
  facet normal 0.94705 -0.321086 0
    outer loop
      vertex 105.015 22.953 2.39999
      vertex 104.91 22.6433 6.39
      vertex 104.91 22.6433 2.39999
    endloop
  endfacet
  facet normal -0.94705 0.321086 0
    outer loop
      vertex 100.185 24.247 2.39999
      vertex 100.29 24.5567 6.39
      vertex 100.29 24.5567 2.39999
    endloop
  endfacet
  facet normal -0.94705 0.321086 0
    outer loop
      vertex 100.29 24.5567 6.39
      vertex 100.185 24.247 2.39999
      vertex 100.185 24.247 6.39
    endloop
  endfacet
  facet normal -0.0655032 0.997852 0
    outer loop
      vertex 102.6 26.1 2.39999
      vertex 102.274 26.0786 6.39
      vertex 102.6 26.1 6.39
    endloop
  endfacet
  facet normal -0.0655032 0.997852 0
    outer loop
      vertex 102.274 26.0786 6.39
      vertex 102.6 26.1 2.39999
      vertex 102.274 26.0786 2.39999
    endloop
  endfacet
  facet normal -0.896435 -0.443175 0
    outer loop
      vertex 100.435 22.35 2.39999
      vertex 100.29 22.6433 6.39
      vertex 100.29 22.6433 2.39999
    endloop
  endfacet
  facet normal -0.896435 -0.443175 0
    outer loop
      vertex 100.29 22.6433 6.39
      vertex 100.435 22.35 2.39999
      vertex 100.435 22.35 6.39
    endloop
  endfacet
  facet normal 0.555476 0.831533 -0
    outer loop
      vertex 104.122 25.5834 2.39999
      vertex 103.85 25.7651 6.39
      vertex 104.122 25.5834 6.39
    endloop
  endfacet
  facet normal 0.555476 0.831533 0
    outer loop
      vertex 103.85 25.7651 6.39
      vertex 104.122 25.5834 2.39999
      vertex 103.85 25.7651 2.39999
    endloop
  endfacet
  facet normal -0.65911 0.752046 0
    outer loop
      vertex 101.078 25.5834 2.39999
      vertex 100.832 25.3678 6.39
      vertex 101.078 25.5834 6.39
    endloop
  endfacet
  facet normal -0.65911 0.752046 0
    outer loop
      vertex 100.832 25.3678 6.39
      vertex 101.078 25.5834 2.39999
      vertex 100.832 25.3678 2.39999
    endloop
  endfacet
  facet normal -0.555476 0.831533 0
    outer loop
      vertex 101.35 25.7651 2.39999
      vertex 101.078 25.5834 6.39
      vertex 101.35 25.7651 6.39
    endloop
  endfacet
  facet normal -0.555476 0.831533 0
    outer loop
      vertex 101.078 25.5834 6.39
      vertex 101.35 25.7651 2.39999
      vertex 101.078 25.5834 2.39999
    endloop
  endfacet
  facet normal 0.194941 0.980815 -0
    outer loop
      vertex 103.247 26.0148 2.39999
      vertex 102.926 26.0786 6.39
      vertex 103.247 26.0148 6.39
    endloop
  endfacet
  facet normal 0.194941 0.980815 0
    outer loop
      vertex 102.926 26.0786 6.39
      vertex 103.247 26.0148 2.39999
      vertex 102.926 26.0786 2.39999
    endloop
  endfacet
  facet normal 0.980663 -0.195704 0
    outer loop
      vertex 105.015 22.953 6.39
      vertex 105.079 23.2737 2.39999
      vertex 105.079 23.2737 6.39
    endloop
  endfacet
  facet normal 0.980663 -0.195704 0
    outer loop
      vertex 105.079 23.2737 2.39999
      vertex 105.015 22.953 6.39
      vertex 105.015 22.953 2.39999
    endloop
  endfacet
  facet normal 0.65911 -0.752046 0
    outer loop
      vertex 104.122 21.6166 2.39999
      vertex 104.368 21.8322 6.39
      vertex 104.122 21.6166 6.39
    endloop
  endfacet
  facet normal 0.65911 -0.752046 0
    outer loop
      vertex 104.368 21.8322 6.39
      vertex 104.122 21.6166 2.39999
      vertex 104.368 21.8322 2.39999
    endloop
  endfacet
  facet normal -0.997935 -0.0642251 0
    outer loop
      vertex 100.121 23.2737 2.39999
      vertex 100.1 23.6 6.39
      vertex 100.1 23.6 2.39999
    endloop
  endfacet
  facet normal -0.997935 -0.0642251 0
    outer loop
      vertex 100.1 23.6 6.39
      vertex 100.121 23.2737 2.39999
      vertex 100.121 23.2737 6.39
    endloop
  endfacet
  facet normal 0.896435 0.443175 0
    outer loop
      vertex 104.91 24.5567 6.39
      vertex 104.765 24.85 2.39999
      vertex 104.765 24.85 6.39
    endloop
  endfacet
  facet normal 0.896435 0.443175 0
    outer loop
      vertex 104.765 24.85 2.39999
      vertex 104.91 24.5567 6.39
      vertex 104.91 24.5567 2.39999
    endloop
  endfacet
  facet normal 0.555476 -0.831533 0
    outer loop
      vertex 103.85 21.4349 2.39999
      vertex 104.122 21.6166 6.39
      vertex 103.85 21.4349 6.39
    endloop
  endfacet
  facet normal 0.555476 -0.831533 0
    outer loop
      vertex 104.122 21.6166 6.39
      vertex 103.85 21.4349 2.39999
      vertex 104.122 21.6166 2.39999
    endloop
  endfacet
  facet normal 0.94705 0.321086 0
    outer loop
      vertex 105.015 24.247 6.39
      vertex 104.91 24.5567 2.39999
      vertex 104.91 24.5567 6.39
    endloop
  endfacet
  facet normal 0.94705 0.321086 0
    outer loop
      vertex 104.91 24.5567 2.39999
      vertex 105.015 24.247 6.39
      vertex 105.015 24.247 2.39999
    endloop
  endfacet
  facet normal -0.194941 0.980815 0
    outer loop
      vertex 102.274 26.0786 2.39999
      vertex 101.953 26.0148 6.39
      vertex 102.274 26.0786 6.39
    endloop
  endfacet
  facet normal -0.194941 0.980815 0
    outer loop
      vertex 101.953 26.0148 6.39
      vertex 102.274 26.0786 2.39999
      vertex 101.953 26.0148 2.39999
    endloop
  endfacet
  facet normal -0.997935 0.0642251 0
    outer loop
      vertex 100.1 23.6 2.39999
      vertex 100.121 23.9263 6.39
      vertex 100.121 23.9263 2.39999
    endloop
  endfacet
  facet normal -0.997935 0.0642251 0
    outer loop
      vertex 100.121 23.9263 6.39
      vertex 100.1 23.6 2.39999
      vertex 100.1 23.6 6.39
    endloop
  endfacet
  facet normal -0.321081 -0.947052 0
    outer loop
      vertex 101.643 21.2903 2.39999
      vertex 101.953 21.1852 6.39
      vertex 101.643 21.2903 6.39
    endloop
  endfacet
  facet normal -0.321081 -0.947052 -0
    outer loop
      vertex 101.953 21.1852 6.39
      vertex 101.643 21.2903 2.39999
      vertex 101.953 21.1852 2.39999
    endloop
  endfacet
  facet normal -0.94705 -0.321086 0
    outer loop
      vertex 100.29 22.6433 2.39999
      vertex 100.185 22.953 6.39
      vertex 100.185 22.953 2.39999
    endloop
  endfacet
  facet normal -0.94705 -0.321086 0
    outer loop
      vertex 100.185 22.953 6.39
      vertex 100.29 22.6433 2.39999
      vertex 100.29 22.6433 6.39
    endloop
  endfacet
  facet normal -0.752823 -0.658223 0
    outer loop
      vertex 100.832 21.8322 2.39999
      vertex 100.617 22.0781 6.39
      vertex 100.617 22.0781 2.39999
    endloop
  endfacet
  facet normal -0.752823 -0.658223 0
    outer loop
      vertex 100.617 22.0781 6.39
      vertex 100.832 21.8322 2.39999
      vertex 100.832 21.8322 6.39
    endloop
  endfacet
  facet normal 0 0 1
    outer loop
      vertex 103.5 23.6 6.39
      vertex 105.1 23.6 6.39
      vertex 105.079 23.9263 6.39
    endloop
  endfacet
  facet normal 0 0 1
    outer loop
      vertex 103.492 23.7175 6.39
      vertex 105.079 23.9263 6.39
      vertex 105.015 24.247 6.39
    endloop
  endfacet
  facet normal 0 0 1
    outer loop
      vertex 105.1 23.6 6.39
      vertex 103.5 23.6 6.39
      vertex 105.079 23.2737 6.39
    endloop
  endfacet
  facet normal 0 0 1
    outer loop
      vertex 103.469 23.8329 6.39
      vertex 105.015 24.247 6.39
      vertex 104.91 24.5567 6.39
    endloop
  endfacet
  facet normal -0 0 1
    outer loop
      vertex 103.492 23.4825 6.39
      vertex 105.079 23.2737 6.39
      vertex 103.5 23.6 6.39
    endloop
  endfacet
  facet normal 0 0 1
    outer loop
      vertex 103.431 23.9444 6.39
      vertex 104.91 24.5567 6.39
      vertex 104.765 24.85 6.39
    endloop
  endfacet
  facet normal 0 0 1
    outer loop
      vertex 105.079 23.2737 6.39
      vertex 103.492 23.4825 6.39
      vertex 105.015 22.953 6.39
    endloop
  endfacet
  facet normal 0 0 1
    outer loop
      vertex 103.379 24.05 6.39
      vertex 104.765 24.85 6.39
      vertex 104.583 25.1219 6.39
    endloop
  endfacet
  facet normal -0 0 1
    outer loop
      vertex 103.469 23.3671 6.39
      vertex 105.015 22.953 6.39
      vertex 103.492 23.4825 6.39
    endloop
  endfacet
  facet normal 0 0 1
    outer loop
      vertex 103.314 24.1479 6.39
      vertex 104.583 25.1219 6.39
      vertex 104.368 25.3678 6.39
    endloop
  endfacet
  facet normal 0 0 1
    outer loop
      vertex 105.015 22.953 6.39
      vertex 103.469 23.3671 6.39
      vertex 104.91 22.6433 6.39
    endloop
  endfacet
  facet normal 0 0 1
    outer loop
      vertex 103.236 24.2364 6.39
      vertex 104.368 25.3678 6.39
      vertex 104.122 25.5834 6.39
    endloop
  endfacet
  facet normal -0 0 1
    outer loop
      vertex 103.431 23.2556 6.39
      vertex 104.91 22.6433 6.39
      vertex 103.469 23.3671 6.39
    endloop
  endfacet
  facet normal 0 0 1
    outer loop
      vertex 103.148 24.314 6.39
      vertex 104.122 25.5834 6.39
      vertex 103.85 25.7651 6.39
    endloop
  endfacet
  facet normal 0 0 1
    outer loop
      vertex 104.91 22.6433 6.39
      vertex 103.431 23.2556 6.39
      vertex 104.765 22.35 6.39
    endloop
  endfacet
  facet normal 0 0 1
    outer loop
      vertex 103.05 24.3794 6.39
      vertex 103.85 25.7651 6.39
      vertex 103.557 25.9097 6.39
    endloop
  endfacet
  facet normal -0 0 1
    outer loop
      vertex 103.379 23.15 6.39
      vertex 104.765 22.35 6.39
      vertex 103.431 23.2556 6.39
    endloop
  endfacet
  facet normal 0 0 1
    outer loop
      vertex 104.765 22.35 6.39
      vertex 103.379 23.15 6.39
      vertex 104.583 22.0781 6.39
    endloop
  endfacet
  facet normal 0 0 1
    outer loop
      vertex 105.079 23.9263 6.39
      vertex 103.492 23.7175 6.39
      vertex 103.5 23.6 6.39
    endloop
  endfacet
  facet normal 0 0 1
    outer loop
      vertex 105.015 24.247 6.39
      vertex 103.469 23.8329 6.39
      vertex 103.492 23.7175 6.39
    endloop
  endfacet
  facet normal 0 0 1
    outer loop
      vertex 104.91 24.5567 6.39
      vertex 103.431 23.9444 6.39
      vertex 103.469 23.8329 6.39
    endloop
  endfacet
  facet normal 0 0 1
    outer loop
      vertex 104.765 24.85 6.39
      vertex 103.379 24.05 6.39
      vertex 103.431 23.9444 6.39
    endloop
  endfacet
  facet normal 0 0 1
    outer loop
      vertex 104.583 25.1219 6.39
      vertex 103.314 24.1479 6.39
      vertex 103.379 24.05 6.39
    endloop
  endfacet
  facet normal 0 0 1
    outer loop
      vertex 102.944 24.4315 6.39
      vertex 103.557 25.9097 6.39
      vertex 103.247 26.0148 6.39
    endloop
  endfacet
  facet normal 0 0 1
    outer loop
      vertex 104.368 25.3678 6.39
      vertex 103.236 24.2364 6.39
      vertex 103.314 24.1479 6.39
    endloop
  endfacet
  facet normal 0 0 1
    outer loop
      vertex 104.122 25.5834 6.39
      vertex 103.148 24.314 6.39
      vertex 103.236 24.2364 6.39
    endloop
  endfacet
  facet normal 0 0 1
    outer loop
      vertex 103.85 25.7651 6.39
      vertex 103.05 24.3794 6.39
      vertex 103.148 24.314 6.39
    endloop
  endfacet
  facet normal 0 0 1
    outer loop
      vertex 103.557 25.9097 6.39
      vertex 102.944 24.4315 6.39
      vertex 103.05 24.3794 6.39
    endloop
  endfacet
  facet normal 0 0 1
    outer loop
      vertex 102.833 24.4693 6.39
      vertex 103.247 26.0148 6.39
      vertex 102.926 26.0786 6.39
    endloop
  endfacet
  facet normal 0 0 1
    outer loop
      vertex 103.247 26.0148 6.39
      vertex 102.833 24.4693 6.39
      vertex 102.944 24.4315 6.39
    endloop
  endfacet
  facet normal 0 0 1
    outer loop
      vertex 102.926 26.0786 6.39
      vertex 102.717 24.4923 6.39
      vertex 102.833 24.4693 6.39
    endloop
  endfacet
  facet normal 0 0 1
    outer loop
      vertex 102.6 26.1 6.39
      vertex 102.717 24.4923 6.39
      vertex 102.926 26.0786 6.39
    endloop
  endfacet
  facet normal 0 0 1
    outer loop
      vertex 102.6 26.1 6.39
      vertex 102.6 24.5 6.39
      vertex 102.717 24.4923 6.39
    endloop
  endfacet
  facet normal 0 0 1
    outer loop
      vertex 102.6 26.1 6.39
      vertex 102.483 24.4923 6.39
      vertex 102.6 24.5 6.39
    endloop
  endfacet
  facet normal -0 0 1
    outer loop
      vertex 102.274 26.0786 6.39
      vertex 102.483 24.4923 6.39
      vertex 102.6 26.1 6.39
    endloop
  endfacet
  facet normal 0 0 1
    outer loop
      vertex 102.483 24.4923 6.39
      vertex 102.274 26.0786 6.39
      vertex 102.367 24.4693 6.39
    endloop
  endfacet
  facet normal -0 0 1
    outer loop
      vertex 101.953 26.0148 6.39
      vertex 102.367 24.4693 6.39
      vertex 102.274 26.0786 6.39
    endloop
  endfacet
  facet normal 0 0 1
    outer loop
      vertex 102.367 24.4693 6.39
      vertex 101.953 26.0148 6.39
      vertex 102.256 24.4315 6.39
    endloop
  endfacet
  facet normal -0 0 1
    outer loop
      vertex 101.643 25.9097 6.39
      vertex 102.256 24.4315 6.39
      vertex 101.953 26.0148 6.39
    endloop
  endfacet
  facet normal 0 0 1
    outer loop
      vertex 102.256 24.4315 6.39
      vertex 101.643 25.9097 6.39
      vertex 102.15 24.3794 6.39
    endloop
  endfacet
  facet normal -0 0 1
    outer loop
      vertex 101.35 25.7651 6.39
      vertex 102.15 24.3794 6.39
      vertex 101.643 25.9097 6.39
    endloop
  endfacet
  facet normal 0 0 1
    outer loop
      vertex 102.15 24.3794 6.39
      vertex 101.35 25.7651 6.39
      vertex 102.052 24.314 6.39
    endloop
  endfacet
  facet normal -0 0 1
    outer loop
      vertex 101.078 25.5834 6.39
      vertex 102.052 24.314 6.39
      vertex 101.35 25.7651 6.39
    endloop
  endfacet
  facet normal 0 0 1
    outer loop
      vertex 102.052 24.314 6.39
      vertex 101.078 25.5834 6.39
      vertex 101.964 24.2364 6.39
    endloop
  endfacet
  facet normal -0 0 1
    outer loop
      vertex 100.832 25.3678 6.39
      vertex 101.964 24.2364 6.39
      vertex 101.078 25.5834 6.39
    endloop
  endfacet
  facet normal 0 0 1
    outer loop
      vertex 101.964 24.2364 6.39
      vertex 100.832 25.3678 6.39
      vertex 101.886 24.1479 6.39
    endloop
  endfacet
  facet normal 0 0 1
    outer loop
      vertex 101.886 24.1479 6.39
      vertex 100.617 25.1219 6.39
      vertex 101.821 24.05 6.39
    endloop
  endfacet
  facet normal -0 0 1
    outer loop
      vertex 100.617 25.1219 6.39
      vertex 101.886 24.1479 6.39
      vertex 100.832 25.3678 6.39
    endloop
  endfacet
  facet normal -0 0 1
    outer loop
      vertex 103.314 23.0521 6.39
      vertex 104.583 22.0781 6.39
      vertex 103.379 23.15 6.39
    endloop
  endfacet
  facet normal 0 0 1
    outer loop
      vertex 104.583 22.0781 6.39
      vertex 103.314 23.0521 6.39
      vertex 104.368 21.8322 6.39
    endloop
  endfacet
  facet normal -0 0 1
    outer loop
      vertex 103.236 22.9636 6.39
      vertex 104.368 21.8322 6.39
      vertex 103.314 23.0521 6.39
    endloop
  endfacet
  facet normal 0 0 1
    outer loop
      vertex 104.368 21.8322 6.39
      vertex 103.236 22.9636 6.39
      vertex 104.122 21.6166 6.39
    endloop
  endfacet
  facet normal -0 0 1
    outer loop
      vertex 103.148 22.886 6.39
      vertex 104.122 21.6166 6.39
      vertex 103.236 22.9636 6.39
    endloop
  endfacet
  facet normal 0 0 1
    outer loop
      vertex 104.122 21.6166 6.39
      vertex 103.148 22.886 6.39
      vertex 103.85 21.4349 6.39
    endloop
  endfacet
  facet normal -0 0 1
    outer loop
      vertex 103.05 22.8206 6.39
      vertex 103.85 21.4349 6.39
      vertex 103.148 22.886 6.39
    endloop
  endfacet
  facet normal 0 0 1
    outer loop
      vertex 103.85 21.4349 6.39
      vertex 103.05 22.8206 6.39
      vertex 103.557 21.2903 6.39
    endloop
  endfacet
  facet normal -0 0 1
    outer loop
      vertex 102.944 22.7685 6.39
      vertex 103.557 21.2903 6.39
      vertex 103.05 22.8206 6.39
    endloop
  endfacet
  facet normal 0 0 1
    outer loop
      vertex 103.557 21.2903 6.39
      vertex 102.944 22.7685 6.39
      vertex 103.247 21.1852 6.39
    endloop
  endfacet
  facet normal -0 0 1
    outer loop
      vertex 102.833 22.7307 6.39
      vertex 103.247 21.1852 6.39
      vertex 102.944 22.7685 6.39
    endloop
  endfacet
  facet normal 0 0 1
    outer loop
      vertex 103.247 21.1852 6.39
      vertex 102.833 22.7307 6.39
      vertex 102.926 21.1214 6.39
    endloop
  endfacet
  facet normal -0 0 1
    outer loop
      vertex 102.717 22.7077 6.39
      vertex 102.926 21.1214 6.39
      vertex 102.833 22.7307 6.39
    endloop
  endfacet
  facet normal -0 0 1
    outer loop
      vertex 102.6 22.7 6.39
      vertex 102.926 21.1214 6.39
      vertex 102.717 22.7077 6.39
    endloop
  endfacet
  facet normal 0 0 1
    outer loop
      vertex 102.6 22.7 6.39
      vertex 102.6 21.1 6.39
      vertex 102.926 21.1214 6.39
    endloop
  endfacet
  facet normal 0 0 1
    outer loop
      vertex 102.483 22.7077 6.39
      vertex 102.6 21.1 6.39
      vertex 102.6 22.7 6.39
    endloop
  endfacet
  facet normal 0 0 1
    outer loop
      vertex 102.274 21.1214 6.39
      vertex 102.483 22.7077 6.39
      vertex 102.367 22.7307 6.39
    endloop
  endfacet
  facet normal 0 0 1
    outer loop
      vertex 102.483 22.7077 6.39
      vertex 102.274 21.1214 6.39
      vertex 102.6 21.1 6.39
    endloop
  endfacet
  facet normal 0 0 1
    outer loop
      vertex 101.953 21.1852 6.39
      vertex 102.367 22.7307 6.39
      vertex 102.256 22.7685 6.39
    endloop
  endfacet
  facet normal 0 0 1
    outer loop
      vertex 101.643 21.2903 6.39
      vertex 102.256 22.7685 6.39
      vertex 102.15 22.8206 6.39
    endloop
  endfacet
  facet normal 0 0 1
    outer loop
      vertex 101.35 21.4349 6.39
      vertex 102.15 22.8206 6.39
      vertex 102.052 22.886 6.39
    endloop
  endfacet
  facet normal 0 0 1
    outer loop
      vertex 101.078 21.6166 6.39
      vertex 102.052 22.886 6.39
      vertex 101.964 22.9636 6.39
    endloop
  endfacet
  facet normal 0 0 1
    outer loop
      vertex 102.367 22.7307 6.39
      vertex 101.953 21.1852 6.39
      vertex 102.274 21.1214 6.39
    endloop
  endfacet
  facet normal 0 0 1
    outer loop
      vertex 100.832 21.8322 6.39
      vertex 101.964 22.9636 6.39
      vertex 101.886 23.0521 6.39
    endloop
  endfacet
  facet normal 0 0 1
    outer loop
      vertex 100.617 22.0781 6.39
      vertex 101.886 23.0521 6.39
      vertex 101.821 23.15 6.39
    endloop
  endfacet
  facet normal 0 0 1
    outer loop
      vertex 100.435 22.35 6.39
      vertex 101.821 23.15 6.39
      vertex 101.769 23.2556 6.39
    endloop
  endfacet
  facet normal 0 0 1
    outer loop
      vertex 100.29 22.6433 6.39
      vertex 101.769 23.2556 6.39
      vertex 101.731 23.3671 6.39
    endloop
  endfacet
  facet normal 0 0 1
    outer loop
      vertex 100.185 22.953 6.39
      vertex 101.731 23.3671 6.39
      vertex 101.708 23.4825 6.39
    endloop
  endfacet
  facet normal 0 0 1
    outer loop
      vertex 102.256 22.7685 6.39
      vertex 101.643 21.2903 6.39
      vertex 101.953 21.1852 6.39
    endloop
  endfacet
  facet normal 0 0 1
    outer loop
      vertex 100.121 23.2737 6.39
      vertex 101.708 23.4825 6.39
      vertex 101.7 23.6 6.39
    endloop
  endfacet
  facet normal -0 0 1
    outer loop
      vertex 100.435 24.85 6.39
      vertex 101.821 24.05 6.39
      vertex 100.617 25.1219 6.39
    endloop
  endfacet
  facet normal 0 0 1
    outer loop
      vertex 101.821 24.05 6.39
      vertex 100.435 24.85 6.39
      vertex 101.769 23.9444 6.39
    endloop
  endfacet
  facet normal 0 0 1
    outer loop
      vertex 102.15 22.8206 6.39
      vertex 101.35 21.4349 6.39
      vertex 101.643 21.2903 6.39
    endloop
  endfacet
  facet normal -0 0 1
    outer loop
      vertex 100.29 24.5567 6.39
      vertex 101.769 23.9444 6.39
      vertex 100.435 24.85 6.39
    endloop
  endfacet
  facet normal 0 0 1
    outer loop
      vertex 102.052 22.886 6.39
      vertex 101.078 21.6166 6.39
      vertex 101.35 21.4349 6.39
    endloop
  endfacet
  facet normal 0 0 1
    outer loop
      vertex 101.769 23.9444 6.39
      vertex 100.29 24.5567 6.39
      vertex 101.731 23.8329 6.39
    endloop
  endfacet
  facet normal 0 0 1
    outer loop
      vertex 101.964 22.9636 6.39
      vertex 100.832 21.8322 6.39
      vertex 101.078 21.6166 6.39
    endloop
  endfacet
  facet normal -0 0 1
    outer loop
      vertex 100.185 24.247 6.39
      vertex 101.731 23.8329 6.39
      vertex 100.29 24.5567 6.39
    endloop
  endfacet
  facet normal 0 0 1
    outer loop
      vertex 101.886 23.0521 6.39
      vertex 100.617 22.0781 6.39
      vertex 100.832 21.8322 6.39
    endloop
  endfacet
  facet normal 0 0 1
    outer loop
      vertex 101.731 23.8329 6.39
      vertex 100.185 24.247 6.39
      vertex 101.708 23.7175 6.39
    endloop
  endfacet
  facet normal 0 0 1
    outer loop
      vertex 101.821 23.15 6.39
      vertex 100.435 22.35 6.39
      vertex 100.617 22.0781 6.39
    endloop
  endfacet
  facet normal -0 0 1
    outer loop
      vertex 100.121 23.9263 6.39
      vertex 101.708 23.7175 6.39
      vertex 100.185 24.247 6.39
    endloop
  endfacet
  facet normal 0 0 1
    outer loop
      vertex 101.769 23.2556 6.39
      vertex 100.29 22.6433 6.39
      vertex 100.435 22.35 6.39
    endloop
  endfacet
  facet normal 0 0 1
    outer loop
      vertex 101.708 23.7175 6.39
      vertex 100.121 23.9263 6.39
      vertex 101.7 23.6 6.39
    endloop
  endfacet
  facet normal 0 0 1
    outer loop
      vertex 101.731 23.3671 6.39
      vertex 100.185 22.953 6.39
      vertex 100.29 22.6433 6.39
    endloop
  endfacet
  facet normal 0 0 1
    outer loop
      vertex 100.1 23.6 6.39
      vertex 101.7 23.6 6.39
      vertex 100.121 23.9263 6.39
    endloop
  endfacet
  facet normal 0 0 1
    outer loop
      vertex 101.708 23.4825 6.39
      vertex 100.121 23.2737 6.39
      vertex 100.185 22.953 6.39
    endloop
  endfacet
  facet normal 0 0 1
    outer loop
      vertex 101.7 23.6 6.39
      vertex 100.1 23.6 6.39
      vertex 100.121 23.2737 6.39
    endloop
  endfacet
  facet normal -0.555476 -0.831533 0
    outer loop
      vertex 101.078 21.6166 2.39999
      vertex 101.35 21.4349 6.39
      vertex 101.078 21.6166 6.39
    endloop
  endfacet
  facet normal -0.555476 -0.831533 -0
    outer loop
      vertex 101.35 21.4349 6.39
      vertex 101.078 21.6166 2.39999
      vertex 101.35 21.4349 2.39999
    endloop
  endfacet
  facet normal 0.321081 0.947052 -0
    outer loop
      vertex 103.557 25.9097 2.39999
      vertex 103.247 26.0148 6.39
      vertex 103.557 25.9097 6.39
    endloop
  endfacet
  facet normal 0.321081 0.947052 0
    outer loop
      vertex 103.247 26.0148 6.39
      vertex 103.557 25.9097 2.39999
      vertex 103.247 26.0148 2.39999
    endloop
  endfacet
  facet normal -0.831014 0.556251 0
    outer loop
      vertex 100.435 24.85 2.39999
      vertex 100.617 25.1219 6.39
      vertex 100.617 25.1219 2.39999
    endloop
  endfacet
  facet normal -0.831014 0.556251 0
    outer loop
      vertex 100.617 25.1219 6.39
      vertex 100.435 24.85 2.39999
      vertex 100.435 24.85 6.39
    endloop
  endfacet
  facet normal -0.322361 -0.946617 0
    outer loop
      vertex 102.833 24.4693 2.39999
      vertex 102.944 24.4315 6.39
      vertex 102.833 24.4693 6.39
    endloop
  endfacet
  facet normal -0.322361 -0.946617 -0
    outer loop
      vertex 102.944 24.4315 6.39
      vertex 102.833 24.4693 2.39999
      vertex 102.944 24.4315 2.39999
    endloop
  endfacet
  facet normal -0.980711 -0.195462 0
    outer loop
      vertex 103.492 23.7175 2.39999
      vertex 103.469 23.8329 6.39
      vertex 103.469 23.8329 2.39999
    endloop
  endfacet
  facet normal -0.980711 -0.195462 0
    outer loop
      vertex 103.469 23.8329 6.39
      vertex 103.492 23.7175 2.39999
      vertex 103.492 23.7175 6.39
    endloop
  endfacet
  facet normal -0.99769 -0.0679278 0
    outer loop
      vertex 103.5 23.6 2.39999
      vertex 103.492 23.7175 6.39
      vertex 103.492 23.7175 2.39999
    endloop
  endfacet
  facet normal -0.99769 -0.0679278 0
    outer loop
      vertex 103.492 23.7175 6.39
      vertex 103.5 23.6 2.39999
      vertex 103.5 23.6 6.39
    endloop
  endfacet
  facet normal -0.94654 -0.322588 0
    outer loop
      vertex 103.469 23.8329 2.39999
      vertex 103.431 23.9444 6.39
      vertex 103.431 23.9444 2.39999
    endloop
  endfacet
  facet normal -0.94654 -0.322588 0
    outer loop
      vertex 103.431 23.9444 6.39
      vertex 103.469 23.8329 2.39999
      vertex 103.469 23.8329 6.39
    endloop
  endfacet
  facet normal -0.441107 -0.897454 0
    outer loop
      vertex 102.944 24.4315 2.39999
      vertex 103.05 24.3794 6.39
      vertex 102.944 24.4315 6.39
    endloop
  endfacet
  facet normal -0.441107 -0.897454 -0
    outer loop
      vertex 103.05 24.3794 6.39
      vertex 102.944 24.4315 2.39999
      vertex 103.05 24.3794 2.39999
    endloop
  endfacet
  facet normal 0.99769 0.0679278 0
    outer loop
      vertex 101.708 23.4825 6.39
      vertex 101.7 23.6 2.39999
      vertex 101.7 23.6 6.39
    endloop
  endfacet
  facet normal 0.99769 0.0679278 0
    outer loop
      vertex 101.7 23.6 2.39999
      vertex 101.708 23.4825 6.39
      vertex 101.708 23.4825 2.39999
    endloop
  endfacet
  facet normal -0.897129 -0.441768 0
    outer loop
      vertex 103.431 23.9444 2.39999
      vertex 103.379 24.05 6.39
      vertex 103.379 24.05 2.39999
    endloop
  endfacet
  facet normal -0.897129 -0.441768 0
    outer loop
      vertex 103.379 24.05 6.39
      vertex 103.431 23.9444 2.39999
      vertex 103.431 23.9444 6.39
    endloop
  endfacet
  facet normal -0.833096 -0.553128 0
    outer loop
      vertex 103.379 24.05 2.39999
      vertex 103.314 24.1479 6.39
      vertex 103.314 24.1479 2.39999
    endloop
  endfacet
  facet normal -0.833096 -0.553128 0
    outer loop
      vertex 103.314 24.1479 6.39
      vertex 103.379 24.05 2.39999
      vertex 103.379 24.05 6.39
    endloop
  endfacet
  facet normal 0.661396 -0.750037 0
    outer loop
      vertex 101.964 24.2364 2.39999
      vertex 102.052 24.314 6.39
      vertex 101.964 24.2364 6.39
    endloop
  endfacet
  facet normal 0.661396 -0.750037 0
    outer loop
      vertex 102.052 24.314 6.39
      vertex 101.964 24.2364 2.39999
      vertex 102.052 24.314 2.39999
    endloop
  endfacet
  facet normal -0.750209 -0.661201 0
    outer loop
      vertex 103.314 24.1479 2.39999
      vertex 103.236 24.2364 6.39
      vertex 103.236 24.2364 2.39999
    endloop
  endfacet
  facet normal -0.750209 -0.661201 0
    outer loop
      vertex 103.236 24.2364 6.39
      vertex 103.314 24.1479 2.39999
      vertex 103.314 24.1479 6.39
    endloop
  endfacet
  facet normal 0.980711 -0.195462 0
    outer loop
      vertex 101.708 23.7175 6.39
      vertex 101.731 23.8329 2.39999
      vertex 101.731 23.8329 6.39
    endloop
  endfacet
  facet normal 0.980711 -0.195462 0
    outer loop
      vertex 101.731 23.8329 2.39999
      vertex 101.708 23.7175 6.39
      vertex 101.708 23.7175 2.39999
    endloop
  endfacet
  facet normal 0.555092 0.831789 -0
    outer loop
      vertex 102.15 22.8206 2.39999
      vertex 102.052 22.886 6.39
      vertex 102.15 22.8206 6.39
    endloop
  endfacet
  facet normal 0.555092 0.831789 0
    outer loop
      vertex 102.052 22.886 6.39
      vertex 102.15 22.8206 2.39999
      vertex 102.052 22.886 2.39999
    endloop
  endfacet
  facet normal 0.99769 -0.0679278 0
    outer loop
      vertex 101.7 23.6 6.39
      vertex 101.708 23.7175 2.39999
      vertex 101.708 23.7175 6.39
    endloop
  endfacet
  facet normal 0.99769 -0.0679278 0
    outer loop
      vertex 101.708 23.7175 2.39999
      vertex 101.7 23.6 6.39
      vertex 101.7 23.6 2.39999
    endloop
  endfacet
  facet normal 0.750209 0.661201 0
    outer loop
      vertex 101.964 22.9636 6.39
      vertex 101.886 23.0521 2.39999
      vertex 101.886 23.0521 6.39
    endloop
  endfacet
  facet normal 0.750209 0.661201 0
    outer loop
      vertex 101.886 23.0521 2.39999
      vertex 101.964 22.9636 6.39
      vertex 101.964 22.9636 2.39999
    endloop
  endfacet
  facet normal -0.19449 0.980905 0
    outer loop
      vertex 102.833 22.7307 2.39999
      vertex 102.717 22.7077 6.39
      vertex 102.833 22.7307 6.39
    endloop
  endfacet
  facet normal -0.19449 0.980905 0
    outer loop
      vertex 102.717 22.7077 6.39
      vertex 102.833 22.7307 2.39999
      vertex 102.717 22.7077 2.39999
    endloop
  endfacet
  facet normal 0.441107 -0.897454 0
    outer loop
      vertex 102.15 24.3794 2.39999
      vertex 102.256 24.4315 6.39
      vertex 102.15 24.3794 6.39
    endloop
  endfacet
  facet normal 0.441107 -0.897454 0
    outer loop
      vertex 102.256 24.4315 6.39
      vertex 102.15 24.3794 2.39999
      vertex 102.256 24.4315 2.39999
    endloop
  endfacet
  facet normal 0.322361 0.946617 -0
    outer loop
      vertex 102.367 22.7307 2.39999
      vertex 102.256 22.7685 6.39
      vertex 102.367 22.7307 6.39
    endloop
  endfacet
  facet normal 0.322361 0.946617 0
    outer loop
      vertex 102.256 22.7685 6.39
      vertex 102.367 22.7307 2.39999
      vertex 102.256 22.7685 2.39999
    endloop
  endfacet
  facet normal -0.980711 0.195462 0
    outer loop
      vertex 103.469 23.3671 2.39999
      vertex 103.492 23.4825 6.39
      vertex 103.492 23.4825 2.39999
    endloop
  endfacet
  facet normal -0.980711 0.195462 0
    outer loop
      vertex 103.492 23.4825 6.39
      vertex 103.469 23.3671 2.39999
      vertex 103.469 23.3671 6.39
    endloop
  endfacet
  facet normal 0.750209 -0.661201 0
    outer loop
      vertex 101.886 24.1479 6.39
      vertex 101.964 24.2364 2.39999
      vertex 101.964 24.2364 6.39
    endloop
  endfacet
  facet normal 0.750209 -0.661201 0
    outer loop
      vertex 101.964 24.2364 2.39999
      vertex 101.886 24.1479 6.39
      vertex 101.886 24.1479 2.39999
    endloop
  endfacet
  facet normal -0.833096 0.553128 0
    outer loop
      vertex 103.314 23.0521 2.39999
      vertex 103.379 23.15 6.39
      vertex 103.379 23.15 2.39999
    endloop
  endfacet
  facet normal -0.833096 0.553128 0
    outer loop
      vertex 103.379 23.15 6.39
      vertex 103.314 23.0521 2.39999
      vertex 103.314 23.0521 6.39
    endloop
  endfacet
  facet normal 0.322361 -0.946617 0
    outer loop
      vertex 102.256 24.4315 2.39999
      vertex 102.367 24.4693 6.39
      vertex 102.256 24.4315 6.39
    endloop
  endfacet
  facet normal 0.322361 -0.946617 0
    outer loop
      vertex 102.367 24.4693 6.39
      vertex 102.256 24.4315 2.39999
      vertex 102.367 24.4693 2.39999
    endloop
  endfacet
  facet normal 0.980711 0.195462 0
    outer loop
      vertex 101.731 23.3671 6.39
      vertex 101.708 23.4825 2.39999
      vertex 101.708 23.4825 6.39
    endloop
  endfacet
  facet normal 0.980711 0.195462 0
    outer loop
      vertex 101.708 23.4825 2.39999
      vertex 101.731 23.3671 6.39
      vertex 101.731 23.3671 2.39999
    endloop
  endfacet
  facet normal 0.19449 0.980905 -0
    outer loop
      vertex 102.483 22.7077 2.39999
      vertex 102.367 22.7307 6.39
      vertex 102.483 22.7077 6.39
    endloop
  endfacet
  facet normal 0.19449 0.980905 0
    outer loop
      vertex 102.367 22.7307 6.39
      vertex 102.483 22.7077 2.39999
      vertex 102.367 22.7307 2.39999
    endloop
  endfacet
  facet normal -0.555092 -0.831789 0
    outer loop
      vertex 103.05 24.3794 2.39999
      vertex 103.148 24.314 6.39
      vertex 103.05 24.3794 6.39
    endloop
  endfacet
  facet normal -0.555092 -0.831789 -0
    outer loop
      vertex 103.148 24.314 6.39
      vertex 103.05 24.3794 2.39999
      vertex 103.148 24.314 2.39999
    endloop
  endfacet
  facet normal -0.94654 0.322588 0
    outer loop
      vertex 103.431 23.2556 2.39999
      vertex 103.469 23.3671 6.39
      vertex 103.469 23.3671 2.39999
    endloop
  endfacet
  facet normal -0.94654 0.322588 0
    outer loop
      vertex 103.469 23.3671 6.39
      vertex 103.431 23.2556 2.39999
      vertex 103.431 23.2556 6.39
    endloop
  endfacet
  facet normal -0.0656699 0.997841 0
    outer loop
      vertex 102.717 22.7077 2.39999
      vertex 102.6 22.7 6.39
      vertex 102.717 22.7077 6.39
    endloop
  endfacet
  facet normal -0.0656699 0.997841 0
    outer loop
      vertex 102.6 22.7 6.39
      vertex 102.717 22.7077 2.39999
      vertex 102.6 22.7 2.39999
    endloop
  endfacet
  facet normal -0.750209 0.661201 0
    outer loop
      vertex 103.236 22.9636 2.39999
      vertex 103.314 23.0521 6.39
      vertex 103.314 23.0521 2.39999
    endloop
  endfacet
  facet normal -0.750209 0.661201 0
    outer loop
      vertex 103.314 23.0521 6.39
      vertex 103.236 22.9636 2.39999
      vertex 103.236 22.9636 6.39
    endloop
  endfacet
  facet normal 0.0656699 -0.997841 0
    outer loop
      vertex 102.483 24.4923 2.39999
      vertex 102.6 24.5 6.39
      vertex 102.483 24.4923 6.39
    endloop
  endfacet
  facet normal 0.0656699 -0.997841 0
    outer loop
      vertex 102.6 24.5 6.39
      vertex 102.483 24.4923 2.39999
      vertex 102.6 24.5 2.39999
    endloop
  endfacet
  facet normal -0.555092 0.831789 0
    outer loop
      vertex 103.148 22.886 2.39999
      vertex 103.05 22.8206 6.39
      vertex 103.148 22.886 6.39
    endloop
  endfacet
  facet normal -0.555092 0.831789 0
    outer loop
      vertex 103.05 22.8206 6.39
      vertex 103.148 22.886 2.39999
      vertex 103.05 22.8206 2.39999
    endloop
  endfacet
  facet normal 0.661396 0.750037 -0
    outer loop
      vertex 102.052 22.886 2.39999
      vertex 101.964 22.9636 6.39
      vertex 102.052 22.886 6.39
    endloop
  endfacet
  facet normal 0.661396 0.750037 0
    outer loop
      vertex 101.964 22.9636 6.39
      vertex 102.052 22.886 2.39999
      vertex 101.964 22.9636 2.39999
    endloop
  endfacet
  facet normal -0.661396 -0.750037 0
    outer loop
      vertex 103.148 24.314 2.39999
      vertex 103.236 24.2364 6.39
      vertex 103.148 24.314 6.39
    endloop
  endfacet
  facet normal -0.661396 -0.750037 -0
    outer loop
      vertex 103.236 24.2364 6.39
      vertex 103.148 24.314 2.39999
      vertex 103.236 24.2364 2.39999
    endloop
  endfacet
  facet normal 0.897129 -0.441768 0
    outer loop
      vertex 101.769 23.9444 6.39
      vertex 101.821 24.05 2.39999
      vertex 101.821 24.05 6.39
    endloop
  endfacet
  facet normal 0.897129 -0.441768 0
    outer loop
      vertex 101.821 24.05 2.39999
      vertex 101.769 23.9444 6.39
      vertex 101.769 23.9444 2.39999
    endloop
  endfacet
  facet normal -0.0656699 -0.997841 0
    outer loop
      vertex 102.6 24.5 2.39999
      vertex 102.717 24.4923 6.39
      vertex 102.6 24.5 6.39
    endloop
  endfacet
  facet normal -0.0656699 -0.997841 -0
    outer loop
      vertex 102.717 24.4923 6.39
      vertex 102.6 24.5 2.39999
      vertex 102.717 24.4923 2.39999
    endloop
  endfacet
  facet normal -0.99769 0.0679278 0
    outer loop
      vertex 103.492 23.4825 2.39999
      vertex 103.5 23.6 6.39
      vertex 103.5 23.6 2.39999
    endloop
  endfacet
  facet normal -0.99769 0.0679278 0
    outer loop
      vertex 103.5 23.6 6.39
      vertex 103.492 23.4825 2.39999
      vertex 103.492 23.4825 6.39
    endloop
  endfacet
  facet normal 0.19449 -0.980905 0
    outer loop
      vertex 102.367 24.4693 2.39999
      vertex 102.483 24.4923 6.39
      vertex 102.367 24.4693 6.39
    endloop
  endfacet
  facet normal 0.19449 -0.980905 0
    outer loop
      vertex 102.483 24.4923 6.39
      vertex 102.367 24.4693 2.39999
      vertex 102.483 24.4923 2.39999
    endloop
  endfacet
  facet normal 0.555092 -0.831789 0
    outer loop
      vertex 102.052 24.314 2.39999
      vertex 102.15 24.3794 6.39
      vertex 102.052 24.314 6.39
    endloop
  endfacet
  facet normal 0.555092 -0.831789 0
    outer loop
      vertex 102.15 24.3794 6.39
      vertex 102.052 24.314 2.39999
      vertex 102.15 24.3794 2.39999
    endloop
  endfacet
  facet normal 0.0656699 0.997841 -0
    outer loop
      vertex 102.6 22.7 2.39999
      vertex 102.483 22.7077 6.39
      vertex 102.6 22.7 6.39
    endloop
  endfacet
  facet normal 0.0656699 0.997841 0
    outer loop
      vertex 102.483 22.7077 6.39
      vertex 102.6 22.7 2.39999
      vertex 102.483 22.7077 2.39999
    endloop
  endfacet
  facet normal -0.897129 0.441768 0
    outer loop
      vertex 103.379 23.15 2.39999
      vertex 103.431 23.2556 6.39
      vertex 103.431 23.2556 2.39999
    endloop
  endfacet
  facet normal -0.897129 0.441768 0
    outer loop
      vertex 103.431 23.2556 6.39
      vertex 103.379 23.15 2.39999
      vertex 103.379 23.15 6.39
    endloop
  endfacet
  facet normal 0.94654 -0.322588 0
    outer loop
      vertex 101.731 23.8329 6.39
      vertex 101.769 23.9444 2.39999
      vertex 101.769 23.9444 6.39
    endloop
  endfacet
  facet normal 0.94654 -0.322588 0
    outer loop
      vertex 101.769 23.9444 2.39999
      vertex 101.731 23.8329 6.39
      vertex 101.731 23.8329 2.39999
    endloop
  endfacet
  facet normal 0.94654 0.322588 0
    outer loop
      vertex 101.769 23.2556 6.39
      vertex 101.731 23.3671 2.39999
      vertex 101.731 23.3671 6.39
    endloop
  endfacet
  facet normal 0.94654 0.322588 0
    outer loop
      vertex 101.731 23.3671 2.39999
      vertex 101.769 23.2556 6.39
      vertex 101.769 23.2556 2.39999
    endloop
  endfacet
  facet normal 0.833096 -0.553128 0
    outer loop
      vertex 101.821 24.05 6.39
      vertex 101.886 24.1479 2.39999
      vertex 101.886 24.1479 6.39
    endloop
  endfacet
  facet normal 0.833096 -0.553128 0
    outer loop
      vertex 101.886 24.1479 2.39999
      vertex 101.821 24.05 6.39
      vertex 101.821 24.05 2.39999
    endloop
  endfacet
  facet normal -0.441107 0.897454 0
    outer loop
      vertex 103.05 22.8206 2.39999
      vertex 102.944 22.7685 6.39
      vertex 103.05 22.8206 6.39
    endloop
  endfacet
  facet normal -0.441107 0.897454 0
    outer loop
      vertex 102.944 22.7685 6.39
      vertex 103.05 22.8206 2.39999
      vertex 102.944 22.7685 2.39999
    endloop
  endfacet
  facet normal -0.322361 0.946617 0
    outer loop
      vertex 102.944 22.7685 2.39999
      vertex 102.833 22.7307 6.39
      vertex 102.944 22.7685 6.39
    endloop
  endfacet
  facet normal -0.322361 0.946617 0
    outer loop
      vertex 102.833 22.7307 6.39
      vertex 102.944 22.7685 2.39999
      vertex 102.833 22.7307 2.39999
    endloop
  endfacet
  facet normal -0.661396 0.750037 0
    outer loop
      vertex 103.236 22.9636 2.39999
      vertex 103.148 22.886 6.39
      vertex 103.236 22.9636 6.39
    endloop
  endfacet
  facet normal -0.661396 0.750037 0
    outer loop
      vertex 103.148 22.886 6.39
      vertex 103.236 22.9636 2.39999
      vertex 103.148 22.886 2.39999
    endloop
  endfacet
  facet normal 0.897129 0.441768 0
    outer loop
      vertex 101.821 23.15 6.39
      vertex 101.769 23.2556 2.39999
      vertex 101.769 23.2556 6.39
    endloop
  endfacet
  facet normal 0.897129 0.441768 0
    outer loop
      vertex 101.769 23.2556 2.39999
      vertex 101.821 23.15 6.39
      vertex 101.821 23.15 2.39999
    endloop
  endfacet
  facet normal -0.19449 -0.980905 0
    outer loop
      vertex 102.717 24.4923 2.39999
      vertex 102.833 24.4693 6.39
      vertex 102.717 24.4923 6.39
    endloop
  endfacet
  facet normal -0.19449 -0.980905 -0
    outer loop
      vertex 102.833 24.4693 6.39
      vertex 102.717 24.4923 2.39999
      vertex 102.833 24.4693 2.39999
    endloop
  endfacet
  facet normal 0.441107 0.897454 -0
    outer loop
      vertex 102.256 22.7685 2.39999
      vertex 102.15 22.8206 6.39
      vertex 102.256 22.7685 6.39
    endloop
  endfacet
  facet normal 0.441107 0.897454 0
    outer loop
      vertex 102.15 22.8206 6.39
      vertex 102.256 22.7685 2.39999
      vertex 102.15 22.8206 2.39999
    endloop
  endfacet
  facet normal 0.833096 0.553128 0
    outer loop
      vertex 101.886 23.0521 6.39
      vertex 101.821 23.15 2.39999
      vertex 101.821 23.15 6.39
    endloop
  endfacet
  facet normal 0.833096 0.553128 0
    outer loop
      vertex 101.821 23.15 2.39999
      vertex 101.886 23.0521 6.39
      vertex 101.886 23.0521 2.39999
    endloop
  endfacet
  facet normal -0.321081 0.947052 0
    outer loop
      vertex 101.953 63.0148 2.39999
      vertex 101.643 62.9097 6.39
      vertex 101.953 63.0148 6.39
    endloop
  endfacet
  facet normal -0.321081 0.947052 0
    outer loop
      vertex 101.643 62.9097 6.39
      vertex 101.953 63.0148 2.39999
      vertex 101.643 62.9097 2.39999
    endloop
  endfacet
  facet normal 0.980663 0.195704 0
    outer loop
      vertex 105.079 60.9263 6.39
      vertex 105.015 61.247 2.39999
      vertex 105.015 61.247 6.39
    endloop
  endfacet
  facet normal 0.980663 0.195704 0
    outer loop
      vertex 105.015 61.247 2.39999
      vertex 105.079 60.9263 6.39
      vertex 105.079 60.9263 2.39999
    endloop
  endfacet
  facet normal 0.997935 0.0642251 0
    outer loop
      vertex 105.1 60.6 6.39
      vertex 105.079 60.9263 2.39999
      vertex 105.079 60.9263 6.39
    endloop
  endfacet
  facet normal 0.997935 0.0642251 0
    outer loop
      vertex 105.079 60.9263 2.39999
      vertex 105.1 60.6 6.39
      vertex 105.1 60.6 2.39999
    endloop
  endfacet
  facet normal -0.980663 0.195704 0
    outer loop
      vertex 100.121 60.9263 2.39999
      vertex 100.185 61.247 6.39
      vertex 100.185 61.247 2.39999
    endloop
  endfacet
  facet normal -0.980663 0.195704 0
    outer loop
      vertex 100.185 61.247 6.39
      vertex 100.121 60.9263 2.39999
      vertex 100.121 60.9263 6.39
    endloop
  endfacet
  facet normal 0.0655032 0.997852 -0
    outer loop
      vertex 102.926 63.0786 2.39999
      vertex 102.6 63.1 6.39
      vertex 102.926 63.0786 6.39
    endloop
  endfacet
  facet normal 0.0655032 0.997852 0
    outer loop
      vertex 102.6 63.1 6.39
      vertex 102.926 63.0786 2.39999
      vertex 102.6 63.1 2.39999
    endloop
  endfacet
  facet normal -0.896435 0.443175 0
    outer loop
      vertex 100.29 61.5567 2.39999
      vertex 100.435 61.85 6.39
      vertex 100.435 61.85 2.39999
    endloop
  endfacet
  facet normal -0.896435 0.443175 0
    outer loop
      vertex 100.435 61.85 6.39
      vertex 100.29 61.5567 2.39999
      vertex 100.29 61.5567 6.39
    endloop
  endfacet
  facet normal 0.831014 0.556251 0
    outer loop
      vertex 104.765 61.85 6.39
      vertex 104.583 62.1219 2.39999
      vertex 104.583 62.1219 6.39
    endloop
  endfacet
  facet normal 0.831014 0.556251 0
    outer loop
      vertex 104.583 62.1219 2.39999
      vertex 104.765 61.85 6.39
      vertex 104.765 61.85 2.39999
    endloop
  endfacet
  facet normal 0.65911 0.752046 -0
    outer loop
      vertex 104.368 62.3678 2.39999
      vertex 104.122 62.5834 6.39
      vertex 104.368 62.3678 6.39
    endloop
  endfacet
  facet normal 0.65911 0.752046 0
    outer loop
      vertex 104.122 62.5834 6.39
      vertex 104.368 62.3678 2.39999
      vertex 104.122 62.5834 2.39999
    endloop
  endfacet
  facet normal -0.442556 -0.896741 0
    outer loop
      vertex 101.35 58.4349 2.39999
      vertex 101.643 58.2903 6.39
      vertex 101.35 58.4349 6.39
    endloop
  endfacet
  facet normal -0.442556 -0.896741 -0
    outer loop
      vertex 101.643 58.2903 6.39
      vertex 101.35 58.4349 2.39999
      vertex 101.643 58.2903 2.39999
    endloop
  endfacet
  facet normal 0.997935 -0.0642251 0
    outer loop
      vertex 105.079 60.2737 6.39
      vertex 105.1 60.6 2.39999
      vertex 105.1 60.6 6.39
    endloop
  endfacet
  facet normal 0.997935 -0.0642251 0
    outer loop
      vertex 105.1 60.6 2.39999
      vertex 105.079 60.2737 6.39
      vertex 105.079 60.2737 2.39999
    endloop
  endfacet
  facet normal 0.752823 0.658223 0
    outer loop
      vertex 104.583 62.1219 6.39
      vertex 104.368 62.3678 2.39999
      vertex 104.368 62.3678 6.39
    endloop
  endfacet
  facet normal 0.752823 0.658223 0
    outer loop
      vertex 104.368 62.3678 2.39999
      vertex 104.583 62.1219 6.39
      vertex 104.583 62.1219 2.39999
    endloop
  endfacet
  facet normal -0.831014 -0.556251 0
    outer loop
      vertex 100.617 59.0781 2.39999
      vertex 100.435 59.35 6.39
      vertex 100.435 59.35 2.39999
    endloop
  endfacet
  facet normal -0.831014 -0.556251 0
    outer loop
      vertex 100.435 59.35 6.39
      vertex 100.617 59.0781 2.39999
      vertex 100.617 59.0781 6.39
    endloop
  endfacet
  facet normal 0.0655032 -0.997852 0
    outer loop
      vertex 102.6 58.1 2.39999
      vertex 102.926 58.1214 6.39
      vertex 102.6 58.1 6.39
    endloop
  endfacet
  facet normal 0.0655032 -0.997852 0
    outer loop
      vertex 102.926 58.1214 6.39
      vertex 102.6 58.1 2.39999
      vertex 102.926 58.1214 2.39999
    endloop
  endfacet
  facet normal 0.321081 -0.947052 0
    outer loop
      vertex 103.247 58.1852 2.39999
      vertex 103.557 58.2903 6.39
      vertex 103.247 58.1852 6.39
    endloop
  endfacet
  facet normal 0.321081 -0.947052 0
    outer loop
      vertex 103.557 58.2903 6.39
      vertex 103.247 58.1852 2.39999
      vertex 103.557 58.2903 2.39999
    endloop
  endfacet
  facet normal -0.0655032 -0.997852 0
    outer loop
      vertex 102.274 58.1214 2.39999
      vertex 102.6 58.1 6.39
      vertex 102.274 58.1214 6.39
    endloop
  endfacet
  facet normal -0.0655032 -0.997852 -0
    outer loop
      vertex 102.6 58.1 6.39
      vertex 102.274 58.1214 2.39999
      vertex 102.6 58.1 2.39999
    endloop
  endfacet
  facet normal 0.442556 -0.896741 0
    outer loop
      vertex 103.557 58.2903 2.39999
      vertex 103.85 58.4349 6.39
      vertex 103.557 58.2903 6.39
    endloop
  endfacet
  facet normal 0.442556 -0.896741 0
    outer loop
      vertex 103.85 58.4349 6.39
      vertex 103.557 58.2903 2.39999
      vertex 103.85 58.4349 2.39999
    endloop
  endfacet
  facet normal -0.752823 0.658223 0
    outer loop
      vertex 100.617 62.1219 2.39999
      vertex 100.832 62.3678 6.39
      vertex 100.832 62.3678 2.39999
    endloop
  endfacet
  facet normal -0.752823 0.658223 0
    outer loop
      vertex 100.832 62.3678 6.39
      vertex 100.617 62.1219 2.39999
      vertex 100.617 62.1219 6.39
    endloop
  endfacet
  facet normal 0.442556 0.896741 -0
    outer loop
      vertex 103.85 62.7651 2.39999
      vertex 103.557 62.9097 6.39
      vertex 103.85 62.7651 6.39
    endloop
  endfacet
  facet normal 0.442556 0.896741 0
    outer loop
      vertex 103.557 62.9097 6.39
      vertex 103.85 62.7651 2.39999
      vertex 103.557 62.9097 2.39999
    endloop
  endfacet
  facet normal -0.442556 0.896741 0
    outer loop
      vertex 101.643 62.9097 2.39999
      vertex 101.35 62.7651 6.39
      vertex 101.643 62.9097 6.39
    endloop
  endfacet
  facet normal -0.442556 0.896741 0
    outer loop
      vertex 101.35 62.7651 6.39
      vertex 101.643 62.9097 2.39999
      vertex 101.35 62.7651 2.39999
    endloop
  endfacet
  facet normal 0.752823 -0.658223 0
    outer loop
      vertex 104.368 58.8322 6.39
      vertex 104.583 59.0781 2.39999
      vertex 104.583 59.0781 6.39
    endloop
  endfacet
  facet normal 0.752823 -0.658223 0
    outer loop
      vertex 104.583 59.0781 2.39999
      vertex 104.368 58.8322 6.39
      vertex 104.368 58.8322 2.39999
    endloop
  endfacet
  facet normal -0.194941 -0.980815 0
    outer loop
      vertex 101.953 58.1852 2.39999
      vertex 102.274 58.1214 6.39
      vertex 101.953 58.1852 6.39
    endloop
  endfacet
  facet normal -0.194941 -0.980815 -0
    outer loop
      vertex 102.274 58.1214 6.39
      vertex 101.953 58.1852 2.39999
      vertex 102.274 58.1214 2.39999
    endloop
  endfacet
  facet normal 0.831014 -0.556251 0
    outer loop
      vertex 104.583 59.0781 6.39
      vertex 104.765 59.35 2.39999
      vertex 104.765 59.35 6.39
    endloop
  endfacet
  facet normal 0.831014 -0.556251 0
    outer loop
      vertex 104.765 59.35 2.39999
      vertex 104.583 59.0781 6.39
      vertex 104.583 59.0781 2.39999
    endloop
  endfacet
  facet normal -0.65911 -0.752046 0
    outer loop
      vertex 100.832 58.8322 2.39999
      vertex 101.078 58.6166 6.39
      vertex 100.832 58.8322 6.39
    endloop
  endfacet
  facet normal -0.65911 -0.752046 -0
    outer loop
      vertex 101.078 58.6166 6.39
      vertex 100.832 58.8322 2.39999
      vertex 101.078 58.6166 2.39999
    endloop
  endfacet
  facet normal 0.194941 -0.980815 0
    outer loop
      vertex 102.926 58.1214 2.39999
      vertex 103.247 58.1852 6.39
      vertex 102.926 58.1214 6.39
    endloop
  endfacet
  facet normal 0.194941 -0.980815 0
    outer loop
      vertex 103.247 58.1852 6.39
      vertex 102.926 58.1214 2.39999
      vertex 103.247 58.1852 2.39999
    endloop
  endfacet
  facet normal 0.896435 -0.443175 0
    outer loop
      vertex 104.765 59.35 6.39
      vertex 104.91 59.6433 2.39999
      vertex 104.91 59.6433 6.39
    endloop
  endfacet
  facet normal 0.896435 -0.443175 0
    outer loop
      vertex 104.91 59.6433 2.39999
      vertex 104.765 59.35 6.39
      vertex 104.765 59.35 2.39999
    endloop
  endfacet
  facet normal -0.980663 -0.195704 0
    outer loop
      vertex 100.185 59.953 2.39999
      vertex 100.121 60.2737 6.39
      vertex 100.121 60.2737 2.39999
    endloop
  endfacet
  facet normal -0.980663 -0.195704 0
    outer loop
      vertex 100.121 60.2737 6.39
      vertex 100.185 59.953 2.39999
      vertex 100.185 59.953 6.39
    endloop
  endfacet
  facet normal 0.94705 -0.321086 0
    outer loop
      vertex 104.91 59.6433 6.39
      vertex 105.015 59.953 2.39999
      vertex 105.015 59.953 6.39
    endloop
  endfacet
  facet normal 0.94705 -0.321086 0
    outer loop
      vertex 105.015 59.953 2.39999
      vertex 104.91 59.6433 6.39
      vertex 104.91 59.6433 2.39999
    endloop
  endfacet
  facet normal -0.94705 0.321086 0
    outer loop
      vertex 100.185 61.247 2.39999
      vertex 100.29 61.5567 6.39
      vertex 100.29 61.5567 2.39999
    endloop
  endfacet
  facet normal -0.94705 0.321086 0
    outer loop
      vertex 100.29 61.5567 6.39
      vertex 100.185 61.247 2.39999
      vertex 100.185 61.247 6.39
    endloop
  endfacet
  facet normal -0.0655032 0.997852 0
    outer loop
      vertex 102.6 63.1 2.39999
      vertex 102.274 63.0786 6.39
      vertex 102.6 63.1 6.39
    endloop
  endfacet
  facet normal -0.0655032 0.997852 0
    outer loop
      vertex 102.274 63.0786 6.39
      vertex 102.6 63.1 2.39999
      vertex 102.274 63.0786 2.39999
    endloop
  endfacet
  facet normal -0.896435 -0.443175 0
    outer loop
      vertex 100.435 59.35 2.39999
      vertex 100.29 59.6433 6.39
      vertex 100.29 59.6433 2.39999
    endloop
  endfacet
  facet normal -0.896435 -0.443175 0
    outer loop
      vertex 100.29 59.6433 6.39
      vertex 100.435 59.35 2.39999
      vertex 100.435 59.35 6.39
    endloop
  endfacet
  facet normal 0.555476 0.831533 -0
    outer loop
      vertex 104.122 62.5834 2.39999
      vertex 103.85 62.7651 6.39
      vertex 104.122 62.5834 6.39
    endloop
  endfacet
  facet normal 0.555476 0.831533 0
    outer loop
      vertex 103.85 62.7651 6.39
      vertex 104.122 62.5834 2.39999
      vertex 103.85 62.7651 2.39999
    endloop
  endfacet
  facet normal -0.65911 0.752046 0
    outer loop
      vertex 101.078 62.5834 2.39999
      vertex 100.832 62.3678 6.39
      vertex 101.078 62.5834 6.39
    endloop
  endfacet
  facet normal -0.65911 0.752046 0
    outer loop
      vertex 100.832 62.3678 6.39
      vertex 101.078 62.5834 2.39999
      vertex 100.832 62.3678 2.39999
    endloop
  endfacet
  facet normal -0.555476 0.831533 0
    outer loop
      vertex 101.35 62.7651 2.39999
      vertex 101.078 62.5834 6.39
      vertex 101.35 62.7651 6.39
    endloop
  endfacet
  facet normal -0.555476 0.831533 0
    outer loop
      vertex 101.078 62.5834 6.39
      vertex 101.35 62.7651 2.39999
      vertex 101.078 62.5834 2.39999
    endloop
  endfacet
  facet normal 0.194941 0.980815 -0
    outer loop
      vertex 103.247 63.0148 2.39999
      vertex 102.926 63.0786 6.39
      vertex 103.247 63.0148 6.39
    endloop
  endfacet
  facet normal 0.194941 0.980815 0
    outer loop
      vertex 102.926 63.0786 6.39
      vertex 103.247 63.0148 2.39999
      vertex 102.926 63.0786 2.39999
    endloop
  endfacet
  facet normal 0.980663 -0.195704 0
    outer loop
      vertex 105.015 59.953 6.39
      vertex 105.079 60.2737 2.39999
      vertex 105.079 60.2737 6.39
    endloop
  endfacet
  facet normal 0.980663 -0.195704 0
    outer loop
      vertex 105.079 60.2737 2.39999
      vertex 105.015 59.953 6.39
      vertex 105.015 59.953 2.39999
    endloop
  endfacet
  facet normal 0.65911 -0.752046 0
    outer loop
      vertex 104.122 58.6166 2.39999
      vertex 104.368 58.8322 6.39
      vertex 104.122 58.6166 6.39
    endloop
  endfacet
  facet normal 0.65911 -0.752046 0
    outer loop
      vertex 104.368 58.8322 6.39
      vertex 104.122 58.6166 2.39999
      vertex 104.368 58.8322 2.39999
    endloop
  endfacet
  facet normal -0.997935 -0.0642251 0
    outer loop
      vertex 100.121 60.2737 2.39999
      vertex 100.1 60.6 6.39
      vertex 100.1 60.6 2.39999
    endloop
  endfacet
  facet normal -0.997935 -0.0642251 0
    outer loop
      vertex 100.1 60.6 6.39
      vertex 100.121 60.2737 2.39999
      vertex 100.121 60.2737 6.39
    endloop
  endfacet
  facet normal 0.896435 0.443175 0
    outer loop
      vertex 104.91 61.5567 6.39
      vertex 104.765 61.85 2.39999
      vertex 104.765 61.85 6.39
    endloop
  endfacet
  facet normal 0.896435 0.443175 0
    outer loop
      vertex 104.765 61.85 2.39999
      vertex 104.91 61.5567 6.39
      vertex 104.91 61.5567 2.39999
    endloop
  endfacet
  facet normal 0.555476 -0.831533 0
    outer loop
      vertex 103.85 58.4349 2.39999
      vertex 104.122 58.6166 6.39
      vertex 103.85 58.4349 6.39
    endloop
  endfacet
  facet normal 0.555476 -0.831533 0
    outer loop
      vertex 104.122 58.6166 6.39
      vertex 103.85 58.4349 2.39999
      vertex 104.122 58.6166 2.39999
    endloop
  endfacet
  facet normal 0.94705 0.321086 0
    outer loop
      vertex 105.015 61.247 6.39
      vertex 104.91 61.5567 2.39999
      vertex 104.91 61.5567 6.39
    endloop
  endfacet
  facet normal 0.94705 0.321086 0
    outer loop
      vertex 104.91 61.5567 2.39999
      vertex 105.015 61.247 6.39
      vertex 105.015 61.247 2.39999
    endloop
  endfacet
  facet normal -0.194941 0.980815 0
    outer loop
      vertex 102.274 63.0786 2.39999
      vertex 101.953 63.0148 6.39
      vertex 102.274 63.0786 6.39
    endloop
  endfacet
  facet normal -0.194941 0.980815 0
    outer loop
      vertex 101.953 63.0148 6.39
      vertex 102.274 63.0786 2.39999
      vertex 101.953 63.0148 2.39999
    endloop
  endfacet
  facet normal -0.997935 0.0642251 0
    outer loop
      vertex 100.1 60.6 2.39999
      vertex 100.121 60.9263 6.39
      vertex 100.121 60.9263 2.39999
    endloop
  endfacet
  facet normal -0.997935 0.0642251 0
    outer loop
      vertex 100.121 60.9263 6.39
      vertex 100.1 60.6 2.39999
      vertex 100.1 60.6 6.39
    endloop
  endfacet
  facet normal -0.321081 -0.947052 0
    outer loop
      vertex 101.643 58.2903 2.39999
      vertex 101.953 58.1852 6.39
      vertex 101.643 58.2903 6.39
    endloop
  endfacet
  facet normal -0.321081 -0.947052 -0
    outer loop
      vertex 101.953 58.1852 6.39
      vertex 101.643 58.2903 2.39999
      vertex 101.953 58.1852 2.39999
    endloop
  endfacet
  facet normal -0.94705 -0.321086 0
    outer loop
      vertex 100.29 59.6433 2.39999
      vertex 100.185 59.953 6.39
      vertex 100.185 59.953 2.39999
    endloop
  endfacet
  facet normal -0.94705 -0.321086 0
    outer loop
      vertex 100.185 59.953 6.39
      vertex 100.29 59.6433 2.39999
      vertex 100.29 59.6433 6.39
    endloop
  endfacet
  facet normal -0.752823 -0.658223 0
    outer loop
      vertex 100.832 58.8322 2.39999
      vertex 100.617 59.0781 6.39
      vertex 100.617 59.0781 2.39999
    endloop
  endfacet
  facet normal -0.752823 -0.658223 0
    outer loop
      vertex 100.617 59.0781 6.39
      vertex 100.832 58.8322 2.39999
      vertex 100.832 58.8322 6.39
    endloop
  endfacet
  facet normal 0 0 1
    outer loop
      vertex 103.5 60.6 6.39
      vertex 105.1 60.6 6.39
      vertex 105.079 60.9263 6.39
    endloop
  endfacet
  facet normal 0 0 1
    outer loop
      vertex 103.492 60.7175 6.39
      vertex 105.079 60.9263 6.39
      vertex 105.015 61.247 6.39
    endloop
  endfacet
  facet normal 0 0 1
    outer loop
      vertex 105.1 60.6 6.39
      vertex 103.5 60.6 6.39
      vertex 105.079 60.2737 6.39
    endloop
  endfacet
  facet normal 0 0 1
    outer loop
      vertex 103.469 60.8329 6.39
      vertex 105.015 61.247 6.39
      vertex 104.91 61.5567 6.39
    endloop
  endfacet
  facet normal -0 0 1
    outer loop
      vertex 103.492 60.4825 6.39
      vertex 105.079 60.2737 6.39
      vertex 103.5 60.6 6.39
    endloop
  endfacet
  facet normal 0 0 1
    outer loop
      vertex 103.431 60.9444 6.39
      vertex 104.91 61.5567 6.39
      vertex 104.765 61.85 6.39
    endloop
  endfacet
  facet normal 0 0 1
    outer loop
      vertex 105.079 60.2737 6.39
      vertex 103.492 60.4825 6.39
      vertex 105.015 59.953 6.39
    endloop
  endfacet
  facet normal 0 0 1
    outer loop
      vertex 103.379 61.05 6.39
      vertex 104.765 61.85 6.39
      vertex 104.583 62.1219 6.39
    endloop
  endfacet
  facet normal -0 0 1
    outer loop
      vertex 103.469 60.3671 6.39
      vertex 105.015 59.953 6.39
      vertex 103.492 60.4825 6.39
    endloop
  endfacet
  facet normal 0 0 1
    outer loop
      vertex 103.314 61.1479 6.39
      vertex 104.583 62.1219 6.39
      vertex 104.368 62.3678 6.39
    endloop
  endfacet
  facet normal 0 0 1
    outer loop
      vertex 105.015 59.953 6.39
      vertex 103.469 60.3671 6.39
      vertex 104.91 59.6433 6.39
    endloop
  endfacet
  facet normal 0 0 1
    outer loop
      vertex 103.236 61.2364 6.39
      vertex 104.368 62.3678 6.39
      vertex 104.122 62.5834 6.39
    endloop
  endfacet
  facet normal -0 0 1
    outer loop
      vertex 103.431 60.2556 6.39
      vertex 104.91 59.6433 6.39
      vertex 103.469 60.3671 6.39
    endloop
  endfacet
  facet normal 0 0 1
    outer loop
      vertex 103.148 61.314 6.39
      vertex 104.122 62.5834 6.39
      vertex 103.85 62.7651 6.39
    endloop
  endfacet
  facet normal 0 0 1
    outer loop
      vertex 104.91 59.6433 6.39
      vertex 103.431 60.2556 6.39
      vertex 104.765 59.35 6.39
    endloop
  endfacet
  facet normal 0 0 1
    outer loop
      vertex 103.05 61.3794 6.39
      vertex 103.85 62.7651 6.39
      vertex 103.557 62.9097 6.39
    endloop
  endfacet
  facet normal -0 0 1
    outer loop
      vertex 103.379 60.15 6.39
      vertex 104.765 59.35 6.39
      vertex 103.431 60.2556 6.39
    endloop
  endfacet
  facet normal 0 0 1
    outer loop
      vertex 104.765 59.35 6.39
      vertex 103.379 60.15 6.39
      vertex 104.583 59.0781 6.39
    endloop
  endfacet
  facet normal 0 0 1
    outer loop
      vertex 105.079 60.9263 6.39
      vertex 103.492 60.7175 6.39
      vertex 103.5 60.6 6.39
    endloop
  endfacet
  facet normal 0 0 1
    outer loop
      vertex 105.015 61.247 6.39
      vertex 103.469 60.8329 6.39
      vertex 103.492 60.7175 6.39
    endloop
  endfacet
  facet normal 0 0 1
    outer loop
      vertex 104.91 61.5567 6.39
      vertex 103.431 60.9444 6.39
      vertex 103.469 60.8329 6.39
    endloop
  endfacet
  facet normal 0 0 1
    outer loop
      vertex 104.765 61.85 6.39
      vertex 103.379 61.05 6.39
      vertex 103.431 60.9444 6.39
    endloop
  endfacet
  facet normal 0 0 1
    outer loop
      vertex 104.583 62.1219 6.39
      vertex 103.314 61.1479 6.39
      vertex 103.379 61.05 6.39
    endloop
  endfacet
  facet normal 0 0 1
    outer loop
      vertex 102.944 61.4315 6.39
      vertex 103.557 62.9097 6.39
      vertex 103.247 63.0148 6.39
    endloop
  endfacet
  facet normal 0 0 1
    outer loop
      vertex 104.368 62.3678 6.39
      vertex 103.236 61.2364 6.39
      vertex 103.314 61.1479 6.39
    endloop
  endfacet
  facet normal 0 0 1
    outer loop
      vertex 104.122 62.5834 6.39
      vertex 103.148 61.314 6.39
      vertex 103.236 61.2364 6.39
    endloop
  endfacet
  facet normal 0 0 1
    outer loop
      vertex 103.85 62.7651 6.39
      vertex 103.05 61.3794 6.39
      vertex 103.148 61.314 6.39
    endloop
  endfacet
  facet normal 0 0 1
    outer loop
      vertex 103.557 62.9097 6.39
      vertex 102.944 61.4315 6.39
      vertex 103.05 61.3794 6.39
    endloop
  endfacet
  facet normal 0 0 1
    outer loop
      vertex 102.833 61.4693 6.39
      vertex 103.247 63.0148 6.39
      vertex 102.926 63.0786 6.39
    endloop
  endfacet
  facet normal 0 0 1
    outer loop
      vertex 103.247 63.0148 6.39
      vertex 102.833 61.4693 6.39
      vertex 102.944 61.4315 6.39
    endloop
  endfacet
  facet normal 0 0 1
    outer loop
      vertex 102.926 63.0786 6.39
      vertex 102.717 61.4923 6.39
      vertex 102.833 61.4693 6.39
    endloop
  endfacet
  facet normal 0 0 1
    outer loop
      vertex 102.6 63.1 6.39
      vertex 102.717 61.4923 6.39
      vertex 102.926 63.0786 6.39
    endloop
  endfacet
  facet normal 0 0 1
    outer loop
      vertex 102.6 63.1 6.39
      vertex 102.6 61.5 6.39
      vertex 102.717 61.4923 6.39
    endloop
  endfacet
  facet normal 0 0 1
    outer loop
      vertex 102.6 63.1 6.39
      vertex 102.483 61.4923 6.39
      vertex 102.6 61.5 6.39
    endloop
  endfacet
  facet normal -0 0 1
    outer loop
      vertex 102.274 63.0786 6.39
      vertex 102.483 61.4923 6.39
      vertex 102.6 63.1 6.39
    endloop
  endfacet
  facet normal 0 0 1
    outer loop
      vertex 102.483 61.4923 6.39
      vertex 102.274 63.0786 6.39
      vertex 102.367 61.4693 6.39
    endloop
  endfacet
  facet normal -0 0 1
    outer loop
      vertex 101.953 63.0148 6.39
      vertex 102.367 61.4693 6.39
      vertex 102.274 63.0786 6.39
    endloop
  endfacet
  facet normal 0 0 1
    outer loop
      vertex 102.367 61.4693 6.39
      vertex 101.953 63.0148 6.39
      vertex 102.256 61.4315 6.39
    endloop
  endfacet
  facet normal -0 0 1
    outer loop
      vertex 101.643 62.9097 6.39
      vertex 102.256 61.4315 6.39
      vertex 101.953 63.0148 6.39
    endloop
  endfacet
  facet normal 0 0 1
    outer loop
      vertex 102.256 61.4315 6.39
      vertex 101.643 62.9097 6.39
      vertex 102.15 61.3794 6.39
    endloop
  endfacet
  facet normal -0 0 1
    outer loop
      vertex 101.35 62.7651 6.39
      vertex 102.15 61.3794 6.39
      vertex 101.643 62.9097 6.39
    endloop
  endfacet
  facet normal 0 0 1
    outer loop
      vertex 102.15 61.3794 6.39
      vertex 101.35 62.7651 6.39
      vertex 102.052 61.314 6.39
    endloop
  endfacet
  facet normal -0 0 1
    outer loop
      vertex 101.078 62.5834 6.39
      vertex 102.052 61.314 6.39
      vertex 101.35 62.7651 6.39
    endloop
  endfacet
  facet normal 0 0 1
    outer loop
      vertex 102.052 61.314 6.39
      vertex 101.078 62.5834 6.39
      vertex 101.964 61.2364 6.39
    endloop
  endfacet
  facet normal -0 0 1
    outer loop
      vertex 100.832 62.3678 6.39
      vertex 101.964 61.2364 6.39
      vertex 101.078 62.5834 6.39
    endloop
  endfacet
  facet normal 0 0 1
    outer loop
      vertex 101.964 61.2364 6.39
      vertex 100.832 62.3678 6.39
      vertex 101.886 61.1479 6.39
    endloop
  endfacet
  facet normal 0 0 1
    outer loop
      vertex 101.886 61.1479 6.39
      vertex 100.617 62.1219 6.39
      vertex 101.821 61.05 6.39
    endloop
  endfacet
  facet normal -0 0 1
    outer loop
      vertex 100.617 62.1219 6.39
      vertex 101.886 61.1479 6.39
      vertex 100.832 62.3678 6.39
    endloop
  endfacet
  facet normal -0 0 1
    outer loop
      vertex 103.314 60.0521 6.39
      vertex 104.583 59.0781 6.39
      vertex 103.379 60.15 6.39
    endloop
  endfacet
  facet normal 0 0 1
    outer loop
      vertex 104.583 59.0781 6.39
      vertex 103.314 60.0521 6.39
      vertex 104.368 58.8322 6.39
    endloop
  endfacet
  facet normal -0 0 1
    outer loop
      vertex 103.236 59.9636 6.39
      vertex 104.368 58.8322 6.39
      vertex 103.314 60.0521 6.39
    endloop
  endfacet
  facet normal 0 0 1
    outer loop
      vertex 104.368 58.8322 6.39
      vertex 103.236 59.9636 6.39
      vertex 104.122 58.6166 6.39
    endloop
  endfacet
  facet normal -0 0 1
    outer loop
      vertex 103.148 59.886 6.39
      vertex 104.122 58.6166 6.39
      vertex 103.236 59.9636 6.39
    endloop
  endfacet
  facet normal 0 0 1
    outer loop
      vertex 104.122 58.6166 6.39
      vertex 103.148 59.886 6.39
      vertex 103.85 58.4349 6.39
    endloop
  endfacet
  facet normal -0 0 1
    outer loop
      vertex 103.05 59.8206 6.39
      vertex 103.85 58.4349 6.39
      vertex 103.148 59.886 6.39
    endloop
  endfacet
  facet normal 0 0 1
    outer loop
      vertex 103.85 58.4349 6.39
      vertex 103.05 59.8206 6.39
      vertex 103.557 58.2903 6.39
    endloop
  endfacet
  facet normal -0 0 1
    outer loop
      vertex 102.944 59.7685 6.39
      vertex 103.557 58.2903 6.39
      vertex 103.05 59.8206 6.39
    endloop
  endfacet
  facet normal 0 0 1
    outer loop
      vertex 103.557 58.2903 6.39
      vertex 102.944 59.7685 6.39
      vertex 103.247 58.1852 6.39
    endloop
  endfacet
  facet normal -0 0 1
    outer loop
      vertex 102.833 59.7307 6.39
      vertex 103.247 58.1852 6.39
      vertex 102.944 59.7685 6.39
    endloop
  endfacet
  facet normal 0 0 1
    outer loop
      vertex 103.247 58.1852 6.39
      vertex 102.833 59.7307 6.39
      vertex 102.926 58.1214 6.39
    endloop
  endfacet
  facet normal -0 0 1
    outer loop
      vertex 102.717 59.7077 6.39
      vertex 102.926 58.1214 6.39
      vertex 102.833 59.7307 6.39
    endloop
  endfacet
  facet normal -0 0 1
    outer loop
      vertex 102.6 59.7 6.39
      vertex 102.926 58.1214 6.39
      vertex 102.717 59.7077 6.39
    endloop
  endfacet
  facet normal 0 0 1
    outer loop
      vertex 102.6 59.7 6.39
      vertex 102.6 58.1 6.39
      vertex 102.926 58.1214 6.39
    endloop
  endfacet
  facet normal 0 0 1
    outer loop
      vertex 102.483 59.7077 6.39
      vertex 102.6 58.1 6.39
      vertex 102.6 59.7 6.39
    endloop
  endfacet
  facet normal 0 0 1
    outer loop
      vertex 102.274 58.1214 6.39
      vertex 102.483 59.7077 6.39
      vertex 102.367 59.7307 6.39
    endloop
  endfacet
  facet normal 0 0 1
    outer loop
      vertex 102.483 59.7077 6.39
      vertex 102.274 58.1214 6.39
      vertex 102.6 58.1 6.39
    endloop
  endfacet
  facet normal 0 0 1
    outer loop
      vertex 101.953 58.1852 6.39
      vertex 102.367 59.7307 6.39
      vertex 102.256 59.7685 6.39
    endloop
  endfacet
  facet normal 0 0 1
    outer loop
      vertex 101.643 58.2903 6.39
      vertex 102.256 59.7685 6.39
      vertex 102.15 59.8206 6.39
    endloop
  endfacet
  facet normal 0 0 1
    outer loop
      vertex 101.35 58.4349 6.39
      vertex 102.15 59.8206 6.39
      vertex 102.052 59.886 6.39
    endloop
  endfacet
  facet normal 0 0 1
    outer loop
      vertex 101.078 58.6166 6.39
      vertex 102.052 59.886 6.39
      vertex 101.964 59.9636 6.39
    endloop
  endfacet
  facet normal 0 0 1
    outer loop
      vertex 102.367 59.7307 6.39
      vertex 101.953 58.1852 6.39
      vertex 102.274 58.1214 6.39
    endloop
  endfacet
  facet normal 0 0 1
    outer loop
      vertex 100.832 58.8322 6.39
      vertex 101.964 59.9636 6.39
      vertex 101.886 60.0521 6.39
    endloop
  endfacet
  facet normal 0 0 1
    outer loop
      vertex 100.617 59.0781 6.39
      vertex 101.886 60.0521 6.39
      vertex 101.821 60.15 6.39
    endloop
  endfacet
  facet normal 0 0 1
    outer loop
      vertex 100.435 59.35 6.39
      vertex 101.821 60.15 6.39
      vertex 101.769 60.2556 6.39
    endloop
  endfacet
  facet normal 0 0 1
    outer loop
      vertex 100.29 59.6433 6.39
      vertex 101.769 60.2556 6.39
      vertex 101.731 60.3671 6.39
    endloop
  endfacet
  facet normal 0 0 1
    outer loop
      vertex 100.185 59.953 6.39
      vertex 101.731 60.3671 6.39
      vertex 101.708 60.4825 6.39
    endloop
  endfacet
  facet normal 0 0 1
    outer loop
      vertex 102.256 59.7685 6.39
      vertex 101.643 58.2903 6.39
      vertex 101.953 58.1852 6.39
    endloop
  endfacet
  facet normal 0 0 1
    outer loop
      vertex 100.121 60.2737 6.39
      vertex 101.708 60.4825 6.39
      vertex 101.7 60.6 6.39
    endloop
  endfacet
  facet normal -0 0 1
    outer loop
      vertex 100.435 61.85 6.39
      vertex 101.821 61.05 6.39
      vertex 100.617 62.1219 6.39
    endloop
  endfacet
  facet normal 0 0 1
    outer loop
      vertex 101.821 61.05 6.39
      vertex 100.435 61.85 6.39
      vertex 101.769 60.9444 6.39
    endloop
  endfacet
  facet normal 0 0 1
    outer loop
      vertex 102.15 59.8206 6.39
      vertex 101.35 58.4349 6.39
      vertex 101.643 58.2903 6.39
    endloop
  endfacet
  facet normal -0 0 1
    outer loop
      vertex 100.29 61.5567 6.39
      vertex 101.769 60.9444 6.39
      vertex 100.435 61.85 6.39
    endloop
  endfacet
  facet normal 0 0 1
    outer loop
      vertex 102.052 59.886 6.39
      vertex 101.078 58.6166 6.39
      vertex 101.35 58.4349 6.39
    endloop
  endfacet
  facet normal 0 0 1
    outer loop
      vertex 101.769 60.9444 6.39
      vertex 100.29 61.5567 6.39
      vertex 101.731 60.8329 6.39
    endloop
  endfacet
  facet normal 0 0 1
    outer loop
      vertex 101.964 59.9636 6.39
      vertex 100.832 58.8322 6.39
      vertex 101.078 58.6166 6.39
    endloop
  endfacet
  facet normal -0 0 1
    outer loop
      vertex 100.185 61.247 6.39
      vertex 101.731 60.8329 6.39
      vertex 100.29 61.5567 6.39
    endloop
  endfacet
  facet normal 0 0 1
    outer loop
      vertex 101.886 60.0521 6.39
      vertex 100.617 59.0781 6.39
      vertex 100.832 58.8322 6.39
    endloop
  endfacet
  facet normal 0 0 1
    outer loop
      vertex 101.731 60.8329 6.39
      vertex 100.185 61.247 6.39
      vertex 101.708 60.7175 6.39
    endloop
  endfacet
  facet normal 0 0 1
    outer loop
      vertex 101.821 60.15 6.39
      vertex 100.435 59.35 6.39
      vertex 100.617 59.0781 6.39
    endloop
  endfacet
  facet normal -0 0 1
    outer loop
      vertex 100.121 60.9263 6.39
      vertex 101.708 60.7175 6.39
      vertex 100.185 61.247 6.39
    endloop
  endfacet
  facet normal 0 0 1
    outer loop
      vertex 101.769 60.2556 6.39
      vertex 100.29 59.6433 6.39
      vertex 100.435 59.35 6.39
    endloop
  endfacet
  facet normal 0 0 1
    outer loop
      vertex 101.708 60.7175 6.39
      vertex 100.121 60.9263 6.39
      vertex 101.7 60.6 6.39
    endloop
  endfacet
  facet normal 0 0 1
    outer loop
      vertex 101.731 60.3671 6.39
      vertex 100.185 59.953 6.39
      vertex 100.29 59.6433 6.39
    endloop
  endfacet
  facet normal 0 0 1
    outer loop
      vertex 100.1 60.6 6.39
      vertex 101.7 60.6 6.39
      vertex 100.121 60.9263 6.39
    endloop
  endfacet
  facet normal 0 0 1
    outer loop
      vertex 101.708 60.4825 6.39
      vertex 100.121 60.2737 6.39
      vertex 100.185 59.953 6.39
    endloop
  endfacet
  facet normal 0 0 1
    outer loop
      vertex 101.7 60.6 6.39
      vertex 100.1 60.6 6.39
      vertex 100.121 60.2737 6.39
    endloop
  endfacet
  facet normal -0.555476 -0.831533 0
    outer loop
      vertex 101.078 58.6166 2.39999
      vertex 101.35 58.4349 6.39
      vertex 101.078 58.6166 6.39
    endloop
  endfacet
  facet normal -0.555476 -0.831533 -0
    outer loop
      vertex 101.35 58.4349 6.39
      vertex 101.078 58.6166 2.39999
      vertex 101.35 58.4349 2.39999
    endloop
  endfacet
  facet normal 0.321081 0.947052 -0
    outer loop
      vertex 103.557 62.9097 2.39999
      vertex 103.247 63.0148 6.39
      vertex 103.557 62.9097 6.39
    endloop
  endfacet
  facet normal 0.321081 0.947052 0
    outer loop
      vertex 103.247 63.0148 6.39
      vertex 103.557 62.9097 2.39999
      vertex 103.247 63.0148 2.39999
    endloop
  endfacet
  facet normal -0.831014 0.556251 0
    outer loop
      vertex 100.435 61.85 2.39999
      vertex 100.617 62.1219 6.39
      vertex 100.617 62.1219 2.39999
    endloop
  endfacet
  facet normal -0.831014 0.556251 0
    outer loop
      vertex 100.617 62.1219 6.39
      vertex 100.435 61.85 2.39999
      vertex 100.435 61.85 6.39
    endloop
  endfacet
  facet normal -0.322361 -0.946617 0
    outer loop
      vertex 102.833 61.4693 2.39999
      vertex 102.944 61.4315 6.39
      vertex 102.833 61.4693 6.39
    endloop
  endfacet
  facet normal -0.322361 -0.946617 -0
    outer loop
      vertex 102.944 61.4315 6.39
      vertex 102.833 61.4693 2.39999
      vertex 102.944 61.4315 2.39999
    endloop
  endfacet
  facet normal -0.980711 -0.195462 0
    outer loop
      vertex 103.492 60.7175 2.39999
      vertex 103.469 60.8329 6.39
      vertex 103.469 60.8329 2.39999
    endloop
  endfacet
  facet normal -0.980711 -0.195462 0
    outer loop
      vertex 103.469 60.8329 6.39
      vertex 103.492 60.7175 2.39999
      vertex 103.492 60.7175 6.39
    endloop
  endfacet
  facet normal -0.99769 -0.0679278 0
    outer loop
      vertex 103.5 60.6 2.39999
      vertex 103.492 60.7175 6.39
      vertex 103.492 60.7175 2.39999
    endloop
  endfacet
  facet normal -0.99769 -0.0679278 0
    outer loop
      vertex 103.492 60.7175 6.39
      vertex 103.5 60.6 2.39999
      vertex 103.5 60.6 6.39
    endloop
  endfacet
  facet normal -0.94654 -0.322588 0
    outer loop
      vertex 103.469 60.8329 2.39999
      vertex 103.431 60.9444 6.39
      vertex 103.431 60.9444 2.39999
    endloop
  endfacet
  facet normal -0.94654 -0.322588 0
    outer loop
      vertex 103.431 60.9444 6.39
      vertex 103.469 60.8329 2.39999
      vertex 103.469 60.8329 6.39
    endloop
  endfacet
  facet normal -0.441107 -0.897454 0
    outer loop
      vertex 102.944 61.4315 2.39999
      vertex 103.05 61.3794 6.39
      vertex 102.944 61.4315 6.39
    endloop
  endfacet
  facet normal -0.441107 -0.897454 -0
    outer loop
      vertex 103.05 61.3794 6.39
      vertex 102.944 61.4315 2.39999
      vertex 103.05 61.3794 2.39999
    endloop
  endfacet
  facet normal 0.99769 0.0679278 0
    outer loop
      vertex 101.708 60.4825 6.39
      vertex 101.7 60.6 2.39999
      vertex 101.7 60.6 6.39
    endloop
  endfacet
  facet normal 0.99769 0.0679278 0
    outer loop
      vertex 101.7 60.6 2.39999
      vertex 101.708 60.4825 6.39
      vertex 101.708 60.4825 2.39999
    endloop
  endfacet
  facet normal -0.897129 -0.441768 0
    outer loop
      vertex 103.431 60.9444 2.39999
      vertex 103.379 61.05 6.39
      vertex 103.379 61.05 2.39999
    endloop
  endfacet
  facet normal -0.897129 -0.441768 0
    outer loop
      vertex 103.379 61.05 6.39
      vertex 103.431 60.9444 2.39999
      vertex 103.431 60.9444 6.39
    endloop
  endfacet
  facet normal -0.833096 -0.553128 0
    outer loop
      vertex 103.379 61.05 2.39999
      vertex 103.314 61.1479 6.39
      vertex 103.314 61.1479 2.39999
    endloop
  endfacet
  facet normal -0.833096 -0.553128 0
    outer loop
      vertex 103.314 61.1479 6.39
      vertex 103.379 61.05 2.39999
      vertex 103.379 61.05 6.39
    endloop
  endfacet
  facet normal 0.661396 -0.750037 0
    outer loop
      vertex 101.964 61.2364 2.39999
      vertex 102.052 61.314 6.39
      vertex 101.964 61.2364 6.39
    endloop
  endfacet
  facet normal 0.661396 -0.750037 0
    outer loop
      vertex 102.052 61.314 6.39
      vertex 101.964 61.2364 2.39999
      vertex 102.052 61.314 2.39999
    endloop
  endfacet
  facet normal -0.750209 -0.661201 0
    outer loop
      vertex 103.314 61.1479 2.39999
      vertex 103.236 61.2364 6.39
      vertex 103.236 61.2364 2.39999
    endloop
  endfacet
  facet normal -0.750209 -0.661201 0
    outer loop
      vertex 103.236 61.2364 6.39
      vertex 103.314 61.1479 2.39999
      vertex 103.314 61.1479 6.39
    endloop
  endfacet
  facet normal 0.980711 -0.195462 0
    outer loop
      vertex 101.708 60.7175 6.39
      vertex 101.731 60.8329 2.39999
      vertex 101.731 60.8329 6.39
    endloop
  endfacet
  facet normal 0.980711 -0.195462 0
    outer loop
      vertex 101.731 60.8329 2.39999
      vertex 101.708 60.7175 6.39
      vertex 101.708 60.7175 2.39999
    endloop
  endfacet
  facet normal 0.555092 0.831789 -0
    outer loop
      vertex 102.15 59.8206 2.39999
      vertex 102.052 59.886 6.39
      vertex 102.15 59.8206 6.39
    endloop
  endfacet
  facet normal 0.555092 0.831789 0
    outer loop
      vertex 102.052 59.886 6.39
      vertex 102.15 59.8206 2.39999
      vertex 102.052 59.886 2.39999
    endloop
  endfacet
  facet normal 0.99769 -0.0679278 0
    outer loop
      vertex 101.7 60.6 6.39
      vertex 101.708 60.7175 2.39999
      vertex 101.708 60.7175 6.39
    endloop
  endfacet
  facet normal 0.99769 -0.0679278 0
    outer loop
      vertex 101.708 60.7175 2.39999
      vertex 101.7 60.6 6.39
      vertex 101.7 60.6 2.39999
    endloop
  endfacet
  facet normal 0.750209 0.661201 0
    outer loop
      vertex 101.964 59.9636 6.39
      vertex 101.886 60.0521 2.39999
      vertex 101.886 60.0521 6.39
    endloop
  endfacet
  facet normal 0.750209 0.661201 0
    outer loop
      vertex 101.886 60.0521 2.39999
      vertex 101.964 59.9636 6.39
      vertex 101.964 59.9636 2.39999
    endloop
  endfacet
  facet normal -0.19449 0.980905 0
    outer loop
      vertex 102.833 59.7307 2.39999
      vertex 102.717 59.7077 6.39
      vertex 102.833 59.7307 6.39
    endloop
  endfacet
  facet normal -0.19449 0.980905 0
    outer loop
      vertex 102.717 59.7077 6.39
      vertex 102.833 59.7307 2.39999
      vertex 102.717 59.7077 2.39999
    endloop
  endfacet
  facet normal 0.441107 -0.897454 0
    outer loop
      vertex 102.15 61.3794 2.39999
      vertex 102.256 61.4315 6.39
      vertex 102.15 61.3794 6.39
    endloop
  endfacet
  facet normal 0.441107 -0.897454 0
    outer loop
      vertex 102.256 61.4315 6.39
      vertex 102.15 61.3794 2.39999
      vertex 102.256 61.4315 2.39999
    endloop
  endfacet
  facet normal 0.322361 0.946617 -0
    outer loop
      vertex 102.367 59.7307 2.39999
      vertex 102.256 59.7685 6.39
      vertex 102.367 59.7307 6.39
    endloop
  endfacet
  facet normal 0.322361 0.946617 0
    outer loop
      vertex 102.256 59.7685 6.39
      vertex 102.367 59.7307 2.39999
      vertex 102.256 59.7685 2.39999
    endloop
  endfacet
  facet normal -0.980711 0.195462 0
    outer loop
      vertex 103.469 60.3671 2.39999
      vertex 103.492 60.4825 6.39
      vertex 103.492 60.4825 2.39999
    endloop
  endfacet
  facet normal -0.980711 0.195462 0
    outer loop
      vertex 103.492 60.4825 6.39
      vertex 103.469 60.3671 2.39999
      vertex 103.469 60.3671 6.39
    endloop
  endfacet
  facet normal 0.750209 -0.661201 0
    outer loop
      vertex 101.886 61.1479 6.39
      vertex 101.964 61.2364 2.39999
      vertex 101.964 61.2364 6.39
    endloop
  endfacet
  facet normal 0.750209 -0.661201 0
    outer loop
      vertex 101.964 61.2364 2.39999
      vertex 101.886 61.1479 6.39
      vertex 101.886 61.1479 2.39999
    endloop
  endfacet
  facet normal -0.833096 0.553128 0
    outer loop
      vertex 103.314 60.0521 2.39999
      vertex 103.379 60.15 6.39
      vertex 103.379 60.15 2.39999
    endloop
  endfacet
  facet normal -0.833096 0.553128 0
    outer loop
      vertex 103.379 60.15 6.39
      vertex 103.314 60.0521 2.39999
      vertex 103.314 60.0521 6.39
    endloop
  endfacet
  facet normal 0.322361 -0.946617 0
    outer loop
      vertex 102.256 61.4315 2.39999
      vertex 102.367 61.4693 6.39
      vertex 102.256 61.4315 6.39
    endloop
  endfacet
  facet normal 0.322361 -0.946617 0
    outer loop
      vertex 102.367 61.4693 6.39
      vertex 102.256 61.4315 2.39999
      vertex 102.367 61.4693 2.39999
    endloop
  endfacet
  facet normal 0.980711 0.195462 0
    outer loop
      vertex 101.731 60.3671 6.39
      vertex 101.708 60.4825 2.39999
      vertex 101.708 60.4825 6.39
    endloop
  endfacet
  facet normal 0.980711 0.195462 0
    outer loop
      vertex 101.708 60.4825 2.39999
      vertex 101.731 60.3671 6.39
      vertex 101.731 60.3671 2.39999
    endloop
  endfacet
  facet normal 0.19449 0.980905 -0
    outer loop
      vertex 102.483 59.7077 2.39999
      vertex 102.367 59.7307 6.39
      vertex 102.483 59.7077 6.39
    endloop
  endfacet
  facet normal 0.19449 0.980905 0
    outer loop
      vertex 102.367 59.7307 6.39
      vertex 102.483 59.7077 2.39999
      vertex 102.367 59.7307 2.39999
    endloop
  endfacet
  facet normal -0.555092 -0.831789 0
    outer loop
      vertex 103.05 61.3794 2.39999
      vertex 103.148 61.314 6.39
      vertex 103.05 61.3794 6.39
    endloop
  endfacet
  facet normal -0.555092 -0.831789 -0
    outer loop
      vertex 103.148 61.314 6.39
      vertex 103.05 61.3794 2.39999
      vertex 103.148 61.314 2.39999
    endloop
  endfacet
  facet normal -0.94654 0.322588 0
    outer loop
      vertex 103.431 60.2556 2.39999
      vertex 103.469 60.3671 6.39
      vertex 103.469 60.3671 2.39999
    endloop
  endfacet
  facet normal -0.94654 0.322588 0
    outer loop
      vertex 103.469 60.3671 6.39
      vertex 103.431 60.2556 2.39999
      vertex 103.431 60.2556 6.39
    endloop
  endfacet
  facet normal -0.0656699 0.997841 0
    outer loop
      vertex 102.717 59.7077 2.39999
      vertex 102.6 59.7 6.39
      vertex 102.717 59.7077 6.39
    endloop
  endfacet
  facet normal -0.0656699 0.997841 0
    outer loop
      vertex 102.6 59.7 6.39
      vertex 102.717 59.7077 2.39999
      vertex 102.6 59.7 2.39999
    endloop
  endfacet
  facet normal -0.750209 0.661201 0
    outer loop
      vertex 103.236 59.9636 2.39999
      vertex 103.314 60.0521 6.39
      vertex 103.314 60.0521 2.39999
    endloop
  endfacet
  facet normal -0.750209 0.661201 0
    outer loop
      vertex 103.314 60.0521 6.39
      vertex 103.236 59.9636 2.39999
      vertex 103.236 59.9636 6.39
    endloop
  endfacet
  facet normal 0.0656699 -0.997841 0
    outer loop
      vertex 102.483 61.4923 2.39999
      vertex 102.6 61.5 6.39
      vertex 102.483 61.4923 6.39
    endloop
  endfacet
  facet normal 0.0656699 -0.997841 0
    outer loop
      vertex 102.6 61.5 6.39
      vertex 102.483 61.4923 2.39999
      vertex 102.6 61.5 2.39999
    endloop
  endfacet
  facet normal -0.555092 0.831789 0
    outer loop
      vertex 103.148 59.886 2.39999
      vertex 103.05 59.8206 6.39
      vertex 103.148 59.886 6.39
    endloop
  endfacet
  facet normal -0.555092 0.831789 0
    outer loop
      vertex 103.05 59.8206 6.39
      vertex 103.148 59.886 2.39999
      vertex 103.05 59.8206 2.39999
    endloop
  endfacet
  facet normal 0.661396 0.750037 -0
    outer loop
      vertex 102.052 59.886 2.39999
      vertex 101.964 59.9636 6.39
      vertex 102.052 59.886 6.39
    endloop
  endfacet
  facet normal 0.661396 0.750037 0
    outer loop
      vertex 101.964 59.9636 6.39
      vertex 102.052 59.886 2.39999
      vertex 101.964 59.9636 2.39999
    endloop
  endfacet
  facet normal -0.661396 -0.750037 0
    outer loop
      vertex 103.148 61.314 2.39999
      vertex 103.236 61.2364 6.39
      vertex 103.148 61.314 6.39
    endloop
  endfacet
  facet normal -0.661396 -0.750037 -0
    outer loop
      vertex 103.236 61.2364 6.39
      vertex 103.148 61.314 2.39999
      vertex 103.236 61.2364 2.39999
    endloop
  endfacet
  facet normal 0.897129 -0.441768 0
    outer loop
      vertex 101.769 60.9444 6.39
      vertex 101.821 61.05 2.39999
      vertex 101.821 61.05 6.39
    endloop
  endfacet
  facet normal 0.897129 -0.441768 0
    outer loop
      vertex 101.821 61.05 2.39999
      vertex 101.769 60.9444 6.39
      vertex 101.769 60.9444 2.39999
    endloop
  endfacet
  facet normal -0.0656699 -0.997841 0
    outer loop
      vertex 102.6 61.5 2.39999
      vertex 102.717 61.4923 6.39
      vertex 102.6 61.5 6.39
    endloop
  endfacet
  facet normal -0.0656699 -0.997841 -0
    outer loop
      vertex 102.717 61.4923 6.39
      vertex 102.6 61.5 2.39999
      vertex 102.717 61.4923 2.39999
    endloop
  endfacet
  facet normal -0.99769 0.0679278 0
    outer loop
      vertex 103.492 60.4825 2.39999
      vertex 103.5 60.6 6.39
      vertex 103.5 60.6 2.39999
    endloop
  endfacet
  facet normal -0.99769 0.0679278 0
    outer loop
      vertex 103.5 60.6 6.39
      vertex 103.492 60.4825 2.39999
      vertex 103.492 60.4825 6.39
    endloop
  endfacet
  facet normal 0.19449 -0.980905 0
    outer loop
      vertex 102.367 61.4693 2.39999
      vertex 102.483 61.4923 6.39
      vertex 102.367 61.4693 6.39
    endloop
  endfacet
  facet normal 0.19449 -0.980905 0
    outer loop
      vertex 102.483 61.4923 6.39
      vertex 102.367 61.4693 2.39999
      vertex 102.483 61.4923 2.39999
    endloop
  endfacet
  facet normal 0.555092 -0.831789 0
    outer loop
      vertex 102.052 61.314 2.39999
      vertex 102.15 61.3794 6.39
      vertex 102.052 61.314 6.39
    endloop
  endfacet
  facet normal 0.555092 -0.831789 0
    outer loop
      vertex 102.15 61.3794 6.39
      vertex 102.052 61.314 2.39999
      vertex 102.15 61.3794 2.39999
    endloop
  endfacet
  facet normal 0.0656699 0.997841 -0
    outer loop
      vertex 102.6 59.7 2.39999
      vertex 102.483 59.7077 6.39
      vertex 102.6 59.7 6.39
    endloop
  endfacet
  facet normal 0.0656699 0.997841 0
    outer loop
      vertex 102.483 59.7077 6.39
      vertex 102.6 59.7 2.39999
      vertex 102.483 59.7077 2.39999
    endloop
  endfacet
  facet normal -0.897129 0.441768 0
    outer loop
      vertex 103.379 60.15 2.39999
      vertex 103.431 60.2556 6.39
      vertex 103.431 60.2556 2.39999
    endloop
  endfacet
  facet normal -0.897129 0.441768 0
    outer loop
      vertex 103.431 60.2556 6.39
      vertex 103.379 60.15 2.39999
      vertex 103.379 60.15 6.39
    endloop
  endfacet
  facet normal 0.94654 -0.322588 0
    outer loop
      vertex 101.731 60.8329 6.39
      vertex 101.769 60.9444 2.39999
      vertex 101.769 60.9444 6.39
    endloop
  endfacet
  facet normal 0.94654 -0.322588 0
    outer loop
      vertex 101.769 60.9444 2.39999
      vertex 101.731 60.8329 6.39
      vertex 101.731 60.8329 2.39999
    endloop
  endfacet
  facet normal 0.94654 0.322588 0
    outer loop
      vertex 101.769 60.2556 6.39
      vertex 101.731 60.3671 2.39999
      vertex 101.731 60.3671 6.39
    endloop
  endfacet
  facet normal 0.94654 0.322588 0
    outer loop
      vertex 101.731 60.3671 2.39999
      vertex 101.769 60.2556 6.39
      vertex 101.769 60.2556 2.39999
    endloop
  endfacet
  facet normal 0.833096 -0.553128 0
    outer loop
      vertex 101.821 61.05 6.39
      vertex 101.886 61.1479 2.39999
      vertex 101.886 61.1479 6.39
    endloop
  endfacet
  facet normal 0.833096 -0.553128 0
    outer loop
      vertex 101.886 61.1479 2.39999
      vertex 101.821 61.05 6.39
      vertex 101.821 61.05 2.39999
    endloop
  endfacet
  facet normal -0.441107 0.897454 0
    outer loop
      vertex 103.05 59.8206 2.39999
      vertex 102.944 59.7685 6.39
      vertex 103.05 59.8206 6.39
    endloop
  endfacet
  facet normal -0.441107 0.897454 0
    outer loop
      vertex 102.944 59.7685 6.39
      vertex 103.05 59.8206 2.39999
      vertex 102.944 59.7685 2.39999
    endloop
  endfacet
  facet normal -0.322361 0.946617 0
    outer loop
      vertex 102.944 59.7685 2.39999
      vertex 102.833 59.7307 6.39
      vertex 102.944 59.7685 6.39
    endloop
  endfacet
  facet normal -0.322361 0.946617 0
    outer loop
      vertex 102.833 59.7307 6.39
      vertex 102.944 59.7685 2.39999
      vertex 102.833 59.7307 2.39999
    endloop
  endfacet
  facet normal -0.661396 0.750037 0
    outer loop
      vertex 103.236 59.9636 2.39999
      vertex 103.148 59.886 6.39
      vertex 103.236 59.9636 6.39
    endloop
  endfacet
  facet normal -0.661396 0.750037 0
    outer loop
      vertex 103.148 59.886 6.39
      vertex 103.236 59.9636 2.39999
      vertex 103.148 59.886 2.39999
    endloop
  endfacet
  facet normal 0.897129 0.441768 0
    outer loop
      vertex 101.821 60.15 6.39
      vertex 101.769 60.2556 2.39999
      vertex 101.769 60.2556 6.39
    endloop
  endfacet
  facet normal 0.897129 0.441768 0
    outer loop
      vertex 101.769 60.2556 2.39999
      vertex 101.821 60.15 6.39
      vertex 101.821 60.15 2.39999
    endloop
  endfacet
  facet normal -0.19449 -0.980905 0
    outer loop
      vertex 102.717 61.4923 2.39999
      vertex 102.833 61.4693 6.39
      vertex 102.717 61.4923 6.39
    endloop
  endfacet
  facet normal -0.19449 -0.980905 -0
    outer loop
      vertex 102.833 61.4693 6.39
      vertex 102.717 61.4923 2.39999
      vertex 102.833 61.4693 2.39999
    endloop
  endfacet
  facet normal 0.441107 0.897454 -0
    outer loop
      vertex 102.256 59.7685 2.39999
      vertex 102.15 59.8206 6.39
      vertex 102.256 59.7685 6.39
    endloop
  endfacet
  facet normal 0.441107 0.897454 0
    outer loop
      vertex 102.15 59.8206 6.39
      vertex 102.256 59.7685 2.39999
      vertex 102.15 59.8206 2.39999
    endloop
  endfacet
  facet normal 0.833096 0.553128 0
    outer loop
      vertex 101.886 60.0521 6.39
      vertex 101.821 60.15 2.39999
      vertex 101.821 60.15 6.39
    endloop
  endfacet
  facet normal 0.833096 0.553128 0
    outer loop
      vertex 101.821 60.15 2.39999
      vertex 101.886 60.0521 6.39
      vertex 101.886 60.0521 2.39999
    endloop
  endfacet
  facet normal 1 0 0
    outer loop
      vertex 4.4 24.5374 14.3
      vertex 4.4 22.228 10.3
      vertex 4.4 23 10.3
    endloop
  endfacet
  facet normal 1 -0 0
    outer loop
      vertex 4.4 24.5374 14.3
      vertex 4.4 60.5 2.39999
      vertex 4.4 60.5 14.3
    endloop
  endfacet
  facet normal 1 0 0
    outer loop
      vertex 4.4 23 2.39999
      vertex 4.4 24.5374 14.3
      vertex 4.4 23 10.3
    endloop
  endfacet
  facet normal 1 0 0
    outer loop
      vertex 4.4 24.5374 14.3
      vertex 4.4 23 2.39999
      vertex 4.4 60.5 2.39999
    endloop
  endfacet
  facet normal 0 0 1
    outer loop
      vertex 72.9 62.5 14.3
      vertex 70.9 60.5 14.3
      vertex 72.9 21 14.3
    endloop
  endfacet
  facet normal 0 0 1
    outer loop
      vertex 72.9 62.5 14.3
      vertex 4.4 60.5 14.3
      vertex 70.9 60.5 14.3
    endloop
  endfacet
  facet normal -0 0 1
    outer loop
      vertex 2.4 62.5 14.3
      vertex 4.4 60.5 14.3
      vertex 72.9 62.5 14.3
    endloop
  endfacet
  facet normal 0 0 1
    outer loop
      vertex 2.4 24.5374 14.3
      vertex 4.4 60.5 14.3
      vertex 2.4 62.5 14.3
    endloop
  endfacet
  facet normal 0 0 1
    outer loop
      vertex 4.4 60.5 14.3
      vertex 2.4 24.5374 14.3
      vertex 4.4 24.5374 14.3
    endloop
  endfacet
  facet normal 0 0 1
    outer loop
      vertex 72.9 21 14.3
      vertex 70.9 60.5 14.3
      vertex 70.9 21 14.3
    endloop
  endfacet
  facet normal 0 1 -0
    outer loop
      vertex 72.9 62.5 2.39999
      vertex 2.4 62.5 14.3
      vertex 72.9 62.5 14.3
    endloop
  endfacet
  facet normal 0 1 0
    outer loop
      vertex 2.4 62.5 14.3
      vertex 72.9 62.5 2.39999
      vertex 2.4 62.5 2.39999
    endloop
  endfacet
  facet normal 0 -1 0
    outer loop
      vertex 2.4 21 2.39999
      vertex 20.75 21 8.17307
      vertex 2.4 21 8.17307
    endloop
  endfacet
  facet normal 0 -1 0
    outer loop
      vertex 72.9 21 2.39999
      vertex 46.9 21 3.4
      vertex 2.4 21 2.39999
    endloop
  endfacet
  facet normal 0 -1 -0
    outer loop
      vertex 20.75 21 8.17307
      vertex 2.4 21 2.39999
      vertex 46.9 21 3.4
    endloop
  endfacet
  facet normal 0 -1 0
    outer loop
      vertex 20.75 21 8.17307
      vertex 46.9 21 10.3
      vertex 20.75 21 10.3
    endloop
  endfacet
  facet normal 0 -1 -0
    outer loop
      vertex 46.9 21 10.3
      vertex 20.75 21 8.17307
      vertex 46.9 21 3.4
    endloop
  endfacet
  facet normal 0 -1 0
    outer loop
      vertex 62.9 21 10.3
      vertex 62.9 21 3.4
      vertex 70.9 21 10.3
    endloop
  endfacet
  facet normal 0 -1 0
    outer loop
      vertex 70.9 21 10.3
      vertex 72.9 21 14.3
      vertex 70.9 21 14.3
    endloop
  endfacet
  facet normal 0 -1 0
    outer loop
      vertex 70.9 21 10.3
      vertex 72.9 21 2.39999
      vertex 72.9 21 14.3
    endloop
  endfacet
  facet normal 0 -1 0
    outer loop
      vertex 62.9 21 3.4
      vertex 72.9 21 2.39999
      vertex 70.9 21 10.3
    endloop
  endfacet
  facet normal 0 -1 0
    outer loop
      vertex 46.9 21 3.4
      vertex 72.9 21 2.39999
      vertex 62.9 21 3.4
    endloop
  endfacet
  facet normal 1 -0 0
    outer loop
      vertex 72.9 21 14.3
      vertex 72.9 62.5 2.39999
      vertex 72.9 62.5 14.3
    endloop
  endfacet
  facet normal 1 0 0
    outer loop
      vertex 72.9 62.5 2.39999
      vertex 72.9 21 14.3
      vertex 72.9 21 2.39999
    endloop
  endfacet
  facet normal -1 0 0
    outer loop
      vertex 70.9 23 10.3
      vertex 70.9 60.5 2.39999
      vertex 70.9 23 2.39999
    endloop
  endfacet
  facet normal -1 0 0
    outer loop
      vertex 70.9 60.5 2.39999
      vertex 70.9 23 10.3
      vertex 70.9 60.5 14.3
    endloop
  endfacet
  facet normal -1 0 0
    outer loop
      vertex 70.9 21 14.3
      vertex 70.9 23 10.3
      vertex 70.9 21 10.3
    endloop
  endfacet
  facet normal -1 0 0
    outer loop
      vertex 70.9 23 10.3
      vertex 70.9 21 14.3
      vertex 70.9 60.5 14.3
    endloop
  endfacet
  facet normal -0 0 1
    outer loop
      vertex 62.9 23 10.3
      vertex 70.9 21 10.3
      vertex 70.9 23 10.3
    endloop
  endfacet
  facet normal 0 0 1
    outer loop
      vertex 70.9 21 10.3
      vertex 62.9 23 10.3
      vertex 62.9 21 10.3
    endloop
  endfacet
  facet normal 0 0 1
    outer loop
      vertex 46.9 23 10.3
      vertex 20.75 22.228 10.3
      vertex 46.9 21 10.3
    endloop
  endfacet
  facet normal -0 0 1
    outer loop
      vertex 4.4 23 10.3
      vertex 20.75 22.228 10.3
      vertex 46.9 23 10.3
    endloop
  endfacet
  facet normal 0 0 1
    outer loop
      vertex 20.75 22.228 10.3
      vertex 4.4 23 10.3
      vertex 4.4 22.228 10.3
    endloop
  endfacet
  facet normal 0 0 1
    outer loop
      vertex 46.9 21 10.3
      vertex 20.75 22.228 10.3
      vertex 20.75 21 10.3
    endloop
  endfacet
  facet normal 0 1 0
    outer loop
      vertex 70.9 23 10.3
      vertex 62.9 23 3.4
      vertex 62.9 23 10.3
    endloop
  endfacet
  facet normal 0 1 0
    outer loop
      vertex 62.9 23 3.4
      vertex 70.9 23 2.39999
      vertex 46.9 23 3.4
    endloop
  endfacet
  facet normal 0 1 -0
    outer loop
      vertex 70.9 23 2.39999
      vertex 62.9 23 3.4
      vertex 70.9 23 10.3
    endloop
  endfacet
  facet normal 0 1 -0
    outer loop
      vertex 46.9 23 3.4
      vertex 4.4 23 10.3
      vertex 46.9 23 10.3
    endloop
  endfacet
  facet normal 0 1 0
    outer loop
      vertex 46.9 23 3.4
      vertex 4.4 23 2.39999
      vertex 4.4 23 10.3
    endloop
  endfacet
  facet normal 0 1 0
    outer loop
      vertex 4.4 23 2.39999
      vertex 46.9 23 3.4
      vertex 70.9 23 2.39999
    endloop
  endfacet
  facet normal 0 -1 0
    outer loop
      vertex 4.4 60.5 2.39999
      vertex 70.9 60.5 14.3
      vertex 4.4 60.5 14.3
    endloop
  endfacet
  facet normal 0 -1 -0
    outer loop
      vertex 70.9 60.5 14.3
      vertex 4.4 60.5 2.39999
      vertex 70.9 60.5 2.39999
    endloop
  endfacet
  facet normal -1 0 0
    outer loop
      vertex 62.9 21 3.4
      vertex 62.9 23 10.3
      vertex 62.9 23 3.4
    endloop
  endfacet
  facet normal -1 -0 0
    outer loop
      vertex 62.9 23 10.3
      vertex 62.9 21 3.4
      vertex 62.9 21 10.3
    endloop
  endfacet
  facet normal -0 0 1
    outer loop
      vertex 46.9 23 3.4
      vertex 62.9 21 3.4
      vertex 62.9 23 3.4
    endloop
  endfacet
  facet normal 0 0 1
    outer loop
      vertex 62.9 21 3.4
      vertex 46.9 23 3.4
      vertex 46.9 21 3.4
    endloop
  endfacet
  facet normal 1 -0 0
    outer loop
      vertex 46.9 21 10.3
      vertex 46.9 23 3.4
      vertex 46.9 23 10.3
    endloop
  endfacet
  facet normal 1 0 0
    outer loop
      vertex 46.9 23 3.4
      vertex 46.9 21 10.3
      vertex 46.9 21 3.4
    endloop
  endfacet
  facet normal -1 0 0
    outer loop
      vertex 15.5 63.6 30
      vertex 15.5 66 52
      vertex 15.5 66 30
    endloop
  endfacet
  facet normal -1 -0 0
    outer loop
      vertex 15.5 66 52
      vertex 15.5 63.6 30
      vertex 15.5 63.6 52
    endloop
  endfacet
  facet normal 0 0 -1
    outer loop
      vertex 12 63.6 52
      vertex 15.5 66 52
      vertex 15.5 63.6 52
    endloop
  endfacet
  facet normal -0 0 -1
    outer loop
      vertex 15.5 66 52
      vertex 12 63.6 52
      vertex 12 66 52
    endloop
  endfacet
  facet normal -0 0 1
    outer loop
      vertex 12 66 30
      vertex 15.5 63.6 30
      vertex 15.5 66 30
    endloop
  endfacet
  facet normal 0 0 1
    outer loop
      vertex 15.5 63.6 30
      vertex 12 66 30
      vertex 12 63.6 30
    endloop
  endfacet
  facet normal 1 -0 0
    outer loop
      vertex 12 63.6 52
      vertex 12 66 30
      vertex 12 66 52
    endloop
  endfacet
  facet normal 1 0 0
    outer loop
      vertex 12 66 30
      vertex 12 63.6 52
      vertex 12 63.6 30
    endloop
  endfacet
  facet normal -1 0 0
    outer loop
      vertex 24.5 63.6 30
      vertex 24.5 66 52
      vertex 24.5 66 30
    endloop
  endfacet
  facet normal -1 -0 0
    outer loop
      vertex 24.5 66 52
      vertex 24.5 63.6 30
      vertex 24.5 63.6 52
    endloop
  endfacet
  facet normal 0 0 -1
    outer loop
      vertex 21 63.6 52
      vertex 24.5 66 52
      vertex 24.5 63.6 52
    endloop
  endfacet
  facet normal -0 0 -1
    outer loop
      vertex 24.5 66 52
      vertex 21 63.6 52
      vertex 21 66 52
    endloop
  endfacet
  facet normal -0 0 1
    outer loop
      vertex 21 66 30
      vertex 24.5 63.6 30
      vertex 24.5 66 30
    endloop
  endfacet
  facet normal 0 0 1
    outer loop
      vertex 24.5 63.6 30
      vertex 21 66 30
      vertex 21 63.6 30
    endloop
  endfacet
  facet normal 1 -0 0
    outer loop
      vertex 21 63.6 52
      vertex 21 66 30
      vertex 21 66 52
    endloop
  endfacet
  facet normal 1 0 0
    outer loop
      vertex 21 66 30
      vertex 21 63.6 52
      vertex 21 63.6 30
    endloop
  endfacet
  facet normal -1 0 0
    outer loop
      vertex 33.5 63.6 30
      vertex 33.5 66 52
      vertex 33.5 66 30
    endloop
  endfacet
  facet normal -1 -0 0
    outer loop
      vertex 33.5 66 52
      vertex 33.5 63.6 30
      vertex 33.5 63.6 52
    endloop
  endfacet
  facet normal 0 0 -1
    outer loop
      vertex 30 63.6 52
      vertex 33.5 66 52
      vertex 33.5 63.6 52
    endloop
  endfacet
  facet normal -0 0 -1
    outer loop
      vertex 33.5 66 52
      vertex 30 63.6 52
      vertex 30 66 52
    endloop
  endfacet
  facet normal -0 0 1
    outer loop
      vertex 30 66 30
      vertex 33.5 63.6 30
      vertex 33.5 66 30
    endloop
  endfacet
  facet normal 0 0 1
    outer loop
      vertex 33.5 63.6 30
      vertex 30 66 30
      vertex 30 63.6 30
    endloop
  endfacet
  facet normal 1 -0 0
    outer loop
      vertex 30 63.6 52
      vertex 30 66 30
      vertex 30 66 52
    endloop
  endfacet
  facet normal 1 0 0
    outer loop
      vertex 30 66 30
      vertex 30 63.6 52
      vertex 30 63.6 30
    endloop
  endfacet
  facet normal -1 0 0
    outer loop
      vertex 42.5 63.6 30
      vertex 42.5 66 52
      vertex 42.5 66 30
    endloop
  endfacet
  facet normal -1 -0 0
    outer loop
      vertex 42.5 66 52
      vertex 42.5 63.6 30
      vertex 42.5 63.6 52
    endloop
  endfacet
  facet normal 0 0 -1
    outer loop
      vertex 39 63.6 52
      vertex 42.5 66 52
      vertex 42.5 63.6 52
    endloop
  endfacet
  facet normal -0 0 -1
    outer loop
      vertex 42.5 66 52
      vertex 39 63.6 52
      vertex 39 66 52
    endloop
  endfacet
  facet normal -0 0 1
    outer loop
      vertex 39 66 30
      vertex 42.5 63.6 30
      vertex 42.5 66 30
    endloop
  endfacet
  facet normal 0 0 1
    outer loop
      vertex 42.5 63.6 30
      vertex 39 66 30
      vertex 39 63.6 30
    endloop
  endfacet
  facet normal 1 -0 0
    outer loop
      vertex 39 63.6 52
      vertex 39 66 30
      vertex 39 66 52
    endloop
  endfacet
  facet normal 1 0 0
    outer loop
      vertex 39 66 30
      vertex 39 63.6 52
      vertex 39 63.6 30
    endloop
  endfacet
  facet normal -1 0 0
    outer loop
      vertex 51.5 63.6 30
      vertex 51.5 66 52
      vertex 51.5 66 30
    endloop
  endfacet
  facet normal -1 -0 0
    outer loop
      vertex 51.5 66 52
      vertex 51.5 63.6 30
      vertex 51.5 63.6 52
    endloop
  endfacet
  facet normal 0 0 -1
    outer loop
      vertex 48 63.6 52
      vertex 51.5 66 52
      vertex 51.5 63.6 52
    endloop
  endfacet
  facet normal -0 0 -1
    outer loop
      vertex 51.5 66 52
      vertex 48 63.6 52
      vertex 48 66 52
    endloop
  endfacet
  facet normal -0 0 1
    outer loop
      vertex 48 66 30
      vertex 51.5 63.6 30
      vertex 51.5 66 30
    endloop
  endfacet
  facet normal 0 0 1
    outer loop
      vertex 51.5 63.6 30
      vertex 48 66 30
      vertex 48 63.6 30
    endloop
  endfacet
  facet normal 1 -0 0
    outer loop
      vertex 48 63.6 52
      vertex 48 66 30
      vertex 48 66 52
    endloop
  endfacet
  facet normal 1 0 0
    outer loop
      vertex 48 66 30
      vertex 48 63.6 52
      vertex 48 63.6 30
    endloop
  endfacet
  facet normal -1 0 0
    outer loop
      vertex 60.5 63.6 30
      vertex 60.5 66 52
      vertex 60.5 66 30
    endloop
  endfacet
  facet normal -1 -0 0
    outer loop
      vertex 60.5 66 52
      vertex 60.5 63.6 30
      vertex 60.5 63.6 52
    endloop
  endfacet
  facet normal 0 0 -1
    outer loop
      vertex 57 63.6 52
      vertex 60.5 66 52
      vertex 60.5 63.6 52
    endloop
  endfacet
  facet normal -0 0 -1
    outer loop
      vertex 60.5 66 52
      vertex 57 63.6 52
      vertex 57 66 52
    endloop
  endfacet
  facet normal -0 0 1
    outer loop
      vertex 57 66 30
      vertex 60.5 63.6 30
      vertex 60.5 66 30
    endloop
  endfacet
  facet normal 0 0 1
    outer loop
      vertex 60.5 63.6 30
      vertex 57 66 30
      vertex 57 63.6 30
    endloop
  endfacet
  facet normal 1 -0 0
    outer loop
      vertex 57 63.6 52
      vertex 57 66 30
      vertex 57 66 52
    endloop
  endfacet
  facet normal 1 0 0
    outer loop
      vertex 57 66 30
      vertex 57 63.6 52
      vertex 57 63.6 30
    endloop
  endfacet
  facet normal -0.195072 0.980789 0
    outer loop
      vertex 13.2941 5.17037 0
      vertex 12.6526 5.04278 1
      vertex 13.2941 5.17037 1
    endloop
  endfacet
  facet normal -0.195072 0.980789 0
    outer loop
      vertex 12.6526 5.04278 1
      vertex 13.2941 5.17037 0
      vertex 12.6526 5.04278 0
    endloop
  endfacet
  facet normal -0.980786 -0.195087 0
    outer loop
      vertex 16.9572 10.6526 0
      vertex 16.8296 11.2941 1
      vertex 16.8296 11.2941 0
    endloop
  endfacet
  facet normal -0.980786 -0.195087 0
    outer loop
      vertex 16.8296 11.2941 1
      vertex 16.9572 10.6526 0
      vertex 16.9572 10.6526 1
    endloop
  endfacet
  facet normal -0.997856 -0.0654432 0
    outer loop
      vertex 17 10 0
      vertex 16.9572 10.6526 1
      vertex 16.9572 10.6526 0
    endloop
  endfacet
  facet normal -0.997856 -0.0654432 0
    outer loop
      vertex 16.9572 10.6526 1
      vertex 17 10 0
      vertex 17 10 1
    endloop
  endfacet
  facet normal 0.997858 0.0654098 0
    outer loop
      vertex 7.04278 9.34737 1
      vertex 7 10 0
      vertex 7 10 1
    endloop
  endfacet
  facet normal 0.997858 0.0654098 0
    outer loop
      vertex 7 10 0
      vertex 7.04278 9.34737 1
      vertex 7.04278 9.34737 0
    endloop
  endfacet
  facet normal 0.321448 0.946927 -0
    outer loop
      vertex 10.7059 5.17037 0
      vertex 10.0866 5.3806 1
      vertex 10.7059 5.17037 1
    endloop
  endfacet
  facet normal 0.321448 0.946927 0
    outer loop
      vertex 10.0866 5.3806 1
      vertex 10.7059 5.17037 0
      vertex 10.0866 5.3806 0
    endloop
  endfacet
  facet normal 0.195072 0.980789 -0
    outer loop
      vertex 11.3474 5.04278 0
      vertex 10.7059 5.17037 1
      vertex 11.3474 5.04278 1
    endloop
  endfacet
  facet normal 0.195072 0.980789 0
    outer loop
      vertex 10.7059 5.17037 1
      vertex 11.3474 5.04278 0
      vertex 10.7059 5.17037 0
    endloop
  endfacet
  facet normal -0.946944 0.321397 0
    outer loop
      vertex 16.6194 8.08658 0
      vertex 16.8296 8.7059 1
      vertex 16.8296 8.7059 0
    endloop
  endfacet
  facet normal -0.946944 0.321397 0
    outer loop
      vertex 16.8296 8.7059 1
      vertex 16.6194 8.08658 0
      vertex 16.6194 8.08658 1
    endloop
  endfacet
  facet normal 0.997858 -0.0654128 0
    outer loop
      vertex 7 10 1
      vertex 7.04278 10.6526 0
      vertex 7.04278 10.6526 1
    endloop
  endfacet
  facet normal 0.997858 -0.0654128 0
    outer loop
      vertex 7.04278 10.6526 0
      vertex 7 10 1
      vertex 7 10 0
    endloop
  endfacet
  facet normal 0.831466 -0.555575 0
    outer loop
      vertex 7.66987 12.5 1
      vertex 8.03323 13.0438 0
      vertex 8.03323 13.0438 1
    endloop
  endfacet
  facet normal 0.831466 -0.555575 0
    outer loop
      vertex 8.03323 13.0438 0
      vertex 7.66987 12.5 1
      vertex 7.66987 12.5 0
    endloop
  endfacet
  facet normal -0.980784 0.195096 0
    outer loop
      vertex 16.8296 8.7059 0
      vertex 16.9572 9.34737 1
      vertex 16.9572 9.34737 0
    endloop
  endfacet
  facet normal -0.980784 0.195096 0
    outer loop
      vertex 16.9572 9.34737 1
      vertex 16.8296 8.7059 0
      vertex 16.8296 8.7059 1
    endloop
  endfacet
  facet normal 0.555568 0.831471 -0
    outer loop
      vertex 9.5 5.66987 0
      vertex 8.95619 6.03323 1
      vertex 9.5 5.66987 1
    endloop
  endfacet
  facet normal 0.555568 0.831471 0
    outer loop
      vertex 8.95619 6.03323 1
      vertex 9.5 5.66987 0
      vertex 8.95619 6.03323 0
    endloop
  endfacet
  facet normal -0.659372 0.751817 0
    outer loop
      vertex 15.5355 6.46447 0
      vertex 15.0438 6.03323 1
      vertex 15.5355 6.46447 1
    endloop
  endfacet
  facet normal -0.659372 0.751817 0
    outer loop
      vertex 15.0438 6.03323 1
      vertex 15.5355 6.46447 0
      vertex 15.0438 6.03323 0
    endloop
  endfacet
  facet normal 0.980787 0.195081 0
    outer loop
      vertex 7.17037 8.7059 1
      vertex 7.04278 9.34737 0
      vertex 7.04278 9.34737 1
    endloop
  endfacet
  facet normal 0.980787 0.195081 0
    outer loop
      vertex 7.04278 9.34737 0
      vertex 7.17037 8.7059 1
      vertex 7.17037 8.7059 0
    endloop
  endfacet
  facet normal -0.831509 -0.555512 0
    outer loop
      vertex 16.3301 12.5 0
      vertex 15.9668 13.0438 1
      vertex 15.9668 13.0438 0
    endloop
  endfacet
  facet normal -0.831509 -0.555512 0
    outer loop
      vertex 15.9668 13.0438 1
      vertex 16.3301 12.5 0
      vertex 16.3301 12.5 1
    endloop
  endfacet
  facet normal 0.75183 0.659357 0
    outer loop
      vertex 8.46447 6.46447 1
      vertex 8.03323 6.95619 0
      vertex 8.03323 6.95619 1
    endloop
  endfacet
  facet normal 0.75183 0.659357 0
    outer loop
      vertex 8.03323 6.95619 0
      vertex 8.46447 6.46447 1
      vertex 8.46447 6.46447 0
    endloop
  endfacet
  facet normal 0.555504 -0.831514 0
    outer loop
      vertex 8.95619 13.9668 0
      vertex 9.5 14.3301 1
      vertex 8.95619 13.9668 1
    endloop
  endfacet
  facet normal 0.555504 -0.831514 0
    outer loop
      vertex 9.5 14.3301 1
      vertex 8.95619 13.9668 0
      vertex 9.5 14.3301 0
    endloop
  endfacet
  facet normal -0.659424 -0.751771 0
    outer loop
      vertex 15.0438 13.9668 0
      vertex 15.5355 13.5355 1
      vertex 15.0438 13.9668 1
    endloop
  endfacet
  facet normal -0.659424 -0.751771 -0
    outer loop
      vertex 15.5355 13.5355 1
      vertex 15.0438 13.9668 0
      vertex 15.5355 13.5355 0
    endloop
  endfacet
  facet normal -0.442314 -0.89686 0
    outer loop
      vertex 13.9134 14.6194 0
      vertex 14.5 14.3301 1
      vertex 13.9134 14.6194 1
    endloop
  endfacet
  facet normal -0.442314 -0.89686 -0
    outer loop
      vertex 14.5 14.3301 1
      vertex 13.9134 14.6194 0
      vertex 14.5 14.3301 0
    endloop
  endfacet
  facet normal -0.896854 0.442327 0
    outer loop
      vertex 16.3301 7.5 0
      vertex 16.6194 8.08658 1
      vertex 16.6194 8.08658 0
    endloop
  endfacet
  facet normal -0.896854 0.442327 0
    outer loop
      vertex 16.6194 8.08658 1
      vertex 16.3301 7.5 0
      vertex 16.3301 7.5 1
    endloop
  endfacet
  facet normal -0.997856 0.0654402 0
    outer loop
      vertex 16.9572 9.34737 0
      vertex 17 10 1
      vertex 17 10 0
    endloop
  endfacet
  facet normal -0.997856 0.0654402 0
    outer loop
      vertex 17 10 1
      vertex 16.9572 9.34737 0
      vertex 16.9572 9.34737 1
    endloop
  endfacet
  facet normal 0.751817 -0.659372 0
    outer loop
      vertex 8.03323 13.0438 1
      vertex 8.46447 13.5355 0
      vertex 8.46447 13.5355 1
    endloop
  endfacet
  facet normal 0.751817 -0.659372 0
    outer loop
      vertex 8.46447 13.5355 0
      vertex 8.03323 13.0438 1
      vertex 8.03323 13.0438 0
    endloop
  endfacet
  facet normal -0.555512 -0.831509 0
    outer loop
      vertex 14.5 14.3301 0
      vertex 15.0438 13.9668 1
      vertex 14.5 14.3301 1
    endloop
  endfacet
  facet normal -0.555512 -0.831509 -0
    outer loop
      vertex 15.0438 13.9668 1
      vertex 14.5 14.3301 0
      vertex 15.0438 13.9668 0
    endloop
  endfacet
  facet normal 0.946927 -0.321448 0
    outer loop
      vertex 7.17037 11.2941 1
      vertex 7.3806 11.9134 0
      vertex 7.3806 11.9134 1
    endloop
  endfacet
  facet normal 0.946927 -0.321448 0
    outer loop
      vertex 7.3806 11.9134 0
      vertex 7.17037 11.2941 1
      vertex 7.17037 11.2941 0
    endloop
  endfacet
  facet normal 0.831471 0.555568 0
    outer loop
      vertex 8.03323 6.95619 1
      vertex 7.66987 7.5 0
      vertex 7.66987 7.5 1
    endloop
  endfacet
  facet normal 0.831471 0.555568 0
    outer loop
      vertex 7.66987 7.5 0
      vertex 8.03323 6.95619 1
      vertex 8.03323 6.95619 0
    endloop
  endfacet
  facet normal -0.0654432 -0.997856 0
    outer loop
      vertex 12 15 0
      vertex 12.6526 14.9572 1
      vertex 12 15 1
    endloop
  endfacet
  facet normal -0.0654432 -0.997856 -0
    outer loop
      vertex 12.6526 14.9572 1
      vertex 12 15 0
      vertex 12.6526 14.9572 0
    endloop
  endfacet
  facet normal -0.321448 0.946927 0
    outer loop
      vertex 13.9134 5.3806 0
      vertex 13.2941 5.17037 1
      vertex 13.9134 5.3806 1
    endloop
  endfacet
  facet normal -0.321448 0.946927 0
    outer loop
      vertex 13.2941 5.17037 1
      vertex 13.9134 5.3806 0
      vertex 13.2941 5.17037 0
    endloop
  endfacet
  facet normal 0.896872 0.44229 0
    outer loop
      vertex 7.66987 7.5 1
      vertex 7.3806 8.08658 0
      vertex 7.3806 8.08658 1
    endloop
  endfacet
  facet normal 0.896872 0.44229 0
    outer loop
      vertex 7.3806 8.08658 0
      vertex 7.66987 7.5 1
      vertex 7.66987 7.5 0
    endloop
  endfacet
  facet normal -0.555575 0.831466 0
    outer loop
      vertex 15.0438 6.03323 0
      vertex 14.5 5.66987 1
      vertex 15.0438 6.03323 1
    endloop
  endfacet
  facet normal -0.555575 0.831466 0
    outer loop
      vertex 14.5 5.66987 1
      vertex 15.0438 6.03323 0
      vertex 14.5 5.66987 0
    endloop
  endfacet
  facet normal 0 0 -1
    outer loop
      vertex 16.9572 9.34737 1
      vertex 16.9572 10.6526 1
      vertex 17 10 1
    endloop
  endfacet
  facet normal 0 0 -1
    outer loop
      vertex 16.8296 8.7059 1
      vertex 16.9572 10.6526 1
      vertex 16.9572 9.34737 1
    endloop
  endfacet
  facet normal 0 0 -1
    outer loop
      vertex 16.8296 8.7059 1
      vertex 16.8296 11.2941 1
      vertex 16.9572 10.6526 1
    endloop
  endfacet
  facet normal 0 0 -1
    outer loop
      vertex 16.6194 8.08658 1
      vertex 16.8296 11.2941 1
      vertex 16.8296 8.7059 1
    endloop
  endfacet
  facet normal 0 0 -1
    outer loop
      vertex 16.6194 8.08658 1
      vertex 16.6194 11.9134 1
      vertex 16.8296 11.2941 1
    endloop
  endfacet
  facet normal 0 0 -1
    outer loop
      vertex 16.3301 7.5 1
      vertex 16.6194 11.9134 1
      vertex 16.6194 8.08658 1
    endloop
  endfacet
  facet normal 0 0 -1
    outer loop
      vertex 16.3301 7.5 1
      vertex 16.3301 12.5 1
      vertex 16.6194 11.9134 1
    endloop
  endfacet
  facet normal 0 0 -1
    outer loop
      vertex 15.9668 6.95619 1
      vertex 16.3301 12.5 1
      vertex 16.3301 7.5 1
    endloop
  endfacet
  facet normal 0 0 -1
    outer loop
      vertex 15.9668 6.95619 1
      vertex 15.9668 13.0438 1
      vertex 16.3301 12.5 1
    endloop
  endfacet
  facet normal 0 0 -1
    outer loop
      vertex 15.5355 6.46447 1
      vertex 15.9668 13.0438 1
      vertex 15.9668 6.95619 1
    endloop
  endfacet
  facet normal 0 0 -1
    outer loop
      vertex 15.5355 6.46447 1
      vertex 15.5355 13.5355 1
      vertex 15.9668 13.0438 1
    endloop
  endfacet
  facet normal 0 0 -1
    outer loop
      vertex 15.0438 6.03323 1
      vertex 15.5355 13.5355 1
      vertex 15.5355 6.46447 1
    endloop
  endfacet
  facet normal 0 0 -1
    outer loop
      vertex 15.0438 6.03323 1
      vertex 15.0438 13.9668 1
      vertex 15.5355 13.5355 1
    endloop
  endfacet
  facet normal 0 0 -1
    outer loop
      vertex 14.5 5.66987 1
      vertex 15.0438 13.9668 1
      vertex 15.0438 6.03323 1
    endloop
  endfacet
  facet normal 0 0 -1
    outer loop
      vertex 14.5 5.66987 1
      vertex 14.5 14.3301 1
      vertex 15.0438 13.9668 1
    endloop
  endfacet
  facet normal 0 0 -1
    outer loop
      vertex 13.9134 5.3806 1
      vertex 14.5 14.3301 1
      vertex 14.5 5.66987 1
    endloop
  endfacet
  facet normal 0 0 -1
    outer loop
      vertex 13.9134 5.3806 1
      vertex 13.9134 14.6194 1
      vertex 14.5 14.3301 1
    endloop
  endfacet
  facet normal 0 0 -1
    outer loop
      vertex 13.2941 5.17037 1
      vertex 13.9134 14.6194 1
      vertex 13.9134 5.3806 1
    endloop
  endfacet
  facet normal 0 0 -1
    outer loop
      vertex 13.2941 5.17037 1
      vertex 13.2941 14.8296 1
      vertex 13.9134 14.6194 1
    endloop
  endfacet
  facet normal 0 0 -1
    outer loop
      vertex 12.6526 5.04278 1
      vertex 13.2941 14.8296 1
      vertex 13.2941 5.17037 1
    endloop
  endfacet
  facet normal 0 0 -1
    outer loop
      vertex 12.6526 5.04278 1
      vertex 12.6526 14.9572 1
      vertex 13.2941 14.8296 1
    endloop
  endfacet
  facet normal 0 0 -1
    outer loop
      vertex 12 5 1
      vertex 12.6526 14.9572 1
      vertex 12.6526 5.04278 1
    endloop
  endfacet
  facet normal 0 0 -1
    outer loop
      vertex 12 5 1
      vertex 12 15 1
      vertex 12.6526 14.9572 1
    endloop
  endfacet
  facet normal 0 0 -1
    outer loop
      vertex 11.3474 5.04278 1
      vertex 12 15 1
      vertex 12 5 1
    endloop
  endfacet
  facet normal 0 0 -1
    outer loop
      vertex 11.3474 5.04278 1
      vertex 11.3474 14.9572 1
      vertex 12 15 1
    endloop
  endfacet
  facet normal 0 0 -1
    outer loop
      vertex 10.7059 5.17037 1
      vertex 11.3474 14.9572 1
      vertex 11.3474 5.04278 1
    endloop
  endfacet
  facet normal 0 0 -1
    outer loop
      vertex 10.7059 5.17037 1
      vertex 10.7059 14.8296 1
      vertex 11.3474 14.9572 1
    endloop
  endfacet
  facet normal 0 0 -1
    outer loop
      vertex 10.0866 5.3806 1
      vertex 10.7059 14.8296 1
      vertex 10.7059 5.17037 1
    endloop
  endfacet
  facet normal 0 0 -1
    outer loop
      vertex 10.0866 5.3806 1
      vertex 10.0866 14.6194 1
      vertex 10.7059 14.8296 1
    endloop
  endfacet
  facet normal 0 0 -1
    outer loop
      vertex 9.5 5.66987 1
      vertex 10.0866 14.6194 1
      vertex 10.0866 5.3806 1
    endloop
  endfacet
  facet normal 0 0 -1
    outer loop
      vertex 9.5 5.66987 1
      vertex 9.5 14.3301 1
      vertex 10.0866 14.6194 1
    endloop
  endfacet
  facet normal 0 0 -1
    outer loop
      vertex 8.95619 6.03323 1
      vertex 9.5 14.3301 1
      vertex 9.5 5.66987 1
    endloop
  endfacet
  facet normal 0 0 -1
    outer loop
      vertex 8.95619 6.03323 1
      vertex 8.95619 13.9668 1
      vertex 9.5 14.3301 1
    endloop
  endfacet
  facet normal 0 0 -1
    outer loop
      vertex 8.46447 6.46447 1
      vertex 8.95619 13.9668 1
      vertex 8.95619 6.03323 1
    endloop
  endfacet
  facet normal 0 0 -1
    outer loop
      vertex 8.46447 6.46447 1
      vertex 8.46447 13.5355 1
      vertex 8.95619 13.9668 1
    endloop
  endfacet
  facet normal 0 0 -1
    outer loop
      vertex 8.03323 6.95619 1
      vertex 8.46447 13.5355 1
      vertex 8.46447 6.46447 1
    endloop
  endfacet
  facet normal 0 0 -1
    outer loop
      vertex 8.03323 6.95619 1
      vertex 8.03323 13.0438 1
      vertex 8.46447 13.5355 1
    endloop
  endfacet
  facet normal 0 0 -1
    outer loop
      vertex 7.66987 7.5 1
      vertex 8.03323 13.0438 1
      vertex 8.03323 6.95619 1
    endloop
  endfacet
  facet normal 0 0 -1
    outer loop
      vertex 7.66987 7.5 1
      vertex 7.66987 12.5 1
      vertex 8.03323 13.0438 1
    endloop
  endfacet
  facet normal 0 0 -1
    outer loop
      vertex 7.3806 8.08658 1
      vertex 7.66987 12.5 1
      vertex 7.66987 7.5 1
    endloop
  endfacet
  facet normal 0 0 -1
    outer loop
      vertex 7.3806 8.08658 1
      vertex 7.3806 11.9134 1
      vertex 7.66987 12.5 1
    endloop
  endfacet
  facet normal 0 0 -1
    outer loop
      vertex 7.17037 8.7059 1
      vertex 7.3806 11.9134 1
      vertex 7.3806 8.08658 1
    endloop
  endfacet
  facet normal 0 0 -1
    outer loop
      vertex 7.17037 8.7059 1
      vertex 7.17037 11.2941 1
      vertex 7.3806 11.9134 1
    endloop
  endfacet
  facet normal 0 0 -1
    outer loop
      vertex 7.04278 9.34737 1
      vertex 7.17037 11.2941 1
      vertex 7.17037 8.7059 1
    endloop
  endfacet
  facet normal 0 0 -1
    outer loop
      vertex 7.04278 9.34737 1
      vertex 7.04278 10.6526 1
      vertex 7.17037 11.2941 1
    endloop
  endfacet
  facet normal 0 -0 -1
    outer loop
      vertex 7.04278 10.6526 1
      vertex 7.04278 9.34737 1
      vertex 7 10 1
    endloop
  endfacet
  facet normal 0.195087 -0.980786 0
    outer loop
      vertex 10.7059 14.8296 0
      vertex 11.3474 14.9572 1
      vertex 10.7059 14.8296 1
    endloop
  endfacet
  facet normal 0.195087 -0.980786 0
    outer loop
      vertex 11.3474 14.9572 1
      vertex 10.7059 14.8296 0
      vertex 11.3474 14.9572 0
    endloop
  endfacet
  facet normal 0.442314 -0.89686 0
    outer loop
      vertex 9.5 14.3301 0
      vertex 10.0866 14.6194 1
      vertex 9.5 14.3301 1
    endloop
  endfacet
  facet normal 0.442314 -0.89686 0
    outer loop
      vertex 10.0866 14.6194 1
      vertex 9.5 14.3301 0
      vertex 10.0866 14.6194 0
    endloop
  endfacet
  facet normal 0.0654432 -0.997856 0
    outer loop
      vertex 11.3474 14.9572 0
      vertex 12 15 1
      vertex 11.3474 14.9572 1
    endloop
  endfacet
  facet normal 0.0654432 -0.997856 0
    outer loop
      vertex 12 15 1
      vertex 11.3474 14.9572 0
      vertex 12 15 0
    endloop
  endfacet
  facet normal -0.195087 -0.980786 0
    outer loop
      vertex 12.6526 14.9572 0
      vertex 13.2941 14.8296 1
      vertex 12.6526 14.9572 1
    endloop
  endfacet
  facet normal -0.195087 -0.980786 -0
    outer loop
      vertex 13.2941 14.8296 1
      vertex 12.6526 14.9572 0
      vertex 13.2941 14.8296 0
    endloop
  endfacet
  facet normal 0.659357 0.75183 -0
    outer loop
      vertex 8.95619 6.03323 0
      vertex 8.46447 6.46447 1
      vertex 8.95619 6.03323 1
    endloop
  endfacet
  facet normal 0.659357 0.75183 0
    outer loop
      vertex 8.46447 6.46447 1
      vertex 8.95619 6.03323 0
      vertex 8.46447 6.46447 0
    endloop
  endfacet
  facet normal -0.751784 0.659409 0
    outer loop
      vertex 15.5355 6.46447 0
      vertex 15.9668 6.95619 1
      vertex 15.9668 6.95619 0
    endloop
  endfacet
  facet normal -0.751784 0.659409 0
    outer loop
      vertex 15.9668 6.95619 1
      vertex 15.5355 6.46447 0
      vertex 15.5355 6.46447 1
    endloop
  endfacet
  facet normal -0.321407 -0.946941 0
    outer loop
      vertex 13.2941 14.8296 0
      vertex 13.9134 14.6194 1
      vertex 13.2941 14.8296 1
    endloop
  endfacet
  facet normal -0.321407 -0.946941 -0
    outer loop
      vertex 13.9134 14.6194 1
      vertex 13.2941 14.8296 0
      vertex 13.9134 14.6194 0
    endloop
  endfacet
  facet normal 0.946931 0.321438 0
    outer loop
      vertex 7.3806 8.08658 1
      vertex 7.17037 8.7059 0
      vertex 7.17037 8.7059 1
    endloop
  endfacet
  facet normal 0.946931 0.321438 0
    outer loop
      vertex 7.17037 8.7059 0
      vertex 7.3806 8.08658 1
      vertex 7.3806 8.08658 0
    endloop
  endfacet
  facet normal -0.831514 0.555504 0
    outer loop
      vertex 15.9668 6.95619 0
      vertex 16.3301 7.5 1
      vertex 16.3301 7.5 0
    endloop
  endfacet
  facet normal -0.831514 0.555504 0
    outer loop
      vertex 16.3301 7.5 1
      vertex 15.9668 6.95619 0
      vertex 15.9668 6.95619 1
    endloop
  endfacet
  facet normal 0.980789 -0.195072 0
    outer loop
      vertex 7.04278 10.6526 1
      vertex 7.17037 11.2941 0
      vertex 7.17037 11.2941 1
    endloop
  endfacet
  facet normal 0.980789 -0.195072 0
    outer loop
      vertex 7.17037 11.2941 0
      vertex 7.04278 10.6526 1
      vertex 7.04278 10.6526 0
    endloop
  endfacet
  facet normal -0.89686 -0.442314 0
    outer loop
      vertex 16.6194 11.9134 0
      vertex 16.3301 12.5 1
      vertex 16.3301 12.5 0
    endloop
  endfacet
  facet normal -0.89686 -0.442314 0
    outer loop
      vertex 16.3301 12.5 1
      vertex 16.6194 11.9134 0
      vertex 16.6194 11.9134 1
    endloop
  endfacet
  facet normal -0.0654128 0.997858 0
    outer loop
      vertex 12.6526 5.04278 0
      vertex 12 5 1
      vertex 12.6526 5.04278 1
    endloop
  endfacet
  facet normal -0.0654128 0.997858 0
    outer loop
      vertex 12 5 1
      vertex 12.6526 5.04278 0
      vertex 12 5 0
    endloop
  endfacet
  facet normal -0.751771 -0.659424 0
    outer loop
      vertex 15.9668 13.0438 0
      vertex 15.5355 13.5355 1
      vertex 15.5355 13.5355 0
    endloop
  endfacet
  facet normal -0.751771 -0.659424 0
    outer loop
      vertex 15.5355 13.5355 1
      vertex 15.9668 13.0438 0
      vertex 15.9668 13.0438 1
    endloop
  endfacet
  facet normal -0.946941 -0.321407 0
    outer loop
      vertex 16.8296 11.2941 0
      vertex 16.6194 11.9134 1
      vertex 16.6194 11.9134 0
    endloop
  endfacet
  facet normal -0.946941 -0.321407 0
    outer loop
      vertex 16.6194 11.9134 1
      vertex 16.8296 11.2941 0
      vertex 16.8296 11.2941 1
    endloop
  endfacet
  facet normal 0.896878 -0.442277 0
    outer loop
      vertex 7.3806 11.9134 1
      vertex 7.66987 12.5 0
      vertex 7.66987 12.5 1
    endloop
  endfacet
  facet normal 0.896878 -0.442277 0
    outer loop
      vertex 7.66987 12.5 0
      vertex 7.3806 11.9134 1
      vertex 7.3806 11.9134 0
    endloop
  endfacet
  facet normal 0.321407 -0.946941 0
    outer loop
      vertex 10.0866 14.6194 0
      vertex 10.7059 14.8296 1
      vertex 10.0866 14.6194 1
    endloop
  endfacet
  facet normal 0.321407 -0.946941 0
    outer loop
      vertex 10.7059 14.8296 1
      vertex 10.0866 14.6194 0
      vertex 10.7059 14.8296 0
    endloop
  endfacet
  facet normal -0.442277 0.896878 0
    outer loop
      vertex 14.5 5.66987 0
      vertex 13.9134 5.3806 1
      vertex 14.5 5.66987 1
    endloop
  endfacet
  facet normal -0.442277 0.896878 0
    outer loop
      vertex 13.9134 5.3806 1
      vertex 14.5 5.66987 0
      vertex 13.9134 5.3806 0
    endloop
  endfacet
  facet normal 0.659409 -0.751784 0
    outer loop
      vertex 8.46447 13.5355 0
      vertex 8.95619 13.9668 1
      vertex 8.46447 13.5355 1
    endloop
  endfacet
  facet normal 0.659409 -0.751784 0
    outer loop
      vertex 8.95619 13.9668 1
      vertex 8.46447 13.5355 0
      vertex 8.95619 13.9668 0
    endloop
  endfacet
  facet normal 0.442277 0.896878 -0
    outer loop
      vertex 10.0866 5.3806 0
      vertex 9.5 5.66987 1
      vertex 10.0866 5.3806 1
    endloop
  endfacet
  facet normal 0.442277 0.896878 0
    outer loop
      vertex 9.5 5.66987 1
      vertex 10.0866 5.3806 0
      vertex 9.5 5.66987 0
    endloop
  endfacet
  facet normal 0.0654128 0.997858 -0
    outer loop
      vertex 12 5 0
      vertex 11.3474 5.04278 1
      vertex 12 5 1
    endloop
  endfacet
  facet normal 0.0654128 0.997858 0
    outer loop
      vertex 11.3474 5.04278 1
      vertex 12 5 0
      vertex 11.3474 5.04278 0
    endloop
  endfacet
  facet normal -0.195087 0.980786 0
    outer loop
      vertex 13.2941 51.1704 0
      vertex 12.6526 51.0428 1
      vertex 13.2941 51.1704 1
    endloop
  endfacet
  facet normal -0.195087 0.980786 0
    outer loop
      vertex 12.6526 51.0428 1
      vertex 13.2941 51.1704 0
      vertex 12.6526 51.0428 0
    endloop
  endfacet
  facet normal -0.980786 -0.195087 0
    outer loop
      vertex 16.9572 56.6526 0
      vertex 16.8296 57.2941 1
      vertex 16.8296 57.2941 0
    endloop
  endfacet
  facet normal -0.980786 -0.195087 0
    outer loop
      vertex 16.8296 57.2941 1
      vertex 16.9572 56.6526 0
      vertex 16.9572 56.6526 1
    endloop
  endfacet
  facet normal -0.997856 -0.0654432 0
    outer loop
      vertex 17 56 0
      vertex 16.9572 56.6526 1
      vertex 16.9572 56.6526 0
    endloop
  endfacet
  facet normal -0.997856 -0.0654432 0
    outer loop
      vertex 16.9572 56.6526 1
      vertex 17 56 0
      vertex 17 56 1
    endloop
  endfacet
  facet normal 0.997858 0.0654128 0
    outer loop
      vertex 7.04278 55.3474 1
      vertex 7 56 0
      vertex 7 56 1
    endloop
  endfacet
  facet normal 0.997858 0.0654128 0
    outer loop
      vertex 7 56 0
      vertex 7.04278 55.3474 1
      vertex 7.04278 55.3474 0
    endloop
  endfacet
  facet normal 0.321407 0.946941 -0
    outer loop
      vertex 10.7059 51.1704 0
      vertex 10.0866 51.3806 1
      vertex 10.7059 51.1704 1
    endloop
  endfacet
  facet normal 0.321407 0.946941 0
    outer loop
      vertex 10.0866 51.3806 1
      vertex 10.7059 51.1704 0
      vertex 10.0866 51.3806 0
    endloop
  endfacet
  facet normal 0.659409 -0.751784 0
    outer loop
      vertex 8.46447 59.5355 0
      vertex 8.95619 59.9668 1
      vertex 8.46447 59.5355 1
    endloop
  endfacet
  facet normal 0.659409 -0.751784 0
    outer loop
      vertex 8.95619 59.9668 1
      vertex 8.46447 59.5355 0
      vertex 8.95619 59.9668 0
    endloop
  endfacet
  facet normal -0.946941 0.321407 0
    outer loop
      vertex 16.6194 54.0866 0
      vertex 16.8296 54.7059 1
      vertex 16.8296 54.7059 0
    endloop
  endfacet
  facet normal -0.946941 0.321407 0
    outer loop
      vertex 16.8296 54.7059 1
      vertex 16.6194 54.0866 0
      vertex 16.6194 54.0866 1
    endloop
  endfacet
  facet normal 0.997858 -0.0654128 0
    outer loop
      vertex 7 56 1
      vertex 7.04278 56.6526 0
      vertex 7.04278 56.6526 1
    endloop
  endfacet
  facet normal 0.997858 -0.0654128 0
    outer loop
      vertex 7.04278 56.6526 0
      vertex 7 56 1
      vertex 7 56 0
    endloop
  endfacet
  facet normal 0.0654432 0.997856 -0
    outer loop
      vertex 12 51 0
      vertex 11.3474 51.0428 1
      vertex 12 51 1
    endloop
  endfacet
  facet normal 0.0654432 0.997856 0
    outer loop
      vertex 11.3474 51.0428 1
      vertex 12 51 0
      vertex 11.3474 51.0428 0
    endloop
  endfacet
  facet normal 0.831466 -0.555575 0
    outer loop
      vertex 7.66987 58.5 1
      vertex 8.03323 59.0438 0
      vertex 8.03323 59.0438 1
    endloop
  endfacet
  facet normal 0.831466 -0.555575 0
    outer loop
      vertex 8.03323 59.0438 0
      vertex 7.66987 58.5 1
      vertex 7.66987 58.5 0
    endloop
  endfacet
  facet normal -0.980786 0.195087 0
    outer loop
      vertex 16.8296 54.7059 0
      vertex 16.9572 55.3474 1
      vertex 16.9572 55.3474 0
    endloop
  endfacet
  facet normal -0.980786 0.195087 0
    outer loop
      vertex 16.9572 55.3474 1
      vertex 16.8296 54.7059 0
      vertex 16.8296 54.7059 1
    endloop
  endfacet
  facet normal 0.555504 0.831514 -0
    outer loop
      vertex 9.5 51.6699 0
      vertex 8.95619 52.0332 1
      vertex 9.5 51.6699 1
    endloop
  endfacet
  facet normal 0.555504 0.831514 0
    outer loop
      vertex 8.95619 52.0332 1
      vertex 9.5 51.6699 0
      vertex 8.95619 52.0332 0
    endloop
  endfacet
  facet normal -0.659424 0.751771 0
    outer loop
      vertex 15.5355 52.4645 0
      vertex 15.0438 52.0332 1
      vertex 15.5355 52.4645 1
    endloop
  endfacet
  facet normal -0.659424 0.751771 0
    outer loop
      vertex 15.0438 52.0332 1
      vertex 15.5355 52.4645 0
      vertex 15.0438 52.0332 0
    endloop
  endfacet
  facet normal 0.980789 0.195072 0
    outer loop
      vertex 7.17037 54.7059 1
      vertex 7.04278 55.3474 0
      vertex 7.04278 55.3474 1
    endloop
  endfacet
  facet normal 0.980789 0.195072 0
    outer loop
      vertex 7.04278 55.3474 0
      vertex 7.17037 54.7059 1
      vertex 7.17037 54.7059 0
    endloop
  endfacet
  facet normal -0.831509 -0.555512 0
    outer loop
      vertex 16.3301 58.5 0
      vertex 15.9668 59.0438 1
      vertex 15.9668 59.0438 0
    endloop
  endfacet
  facet normal -0.831509 -0.555512 0
    outer loop
      vertex 15.9668 59.0438 1
      vertex 16.3301 58.5 0
      vertex 16.3301 58.5 1
    endloop
  endfacet
  facet normal 0.751817 0.659372 0
    outer loop
      vertex 8.46447 52.4645 1
      vertex 8.03323 52.9562 0
      vertex 8.03323 52.9562 1
    endloop
  endfacet
  facet normal 0.751817 0.659372 0
    outer loop
      vertex 8.03323 52.9562 0
      vertex 8.46447 52.4645 1
      vertex 8.46447 52.4645 0
    endloop
  endfacet
  facet normal 0.555504 -0.831514 0
    outer loop
      vertex 8.95619 59.9668 0
      vertex 9.5 60.3301 1
      vertex 8.95619 59.9668 1
    endloop
  endfacet
  facet normal 0.555504 -0.831514 0
    outer loop
      vertex 9.5 60.3301 1
      vertex 8.95619 59.9668 0
      vertex 9.5 60.3301 0
    endloop
  endfacet
  facet normal -0.659424 -0.751771 0
    outer loop
      vertex 15.0438 59.9668 0
      vertex 15.5355 59.5355 1
      vertex 15.0438 59.9668 1
    endloop
  endfacet
  facet normal -0.659424 -0.751771 -0
    outer loop
      vertex 15.5355 59.5355 1
      vertex 15.0438 59.9668 0
      vertex 15.5355 59.5355 0
    endloop
  endfacet
  facet normal -0.442314 -0.89686 0
    outer loop
      vertex 13.9134 60.6194 0
      vertex 14.5 60.3301 1
      vertex 13.9134 60.6194 1
    endloop
  endfacet
  facet normal -0.442314 -0.89686 -0
    outer loop
      vertex 14.5 60.3301 1
      vertex 13.9134 60.6194 0
      vertex 14.5 60.3301 0
    endloop
  endfacet
  facet normal -0.89686 0.442314 0
    outer loop
      vertex 16.3301 53.5 0
      vertex 16.6194 54.0866 1
      vertex 16.6194 54.0866 0
    endloop
  endfacet
  facet normal -0.89686 0.442314 0
    outer loop
      vertex 16.6194 54.0866 1
      vertex 16.3301 53.5 0
      vertex 16.3301 53.5 1
    endloop
  endfacet
  facet normal -0.997856 0.0654432 0
    outer loop
      vertex 16.9572 55.3474 0
      vertex 17 56 1
      vertex 17 56 0
    endloop
  endfacet
  facet normal -0.997856 0.0654432 0
    outer loop
      vertex 17 56 1
      vertex 16.9572 55.3474 0
      vertex 16.9572 55.3474 1
    endloop
  endfacet
  facet normal 0.751817 -0.659372 0
    outer loop
      vertex 8.03323 59.0438 1
      vertex 8.46447 59.5355 0
      vertex 8.46447 59.5355 1
    endloop
  endfacet
  facet normal 0.751817 -0.659372 0
    outer loop
      vertex 8.46447 59.5355 0
      vertex 8.03323 59.0438 1
      vertex 8.03323 59.0438 0
    endloop
  endfacet
  facet normal -0.555512 -0.831509 0
    outer loop
      vertex 14.5 60.3301 0
      vertex 15.0438 59.9668 1
      vertex 14.5 60.3301 1
    endloop
  endfacet
  facet normal -0.555512 -0.831509 -0
    outer loop
      vertex 15.0438 59.9668 1
      vertex 14.5 60.3301 0
      vertex 15.0438 59.9668 0
    endloop
  endfacet
  facet normal 0.946927 -0.321448 0
    outer loop
      vertex 7.17037 57.2941 1
      vertex 7.3806 57.9134 0
      vertex 7.3806 57.9134 1
    endloop
  endfacet
  facet normal 0.946927 -0.321448 0
    outer loop
      vertex 7.3806 57.9134 0
      vertex 7.17037 57.2941 1
      vertex 7.17037 57.2941 0
    endloop
  endfacet
  facet normal 0.831466 0.555575 0
    outer loop
      vertex 8.03323 52.9562 1
      vertex 7.66987 53.5 0
      vertex 7.66987 53.5 1
    endloop
  endfacet
  facet normal 0.831466 0.555575 0
    outer loop
      vertex 7.66987 53.5 0
      vertex 8.03323 52.9562 1
      vertex 8.03323 52.9562 0
    endloop
  endfacet
  facet normal -0.0654432 -0.997856 0
    outer loop
      vertex 12 61 0
      vertex 12.6526 60.9572 1
      vertex 12 61 1
    endloop
  endfacet
  facet normal -0.0654432 -0.997856 -0
    outer loop
      vertex 12.6526 60.9572 1
      vertex 12 61 0
      vertex 12.6526 60.9572 0
    endloop
  endfacet
  facet normal -0.321407 0.946941 0
    outer loop
      vertex 13.9134 51.3806 0
      vertex 13.2941 51.1704 1
      vertex 13.9134 51.3806 1
    endloop
  endfacet
  facet normal -0.321407 0.946941 0
    outer loop
      vertex 13.2941 51.1704 1
      vertex 13.9134 51.3806 0
      vertex 13.2941 51.1704 0
    endloop
  endfacet
  facet normal 0.896878 0.442277 0
    outer loop
      vertex 7.66987 53.5 1
      vertex 7.3806 54.0866 0
      vertex 7.3806 54.0866 1
    endloop
  endfacet
  facet normal 0.896878 0.442277 0
    outer loop
      vertex 7.3806 54.0866 0
      vertex 7.66987 53.5 1
      vertex 7.66987 53.5 0
    endloop
  endfacet
  facet normal -0.555512 0.831509 0
    outer loop
      vertex 15.0438 52.0332 0
      vertex 14.5 51.6699 1
      vertex 15.0438 52.0332 1
    endloop
  endfacet
  facet normal -0.555512 0.831509 0
    outer loop
      vertex 14.5 51.6699 1
      vertex 15.0438 52.0332 0
      vertex 14.5 51.6699 0
    endloop
  endfacet
  facet normal 0 0 -1
    outer loop
      vertex 16.9572 55.3474 1
      vertex 16.9572 56.6526 1
      vertex 17 56 1
    endloop
  endfacet
  facet normal 0 0 -1
    outer loop
      vertex 16.8296 54.7059 1
      vertex 16.9572 56.6526 1
      vertex 16.9572 55.3474 1
    endloop
  endfacet
  facet normal 0 0 -1
    outer loop
      vertex 16.8296 54.7059 1
      vertex 16.8296 57.2941 1
      vertex 16.9572 56.6526 1
    endloop
  endfacet
  facet normal 0 0 -1
    outer loop
      vertex 16.6194 54.0866 1
      vertex 16.8296 57.2941 1
      vertex 16.8296 54.7059 1
    endloop
  endfacet
  facet normal 0 0 -1
    outer loop
      vertex 16.6194 54.0866 1
      vertex 16.6194 57.9134 1
      vertex 16.8296 57.2941 1
    endloop
  endfacet
  facet normal 0 0 -1
    outer loop
      vertex 16.3301 53.5 1
      vertex 16.6194 57.9134 1
      vertex 16.6194 54.0866 1
    endloop
  endfacet
  facet normal 0 0 -1
    outer loop
      vertex 16.3301 53.5 1
      vertex 16.3301 58.5 1
      vertex 16.6194 57.9134 1
    endloop
  endfacet
  facet normal 0 0 -1
    outer loop
      vertex 15.9668 52.9562 1
      vertex 16.3301 58.5 1
      vertex 16.3301 53.5 1
    endloop
  endfacet
  facet normal 0 0 -1
    outer loop
      vertex 15.9668 52.9562 1
      vertex 15.9668 59.0438 1
      vertex 16.3301 58.5 1
    endloop
  endfacet
  facet normal 0 0 -1
    outer loop
      vertex 15.5355 52.4645 1
      vertex 15.9668 59.0438 1
      vertex 15.9668 52.9562 1
    endloop
  endfacet
  facet normal 0 0 -1
    outer loop
      vertex 15.5355 52.4645 1
      vertex 15.5355 59.5355 1
      vertex 15.9668 59.0438 1
    endloop
  endfacet
  facet normal 0 0 -1
    outer loop
      vertex 15.0438 52.0332 1
      vertex 15.5355 59.5355 1
      vertex 15.5355 52.4645 1
    endloop
  endfacet
  facet normal 0 0 -1
    outer loop
      vertex 15.0438 52.0332 1
      vertex 15.0438 59.9668 1
      vertex 15.5355 59.5355 1
    endloop
  endfacet
  facet normal 0 0 -1
    outer loop
      vertex 14.5 51.6699 1
      vertex 15.0438 59.9668 1
      vertex 15.0438 52.0332 1
    endloop
  endfacet
  facet normal 0 0 -1
    outer loop
      vertex 14.5 51.6699 1
      vertex 14.5 60.3301 1
      vertex 15.0438 59.9668 1
    endloop
  endfacet
  facet normal 0 0 -1
    outer loop
      vertex 13.9134 51.3806 1
      vertex 14.5 60.3301 1
      vertex 14.5 51.6699 1
    endloop
  endfacet
  facet normal 0 0 -1
    outer loop
      vertex 13.9134 51.3806 1
      vertex 13.9134 60.6194 1
      vertex 14.5 60.3301 1
    endloop
  endfacet
  facet normal 0 0 -1
    outer loop
      vertex 13.2941 51.1704 1
      vertex 13.9134 60.6194 1
      vertex 13.9134 51.3806 1
    endloop
  endfacet
  facet normal 0 0 -1
    outer loop
      vertex 13.2941 51.1704 1
      vertex 13.2941 60.8296 1
      vertex 13.9134 60.6194 1
    endloop
  endfacet
  facet normal 0 0 -1
    outer loop
      vertex 12.6526 51.0428 1
      vertex 13.2941 60.8296 1
      vertex 13.2941 51.1704 1
    endloop
  endfacet
  facet normal 0 0 -1
    outer loop
      vertex 12.6526 51.0428 1
      vertex 12.6526 60.9572 1
      vertex 13.2941 60.8296 1
    endloop
  endfacet
  facet normal 0 0 -1
    outer loop
      vertex 12 51 1
      vertex 12.6526 60.9572 1
      vertex 12.6526 51.0428 1
    endloop
  endfacet
  facet normal 0 0 -1
    outer loop
      vertex 12 51 1
      vertex 12 61 1
      vertex 12.6526 60.9572 1
    endloop
  endfacet
  facet normal 0 0 -1
    outer loop
      vertex 11.3474 51.0428 1
      vertex 12 61 1
      vertex 12 51 1
    endloop
  endfacet
  facet normal 0 0 -1
    outer loop
      vertex 11.3474 51.0428 1
      vertex 11.3474 60.9572 1
      vertex 12 61 1
    endloop
  endfacet
  facet normal 0 0 -1
    outer loop
      vertex 10.7059 51.1704 1
      vertex 11.3474 60.9572 1
      vertex 11.3474 51.0428 1
    endloop
  endfacet
  facet normal 0 0 -1
    outer loop
      vertex 10.7059 51.1704 1
      vertex 10.7059 60.8296 1
      vertex 11.3474 60.9572 1
    endloop
  endfacet
  facet normal 0 0 -1
    outer loop
      vertex 10.0866 51.3806 1
      vertex 10.7059 60.8296 1
      vertex 10.7059 51.1704 1
    endloop
  endfacet
  facet normal 0 0 -1
    outer loop
      vertex 10.0866 51.3806 1
      vertex 10.0866 60.6194 1
      vertex 10.7059 60.8296 1
    endloop
  endfacet
  facet normal 0 0 -1
    outer loop
      vertex 9.5 51.6699 1
      vertex 10.0866 60.6194 1
      vertex 10.0866 51.3806 1
    endloop
  endfacet
  facet normal 0 0 -1
    outer loop
      vertex 9.5 51.6699 1
      vertex 9.5 60.3301 1
      vertex 10.0866 60.6194 1
    endloop
  endfacet
  facet normal 0 0 -1
    outer loop
      vertex 8.95619 52.0332 1
      vertex 9.5 60.3301 1
      vertex 9.5 51.6699 1
    endloop
  endfacet
  facet normal 0 0 -1
    outer loop
      vertex 8.95619 52.0332 1
      vertex 8.95619 59.9668 1
      vertex 9.5 60.3301 1
    endloop
  endfacet
  facet normal 0 0 -1
    outer loop
      vertex 8.46447 52.4645 1
      vertex 8.95619 59.9668 1
      vertex 8.95619 52.0332 1
    endloop
  endfacet
  facet normal 0 0 -1
    outer loop
      vertex 8.46447 52.4645 1
      vertex 8.46447 59.5355 1
      vertex 8.95619 59.9668 1
    endloop
  endfacet
  facet normal 0 0 -1
    outer loop
      vertex 8.03323 52.9562 1
      vertex 8.46447 59.5355 1
      vertex 8.46447 52.4645 1
    endloop
  endfacet
  facet normal 0 0 -1
    outer loop
      vertex 8.03323 52.9562 1
      vertex 8.03323 59.0438 1
      vertex 8.46447 59.5355 1
    endloop
  endfacet
  facet normal 0 0 -1
    outer loop
      vertex 7.66987 53.5 1
      vertex 8.03323 59.0438 1
      vertex 8.03323 52.9562 1
    endloop
  endfacet
  facet normal 0 0 -1
    outer loop
      vertex 7.66987 53.5 1
      vertex 7.66987 58.5 1
      vertex 8.03323 59.0438 1
    endloop
  endfacet
  facet normal 0 0 -1
    outer loop
      vertex 7.3806 54.0866 1
      vertex 7.66987 58.5 1
      vertex 7.66987 53.5 1
    endloop
  endfacet
  facet normal 0 0 -1
    outer loop
      vertex 7.3806 54.0866 1
      vertex 7.3806 57.9134 1
      vertex 7.66987 58.5 1
    endloop
  endfacet
  facet normal 0 0 -1
    outer loop
      vertex 7.17037 54.7059 1
      vertex 7.3806 57.9134 1
      vertex 7.3806 54.0866 1
    endloop
  endfacet
  facet normal 0 0 -1
    outer loop
      vertex 7.17037 54.7059 1
      vertex 7.17037 57.2941 1
      vertex 7.3806 57.9134 1
    endloop
  endfacet
  facet normal 0 0 -1
    outer loop
      vertex 7.04278 55.3474 1
      vertex 7.17037 57.2941 1
      vertex 7.17037 54.7059 1
    endloop
  endfacet
  facet normal 0 0 -1
    outer loop
      vertex 7.04278 55.3474 1
      vertex 7.04278 56.6526 1
      vertex 7.17037 57.2941 1
    endloop
  endfacet
  facet normal 0 -0 -1
    outer loop
      vertex 7.04278 56.6526 1
      vertex 7.04278 55.3474 1
      vertex 7 56 1
    endloop
  endfacet
  facet normal 0.195087 -0.980786 0
    outer loop
      vertex 10.7059 60.8296 0
      vertex 11.3474 60.9572 1
      vertex 10.7059 60.8296 1
    endloop
  endfacet
  facet normal 0.195087 -0.980786 0
    outer loop
      vertex 11.3474 60.9572 1
      vertex 10.7059 60.8296 0
      vertex 11.3474 60.9572 0
    endloop
  endfacet
  facet normal 0.442314 -0.89686 0
    outer loop
      vertex 9.5 60.3301 0
      vertex 10.0866 60.6194 1
      vertex 9.5 60.3301 1
    endloop
  endfacet
  facet normal 0.442314 -0.89686 0
    outer loop
      vertex 10.0866 60.6194 1
      vertex 9.5 60.3301 0
      vertex 10.0866 60.6194 0
    endloop
  endfacet
  facet normal 0.0654432 -0.997856 0
    outer loop
      vertex 11.3474 60.9572 0
      vertex 12 61 1
      vertex 11.3474 60.9572 1
    endloop
  endfacet
  facet normal 0.0654432 -0.997856 0
    outer loop
      vertex 12 61 1
      vertex 11.3474 60.9572 0
      vertex 12 61 0
    endloop
  endfacet
  facet normal -0.195087 -0.980786 0
    outer loop
      vertex 12.6526 60.9572 0
      vertex 13.2941 60.8296 1
      vertex 12.6526 60.9572 1
    endloop
  endfacet
  facet normal -0.195087 -0.980786 -0
    outer loop
      vertex 13.2941 60.8296 1
      vertex 12.6526 60.9572 0
      vertex 13.2941 60.8296 0
    endloop
  endfacet
  facet normal 0.659409 0.751784 -0
    outer loop
      vertex 8.95619 52.0332 0
      vertex 8.46447 52.4645 1
      vertex 8.95619 52.0332 1
    endloop
  endfacet
  facet normal 0.659409 0.751784 0
    outer loop
      vertex 8.46447 52.4645 1
      vertex 8.95619 52.0332 0
      vertex 8.46447 52.4645 0
    endloop
  endfacet
  facet normal -0.751771 0.659424 0
    outer loop
      vertex 15.5355 52.4645 0
      vertex 15.9668 52.9562 1
      vertex 15.9668 52.9562 0
    endloop
  endfacet
  facet normal -0.751771 0.659424 0
    outer loop
      vertex 15.9668 52.9562 1
      vertex 15.5355 52.4645 0
      vertex 15.5355 52.4645 1
    endloop
  endfacet
  facet normal -0.321407 -0.946941 0
    outer loop
      vertex 13.2941 60.8296 0
      vertex 13.9134 60.6194 1
      vertex 13.2941 60.8296 1
    endloop
  endfacet
  facet normal -0.321407 -0.946941 -0
    outer loop
      vertex 13.9134 60.6194 1
      vertex 13.2941 60.8296 0
      vertex 13.9134 60.6194 0
    endloop
  endfacet
  facet normal 0.946927 0.321448 0
    outer loop
      vertex 7.3806 54.0866 1
      vertex 7.17037 54.7059 0
      vertex 7.17037 54.7059 1
    endloop
  endfacet
  facet normal 0.946927 0.321448 0
    outer loop
      vertex 7.17037 54.7059 0
      vertex 7.3806 54.0866 1
      vertex 7.3806 54.0866 0
    endloop
  endfacet
  facet normal -0.831509 0.555512 0
    outer loop
      vertex 15.9668 52.9562 0
      vertex 16.3301 53.5 1
      vertex 16.3301 53.5 0
    endloop
  endfacet
  facet normal -0.831509 0.555512 0
    outer loop
      vertex 16.3301 53.5 1
      vertex 15.9668 52.9562 0
      vertex 15.9668 52.9562 1
    endloop
  endfacet
  facet normal 0.980789 -0.195072 0
    outer loop
      vertex 7.04278 56.6526 1
      vertex 7.17037 57.2941 0
      vertex 7.17037 57.2941 1
    endloop
  endfacet
  facet normal 0.980789 -0.195072 0
    outer loop
      vertex 7.17037 57.2941 0
      vertex 7.04278 56.6526 1
      vertex 7.04278 56.6526 0
    endloop
  endfacet
  facet normal -0.89686 -0.442314 0
    outer loop
      vertex 16.6194 57.9134 0
      vertex 16.3301 58.5 1
      vertex 16.3301 58.5 0
    endloop
  endfacet
  facet normal -0.89686 -0.442314 0
    outer loop
      vertex 16.3301 58.5 1
      vertex 16.6194 57.9134 0
      vertex 16.6194 57.9134 1
    endloop
  endfacet
  facet normal -0.0654432 0.997856 0
    outer loop
      vertex 12.6526 51.0428 0
      vertex 12 51 1
      vertex 12.6526 51.0428 1
    endloop
  endfacet
  facet normal -0.0654432 0.997856 0
    outer loop
      vertex 12 51 1
      vertex 12.6526 51.0428 0
      vertex 12 51 0
    endloop
  endfacet
  facet normal -0.751771 -0.659424 0
    outer loop
      vertex 15.9668 59.0438 0
      vertex 15.5355 59.5355 1
      vertex 15.5355 59.5355 0
    endloop
  endfacet
  facet normal -0.751771 -0.659424 0
    outer loop
      vertex 15.5355 59.5355 1
      vertex 15.9668 59.0438 0
      vertex 15.9668 59.0438 1
    endloop
  endfacet
  facet normal -0.946941 -0.321407 0
    outer loop
      vertex 16.8296 57.2941 0
      vertex 16.6194 57.9134 1
      vertex 16.6194 57.9134 0
    endloop
  endfacet
  facet normal -0.946941 -0.321407 0
    outer loop
      vertex 16.6194 57.9134 1
      vertex 16.8296 57.2941 0
      vertex 16.8296 57.2941 1
    endloop
  endfacet
  facet normal 0.896878 -0.442277 0
    outer loop
      vertex 7.3806 57.9134 1
      vertex 7.66987 58.5 0
      vertex 7.66987 58.5 1
    endloop
  endfacet
  facet normal 0.896878 -0.442277 0
    outer loop
      vertex 7.66987 58.5 0
      vertex 7.3806 57.9134 1
      vertex 7.3806 57.9134 0
    endloop
  endfacet
  facet normal 0.321407 -0.946941 0
    outer loop
      vertex 10.0866 60.6194 0
      vertex 10.7059 60.8296 1
      vertex 10.0866 60.6194 1
    endloop
  endfacet
  facet normal 0.321407 -0.946941 0
    outer loop
      vertex 10.7059 60.8296 1
      vertex 10.0866 60.6194 0
      vertex 10.7059 60.8296 0
    endloop
  endfacet
  facet normal -0.442314 0.89686 0
    outer loop
      vertex 14.5 51.6699 0
      vertex 13.9134 51.3806 1
      vertex 14.5 51.6699 1
    endloop
  endfacet
  facet normal -0.442314 0.89686 0
    outer loop
      vertex 13.9134 51.3806 1
      vertex 14.5 51.6699 0
      vertex 13.9134 51.3806 0
    endloop
  endfacet
  facet normal 0.195087 0.980786 -0
    outer loop
      vertex 11.3474 51.0428 0
      vertex 10.7059 51.1704 1
      vertex 11.3474 51.0428 1
    endloop
  endfacet
  facet normal 0.195087 0.980786 0
    outer loop
      vertex 10.7059 51.1704 1
      vertex 11.3474 51.0428 0
      vertex 10.7059 51.1704 0
    endloop
  endfacet
  facet normal 0.442314 0.89686 -0
    outer loop
      vertex 10.0866 51.3806 0
      vertex 9.5 51.6699 1
      vertex 10.0866 51.3806 1
    endloop
  endfacet
  facet normal 0.442314 0.89686 0
    outer loop
      vertex 9.5 51.6699 1
      vertex 10.0866 51.3806 0
      vertex 9.5 51.6699 0
    endloop
  endfacet
  facet normal -0.751784 0.659409 0
    outer loop
      vertex 99.5355 6.46447 0
      vertex 99.9668 6.95619 1
      vertex 99.9668 6.95619 0
    endloop
  endfacet
  facet normal -0.751784 0.659409 0
    outer loop
      vertex 99.9668 6.95619 1
      vertex 99.5355 6.46447 0
      vertex 99.5355 6.46447 1
    endloop
  endfacet
  facet normal -0.0654128 0.997858 0
    outer loop
      vertex 96.6526 5.04278 0
      vertex 96 5 1
      vertex 96.6526 5.04278 1
    endloop
  endfacet
  facet normal -0.0654128 0.997858 0
    outer loop
      vertex 96 5 1
      vertex 96.6526 5.04278 0
      vertex 96 5 0
    endloop
  endfacet
  facet normal -0.897042 -0.441945 0
    outer loop
      vertex 100.619 11.9134 0
      vertex 100.33 12.5 1
      vertex 100.33 12.5 0
    endloop
  endfacet
  facet normal -0.897042 -0.441945 0
    outer loop
      vertex 100.33 12.5 1
      vertex 100.619 11.9134 0
      vertex 100.619 11.9134 1
    endloop
  endfacet
  facet normal -0.831579 -0.555406 0
    outer loop
      vertex 100.33 12.5 0
      vertex 99.9668 13.0438 1
      vertex 99.9668 13.0438 0
    endloop
  endfacet
  facet normal -0.831579 -0.555406 0
    outer loop
      vertex 99.9668 13.0438 1
      vertex 100.33 12.5 0
      vertex 100.33 12.5 1
    endloop
  endfacet
  facet normal -0.980961 -0.194204 0
    outer loop
      vertex 100.957 10.6526 0
      vertex 100.83 11.2941 1
      vertex 100.83 11.2941 0
    endloop
  endfacet
  facet normal -0.980961 -0.194204 0
    outer loop
      vertex 100.83 11.2941 1
      vertex 100.957 10.6526 0
      vertex 100.957 10.6526 1
    endloop
  endfacet
  facet normal 0.195072 0.980789 -0
    outer loop
      vertex 95.3474 5.04278 0
      vertex 94.7059 5.17037 1
      vertex 95.3474 5.04278 1
    endloop
  endfacet
  facet normal 0.195072 0.980789 0
    outer loop
      vertex 94.7059 5.17037 1
      vertex 95.3474 5.04278 0
      vertex 94.7059 5.17037 0
    endloop
  endfacet
  facet normal 0.997856 -0.0654432 0
    outer loop
      vertex 91 10 1
      vertex 91.0428 10.6526 0
      vertex 91.0428 10.6526 1
    endloop
  endfacet
  facet normal 0.997856 -0.0654432 0
    outer loop
      vertex 91.0428 10.6526 0
      vertex 91 10 1
      vertex 91 10 0
    endloop
  endfacet
  facet normal -0.659424 -0.751771 0
    outer loop
      vertex 99.0438 13.9668 0
      vertex 99.5355 13.5355 1
      vertex 99.0438 13.9668 1
    endloop
  endfacet
  facet normal -0.659424 -0.751771 -0
    outer loop
      vertex 99.5355 13.5355 1
      vertex 99.0438 13.9668 0
      vertex 99.5355 13.5355 0
    endloop
  endfacet
  facet normal 0.751771 -0.659424 0
    outer loop
      vertex 92.0332 13.0438 1
      vertex 92.4645 13.5355 0
      vertex 92.4645 13.5355 1
    endloop
  endfacet
  facet normal 0.751771 -0.659424 0
    outer loop
      vertex 92.4645 13.5355 0
      vertex 92.0332 13.0438 1
      vertex 92.0332 13.0438 0
    endloop
  endfacet
  facet normal 0.321448 0.946927 -0
    outer loop
      vertex 94.7059 5.17037 0
      vertex 94.0866 5.3806 1
      vertex 94.7059 5.17037 1
    endloop
  endfacet
  facet normal 0.321448 0.946927 0
    outer loop
      vertex 94.0866 5.3806 1
      vertex 94.7059 5.17037 0
      vertex 94.0866 5.3806 0
    endloop
  endfacet
  facet normal -0.195072 0.980789 0
    outer loop
      vertex 97.2941 5.17037 0
      vertex 96.6526 5.04278 1
      vertex 97.2941 5.17037 1
    endloop
  endfacet
  facet normal -0.195072 0.980789 0
    outer loop
      vertex 96.6526 5.04278 1
      vertex 97.2941 5.17037 0
      vertex 96.6526 5.04278 0
    endloop
  endfacet
  facet normal 0.980784 0.195096 0
    outer loop
      vertex 91.1704 8.7059 1
      vertex 91.0428 9.34737 0
      vertex 91.0428 9.34737 1
    endloop
  endfacet
  facet normal 0.980784 0.195096 0
    outer loop
      vertex 91.0428 9.34737 0
      vertex 91.1704 8.7059 1
      vertex 91.1704 8.7059 0
    endloop
  endfacet
  facet normal 0.896854 0.442327 0
    outer loop
      vertex 91.6699 7.5 1
      vertex 91.3806 8.08658 0
      vertex 91.3806 8.08658 1
    endloop
  endfacet
  facet normal 0.896854 0.442327 0
    outer loop
      vertex 91.3806 8.08658 0
      vertex 91.6699 7.5 1
      vertex 91.6699 7.5 0
    endloop
  endfacet
  facet normal -0.997836 -0.0657477 0
    outer loop
      vertex 101 10 0
      vertex 100.957 10.6526 1
      vertex 100.957 10.6526 0
    endloop
  endfacet
  facet normal -0.997836 -0.0657477 0
    outer loop
      vertex 100.957 10.6526 1
      vertex 101 10 0
      vertex 101 10 1
    endloop
  endfacet
  facet normal -0.0654432 -0.997856 0
    outer loop
      vertex 96 15 0
      vertex 96.6526 14.9572 1
      vertex 96 15 1
    endloop
  endfacet
  facet normal -0.0654432 -0.997856 -0
    outer loop
      vertex 96.6526 14.9572 1
      vertex 96 15 0
      vertex 96.6526 14.9572 0
    endloop
  endfacet
  facet normal 0.195087 -0.980786 0
    outer loop
      vertex 94.7059 14.8296 0
      vertex 95.3474 14.9572 1
      vertex 94.7059 14.8296 1
    endloop
  endfacet
  facet normal 0.195087 -0.980786 0
    outer loop
      vertex 95.3474 14.9572 1
      vertex 94.7059 14.8296 0
      vertex 95.3474 14.9572 0
    endloop
  endfacet
  facet normal 0.831514 0.555504 0
    outer loop
      vertex 92.0332 6.95619 1
      vertex 91.6699 7.5 0
      vertex 91.6699 7.5 1
    endloop
  endfacet
  facet normal 0.831514 0.555504 0
    outer loop
      vertex 91.6699 7.5 0
      vertex 92.0332 6.95619 1
      vertex 92.0332 6.95619 0
    endloop
  endfacet
  facet normal -0.946572 0.322493 0
    outer loop
      vertex 100.619 8.08658 0
      vertex 100.83 8.7059 1
      vertex 100.83 8.7059 0
    endloop
  endfacet
  facet normal -0.946572 0.322493 0
    outer loop
      vertex 100.83 8.7059 1
      vertex 100.619 8.08658 0
      vertex 100.619 8.08658 1
    endloop
  endfacet
  facet normal -0.751771 -0.659424 0
    outer loop
      vertex 99.9668 13.0438 0
      vertex 99.5355 13.5355 1
      vertex 99.5355 13.5355 0
    endloop
  endfacet
  facet normal -0.751771 -0.659424 0
    outer loop
      vertex 99.5355 13.5355 1
      vertex 99.9668 13.0438 0
      vertex 99.9668 13.0438 1
    endloop
  endfacet
  facet normal -0.321407 -0.946941 0
    outer loop
      vertex 97.2941 14.8296 0
      vertex 97.9134 14.6194 1
      vertex 97.2941 14.8296 1
    endloop
  endfacet
  facet normal -0.321407 -0.946941 -0
    outer loop
      vertex 97.9134 14.6194 1
      vertex 97.2941 14.8296 0
      vertex 97.9134 14.6194 0
    endloop
  endfacet
  facet normal 0.89686 -0.442314 0
    outer loop
      vertex 91.3806 11.9134 1
      vertex 91.6699 12.5 0
      vertex 91.6699 12.5 1
    endloop
  endfacet
  facet normal 0.89686 -0.442314 0
    outer loop
      vertex 91.6699 12.5 0
      vertex 91.3806 11.9134 1
      vertex 91.3806 11.9134 0
    endloop
  endfacet
  facet normal -0.442314 -0.89686 0
    outer loop
      vertex 97.9134 14.6194 0
      vertex 98.5 14.3301 1
      vertex 97.9134 14.6194 1
    endloop
  endfacet
  facet normal -0.442314 -0.89686 -0
    outer loop
      vertex 98.5 14.3301 1
      vertex 97.9134 14.6194 0
      vertex 98.5 14.3301 0
    endloop
  endfacet
  facet normal 0.831509 -0.555512 0
    outer loop
      vertex 91.6699 12.5 1
      vertex 92.0332 13.0438 0
      vertex 92.0332 13.0438 1
    endloop
  endfacet
  facet normal 0.831509 -0.555512 0
    outer loop
      vertex 92.0332 13.0438 0
      vertex 91.6699 12.5 1
      vertex 91.6699 12.5 0
    endloop
  endfacet
  facet normal -0.555512 -0.831509 0
    outer loop
      vertex 98.5 14.3301 0
      vertex 99.0438 13.9668 1
      vertex 98.5 14.3301 1
    endloop
  endfacet
  facet normal -0.555512 -0.831509 -0
    outer loop
      vertex 99.0438 13.9668 1
      vertex 98.5 14.3301 0
      vertex 99.0438 13.9668 0
    endloop
  endfacet
  facet normal 0.946944 0.321397 0
    outer loop
      vertex 91.3806 8.08658 1
      vertex 91.1704 8.7059 0
      vertex 91.1704 8.7059 1
    endloop
  endfacet
  facet normal 0.946944 0.321397 0
    outer loop
      vertex 91.1704 8.7059 0
      vertex 91.3806 8.08658 1
      vertex 91.3806 8.08658 0
    endloop
  endfacet
  facet normal 0.997856 0.0654402 0
    outer loop
      vertex 91.0428 9.34737 1
      vertex 91 10 0
      vertex 91 10 1
    endloop
  endfacet
  facet normal 0.997856 0.0654402 0
    outer loop
      vertex 91 10 0
      vertex 91.0428 9.34737 1
      vertex 91.0428 9.34737 0
    endloop
  endfacet
  facet normal -0.897036 0.441957 0
    outer loop
      vertex 100.33 7.5 0
      vertex 100.619 8.08658 1
      vertex 100.619 8.08658 0
    endloop
  endfacet
  facet normal -0.897036 0.441957 0
    outer loop
      vertex 100.619 8.08658 1
      vertex 100.33 7.5 0
      vertex 100.33 7.5 1
    endloop
  endfacet
  facet normal 0.751784 0.659409 0
    outer loop
      vertex 92.4645 6.46447 1
      vertex 92.0332 6.95619 0
      vertex 92.0332 6.95619 1
    endloop
  endfacet
  facet normal 0.751784 0.659409 0
    outer loop
      vertex 92.0332 6.95619 0
      vertex 92.4645 6.46447 1
      vertex 92.4645 6.46447 0
    endloop
  endfacet
  facet normal -0.946569 -0.322503 0
    outer loop
      vertex 100.83 11.2941 0
      vertex 100.619 11.9134 1
      vertex 100.619 11.9134 0
    endloop
  endfacet
  facet normal -0.946569 -0.322503 0
    outer loop
      vertex 100.619 11.9134 1
      vertex 100.83 11.2941 0
      vertex 100.83 11.2941 1
    endloop
  endfacet
  facet normal 0.321407 -0.946941 0
    outer loop
      vertex 94.0866 14.6194 0
      vertex 94.7059 14.8296 1
      vertex 94.0866 14.6194 1
    endloop
  endfacet
  facet normal 0.321407 -0.946941 0
    outer loop
      vertex 94.7059 14.8296 1
      vertex 94.0866 14.6194 0
      vertex 94.7059 14.8296 0
    endloop
  endfacet
  facet normal -0.555575 0.831466 0
    outer loop
      vertex 99.0438 6.03323 0
      vertex 98.5 5.66987 1
      vertex 99.0438 6.03323 1
    endloop
  endfacet
  facet normal -0.555575 0.831466 0
    outer loop
      vertex 98.5 5.66987 1
      vertex 99.0438 6.03323 0
      vertex 98.5 5.66987 0
    endloop
  endfacet
  facet normal 0.442277 0.896878 -0
    outer loop
      vertex 94.0866 5.3806 0
      vertex 93.5 5.66987 1
      vertex 94.0866 5.3806 1
    endloop
  endfacet
  facet normal 0.442277 0.896878 0
    outer loop
      vertex 93.5 5.66987 1
      vertex 94.0866 5.3806 0
      vertex 93.5 5.66987 0
    endloop
  endfacet
  facet normal 0.442314 -0.89686 0
    outer loop
      vertex 93.5 14.3301 0
      vertex 94.0866 14.6194 1
      vertex 93.5 14.3301 1
    endloop
  endfacet
  facet normal 0.442314 -0.89686 0
    outer loop
      vertex 94.0866 14.6194 1
      vertex 93.5 14.3301 0
      vertex 94.0866 14.6194 0
    endloop
  endfacet
  facet normal -0.831584 0.555399 0
    outer loop
      vertex 99.9668 6.95619 0
      vertex 100.33 7.5 1
      vertex 100.33 7.5 0
    endloop
  endfacet
  facet normal -0.831584 0.555399 0
    outer loop
      vertex 100.33 7.5 1
      vertex 99.9668 6.95619 0
      vertex 99.9668 6.95619 1
    endloop
  endfacet
  facet normal 0.555512 -0.831509 0
    outer loop
      vertex 92.9562 13.9668 0
      vertex 93.5 14.3301 1
      vertex 92.9562 13.9668 1
    endloop
  endfacet
  facet normal 0.555512 -0.831509 0
    outer loop
      vertex 93.5 14.3301 1
      vertex 92.9562 13.9668 0
      vertex 93.5 14.3301 0
    endloop
  endfacet
  facet normal 0.659372 0.751817 -0
    outer loop
      vertex 92.9562 6.03323 0
      vertex 92.4645 6.46447 1
      vertex 92.9562 6.03323 1
    endloop
  endfacet
  facet normal 0.659372 0.751817 0
    outer loop
      vertex 92.4645 6.46447 1
      vertex 92.9562 6.03323 0
      vertex 92.4645 6.46447 0
    endloop
  endfacet
  facet normal -0.997836 0.0657447 0
    outer loop
      vertex 100.957 9.34737 0
      vertex 101 10 1
      vertex 101 10 0
    endloop
  endfacet
  facet normal -0.997836 0.0657447 0
    outer loop
      vertex 101 10 1
      vertex 100.957 9.34737 0
      vertex 100.957 9.34737 1
    endloop
  endfacet
  facet normal 0.980786 -0.195087 0
    outer loop
      vertex 91.0428 10.6526 1
      vertex 91.1704 11.2941 0
      vertex 91.1704 11.2941 1
    endloop
  endfacet
  facet normal 0.980786 -0.195087 0
    outer loop
      vertex 91.1704 11.2941 0
      vertex 91.0428 10.6526 1
      vertex 91.0428 10.6526 0
    endloop
  endfacet
  facet normal -0.980959 0.194213 0
    outer loop
      vertex 100.83 8.7059 0
      vertex 100.957 9.34737 1
      vertex 100.957 9.34737 0
    endloop
  endfacet
  facet normal -0.980959 0.194213 0
    outer loop
      vertex 100.957 9.34737 1
      vertex 100.83 8.7059 0
      vertex 100.83 8.7059 1
    endloop
  endfacet
  facet normal 0.659424 -0.751771 0
    outer loop
      vertex 92.4645 13.5355 0
      vertex 92.9562 13.9668 1
      vertex 92.4645 13.5355 1
    endloop
  endfacet
  facet normal 0.659424 -0.751771 0
    outer loop
      vertex 92.9562 13.9668 1
      vertex 92.4645 13.5355 0
      vertex 92.9562 13.9668 0
    endloop
  endfacet
  facet normal 0.0654432 -0.997856 0
    outer loop
      vertex 95.3474 14.9572 0
      vertex 96 15 1
      vertex 95.3474 14.9572 1
    endloop
  endfacet
  facet normal 0.0654432 -0.997856 0
    outer loop
      vertex 96 15 1
      vertex 95.3474 14.9572 0
      vertex 96 15 0
    endloop
  endfacet
  facet normal 0.555575 0.831466 -0
    outer loop
      vertex 93.5 5.66987 0
      vertex 92.9562 6.03323 1
      vertex 93.5 5.66987 1
    endloop
  endfacet
  facet normal 0.555575 0.831466 0
    outer loop
      vertex 92.9562 6.03323 1
      vertex 93.5 5.66987 0
      vertex 92.9562 6.03323 0
    endloop
  endfacet
  facet normal -0.195087 -0.980786 0
    outer loop
      vertex 96.6526 14.9572 0
      vertex 97.2941 14.8296 1
      vertex 96.6526 14.9572 1
    endloop
  endfacet
  facet normal -0.195087 -0.980786 -0
    outer loop
      vertex 97.2941 14.8296 1
      vertex 96.6526 14.9572 0
      vertex 97.2941 14.8296 0
    endloop
  endfacet
  facet normal -0.321448 0.946927 0
    outer loop
      vertex 97.9134 5.3806 0
      vertex 97.2941 5.17037 1
      vertex 97.9134 5.3806 1
    endloop
  endfacet
  facet normal -0.321448 0.946927 0
    outer loop
      vertex 97.2941 5.17037 1
      vertex 97.9134 5.3806 0
      vertex 97.2941 5.17037 0
    endloop
  endfacet
  facet normal -0.442277 0.896878 0
    outer loop
      vertex 98.5 5.66987 0
      vertex 97.9134 5.3806 1
      vertex 98.5 5.66987 1
    endloop
  endfacet
  facet normal -0.442277 0.896878 0
    outer loop
      vertex 97.9134 5.3806 1
      vertex 98.5 5.66987 0
      vertex 97.9134 5.3806 0
    endloop
  endfacet
  facet normal -0.659372 0.751817 0
    outer loop
      vertex 99.5355 6.46447 0
      vertex 99.0438 6.03323 1
      vertex 99.5355 6.46447 1
    endloop
  endfacet
  facet normal -0.659372 0.751817 0
    outer loop
      vertex 99.0438 6.03323 1
      vertex 99.5355 6.46447 0
      vertex 99.0438 6.03323 0
    endloop
  endfacet
  facet normal 0.0654128 0.997858 -0
    outer loop
      vertex 96 5 0
      vertex 95.3474 5.04278 1
      vertex 96 5 1
    endloop
  endfacet
  facet normal 0.0654128 0.997858 0
    outer loop
      vertex 95.3474 5.04278 1
      vertex 96 5 0
      vertex 95.3474 5.04278 0
    endloop
  endfacet
  facet normal 0.946941 -0.321407 0
    outer loop
      vertex 91.1704 11.2941 1
      vertex 91.3806 11.9134 0
      vertex 91.3806 11.9134 1
    endloop
  endfacet
  facet normal 0.946941 -0.321407 0
    outer loop
      vertex 91.3806 11.9134 0
      vertex 91.1704 11.2941 1
      vertex 91.1704 11.2941 0
    endloop
  endfacet
  facet normal 0 0 -1
    outer loop
      vertex 100.957 9.34737 1
      vertex 100.957 10.6526 1
      vertex 101 10 1
    endloop
  endfacet
  facet normal 0 0 -1
    outer loop
      vertex 100.83 8.7059 1
      vertex 100.957 10.6526 1
      vertex 100.957 9.34737 1
    endloop
  endfacet
  facet normal 0 0 -1
    outer loop
      vertex 100.83 8.7059 1
      vertex 100.83 11.2941 1
      vertex 100.957 10.6526 1
    endloop
  endfacet
  facet normal 0 0 -1
    outer loop
      vertex 100.619 8.08658 1
      vertex 100.83 11.2941 1
      vertex 100.83 8.7059 1
    endloop
  endfacet
  facet normal 0 0 -1
    outer loop
      vertex 100.619 8.08658 1
      vertex 100.619 11.9134 1
      vertex 100.83 11.2941 1
    endloop
  endfacet
  facet normal 0 0 -1
    outer loop
      vertex 100.33 7.5 1
      vertex 100.619 11.9134 1
      vertex 100.619 8.08658 1
    endloop
  endfacet
  facet normal 0 0 -1
    outer loop
      vertex 100.33 7.5 1
      vertex 100.33 12.5 1
      vertex 100.619 11.9134 1
    endloop
  endfacet
  facet normal 0 0 -1
    outer loop
      vertex 99.9668 6.95619 1
      vertex 100.33 12.5 1
      vertex 100.33 7.5 1
    endloop
  endfacet
  facet normal 0 0 -1
    outer loop
      vertex 99.9668 6.95619 1
      vertex 99.9668 13.0438 1
      vertex 100.33 12.5 1
    endloop
  endfacet
  facet normal 0 0 -1
    outer loop
      vertex 99.5355 6.46447 1
      vertex 99.9668 13.0438 1
      vertex 99.9668 6.95619 1
    endloop
  endfacet
  facet normal 0 0 -1
    outer loop
      vertex 99.5355 6.46447 1
      vertex 99.5355 13.5355 1
      vertex 99.9668 13.0438 1
    endloop
  endfacet
  facet normal 0 0 -1
    outer loop
      vertex 99.0438 6.03323 1
      vertex 99.5355 13.5355 1
      vertex 99.5355 6.46447 1
    endloop
  endfacet
  facet normal 0 0 -1
    outer loop
      vertex 99.0438 6.03323 1
      vertex 99.0438 13.9668 1
      vertex 99.5355 13.5355 1
    endloop
  endfacet
  facet normal 0 0 -1
    outer loop
      vertex 98.5 5.66987 1
      vertex 99.0438 13.9668 1
      vertex 99.0438 6.03323 1
    endloop
  endfacet
  facet normal 0 0 -1
    outer loop
      vertex 98.5 5.66987 1
      vertex 98.5 14.3301 1
      vertex 99.0438 13.9668 1
    endloop
  endfacet
  facet normal 0 0 -1
    outer loop
      vertex 97.9134 5.3806 1
      vertex 98.5 14.3301 1
      vertex 98.5 5.66987 1
    endloop
  endfacet
  facet normal 0 0 -1
    outer loop
      vertex 97.9134 5.3806 1
      vertex 97.9134 14.6194 1
      vertex 98.5 14.3301 1
    endloop
  endfacet
  facet normal 0 0 -1
    outer loop
      vertex 97.2941 5.17037 1
      vertex 97.9134 14.6194 1
      vertex 97.9134 5.3806 1
    endloop
  endfacet
  facet normal 0 0 -1
    outer loop
      vertex 97.2941 5.17037 1
      vertex 97.2941 14.8296 1
      vertex 97.9134 14.6194 1
    endloop
  endfacet
  facet normal 0 0 -1
    outer loop
      vertex 96.6526 5.04278 1
      vertex 97.2941 14.8296 1
      vertex 97.2941 5.17037 1
    endloop
  endfacet
  facet normal 0 0 -1
    outer loop
      vertex 96.6526 5.04278 1
      vertex 96.6526 14.9572 1
      vertex 97.2941 14.8296 1
    endloop
  endfacet
  facet normal 0 0 -1
    outer loop
      vertex 96 5 1
      vertex 96.6526 14.9572 1
      vertex 96.6526 5.04278 1
    endloop
  endfacet
  facet normal 0 0 -1
    outer loop
      vertex 96 5 1
      vertex 96 15 1
      vertex 96.6526 14.9572 1
    endloop
  endfacet
  facet normal 0 0 -1
    outer loop
      vertex 95.3474 5.04278 1
      vertex 96 15 1
      vertex 96 5 1
    endloop
  endfacet
  facet normal 0 0 -1
    outer loop
      vertex 95.3474 5.04278 1
      vertex 95.3474 14.9572 1
      vertex 96 15 1
    endloop
  endfacet
  facet normal 0 0 -1
    outer loop
      vertex 94.7059 5.17037 1
      vertex 95.3474 14.9572 1
      vertex 95.3474 5.04278 1
    endloop
  endfacet
  facet normal 0 0 -1
    outer loop
      vertex 94.7059 5.17037 1
      vertex 94.7059 14.8296 1
      vertex 95.3474 14.9572 1
    endloop
  endfacet
  facet normal 0 0 -1
    outer loop
      vertex 94.0866 5.3806 1
      vertex 94.7059 14.8296 1
      vertex 94.7059 5.17037 1
    endloop
  endfacet
  facet normal 0 0 -1
    outer loop
      vertex 94.0866 5.3806 1
      vertex 94.0866 14.6194 1
      vertex 94.7059 14.8296 1
    endloop
  endfacet
  facet normal 0 0 -1
    outer loop
      vertex 93.5 5.66987 1
      vertex 94.0866 14.6194 1
      vertex 94.0866 5.3806 1
    endloop
  endfacet
  facet normal 0 0 -1
    outer loop
      vertex 93.5 5.66987 1
      vertex 93.5 14.3301 1
      vertex 94.0866 14.6194 1
    endloop
  endfacet
  facet normal 0 0 -1
    outer loop
      vertex 92.9562 6.03323 1
      vertex 93.5 14.3301 1
      vertex 93.5 5.66987 1
    endloop
  endfacet
  facet normal 0 0 -1
    outer loop
      vertex 92.9562 6.03323 1
      vertex 92.9562 13.9668 1
      vertex 93.5 14.3301 1
    endloop
  endfacet
  facet normal 0 0 -1
    outer loop
      vertex 92.4645 6.46447 1
      vertex 92.9562 13.9668 1
      vertex 92.9562 6.03323 1
    endloop
  endfacet
  facet normal 0 0 -1
    outer loop
      vertex 92.4645 6.46447 1
      vertex 92.4645 13.5355 1
      vertex 92.9562 13.9668 1
    endloop
  endfacet
  facet normal 0 0 -1
    outer loop
      vertex 92.0332 6.95619 1
      vertex 92.4645 13.5355 1
      vertex 92.4645 6.46447 1
    endloop
  endfacet
  facet normal 0 0 -1
    outer loop
      vertex 92.0332 6.95619 1
      vertex 92.0332 13.0438 1
      vertex 92.4645 13.5355 1
    endloop
  endfacet
  facet normal 0 0 -1
    outer loop
      vertex 91.6699 7.5 1
      vertex 92.0332 13.0438 1
      vertex 92.0332 6.95619 1
    endloop
  endfacet
  facet normal 0 0 -1
    outer loop
      vertex 91.6699 7.5 1
      vertex 91.6699 12.5 1
      vertex 92.0332 13.0438 1
    endloop
  endfacet
  facet normal 0 0 -1
    outer loop
      vertex 91.3806 8.08658 1
      vertex 91.6699 12.5 1
      vertex 91.6699 7.5 1
    endloop
  endfacet
  facet normal 0 0 -1
    outer loop
      vertex 91.3806 8.08658 1
      vertex 91.3806 11.9134 1
      vertex 91.6699 12.5 1
    endloop
  endfacet
  facet normal 0 0 -1
    outer loop
      vertex 91.1704 8.7059 1
      vertex 91.3806 11.9134 1
      vertex 91.3806 8.08658 1
    endloop
  endfacet
  facet normal 0 0 -1
    outer loop
      vertex 91.1704 8.7059 1
      vertex 91.1704 11.2941 1
      vertex 91.3806 11.9134 1
    endloop
  endfacet
  facet normal 0 0 -1
    outer loop
      vertex 91.0428 9.34737 1
      vertex 91.1704 11.2941 1
      vertex 91.1704 8.7059 1
    endloop
  endfacet
  facet normal 0 0 -1
    outer loop
      vertex 91.0428 9.34737 1
      vertex 91.0428 10.6526 1
      vertex 91.1704 11.2941 1
    endloop
  endfacet
  facet normal 0 -0 -1
    outer loop
      vertex 91.0428 10.6526 1
      vertex 91.0428 9.34737 1
      vertex 91 10 1
    endloop
  endfacet
  facet normal -0.195087 0.980786 0
    outer loop
      vertex 97.2941 51.1704 0
      vertex 96.6526 51.0428 1
      vertex 97.2941 51.1704 1
    endloop
  endfacet
  facet normal -0.195087 0.980786 0
    outer loop
      vertex 96.6526 51.0428 1
      vertex 97.2941 51.1704 0
      vertex 96.6526 51.0428 0
    endloop
  endfacet
  facet normal -0.980961 -0.194204 0
    outer loop
      vertex 100.957 56.6526 0
      vertex 100.83 57.2941 1
      vertex 100.83 57.2941 0
    endloop
  endfacet
  facet normal -0.980961 -0.194204 0
    outer loop
      vertex 100.83 57.2941 1
      vertex 100.957 56.6526 0
      vertex 100.957 56.6526 1
    endloop
  endfacet
  facet normal -0.997836 -0.0657477 0
    outer loop
      vertex 101 56 0
      vertex 100.957 56.6526 1
      vertex 100.957 56.6526 0
    endloop
  endfacet
  facet normal -0.997836 -0.0657477 0
    outer loop
      vertex 100.957 56.6526 1
      vertex 101 56 0
      vertex 101 56 1
    endloop
  endfacet
  facet normal 0.997856 0.0654432 0
    outer loop
      vertex 91.0428 55.3474 1
      vertex 91 56 0
      vertex 91 56 1
    endloop
  endfacet
  facet normal 0.997856 0.0654432 0
    outer loop
      vertex 91 56 0
      vertex 91.0428 55.3474 1
      vertex 91.0428 55.3474 0
    endloop
  endfacet
  facet normal 0.321407 0.946941 -0
    outer loop
      vertex 94.7059 51.1704 0
      vertex 94.0866 51.3806 1
      vertex 94.7059 51.1704 1
    endloop
  endfacet
  facet normal 0.321407 0.946941 0
    outer loop
      vertex 94.0866 51.3806 1
      vertex 94.7059 51.1704 0
      vertex 94.0866 51.3806 0
    endloop
  endfacet
  facet normal 0.442314 0.89686 -0
    outer loop
      vertex 94.0866 51.3806 0
      vertex 93.5 51.6699 1
      vertex 94.0866 51.3806 1
    endloop
  endfacet
  facet normal 0.442314 0.89686 0
    outer loop
      vertex 93.5 51.6699 1
      vertex 94.0866 51.3806 0
      vertex 93.5 51.6699 0
    endloop
  endfacet
  facet normal 0.195087 0.980786 -0
    outer loop
      vertex 95.3474 51.0428 0
      vertex 94.7059 51.1704 1
      vertex 95.3474 51.0428 1
    endloop
  endfacet
  facet normal 0.195087 0.980786 0
    outer loop
      vertex 94.7059 51.1704 1
      vertex 95.3474 51.0428 0
      vertex 94.7059 51.1704 0
    endloop
  endfacet
  facet normal -0.946569 0.322503 0
    outer loop
      vertex 100.619 54.0866 0
      vertex 100.83 54.7059 1
      vertex 100.83 54.7059 0
    endloop
  endfacet
  facet normal -0.946569 0.322503 0
    outer loop
      vertex 100.83 54.7059 1
      vertex 100.619 54.0866 0
      vertex 100.619 54.0866 1
    endloop
  endfacet
  facet normal 0.997856 -0.0654432 0
    outer loop
      vertex 91 56 1
      vertex 91.0428 56.6526 0
      vertex 91.0428 56.6526 1
    endloop
  endfacet
  facet normal 0.997856 -0.0654432 0
    outer loop
      vertex 91.0428 56.6526 0
      vertex 91 56 1
      vertex 91 56 0
    endloop
  endfacet
  facet normal 0.0654432 0.997856 -0
    outer loop
      vertex 96 51 0
      vertex 95.3474 51.0428 1
      vertex 96 51 1
    endloop
  endfacet
  facet normal 0.0654432 0.997856 0
    outer loop
      vertex 95.3474 51.0428 1
      vertex 96 51 0
      vertex 95.3474 51.0428 0
    endloop
  endfacet
  facet normal 0.831509 -0.555512 0
    outer loop
      vertex 91.6699 58.5 1
      vertex 92.0332 59.0438 0
      vertex 92.0332 59.0438 1
    endloop
  endfacet
  facet normal 0.831509 -0.555512 0
    outer loop
      vertex 92.0332 59.0438 0
      vertex 91.6699 58.5 1
      vertex 91.6699 58.5 0
    endloop
  endfacet
  facet normal -0.980961 0.194204 0
    outer loop
      vertex 100.83 54.7059 0
      vertex 100.957 55.3474 1
      vertex 100.957 55.3474 0
    endloop
  endfacet
  facet normal -0.980961 0.194204 0
    outer loop
      vertex 100.957 55.3474 1
      vertex 100.83 54.7059 0
      vertex 100.83 54.7059 1
    endloop
  endfacet
  facet normal -0.659424 0.751771 0
    outer loop
      vertex 99.5355 52.4645 0
      vertex 99.0438 52.0332 1
      vertex 99.5355 52.4645 1
    endloop
  endfacet
  facet normal -0.659424 0.751771 0
    outer loop
      vertex 99.0438 52.0332 1
      vertex 99.5355 52.4645 0
      vertex 99.0438 52.0332 0
    endloop
  endfacet
  facet normal 0.980786 0.195087 0
    outer loop
      vertex 91.1704 54.7059 1
      vertex 91.0428 55.3474 0
      vertex 91.0428 55.3474 1
    endloop
  endfacet
  facet normal 0.980786 0.195087 0
    outer loop
      vertex 91.0428 55.3474 0
      vertex 91.1704 54.7059 1
      vertex 91.1704 54.7059 0
    endloop
  endfacet
  facet normal -0.831579 -0.555406 0
    outer loop
      vertex 100.33 58.5 0
      vertex 99.9668 59.0438 1
      vertex 99.9668 59.0438 0
    endloop
  endfacet
  facet normal -0.831579 -0.555406 0
    outer loop
      vertex 99.9668 59.0438 1
      vertex 100.33 58.5 0
      vertex 100.33 58.5 1
    endloop
  endfacet
  facet normal 0.555512 -0.831509 0
    outer loop
      vertex 92.9562 59.9668 0
      vertex 93.5 60.3301 1
      vertex 92.9562 59.9668 1
    endloop
  endfacet
  facet normal 0.555512 -0.831509 0
    outer loop
      vertex 93.5 60.3301 1
      vertex 92.9562 59.9668 0
      vertex 93.5 60.3301 0
    endloop
  endfacet
  facet normal -0.659424 -0.751771 0
    outer loop
      vertex 99.0438 59.9668 0
      vertex 99.5355 59.5355 1
      vertex 99.0438 59.9668 1
    endloop
  endfacet
  facet normal -0.659424 -0.751771 -0
    outer loop
      vertex 99.5355 59.5355 1
      vertex 99.0438 59.9668 0
      vertex 99.5355 59.5355 0
    endloop
  endfacet
  facet normal -0.442314 -0.89686 0
    outer loop
      vertex 97.9134 60.6194 0
      vertex 98.5 60.3301 1
      vertex 97.9134 60.6194 1
    endloop
  endfacet
  facet normal -0.442314 -0.89686 -0
    outer loop
      vertex 98.5 60.3301 1
      vertex 97.9134 60.6194 0
      vertex 98.5 60.3301 0
    endloop
  endfacet
  facet normal -0.897042 0.441945 0
    outer loop
      vertex 100.33 53.5 0
      vertex 100.619 54.0866 1
      vertex 100.619 54.0866 0
    endloop
  endfacet
  facet normal -0.897042 0.441945 0
    outer loop
      vertex 100.619 54.0866 1
      vertex 100.33 53.5 0
      vertex 100.33 53.5 1
    endloop
  endfacet
  facet normal 0.751771 0.659424 0
    outer loop
      vertex 92.4645 52.4645 1
      vertex 92.0332 52.9562 0
      vertex 92.0332 52.9562 1
    endloop
  endfacet
  facet normal 0.751771 0.659424 0
    outer loop
      vertex 92.0332 52.9562 0
      vertex 92.4645 52.4645 1
      vertex 92.4645 52.4645 0
    endloop
  endfacet
  facet normal -0.997836 0.0657477 0
    outer loop
      vertex 100.957 55.3474 0
      vertex 101 56 1
      vertex 101 56 0
    endloop
  endfacet
  facet normal -0.997836 0.0657477 0
    outer loop
      vertex 101 56 1
      vertex 100.957 55.3474 0
      vertex 100.957 55.3474 1
    endloop
  endfacet
  facet normal 0.751771 -0.659424 0
    outer loop
      vertex 92.0332 59.0438 1
      vertex 92.4645 59.5355 0
      vertex 92.4645 59.5355 1
    endloop
  endfacet
  facet normal 0.751771 -0.659424 0
    outer loop
      vertex 92.4645 59.5355 0
      vertex 92.0332 59.0438 1
      vertex 92.0332 59.0438 0
    endloop
  endfacet
  facet normal -0.555512 -0.831509 0
    outer loop
      vertex 98.5 60.3301 0
      vertex 99.0438 59.9668 1
      vertex 98.5 60.3301 1
    endloop
  endfacet
  facet normal -0.555512 -0.831509 -0
    outer loop
      vertex 99.0438 59.9668 1
      vertex 98.5 60.3301 0
      vertex 99.0438 59.9668 0
    endloop
  endfacet
  facet normal 0.946941 -0.321407 0
    outer loop
      vertex 91.1704 57.2941 1
      vertex 91.3806 57.9134 0
      vertex 91.3806 57.9134 1
    endloop
  endfacet
  facet normal 0.946941 -0.321407 0
    outer loop
      vertex 91.3806 57.9134 0
      vertex 91.1704 57.2941 1
      vertex 91.1704 57.2941 0
    endloop
  endfacet
  facet normal -0.0654432 -0.997856 0
    outer loop
      vertex 96 61 0
      vertex 96.6526 60.9572 1
      vertex 96 61 1
    endloop
  endfacet
  facet normal -0.0654432 -0.997856 -0
    outer loop
      vertex 96.6526 60.9572 1
      vertex 96 61 0
      vertex 96.6526 60.9572 0
    endloop
  endfacet
  facet normal -0.321407 0.946941 0
    outer loop
      vertex 97.9134 51.3806 0
      vertex 97.2941 51.1704 1
      vertex 97.9134 51.3806 1
    endloop
  endfacet
  facet normal -0.321407 0.946941 0
    outer loop
      vertex 97.2941 51.1704 1
      vertex 97.9134 51.3806 0
      vertex 97.2941 51.1704 0
    endloop
  endfacet
  facet normal 0.89686 0.442314 0
    outer loop
      vertex 91.6699 53.5 1
      vertex 91.3806 54.0866 0
      vertex 91.3806 54.0866 1
    endloop
  endfacet
  facet normal 0.89686 0.442314 0
    outer loop
      vertex 91.3806 54.0866 0
      vertex 91.6699 53.5 1
      vertex 91.6699 53.5 0
    endloop
  endfacet
  facet normal -0.555512 0.831509 0
    outer loop
      vertex 99.0438 52.0332 0
      vertex 98.5 51.6699 1
      vertex 99.0438 52.0332 1
    endloop
  endfacet
  facet normal -0.555512 0.831509 0
    outer loop
      vertex 98.5 51.6699 1
      vertex 99.0438 52.0332 0
      vertex 98.5 51.6699 0
    endloop
  endfacet
  facet normal 0 0 -1
    outer loop
      vertex 100.957 55.3474 1
      vertex 100.957 56.6526 1
      vertex 101 56 1
    endloop
  endfacet
  facet normal 0 0 -1
    outer loop
      vertex 100.83 54.7059 1
      vertex 100.957 56.6526 1
      vertex 100.957 55.3474 1
    endloop
  endfacet
  facet normal 0 0 -1
    outer loop
      vertex 100.83 54.7059 1
      vertex 100.83 57.2941 1
      vertex 100.957 56.6526 1
    endloop
  endfacet
  facet normal 0 0 -1
    outer loop
      vertex 100.619 54.0866 1
      vertex 100.83 57.2941 1
      vertex 100.83 54.7059 1
    endloop
  endfacet
  facet normal 0 0 -1
    outer loop
      vertex 100.619 54.0866 1
      vertex 100.619 57.9134 1
      vertex 100.83 57.2941 1
    endloop
  endfacet
  facet normal 0 0 -1
    outer loop
      vertex 100.33 53.5 1
      vertex 100.619 57.9134 1
      vertex 100.619 54.0866 1
    endloop
  endfacet
  facet normal 0 0 -1
    outer loop
      vertex 100.33 53.5 1
      vertex 100.33 58.5 1
      vertex 100.619 57.9134 1
    endloop
  endfacet
  facet normal 0 0 -1
    outer loop
      vertex 99.9668 52.9562 1
      vertex 100.33 58.5 1
      vertex 100.33 53.5 1
    endloop
  endfacet
  facet normal 0 0 -1
    outer loop
      vertex 99.9668 52.9562 1
      vertex 99.9668 59.0438 1
      vertex 100.33 58.5 1
    endloop
  endfacet
  facet normal 0 0 -1
    outer loop
      vertex 99.5355 52.4645 1
      vertex 99.9668 59.0438 1
      vertex 99.9668 52.9562 1
    endloop
  endfacet
  facet normal 0 0 -1
    outer loop
      vertex 99.5355 52.4645 1
      vertex 99.5355 59.5355 1
      vertex 99.9668 59.0438 1
    endloop
  endfacet
  facet normal 0 0 -1
    outer loop
      vertex 99.0438 52.0332 1
      vertex 99.5355 59.5355 1
      vertex 99.5355 52.4645 1
    endloop
  endfacet
  facet normal 0 0 -1
    outer loop
      vertex 99.0438 52.0332 1
      vertex 99.0438 59.9668 1
      vertex 99.5355 59.5355 1
    endloop
  endfacet
  facet normal 0 0 -1
    outer loop
      vertex 98.5 51.6699 1
      vertex 99.0438 59.9668 1
      vertex 99.0438 52.0332 1
    endloop
  endfacet
  facet normal 0 0 -1
    outer loop
      vertex 98.5 51.6699 1
      vertex 98.5 60.3301 1
      vertex 99.0438 59.9668 1
    endloop
  endfacet
  facet normal 0 0 -1
    outer loop
      vertex 97.9134 51.3806 1
      vertex 98.5 60.3301 1
      vertex 98.5 51.6699 1
    endloop
  endfacet
  facet normal 0 0 -1
    outer loop
      vertex 97.9134 51.3806 1
      vertex 97.9134 60.6194 1
      vertex 98.5 60.3301 1
    endloop
  endfacet
  facet normal 0 0 -1
    outer loop
      vertex 97.2941 51.1704 1
      vertex 97.9134 60.6194 1
      vertex 97.9134 51.3806 1
    endloop
  endfacet
  facet normal 0 0 -1
    outer loop
      vertex 97.2941 51.1704 1
      vertex 97.2941 60.8296 1
      vertex 97.9134 60.6194 1
    endloop
  endfacet
  facet normal 0 0 -1
    outer loop
      vertex 96.6526 51.0428 1
      vertex 97.2941 60.8296 1
      vertex 97.2941 51.1704 1
    endloop
  endfacet
  facet normal 0 0 -1
    outer loop
      vertex 96.6526 51.0428 1
      vertex 96.6526 60.9572 1
      vertex 97.2941 60.8296 1
    endloop
  endfacet
  facet normal 0 0 -1
    outer loop
      vertex 96 51 1
      vertex 96.6526 60.9572 1
      vertex 96.6526 51.0428 1
    endloop
  endfacet
  facet normal 0 0 -1
    outer loop
      vertex 96 51 1
      vertex 96 61 1
      vertex 96.6526 60.9572 1
    endloop
  endfacet
  facet normal 0 0 -1
    outer loop
      vertex 95.3474 51.0428 1
      vertex 96 61 1
      vertex 96 51 1
    endloop
  endfacet
  facet normal 0 0 -1
    outer loop
      vertex 95.3474 51.0428 1
      vertex 95.3474 60.9572 1
      vertex 96 61 1
    endloop
  endfacet
  facet normal 0 0 -1
    outer loop
      vertex 94.7059 51.1704 1
      vertex 95.3474 60.9572 1
      vertex 95.3474 51.0428 1
    endloop
  endfacet
  facet normal 0 0 -1
    outer loop
      vertex 94.7059 51.1704 1
      vertex 94.7059 60.8296 1
      vertex 95.3474 60.9572 1
    endloop
  endfacet
  facet normal 0 0 -1
    outer loop
      vertex 94.0866 51.3806 1
      vertex 94.7059 60.8296 1
      vertex 94.7059 51.1704 1
    endloop
  endfacet
  facet normal 0 0 -1
    outer loop
      vertex 94.0866 51.3806 1
      vertex 94.0866 60.6194 1
      vertex 94.7059 60.8296 1
    endloop
  endfacet
  facet normal 0 0 -1
    outer loop
      vertex 93.5 51.6699 1
      vertex 94.0866 60.6194 1
      vertex 94.0866 51.3806 1
    endloop
  endfacet
  facet normal 0 0 -1
    outer loop
      vertex 93.5 51.6699 1
      vertex 93.5 60.3301 1
      vertex 94.0866 60.6194 1
    endloop
  endfacet
  facet normal 0 0 -1
    outer loop
      vertex 92.9562 52.0332 1
      vertex 93.5 60.3301 1
      vertex 93.5 51.6699 1
    endloop
  endfacet
  facet normal 0 0 -1
    outer loop
      vertex 92.9562 52.0332 1
      vertex 92.9562 59.9668 1
      vertex 93.5 60.3301 1
    endloop
  endfacet
  facet normal 0 0 -1
    outer loop
      vertex 92.4645 52.4645 1
      vertex 92.9562 59.9668 1
      vertex 92.9562 52.0332 1
    endloop
  endfacet
  facet normal 0 0 -1
    outer loop
      vertex 92.4645 52.4645 1
      vertex 92.4645 59.5355 1
      vertex 92.9562 59.9668 1
    endloop
  endfacet
  facet normal 0 0 -1
    outer loop
      vertex 92.0332 52.9562 1
      vertex 92.4645 59.5355 1
      vertex 92.4645 52.4645 1
    endloop
  endfacet
  facet normal 0 0 -1
    outer loop
      vertex 92.0332 52.9562 1
      vertex 92.0332 59.0438 1
      vertex 92.4645 59.5355 1
    endloop
  endfacet
  facet normal 0 0 -1
    outer loop
      vertex 91.6699 53.5 1
      vertex 92.0332 59.0438 1
      vertex 92.0332 52.9562 1
    endloop
  endfacet
  facet normal 0 0 -1
    outer loop
      vertex 91.6699 53.5 1
      vertex 91.6699 58.5 1
      vertex 92.0332 59.0438 1
    endloop
  endfacet
  facet normal 0 0 -1
    outer loop
      vertex 91.3806 54.0866 1
      vertex 91.6699 58.5 1
      vertex 91.6699 53.5 1
    endloop
  endfacet
  facet normal 0 0 -1
    outer loop
      vertex 91.3806 54.0866 1
      vertex 91.3806 57.9134 1
      vertex 91.6699 58.5 1
    endloop
  endfacet
  facet normal 0 0 -1
    outer loop
      vertex 91.1704 54.7059 1
      vertex 91.3806 57.9134 1
      vertex 91.3806 54.0866 1
    endloop
  endfacet
  facet normal 0 0 -1
    outer loop
      vertex 91.1704 54.7059 1
      vertex 91.1704 57.2941 1
      vertex 91.3806 57.9134 1
    endloop
  endfacet
  facet normal 0 0 -1
    outer loop
      vertex 91.0428 55.3474 1
      vertex 91.1704 57.2941 1
      vertex 91.1704 54.7059 1
    endloop
  endfacet
  facet normal 0 0 -1
    outer loop
      vertex 91.0428 55.3474 1
      vertex 91.0428 56.6526 1
      vertex 91.1704 57.2941 1
    endloop
  endfacet
  facet normal 0 -0 -1
    outer loop
      vertex 91.0428 56.6526 1
      vertex 91.0428 55.3474 1
      vertex 91 56 1
    endloop
  endfacet
  facet normal 0.195087 -0.980786 0
    outer loop
      vertex 94.7059 60.8296 0
      vertex 95.3474 60.9572 1
      vertex 94.7059 60.8296 1
    endloop
  endfacet
  facet normal 0.195087 -0.980786 0
    outer loop
      vertex 95.3474 60.9572 1
      vertex 94.7059 60.8296 0
      vertex 95.3474 60.9572 0
    endloop
  endfacet
  facet normal 0.442314 -0.89686 0
    outer loop
      vertex 93.5 60.3301 0
      vertex 94.0866 60.6194 1
      vertex 93.5 60.3301 1
    endloop
  endfacet
  facet normal 0.442314 -0.89686 0
    outer loop
      vertex 94.0866 60.6194 1
      vertex 93.5 60.3301 0
      vertex 94.0866 60.6194 0
    endloop
  endfacet
  facet normal 0.0654432 -0.997856 0
    outer loop
      vertex 95.3474 60.9572 0
      vertex 96 61 1
      vertex 95.3474 60.9572 1
    endloop
  endfacet
  facet normal 0.0654432 -0.997856 0
    outer loop
      vertex 96 61 1
      vertex 95.3474 60.9572 0
      vertex 96 61 0
    endloop
  endfacet
  facet normal -0.195087 -0.980786 0
    outer loop
      vertex 96.6526 60.9572 0
      vertex 97.2941 60.8296 1
      vertex 96.6526 60.9572 1
    endloop
  endfacet
  facet normal -0.195087 -0.980786 -0
    outer loop
      vertex 97.2941 60.8296 1
      vertex 96.6526 60.9572 0
      vertex 97.2941 60.8296 0
    endloop
  endfacet
  facet normal 0.659424 0.751771 -0
    outer loop
      vertex 92.9562 52.0332 0
      vertex 92.4645 52.4645 1
      vertex 92.9562 52.0332 1
    endloop
  endfacet
  facet normal 0.659424 0.751771 0
    outer loop
      vertex 92.4645 52.4645 1
      vertex 92.9562 52.0332 0
      vertex 92.4645 52.4645 0
    endloop
  endfacet
  facet normal -0.751771 0.659424 0
    outer loop
      vertex 99.5355 52.4645 0
      vertex 99.9668 52.9562 1
      vertex 99.9668 52.9562 0
    endloop
  endfacet
  facet normal -0.751771 0.659424 0
    outer loop
      vertex 99.9668 52.9562 1
      vertex 99.5355 52.4645 0
      vertex 99.5355 52.4645 1
    endloop
  endfacet
  facet normal -0.321407 -0.946941 0
    outer loop
      vertex 97.2941 60.8296 0
      vertex 97.9134 60.6194 1
      vertex 97.2941 60.8296 1
    endloop
  endfacet
  facet normal -0.321407 -0.946941 -0
    outer loop
      vertex 97.9134 60.6194 1
      vertex 97.2941 60.8296 0
      vertex 97.9134 60.6194 0
    endloop
  endfacet
  facet normal 0.946941 0.321407 0
    outer loop
      vertex 91.3806 54.0866 1
      vertex 91.1704 54.7059 0
      vertex 91.1704 54.7059 1
    endloop
  endfacet
  facet normal 0.946941 0.321407 0
    outer loop
      vertex 91.1704 54.7059 0
      vertex 91.3806 54.0866 1
      vertex 91.3806 54.0866 0
    endloop
  endfacet
  facet normal -0.831579 0.555406 0
    outer loop
      vertex 99.9668 52.9562 0
      vertex 100.33 53.5 1
      vertex 100.33 53.5 0
    endloop
  endfacet
  facet normal -0.831579 0.555406 0
    outer loop
      vertex 100.33 53.5 1
      vertex 99.9668 52.9562 0
      vertex 99.9668 52.9562 1
    endloop
  endfacet
  facet normal 0.980786 -0.195087 0
    outer loop
      vertex 91.0428 56.6526 1
      vertex 91.1704 57.2941 0
      vertex 91.1704 57.2941 1
    endloop
  endfacet
  facet normal 0.980786 -0.195087 0
    outer loop
      vertex 91.1704 57.2941 0
      vertex 91.0428 56.6526 1
      vertex 91.0428 56.6526 0
    endloop
  endfacet
  facet normal -0.897042 -0.441945 0
    outer loop
      vertex 100.619 57.9134 0
      vertex 100.33 58.5 1
      vertex 100.33 58.5 0
    endloop
  endfacet
  facet normal -0.897042 -0.441945 0
    outer loop
      vertex 100.33 58.5 1
      vertex 100.619 57.9134 0
      vertex 100.619 57.9134 1
    endloop
  endfacet
  facet normal -0.0654432 0.997856 0
    outer loop
      vertex 96.6526 51.0428 0
      vertex 96 51 1
      vertex 96.6526 51.0428 1
    endloop
  endfacet
  facet normal -0.0654432 0.997856 0
    outer loop
      vertex 96 51 1
      vertex 96.6526 51.0428 0
      vertex 96 51 0
    endloop
  endfacet
  facet normal -0.751771 -0.659424 0
    outer loop
      vertex 99.9668 59.0438 0
      vertex 99.5355 59.5355 1
      vertex 99.5355 59.5355 0
    endloop
  endfacet
  facet normal -0.751771 -0.659424 0
    outer loop
      vertex 99.5355 59.5355 1
      vertex 99.9668 59.0438 0
      vertex 99.9668 59.0438 1
    endloop
  endfacet
  facet normal -0.946569 -0.322503 0
    outer loop
      vertex 100.83 57.2941 0
      vertex 100.619 57.9134 1
      vertex 100.619 57.9134 0
    endloop
  endfacet
  facet normal -0.946569 -0.322503 0
    outer loop
      vertex 100.619 57.9134 1
      vertex 100.83 57.2941 0
      vertex 100.83 57.2941 1
    endloop
  endfacet
  facet normal -0.442314 0.89686 0
    outer loop
      vertex 98.5 51.6699 0
      vertex 97.9134 51.3806 1
      vertex 98.5 51.6699 1
    endloop
  endfacet
  facet normal -0.442314 0.89686 0
    outer loop
      vertex 97.9134 51.3806 1
      vertex 98.5 51.6699 0
      vertex 97.9134 51.3806 0
    endloop
  endfacet
  facet normal 0.89686 -0.442314 0
    outer loop
      vertex 91.3806 57.9134 1
      vertex 91.6699 58.5 0
      vertex 91.6699 58.5 1
    endloop
  endfacet
  facet normal 0.89686 -0.442314 0
    outer loop
      vertex 91.6699 58.5 0
      vertex 91.3806 57.9134 1
      vertex 91.3806 57.9134 0
    endloop
  endfacet
  facet normal 0.321407 -0.946941 0
    outer loop
      vertex 94.0866 60.6194 0
      vertex 94.7059 60.8296 1
      vertex 94.0866 60.6194 1
    endloop
  endfacet
  facet normal 0.321407 -0.946941 0
    outer loop
      vertex 94.7059 60.8296 1
      vertex 94.0866 60.6194 0
      vertex 94.7059 60.8296 0
    endloop
  endfacet
  facet normal 0.831509 0.555512 0
    outer loop
      vertex 92.0332 52.9562 1
      vertex 91.6699 53.5 0
      vertex 91.6699 53.5 1
    endloop
  endfacet
  facet normal 0.831509 0.555512 0
    outer loop
      vertex 91.6699 53.5 0
      vertex 92.0332 52.9562 1
      vertex 92.0332 52.9562 0
    endloop
  endfacet
  facet normal 0.659424 -0.751771 0
    outer loop
      vertex 92.4645 59.5355 0
      vertex 92.9562 59.9668 1
      vertex 92.4645 59.5355 1
    endloop
  endfacet
  facet normal 0.659424 -0.751771 0
    outer loop
      vertex 92.9562 59.9668 1
      vertex 92.4645 59.5355 0
      vertex 92.9562 59.9668 0
    endloop
  endfacet
  facet normal 0.555512 0.831509 -0
    outer loop
      vertex 93.5 51.6699 0
      vertex 92.9562 52.0332 1
      vertex 93.5 51.6699 1
    endloop
  endfacet
  facet normal 0.555512 0.831509 0
    outer loop
      vertex 92.9562 52.0332 1
      vertex 93.5 51.6699 0
      vertex 92.9562 52.0332 0
    endloop
  endfacet
  facet normal 1 0 0
    outer loop
      vertex 103.55 35.961 42.0862
      vertex 103.55 28.7976 29.4788
      vertex 103.55 36.0476 42.0362
    endloop
  endfacet
  facet normal 1 0 -0
    outer loop
      vertex 103.55 28.7976 29.4788
      vertex 103.55 35.961 42.0862
      vertex 103.55 28.711 29.5288
    endloop
  endfacet
  facet normal 0 0.866026 -0.499999
    outer loop
      vertex 108 23.255 32.6788
      vertex 105.6 30.505 45.2362
      vertex 108 30.505 45.2362
    endloop
  endfacet
  facet normal 0 0.866026 -0.499999
    outer loop
      vertex 105.6 30.505 45.2362
      vertex 108 23.255 32.6788
      vertex 105.6 23.255 32.6788
    endloop
  endfacet
  facet normal 0 -0.866026 0.499999
    outer loop
      vertex 103.55 28.7976 29.4788
      vertex 108 36.0476 42.0362
      vertex 103.55 36.0476 42.0362
    endloop
  endfacet
  facet normal 0 -0.866026 0.499999
    outer loop
      vertex 108 36.0476 42.0362
      vertex 103.55 28.7976 29.4788
      vertex 108 28.7976 29.4788
    endloop
  endfacet
  facet normal 6.51038e-07 0.499997 0.866027
    outer loop
      vertex 108 28.7976 29.4788
      vertex 105.6 28.711 29.5288
      vertex 108 23.255 32.6788
    endloop
  endfacet
  facet normal -0 0.500011 0.866019
    outer loop
      vertex 103.55 28.7976 29.4788
      vertex 105.6 28.711 29.5288
      vertex 108 28.7976 29.4788
    endloop
  endfacet
  facet normal 0 0.500011 0.866019
    outer loop
      vertex 105.6 28.711 29.5288
      vertex 103.55 28.7976 29.4788
      vertex 103.55 28.711 29.5288
    endloop
  endfacet
  facet normal 0 0.499997 0.866027
    outer loop
      vertex 108 23.255 32.6788
      vertex 105.6 28.711 29.5288
      vertex 105.6 23.255 32.6788
    endloop
  endfacet
  facet normal 0 -0.499997 -0.866027
    outer loop
      vertex 105.6 35.961 42.0862
      vertex 108 30.505 45.2362
      vertex 105.6 30.505 45.2362
    endloop
  endfacet
  facet normal -6.51038e-07 -0.499997 -0.866027
    outer loop
      vertex 108 30.505 45.2362
      vertex 105.6 35.961 42.0862
      vertex 108 36.0476 42.0362
    endloop
  endfacet
  facet normal 0 -0.500011 -0.866019
    outer loop
      vertex 103.55 36.0476 42.0362
      vertex 105.6 35.961 42.0862
      vertex 103.55 35.961 42.0862
    endloop
  endfacet
  facet normal 0 -0.500011 -0.866019
    outer loop
      vertex 105.6 35.961 42.0862
      vertex 103.55 36.0476 42.0362
      vertex 108 36.0476 42.0362
    endloop
  endfacet
  facet normal -0.195105 0 0.980782
    outer loop
      vertex 94.7177 66 8.32738
      vertex 95.1282 63.6 8.40904
      vertex 95.1282 66 8.40904
    endloop
  endfacet
  facet normal -0.195105 0 0.980782
    outer loop
      vertex 95.1282 63.6 8.40904
      vertex 94.7177 66 8.32738
      vertex 94.7177 63.6 8.32738
    endloop
  endfacet
  facet normal -0.321419 0 0.946937
    outer loop
      vertex 95.1282 66 8.40904
      vertex 95.5246 63.6 8.54359
      vertex 95.5246 66 8.54359
    endloop
  endfacet
  facet normal -0.321419 0 0.946937
    outer loop
      vertex 95.5246 63.6 8.54359
      vertex 95.1282 66 8.40904
      vertex 95.1282 63.6 8.40904
    endloop
  endfacet
  facet normal -0.442314 0 0.89686
    outer loop
      vertex 95.5246 66 8.54359
      vertex 95.9 63.6 8.72873
      vertex 95.9 66 8.72873
    endloop
  endfacet
  facet normal -0.442314 0 0.89686
    outer loop
      vertex 95.9 63.6 8.72873
      vertex 95.5246 66 8.54359
      vertex 95.5246 63.6 8.54359
    endloop
  endfacet
  facet normal -0.555593 0 0.831454
    outer loop
      vertex 95.9 66 8.72873
      vertex 96.248 63.6 8.96127
      vertex 96.248 66 8.96127
    endloop
  endfacet
  facet normal -0.555593 0 0.831454
    outer loop
      vertex 96.248 63.6 8.96127
      vertex 95.9 66 8.72873
      vertex 95.9 63.6 8.72873
    endloop
  endfacet
  facet normal -0.659353 0 0.751833
    outer loop
      vertex 96.248 66 8.96127
      vertex 96.5627 63.6 9.23726
      vertex 96.5627 66 9.23726
    endloop
  endfacet
  facet normal -0.659353 0 0.751833
    outer loop
      vertex 96.5627 63.6 9.23726
      vertex 96.248 66 8.96127
      vertex 96.248 63.6 8.96127
    endloop
  endfacet
  facet normal -0.751832 0 0.659355
    outer loop
      vertex 96.5627 63.6 9.23726
      vertex 96.8387 66 9.55197
      vertex 96.5627 66 9.23726
    endloop
  endfacet
  facet normal -0.751832 0 0.659355
    outer loop
      vertex 96.8387 66 9.55197
      vertex 96.5627 63.6 9.23726
      vertex 96.8387 63.6 9.55197
    endloop
  endfacet
  facet normal -0.831418 0 0.555648
    outer loop
      vertex 96.8387 63.6 9.55197
      vertex 97.0713 66 9.90001
      vertex 96.8387 66 9.55197
    endloop
  endfacet
  facet normal -0.831418 0 0.555648
    outer loop
      vertex 97.0713 66 9.90001
      vertex 96.8387 63.6 9.55197
      vertex 97.0713 63.6 9.90001
    endloop
  endfacet
  facet normal -0.896893 0 0.442247
    outer loop
      vertex 97.0713 63.6 9.90001
      vertex 97.2564 66 10.2754
      vertex 97.0713 66 9.90001
    endloop
  endfacet
  facet normal -0.896893 0 0.442247
    outer loop
      vertex 97.2564 66 10.2754
      vertex 97.0713 63.6 9.90001
      vertex 97.2564 63.6 10.2754
    endloop
  endfacet
  facet normal -0.946901 0 0.321526
    outer loop
      vertex 97.2564 63.6 10.2754
      vertex 97.391 66 10.6718
      vertex 97.2564 66 10.2754
    endloop
  endfacet
  facet normal -0.946901 0 0.321526
    outer loop
      vertex 97.391 66 10.6718
      vertex 97.2564 63.6 10.2754
      vertex 97.391 63.6 10.6718
    endloop
  endfacet
  facet normal -0.98081 0 0.194967
    outer loop
      vertex 97.391 63.6 10.6718
      vertex 97.4726 66 11.0823
      vertex 97.391 66 10.6718
    endloop
  endfacet
  facet normal -0.98081 0 0.194967
    outer loop
      vertex 97.4726 66 11.0823
      vertex 97.391 63.6 10.6718
      vertex 97.4726 63.6 11.0823
    endloop
  endfacet
  facet normal -0.997855 0 0.0654566
    outer loop
      vertex 97.4726 63.6 11.0823
      vertex 97.5 66 11.5
      vertex 97.4726 66 11.0823
    endloop
  endfacet
  facet normal -0.997855 0 0.0654566
    outer loop
      vertex 97.5 66 11.5
      vertex 97.4726 63.6 11.0823
      vertex 97.5 63.6 11.5
    endloop
  endfacet
  facet normal -0.997855 0 -0.0654566
    outer loop
      vertex 97.5 63.6 11.5
      vertex 97.4726 66 11.9177
      vertex 97.5 66 11.5
    endloop
  endfacet
  facet normal -0.997855 -0 -0.0654566
    outer loop
      vertex 97.4726 66 11.9177
      vertex 97.5 63.6 11.5
      vertex 97.4726 63.6 11.9177
    endloop
  endfacet
  facet normal -0.98081 0 -0.194967
    outer loop
      vertex 97.4726 63.6 11.9177
      vertex 97.391 66 12.3282
      vertex 97.4726 66 11.9177
    endloop
  endfacet
  facet normal -0.98081 -0 -0.194967
    outer loop
      vertex 97.391 66 12.3282
      vertex 97.4726 63.6 11.9177
      vertex 97.391 63.6 12.3282
    endloop
  endfacet
  facet normal -0.946901 0 -0.321526
    outer loop
      vertex 97.391 63.6 12.3282
      vertex 97.2564 66 12.7246
      vertex 97.391 66 12.3282
    endloop
  endfacet
  facet normal -0.946901 -0 -0.321526
    outer loop
      vertex 97.2564 66 12.7246
      vertex 97.391 63.6 12.3282
      vertex 97.2564 63.6 12.7246
    endloop
  endfacet
  facet normal -0.896898 0 -0.442237
    outer loop
      vertex 97.2564 63.6 12.7246
      vertex 97.0713 66 13.1
      vertex 97.2564 66 12.7246
    endloop
  endfacet
  facet normal -0.896898 -0 -0.442237
    outer loop
      vertex 97.0713 66 13.1
      vertex 97.2564 63.6 12.7246
      vertex 97.0713 63.6 13.1
    endloop
  endfacet
  facet normal -0.831388 0 -0.555692
    outer loop
      vertex 97.0713 63.6 13.1
      vertex 96.8387 66 13.448
      vertex 97.0713 66 13.1
    endloop
  endfacet
  facet normal -0.831388 -0 -0.555692
    outer loop
      vertex 96.8387 66 13.448
      vertex 97.0713 63.6 13.1
      vertex 96.8387 63.6 13.448
    endloop
  endfacet
  facet normal -0.751821 0 -0.659367
    outer loop
      vertex 96.8387 63.6 13.448
      vertex 96.5627 66 13.7627
      vertex 96.8387 66 13.448
    endloop
  endfacet
  facet normal -0.751821 -0 -0.659367
    outer loop
      vertex 96.5627 66 13.7627
      vertex 96.8387 63.6 13.448
      vertex 96.5627 63.6 13.7627
    endloop
  endfacet
  facet normal -0.671519 0 -0.740987
    outer loop
      vertex 96.5595 63.6 13.7656
      vertex 96.5627 66 13.7627
      vertex 96.5627 63.6 13.7627
    endloop
  endfacet
  facet normal -0.671519 0 -0.740987
    outer loop
      vertex 96.5627 66 13.7627
      vertex 96.5595 63.6 13.7656
      vertex 96.5595 66 13.7656
    endloop
  endfacet
  facet normal -0 0 1
    outer loop
      vertex 96.5595 66 13.7656
      vertex 96.5656 63.6 13.7656
      vertex 96.5656 66 13.7656
    endloop
  endfacet
  facet normal 0 0 1
    outer loop
      vertex 96.5656 63.6 13.7656
      vertex 96.5595 66 13.7656
      vertex 96.5595 63.6 13.7656
    endloop
  endfacet
  facet normal -0.709096 0 -0.705112
    outer loop
      vertex 96.5656 63.6 13.7656
      vertex 94.3 66 16.044
      vertex 96.5656 66 13.7656
    endloop
  endfacet
  facet normal -0.709096 -0 -0.705112
    outer loop
      vertex 94.3 66 16.044
      vertex 96.5656 63.6 13.7656
      vertex 94.3 63.6 16.044
    endloop
  endfacet
  facet normal 0.709096 0 -0.705112
    outer loop
      vertex 94.3 63.6 16.044
      vertex 92.0344 66 13.7656
      vertex 94.3 66 16.044
    endloop
  endfacet
  facet normal 0.709096 0 -0.705112
    outer loop
      vertex 92.0344 66 13.7656
      vertex 94.3 63.6 16.044
      vertex 92.0344 63.6 13.7656
    endloop
  endfacet
  facet normal -0 0 1
    outer loop
      vertex 92.0344 66 13.7656
      vertex 92.0405 63.6 13.7656
      vertex 92.0405 66 13.7656
    endloop
  endfacet
  facet normal 0 0 1
    outer loop
      vertex 92.0405 63.6 13.7656
      vertex 92.0344 66 13.7656
      vertex 92.0344 63.6 13.7656
    endloop
  endfacet
  facet normal 0.671519 0 -0.740987
    outer loop
      vertex 92.0373 63.6 13.7627
      vertex 92.0405 66 13.7656
      vertex 92.0405 63.6 13.7656
    endloop
  endfacet
  facet normal 0.671519 0 -0.740987
    outer loop
      vertex 92.0405 66 13.7656
      vertex 92.0373 63.6 13.7627
      vertex 92.0373 66 13.7627
    endloop
  endfacet
  facet normal 0.751821 0 -0.659367
    outer loop
      vertex 92.0373 63.6 13.7627
      vertex 91.7613 66 13.448
      vertex 92.0373 66 13.7627
    endloop
  endfacet
  facet normal 0.751821 0 -0.659367
    outer loop
      vertex 91.7613 66 13.448
      vertex 92.0373 63.6 13.7627
      vertex 91.7613 63.6 13.448
    endloop
  endfacet
  facet normal 0.831388 0 -0.555692
    outer loop
      vertex 91.7613 63.6 13.448
      vertex 91.5287 66 13.1
      vertex 91.7613 66 13.448
    endloop
  endfacet
  facet normal 0.831388 0 -0.555692
    outer loop
      vertex 91.5287 66 13.1
      vertex 91.7613 63.6 13.448
      vertex 91.5287 63.6 13.1
    endloop
  endfacet
  facet normal 0.896898 0 -0.442237
    outer loop
      vertex 91.5287 63.6 13.1
      vertex 91.3436 66 12.7246
      vertex 91.5287 66 13.1
    endloop
  endfacet
  facet normal 0.896898 0 -0.442237
    outer loop
      vertex 91.3436 66 12.7246
      vertex 91.5287 63.6 13.1
      vertex 91.3436 63.6 12.7246
    endloop
  endfacet
  facet normal 0.946901 0 -0.321526
    outer loop
      vertex 91.3436 63.6 12.7246
      vertex 91.209 66 12.3282
      vertex 91.3436 66 12.7246
    endloop
  endfacet
  facet normal 0.946901 0 -0.321526
    outer loop
      vertex 91.209 66 12.3282
      vertex 91.3436 63.6 12.7246
      vertex 91.209 63.6 12.3282
    endloop
  endfacet
  facet normal 0.98081 0 -0.194967
    outer loop
      vertex 91.209 63.6 12.3282
      vertex 91.1274 66 11.9177
      vertex 91.209 66 12.3282
    endloop
  endfacet
  facet normal 0.98081 0 -0.194967
    outer loop
      vertex 91.1274 66 11.9177
      vertex 91.209 63.6 12.3282
      vertex 91.1274 63.6 11.9177
    endloop
  endfacet
  facet normal 0.997855 0 -0.0654566
    outer loop
      vertex 91.1274 63.6 11.9177
      vertex 91.1 66 11.5
      vertex 91.1274 66 11.9177
    endloop
  endfacet
  facet normal 0.997855 0 -0.0654566
    outer loop
      vertex 91.1 66 11.5
      vertex 91.1274 63.6 11.9177
      vertex 91.1 63.6 11.5
    endloop
  endfacet
  facet normal 0.997855 -0 0.0654566
    outer loop
      vertex 91.1 63.6 11.5
      vertex 91.1274 66 11.0823
      vertex 91.1 66 11.5
    endloop
  endfacet
  facet normal 0.997855 0 0.0654566
    outer loop
      vertex 91.1274 66 11.0823
      vertex 91.1 63.6 11.5
      vertex 91.1274 63.6 11.0823
    endloop
  endfacet
  facet normal 0.98081 -0 0.194967
    outer loop
      vertex 91.1274 63.6 11.0823
      vertex 91.209 66 10.6718
      vertex 91.1274 66 11.0823
    endloop
  endfacet
  facet normal 0.98081 0 0.194967
    outer loop
      vertex 91.209 66 10.6718
      vertex 91.1274 63.6 11.0823
      vertex 91.209 63.6 10.6718
    endloop
  endfacet
  facet normal 0.946901 -0 0.321526
    outer loop
      vertex 91.209 63.6 10.6718
      vertex 91.3436 66 10.2754
      vertex 91.209 66 10.6718
    endloop
  endfacet
  facet normal 0.946901 0 0.321526
    outer loop
      vertex 91.3436 66 10.2754
      vertex 91.209 63.6 10.6718
      vertex 91.3436 63.6 10.2754
    endloop
  endfacet
  facet normal 0.896893 -0 0.442247
    outer loop
      vertex 91.3436 63.6 10.2754
      vertex 91.5287 66 9.90001
      vertex 91.3436 66 10.2754
    endloop
  endfacet
  facet normal 0.896893 0 0.442247
    outer loop
      vertex 91.5287 66 9.90001
      vertex 91.3436 63.6 10.2754
      vertex 91.5287 63.6 9.90001
    endloop
  endfacet
  facet normal 0.831418 -0 0.555648
    outer loop
      vertex 91.5287 63.6 9.90001
      vertex 91.7613 66 9.55197
      vertex 91.5287 66 9.90001
    endloop
  endfacet
  facet normal 0.831418 0 0.555648
    outer loop
      vertex 91.7613 66 9.55197
      vertex 91.5287 63.6 9.90001
      vertex 91.7613 63.6 9.55197
    endloop
  endfacet
  facet normal 0.751832 -0 0.659355
    outer loop
      vertex 91.7613 63.6 9.55197
      vertex 92.0373 66 9.23726
      vertex 91.7613 66 9.55197
    endloop
  endfacet
  facet normal 0.751832 0 0.659355
    outer loop
      vertex 92.0373 66 9.23726
      vertex 91.7613 63.6 9.55197
      vertex 92.0373 63.6 9.23726
    endloop
  endfacet
  facet normal 0.659353 0 0.751833
    outer loop
      vertex 92.0373 66 9.23726
      vertex 92.352 63.6 8.96127
      vertex 92.352 66 8.96127
    endloop
  endfacet
  facet normal 0.659353 0 0.751833
    outer loop
      vertex 92.352 63.6 8.96127
      vertex 92.0373 66 9.23726
      vertex 92.0373 63.6 9.23726
    endloop
  endfacet
  facet normal 0.555593 0 0.831454
    outer loop
      vertex 92.352 66 8.96127
      vertex 92.7 63.6 8.72873
      vertex 92.7 66 8.72873
    endloop
  endfacet
  facet normal 0.555593 0 0.831454
    outer loop
      vertex 92.7 63.6 8.72873
      vertex 92.352 66 8.96127
      vertex 92.352 63.6 8.96127
    endloop
  endfacet
  facet normal 0.442314 0 0.89686
    outer loop
      vertex 92.7 66 8.72873
      vertex 93.0754 63.6 8.54359
      vertex 93.0754 66 8.54359
    endloop
  endfacet
  facet normal 0.442314 0 0.89686
    outer loop
      vertex 93.0754 63.6 8.54359
      vertex 92.7 66 8.72873
      vertex 92.7 63.6 8.72873
    endloop
  endfacet
  facet normal 0.321419 0 0.946937
    outer loop
      vertex 93.0754 66 8.54359
      vertex 93.4718 63.6 8.40904
      vertex 93.4718 66 8.40904
    endloop
  endfacet
  facet normal 0.321419 0 0.946937
    outer loop
      vertex 93.4718 63.6 8.40904
      vertex 93.0754 66 8.54359
      vertex 93.0754 63.6 8.54359
    endloop
  endfacet
  facet normal 0.195105 0 0.980782
    outer loop
      vertex 93.4718 66 8.40904
      vertex 93.8823 63.6 8.32738
      vertex 93.8823 66 8.32738
    endloop
  endfacet
  facet normal 0.195105 0 0.980782
    outer loop
      vertex 93.8823 63.6 8.32738
      vertex 93.4718 66 8.40904
      vertex 93.4718 63.6 8.40904
    endloop
  endfacet
  facet normal 0.0654091 0 0.997859
    outer loop
      vertex 93.8823 66 8.32738
      vertex 94.3 63.6 8.3
      vertex 94.3 66 8.3
    endloop
  endfacet
  facet normal 0.0654091 0 0.997859
    outer loop
      vertex 94.3 63.6 8.3
      vertex 93.8823 66 8.32738
      vertex 93.8823 63.6 8.32738
    endloop
  endfacet
  facet normal -0.0654091 0 0.997859
    outer loop
      vertex 94.3 66 8.3
      vertex 94.7177 63.6 8.32738
      vertex 94.7177 66 8.32738
    endloop
  endfacet
  facet normal -0.0654091 0 0.997859
    outer loop
      vertex 94.7177 63.6 8.32738
      vertex 94.3 66 8.3
      vertex 94.3 63.6 8.3
    endloop
  endfacet
endsolid OpenSCAD_Model
