solid OpenSCAD_Model
  facet normal 0 1 0
    outer loop
      vertex 104.9 66 68.7
      vertex 51.5 66 52
      vertex 44.9 66 68.7
    endloop
  endfacet
  facet normal 0 1 0
    outer loop
      vertex 104.9 66 68.7
      vertex 51.5 66 30
      vertex 51.5 66 52
    endloop
  endfacet
  facet normal 0 1 0
    outer loop
      vertex 44.9 66 0
      vertex 51.5 66 30
      vertex 104.9 66 0
    endloop
  endfacet
  facet normal 0 1 -0
    outer loop
      vertex 104.9 66 0
      vertex 51.5 66 30
      vertex 104.9 66 68.7
    endloop
  endfacet
  facet normal 0 1 -0
    outer loop
      vertex 48 66 52
      vertex 44.9 66 68.7
      vertex 51.5 66 52
    endloop
  endfacet
  facet normal 0 1 -0
    outer loop
      vertex 48 66 30
      vertex 44.9 66 68.7
      vertex 48 66 52
    endloop
  endfacet
  facet normal 0 1 0
    outer loop
      vertex 48 66 30
      vertex 44.9 66 0
      vertex 44.9 66 68.7
    endloop
  endfacet
  facet normal 0 1 0
    outer loop
      vertex 51.5 66 30
      vertex 44.9 66 0
      vertex 48 66 30
    endloop
  endfacet
  facet normal 0 0 -1
    outer loop
      vertex 100.73 54.7059 0
      vertex 107.9 63 0
      vertex 107.9 38 0
    endloop
  endfacet
  facet normal 0 -0 -1
    outer loop
      vertex 100.857 55.3474 0
      vertex 107.9 63 0
      vertex 100.73 54.7059 0
    endloop
  endfacet
  facet normal 0 -0 -1
    outer loop
      vertex 100.9 56 0
      vertex 107.9 63 0
      vertex 100.857 55.3474 0
    endloop
  endfacet
  facet normal 0 0 -1
    outer loop
      vertex 100.857 56.6526 0
      vertex 107.9 63 0
      vertex 100.9 56 0
    endloop
  endfacet
  facet normal 0 0 -1
    outer loop
      vertex 100.73 57.2941 0
      vertex 107.9 63 0
      vertex 100.857 56.6526 0
    endloop
  endfacet
  facet normal 0 0 -1
    outer loop
      vertex 100.519 57.9134 0
      vertex 107.9 63 0
      vertex 100.73 57.2941 0
    endloop
  endfacet
  facet normal 0 0 -1
    outer loop
      vertex 99.8668 59.0438 0
      vertex 107.9 63 0
      vertex 100.23 58.5 0
    endloop
  endfacet
  facet normal 0 -0 -1
    outer loop
      vertex 104.9 66 0
      vertex 107.9 63 0
      vertex 99.8668 59.0438 0
    endloop
  endfacet
  facet normal 0 0 -1
    outer loop
      vertex 107.9 63 0
      vertex 104.9 66 0
      vertex 107.874 63.3916 0
    endloop
  endfacet
  facet normal 0 0 -1
    outer loop
      vertex 107.874 63.3916 0
      vertex 104.9 66 0
      vertex 107.798 63.7765 0
    endloop
  endfacet
  facet normal 0 0 -1
    outer loop
      vertex 107.672 64.148 0
      vertex 104.9 66 0
      vertex 107.498 64.5 0
    endloop
  endfacet
  facet normal 0 0 -1
    outer loop
      vertex 107.498 64.5 0
      vertex 104.9 66 0
      vertex 107.28 64.8263 0
    endloop
  endfacet
  facet normal 0 0 -1
    outer loop
      vertex 107.28 64.8263 0
      vertex 104.9 66 0
      vertex 107.021 65.1213 0
    endloop
  endfacet
  facet normal 0 0 -1
    outer loop
      vertex 107.021 65.1213 0
      vertex 104.9 66 0
      vertex 106.726 65.3801 0
    endloop
  endfacet
  facet normal 0 0 -1
    outer loop
      vertex 100.23 58.5 0
      vertex 107.9 63 0
      vertex 100.519 57.9134 0
    endloop
  endfacet
  facet normal 0 0 -1
    outer loop
      vertex 107.9 38 0
      vertex 100.519 54.0866 0
      vertex 100.73 54.7059 0
    endloop
  endfacet
  facet normal 0 0 -1
    outer loop
      vertex 107.9 38 0
      vertex 100.23 53.5 0
      vertex 100.519 54.0866 0
    endloop
  endfacet
  facet normal 0 0 -1
    outer loop
      vertex 107.9 38 0
      vertex 99.8668 52.9562 0
      vertex 100.23 53.5 0
    endloop
  endfacet
  facet normal 0 0 -1
    outer loop
      vertex 107.9 38 0
      vertex 99.4355 52.4645 0
      vertex 99.8668 52.9562 0
    endloop
  endfacet
  facet normal 0 0 -1
    outer loop
      vertex 107.9 38 0
      vertex 98.9438 52.0332 0
      vertex 99.4355 52.4645 0
    endloop
  endfacet
  facet normal 0 0 -1
    outer loop
      vertex 107.9 38 0
      vertex 98.4 51.6699 0
      vertex 98.9438 52.0332 0
    endloop
  endfacet
  facet normal 0 0 -1
    outer loop
      vertex 107.9 38 0
      vertex 97.8134 51.3806 0
      vertex 98.4 51.6699 0
    endloop
  endfacet
  facet normal 0 0 -1
    outer loop
      vertex 107.9 38 0
      vertex 97.1941 51.1704 0
      vertex 97.8134 51.3806 0
    endloop
  endfacet
  facet normal 0 0 -1
    outer loop
      vertex 107.9 38 0
      vertex 96.5526 51.0428 0
      vertex 97.1941 51.1704 0
    endloop
  endfacet
  facet normal 0 0 -1
    outer loop
      vertex 107.9 38 0
      vertex 95.9 51 0
      vertex 96.5526 51.0428 0
    endloop
  endfacet
  facet normal 0 0 -1
    outer loop
      vertex 107.9 38 0
      vertex 95.2474 51.0428 0
      vertex 95.9 51 0
    endloop
  endfacet
  facet normal 0 0 -1
    outer loop
      vertex 107.9 38 0
      vertex 94.6059 51.1704 0
      vertex 95.2474 51.0428 0
    endloop
  endfacet
  facet normal 0 0 -1
    outer loop
      vertex 107.9 38 0
      vertex 93.9866 51.3806 0
      vertex 94.6059 51.1704 0
    endloop
  endfacet
  facet normal 0 0 -1
    outer loop
      vertex 107.9 38 0
      vertex 93.4 51.6699 0
      vertex 93.9866 51.3806 0
    endloop
  endfacet
  facet normal 0 0 -1
    outer loop
      vertex 44.9 38 0
      vertex 93.4 51.6699 0
      vertex 107.9 38 0
    endloop
  endfacet
  facet normal -0 0 -1
    outer loop
      vertex 93.4 51.6699 0
      vertex 44.9 38 0
      vertex 92.8562 52.0332 0
    endloop
  endfacet
  facet normal 0 0 -1
    outer loop
      vertex 44.9 66 0
      vertex 90.9428 55.3474 0
      vertex 44.9 38 0
    endloop
  endfacet
  facet normal -0 0 -1
    outer loop
      vertex 91.0704 54.7059 0
      vertex 44.9 38 0
      vertex 90.9428 55.3474 0
    endloop
  endfacet
  facet normal -0 0 -1
    outer loop
      vertex 91.2806 54.0866 0
      vertex 44.9 38 0
      vertex 91.0704 54.7059 0
    endloop
  endfacet
  facet normal -0 0 -1
    outer loop
      vertex 91.5699 53.5 0
      vertex 44.9 38 0
      vertex 91.2806 54.0866 0
    endloop
  endfacet
  facet normal -0 0 -1
    outer loop
      vertex 91.9332 52.9562 0
      vertex 44.9 38 0
      vertex 91.5699 53.5 0
    endloop
  endfacet
  facet normal -0 0 -1
    outer loop
      vertex 92.3645 52.4645 0
      vertex 44.9 38 0
      vertex 91.9332 52.9562 0
    endloop
  endfacet
  facet normal -0 0 -1
    outer loop
      vertex 92.8562 52.0332 0
      vertex 44.9 38 0
      vertex 92.3645 52.4645 0
    endloop
  endfacet
  facet normal 0 0 -1
    outer loop
      vertex 106.726 65.3801 0
      vertex 104.9 66 0
      vertex 106.4 65.5981 0
    endloop
  endfacet
  facet normal 0 0 -1
    outer loop
      vertex 106.4 65.5981 0
      vertex 104.9 66 0
      vertex 106.048 65.7716 0
    endloop
  endfacet
  facet normal 0 0 -1
    outer loop
      vertex 106.048 65.7716 0
      vertex 104.9 66 0
      vertex 105.676 65.8978 0
    endloop
  endfacet
  facet normal 0 0 -1
    outer loop
      vertex 105.676 65.8978 0
      vertex 104.9 66 0
      vertex 105.292 65.9743 0
    endloop
  endfacet
  facet normal 0 0 -1
    outer loop
      vertex 107.798 63.7765 0
      vertex 104.9 66 0
      vertex 107.672 64.148 0
    endloop
  endfacet
  facet normal 0 0 -1
    outer loop
      vertex 99.4355 59.5355 0
      vertex 104.9 66 0
      vertex 99.8668 59.0438 0
    endloop
  endfacet
  facet normal 0 0 -1
    outer loop
      vertex 98.9438 59.9668 0
      vertex 104.9 66 0
      vertex 99.4355 59.5355 0
    endloop
  endfacet
  facet normal 0 0 -1
    outer loop
      vertex 98.4 60.3301 0
      vertex 104.9 66 0
      vertex 98.9438 59.9668 0
    endloop
  endfacet
  facet normal 0 0 -1
    outer loop
      vertex 97.8134 60.6194 0
      vertex 104.9 66 0
      vertex 98.4 60.3301 0
    endloop
  endfacet
  facet normal 0 0 -1
    outer loop
      vertex 97.1941 60.8296 0
      vertex 104.9 66 0
      vertex 97.8134 60.6194 0
    endloop
  endfacet
  facet normal 0 0 -1
    outer loop
      vertex 96.5526 60.9572 0
      vertex 104.9 66 0
      vertex 97.1941 60.8296 0
    endloop
  endfacet
  facet normal 0 0 -1
    outer loop
      vertex 95.9 61 0
      vertex 104.9 66 0
      vertex 96.5526 60.9572 0
    endloop
  endfacet
  facet normal 0 0 -1
    outer loop
      vertex 95.2474 60.9572 0
      vertex 104.9 66 0
      vertex 95.9 61 0
    endloop
  endfacet
  facet normal 0 0 -1
    outer loop
      vertex 94.6059 60.8296 0
      vertex 104.9 66 0
      vertex 95.2474 60.9572 0
    endloop
  endfacet
  facet normal 0 0 -1
    outer loop
      vertex 93.9866 60.6194 0
      vertex 104.9 66 0
      vertex 94.6059 60.8296 0
    endloop
  endfacet
  facet normal 0 0 -1
    outer loop
      vertex 90.9428 55.3474 0
      vertex 44.9 66 0
      vertex 90.9 56 0
    endloop
  endfacet
  facet normal 0 0 -1
    outer loop
      vertex 90.9 56 0
      vertex 44.9 66 0
      vertex 90.9428 56.6526 0
    endloop
  endfacet
  facet normal 0 0 -1
    outer loop
      vertex 90.9428 56.6526 0
      vertex 44.9 66 0
      vertex 91.0704 57.2941 0
    endloop
  endfacet
  facet normal 0 0 -1
    outer loop
      vertex 91.0704 57.2941 0
      vertex 44.9 66 0
      vertex 91.2806 57.9134 0
    endloop
  endfacet
  facet normal 0 0 -1
    outer loop
      vertex 91.2806 57.9134 0
      vertex 44.9 66 0
      vertex 91.5699 58.5 0
    endloop
  endfacet
  facet normal 0 0 -1
    outer loop
      vertex 91.5699 58.5 0
      vertex 44.9 66 0
      vertex 91.9332 59.0438 0
    endloop
  endfacet
  facet normal 0 0 -1
    outer loop
      vertex 91.9332 59.0438 0
      vertex 44.9 66 0
      vertex 92.3645 59.5355 0
    endloop
  endfacet
  facet normal 0 0 -1
    outer loop
      vertex 92.3645 59.5355 0
      vertex 44.9 66 0
      vertex 92.8562 59.9668 0
    endloop
  endfacet
  facet normal 0 0 -1
    outer loop
      vertex 92.8562 59.9668 0
      vertex 44.9 66 0
      vertex 93.4 60.3301 0
    endloop
  endfacet
  facet normal 0 0 -1
    outer loop
      vertex 93.4 60.3301 0
      vertex 44.9 66 0
      vertex 93.9866 60.6194 0
    endloop
  endfacet
  facet normal 0 0 -1
    outer loop
      vertex 93.9866 60.6194 0
      vertex 44.9 66 0
      vertex 104.9 66 0
    endloop
  endfacet
  facet normal 1 0 0
    outer loop
      vertex 107.9 63 68.7
      vertex 107.9 58.95 38.41
      vertex 107.9 63 0
    endloop
  endfacet
  facet normal 1 0 0
    outer loop
      vertex 107.9 63 68.7
      vertex 107.9 58.9192 38.8799
      vertex 107.9 58.95 38.41
    endloop
  endfacet
  facet normal 1 0 0
    outer loop
      vertex 107.9 63 68.7
      vertex 107.9 58.8273 39.3417
      vertex 107.9 58.9192 38.8799
    endloop
  endfacet
  facet normal 1 0 0
    outer loop
      vertex 107.9 63 68.7
      vertex 107.9 58.676 39.7877
      vertex 107.9 58.8273 39.3417
    endloop
  endfacet
  facet normal 1 0 0
    outer loop
      vertex 107.9 63 68.7
      vertex 107.9 54.7613 51.2848
      vertex 107.9 58.676 39.7877
    endloop
  endfacet
  facet normal 1 0 0
    outer loop
      vertex 107.9 63 68.7
      vertex 107.9 54.4431 51.93
      vertex 107.9 54.7613 51.2848
    endloop
  endfacet
  facet normal 1 0 0
    outer loop
      vertex 107.9 63 68.7
      vertex 107.9 54.0434 52.5282
      vertex 107.9 54.4431 51.93
    endloop
  endfacet
  facet normal 1 0 0
    outer loop
      vertex 107.9 63 68.7
      vertex 107.9 53.574 53.074
      vertex 107.9 54.0434 52.5282
    endloop
  endfacet
  facet normal 1 0 0
    outer loop
      vertex 107.9 63 68.7
      vertex 107.9 49.68 56.99
      vertex 107.9 53.574 53.074
    endloop
  endfacet
  facet normal 1 0 0
    outer loop
      vertex 107.9 44.18 49.18
      vertex 107.9 38 68.7
      vertex 107.9 44.18 27.52
    endloop
  endfacet
  facet normal 1 0 0
    outer loop
      vertex 107.9 44.2271 49.8979
      vertex 107.9 38 68.7
      vertex 107.9 44.18 49.18
    endloop
  endfacet
  facet normal 1 0 0
    outer loop
      vertex 107.9 44.3674 50.6035
      vertex 107.9 38 68.7
      vertex 107.9 44.2271 49.8979
    endloop
  endfacet
  facet normal 1 0 0
    outer loop
      vertex 107.9 44.5987 51.2848
      vertex 107.9 38 68.7
      vertex 107.9 44.3674 50.6035
    endloop
  endfacet
  facet normal 1 0 0
    outer loop
      vertex 107.9 44.9169 51.93
      vertex 107.9 38 68.7
      vertex 107.9 44.5987 51.2848
    endloop
  endfacet
  facet normal 1 0 0
    outer loop
      vertex 107.9 45.3166 52.5282
      vertex 107.9 38 68.7
      vertex 107.9 44.9169 51.93
    endloop
  endfacet
  facet normal 1 0 0
    outer loop
      vertex 107.9 45.786 53.074
      vertex 107.9 38 68.7
      vertex 107.9 45.3166 52.5282
    endloop
  endfacet
  facet normal 1 0 0
    outer loop
      vertex 107.9 49.68 56.99
      vertex 107.9 38 68.7
      vertex 107.9 45.786 53.074
    endloop
  endfacet
  facet normal 1 -0 0
    outer loop
      vertex 107.9 38 68.7
      vertex 107.9 49.68 56.99
      vertex 107.9 63 68.7
    endloop
  endfacet
  facet normal 1 -0 0
    outer loop
      vertex 107.9 58.9192 37.9401
      vertex 107.9 63 0
      vertex 107.9 58.95 38.41
    endloop
  endfacet
  facet normal 1 -0 0
    outer loop
      vertex 107.9 58.8273 37.4783
      vertex 107.9 63 0
      vertex 107.9 58.9192 37.9401
    endloop
  endfacet
  facet normal 1 -0 0
    outer loop
      vertex 107.9 54.9926 26.0965
      vertex 107.9 63 0
      vertex 107.9 58.8273 37.4783
    endloop
  endfacet
  facet normal 1 -0 0
    outer loop
      vertex 107.9 54.7613 25.4152
      vertex 107.9 63 0
      vertex 107.9 54.9926 26.0965
    endloop
  endfacet
  facet normal 1 -0 0
    outer loop
      vertex 107.9 54.4431 24.77
      vertex 107.9 63 0
      vertex 107.9 54.7613 25.4152
    endloop
  endfacet
  facet normal 1 -0 0
    outer loop
      vertex 107.9 54.0434 24.1718
      vertex 107.9 63 0
      vertex 107.9 54.4431 24.77
    endloop
  endfacet
  facet normal 1 -0 0
    outer loop
      vertex 107.9 53.5691 23.6309
      vertex 107.9 63 0
      vertex 107.9 54.0434 24.1718
    endloop
  endfacet
  facet normal 1 -0 0
    outer loop
      vertex 107.9 53.0282 23.1566
      vertex 107.9 63 0
      vertex 107.9 53.5691 23.6309
    endloop
  endfacet
  facet normal 1 -0 0
    outer loop
      vertex 107.9 52.43 22.7569
      vertex 107.9 63 0
      vertex 107.9 53.0282 23.1566
    endloop
  endfacet
  facet normal 1 -0 0
    outer loop
      vertex 107.9 51.7848 22.4387
      vertex 107.9 63 0
      vertex 107.9 52.43 22.7569
    endloop
  endfacet
  facet normal 1 -0 0
    outer loop
      vertex 107.9 51.1035 22.2074
      vertex 107.9 63 0
      vertex 107.9 51.7848 22.4387
    endloop
  endfacet
  facet normal 1 -0 0
    outer loop
      vertex 107.9 50.3979 22.0671
      vertex 107.9 63 0
      vertex 107.9 51.1035 22.2074
    endloop
  endfacet
  facet normal 1 -0 0
    outer loop
      vertex 107.9 49.68 22.02
      vertex 107.9 63 0
      vertex 107.9 50.3979 22.0671
    endloop
  endfacet
  facet normal 1 0 0
    outer loop
      vertex 107.9 38 0
      vertex 107.9 49.68 22.02
      vertex 107.9 48.9621 22.0671
    endloop
  endfacet
  facet normal 1 0 0
    outer loop
      vertex 107.9 38 0
      vertex 107.9 48.9621 22.0671
      vertex 107.9 48.2565 22.2074
    endloop
  endfacet
  facet normal 1 0 0
    outer loop
      vertex 107.9 38 0
      vertex 107.9 48.2565 22.2074
      vertex 107.9 47.5752 22.4387
    endloop
  endfacet
  facet normal 1 0 0
    outer loop
      vertex 107.9 38 0
      vertex 107.9 47.5752 22.4387
      vertex 107.9 46.93 22.7569
    endloop
  endfacet
  facet normal 1 0 0
    outer loop
      vertex 107.9 38 0
      vertex 107.9 46.93 22.7569
      vertex 107.9 46.3318 23.1566
    endloop
  endfacet
  facet normal 1 0 0
    outer loop
      vertex 107.9 38 0
      vertex 107.9 46.3318 23.1566
      vertex 107.9 45.7909 23.6309
    endloop
  endfacet
  facet normal 1 0 0
    outer loop
      vertex 107.9 38 0
      vertex 107.9 45.7909 23.6309
      vertex 107.9 45.3166 24.1718
    endloop
  endfacet
  facet normal 1 0 0
    outer loop
      vertex 107.9 38 0
      vertex 107.9 44.18 27.52
      vertex 107.9 38 68.7
    endloop
  endfacet
  facet normal 1 0 0
    outer loop
      vertex 107.9 49.68 22.02
      vertex 107.9 38 0
      vertex 107.9 63 0
    endloop
  endfacet
  facet normal 1 0 0
    outer loop
      vertex 107.9 44.9169 24.77
      vertex 107.9 38 0
      vertex 107.9 45.3166 24.1718
    endloop
  endfacet
  facet normal 1 0 0
    outer loop
      vertex 107.9 44.5987 25.4152
      vertex 107.9 38 0
      vertex 107.9 44.9169 24.77
    endloop
  endfacet
  facet normal 1 0 0
    outer loop
      vertex 107.9 44.3674 26.0965
      vertex 107.9 38 0
      vertex 107.9 44.5987 25.4152
    endloop
  endfacet
  facet normal 1 0 0
    outer loop
      vertex 107.9 44.2271 26.8021
      vertex 107.9 38 0
      vertex 107.9 44.3674 26.0965
    endloop
  endfacet
  facet normal 1 0 0
    outer loop
      vertex 107.9 44.18 27.52
      vertex 107.9 38 0
      vertex 107.9 44.2271 26.8021
    endloop
  endfacet
  facet normal 0.555877 0.831265 -0
    outer loop
      vertex 106.726 65.3801 0
      vertex 106.4 65.5981 68.7
      vertex 106.726 65.3801 68.7
    endloop
  endfacet
  facet normal 0.555877 0.831265 0
    outer loop
      vertex 106.4 65.5981 68.7
      vertex 106.726 65.3801 0
      vertex 106.4 65.5981 0
    endloop
  endfacet
  facet normal 0.997803 0.0662484 0
    outer loop
      vertex 107.9 63 68.7
      vertex 107.874 63.3916 0
      vertex 107.874 63.3916 68.7
    endloop
  endfacet
  facet normal 0.997803 0.0662484 0
    outer loop
      vertex 107.874 63.3916 0
      vertex 107.9 63 68.7
      vertex 107.9 63 0
    endloop
  endfacet
  facet normal 0.44211 0.896961 -0
    outer loop
      vertex 106.4 65.5981 0
      vertex 106.048 65.7716 68.7
      vertex 106.4 65.5981 68.7
    endloop
  endfacet
  facet normal 0.44211 0.896961 0
    outer loop
      vertex 106.048 65.7716 68.7
      vertex 106.4 65.5981 0
      vertex 106.048 65.7716 0
    endloop
  endfacet
  facet normal 0.831501 0.555523 0
    outer loop
      vertex 107.498 64.5 68.7
      vertex 107.28 64.8263 0
      vertex 107.28 64.8263 68.7
    endloop
  endfacet
  facet normal 0.831501 0.555523 0
    outer loop
      vertex 107.28 64.8263 0
      vertex 107.498 64.5 68.7
      vertex 107.498 64.5 0
    endloop
  endfacet
  facet normal 0.896455 0.443134 0
    outer loop
      vertex 107.672 64.148 68.7
      vertex 107.498 64.5 0
      vertex 107.498 64.5 68.7
    endloop
  endfacet
  facet normal 0.896455 0.443134 0
    outer loop
      vertex 107.498 64.5 0
      vertex 107.672 64.148 68.7
      vertex 107.672 64.148 0
    endloop
  endfacet
  facet normal 0.981058 0.193714 0
    outer loop
      vertex 107.874 63.3916 68.7
      vertex 107.798 63.7765 0
      vertex 107.798 63.7765 68.7
    endloop
  endfacet
  facet normal 0.981058 0.193714 0
    outer loop
      vertex 107.798 63.7765 0
      vertex 107.874 63.3916 68.7
      vertex 107.874 63.3916 0
    endloop
  endfacet
  facet normal 0.659478 0.751724 -0
    outer loop
      vertex 107.021 65.1213 0
      vertex 106.726 65.3801 68.7
      vertex 107.021 65.1213 68.7
    endloop
  endfacet
  facet normal 0.659478 0.751724 0
    outer loop
      vertex 106.726 65.3801 68.7
      vertex 107.021 65.1213 0
      vertex 106.726 65.3801 0
    endloop
  endfacet
  facet normal 0.195379 0.980728 -0
    outer loop
      vertex 105.676 65.8978 0
      vertex 105.292 65.9743 68.7
      vertex 105.676 65.8978 68.7
    endloop
  endfacet
  facet normal 0.195379 0.980728 0
    outer loop
      vertex 105.292 65.9743 68.7
      vertex 105.676 65.8978 0
      vertex 105.292 65.9743 0
    endloop
  endfacet
  facet normal 0.947013 0.321194 0
    outer loop
      vertex 107.798 63.7765 68.7
      vertex 107.672 64.148 0
      vertex 107.672 64.148 68.7
    endloop
  endfacet
  facet normal 0.947013 0.321194 0
    outer loop
      vertex 107.672 64.148 0
      vertex 107.798 63.7765 68.7
      vertex 107.798 63.7765 0
    endloop
  endfacet
  facet normal 0.0654208 0.997858 -0
    outer loop
      vertex 105.292 65.9743 0
      vertex 104.9 66 68.7
      vertex 105.292 65.9743 68.7
    endloop
  endfacet
  facet normal 0.0654208 0.997858 0
    outer loop
      vertex 104.9 66 68.7
      vertex 105.292 65.9743 0
      vertex 104.9 66 0
    endloop
  endfacet
  facet normal 0.321264 0.94699 -0
    outer loop
      vertex 106.048 65.7716 0
      vertex 105.676 65.8978 68.7
      vertex 106.048 65.7716 68.7
    endloop
  endfacet
  facet normal 0.321264 0.94699 0
    outer loop
      vertex 105.676 65.8978 68.7
      vertex 106.048 65.7716 0
      vertex 105.676 65.8978 0
    endloop
  endfacet
  facet normal 0.751471 0.659766 0
    outer loop
      vertex 107.28 64.8263 68.7
      vertex 107.021 65.1213 0
      vertex 107.021 65.1213 68.7
    endloop
  endfacet
  facet normal 0.751471 0.659766 0
    outer loop
      vertex 107.021 65.1213 0
      vertex 107.28 64.8263 68.7
      vertex 107.28 64.8263 0
    endloop
  endfacet
  facet normal 0 -1 0
    outer loop
      vertex 65.83 63.6 2.39999
      vertex 96 63.6 63.1
      vertex 65.83 63.6 63.1
    endloop
  endfacet
  facet normal 0 -1 -0
    outer loop
      vertex 96 63.6 63.1
      vertex 65.83 63.6 2.39999
      vertex 96 63.6 2.39999
    endloop
  endfacet
  facet normal 0 -1 0
    outer loop
      vertex 65.83 63.6 63.1
      vertex 44.9 63.6 68.7
      vertex 53.83 63.6 63.1
    endloop
  endfacet
  facet normal 0 -1 0
    outer loop
      vertex 44.9 63.6 68.7
      vertex 48 63.6 52
      vertex 53.83 63.6 63.1
    endloop
  endfacet
  facet normal 0 -1 0
    outer loop
      vertex 44.9 63.6 68.7
      vertex 48 63.6 30
      vertex 48 63.6 52
    endloop
  endfacet
  facet normal 0 -1 0
    outer loop
      vertex 53.83 63.6 2.39999
      vertex 48 63.6 30
      vertex 44.9 63.6 2.39999
    endloop
  endfacet
  facet normal 0 -1 0
    outer loop
      vertex 44.9 63.6 2.39999
      vertex 48 63.6 30
      vertex 44.9 63.6 68.7
    endloop
  endfacet
  facet normal 0 -1 0
    outer loop
      vertex 44.9 63.6 68.7
      vertex 65.83 63.6 63.1
      vertex 105.5 63.6 68.7
    endloop
  endfacet
  facet normal 0 -1 0
    outer loop
      vertex 96 63.6 63.1
      vertex 105.5 63.6 68.7
      vertex 65.83 63.6 63.1
    endloop
  endfacet
  facet normal 0 -1 -0
    outer loop
      vertex 105.5 63.6 68.7
      vertex 96 63.6 63.1
      vertex 105.5 63.6 63.1
    endloop
  endfacet
  facet normal 0 -1 0
    outer loop
      vertex 51.5 63.6 52
      vertex 53.83 63.6 63.1
      vertex 48 63.6 52
    endloop
  endfacet
  facet normal 0 -1 0
    outer loop
      vertex 51.5 63.6 30
      vertex 53.83 63.6 63.1
      vertex 51.5 63.6 52
    endloop
  endfacet
  facet normal 0 -1 0
    outer loop
      vertex 51.5 63.6 30
      vertex 53.83 63.6 2.39999
      vertex 53.83 63.6 63.1
    endloop
  endfacet
  facet normal 0 -1 0
    outer loop
      vertex 48 63.6 30
      vertex 53.83 63.6 2.39999
      vertex 51.5 63.6 30
    endloop
  endfacet
  facet normal 0 -1 0
    outer loop
      vertex 59.6668 63.6 18.2393
      vertex 59.9932 63.6 18.2393
      vertex 59.83 63.6 18.25
    endloop
  endfacet
  facet normal 0 -1 0
    outer loop
      vertex 59.5065 63.6 18.2074
      vertex 59.9932 63.6 18.2393
      vertex 59.6668 63.6 18.2393
    endloop
  endfacet
  facet normal 0 -1 0
    outer loop
      vertex 59.5065 63.6 18.2074
      vertex 60.1535 63.6 18.2074
      vertex 59.9932 63.6 18.2393
    endloop
  endfacet
  facet normal 0 -1 0
    outer loop
      vertex 59.3516 63.6 18.1549
      vertex 60.1535 63.6 18.2074
      vertex 59.5065 63.6 18.2074
    endloop
  endfacet
  facet normal 0 -1 0
    outer loop
      vertex 59.3516 63.6 18.1549
      vertex 60.3084 63.6 18.1549
      vertex 60.1535 63.6 18.2074
    endloop
  endfacet
  facet normal 0 -1 0
    outer loop
      vertex 59.205 63.6 18.0825
      vertex 60.3084 63.6 18.1549
      vertex 59.3516 63.6 18.1549
    endloop
  endfacet
  facet normal 0 -1 0
    outer loop
      vertex 59.205 63.6 18.0825
      vertex 60.455 63.6 18.0825
      vertex 60.3084 63.6 18.1549
    endloop
  endfacet
  facet normal 0 -1 0
    outer loop
      vertex 59.069 63.6 17.9917
      vertex 60.455 63.6 18.0825
      vertex 59.205 63.6 18.0825
    endloop
  endfacet
  facet normal 0 -1 0
    outer loop
      vertex 59.069 63.6 17.9917
      vertex 60.591 63.6 17.9917
      vertex 60.455 63.6 18.0825
    endloop
  endfacet
  facet normal 0 -1 0
    outer loop
      vertex 58.9461 63.6 17.8839
      vertex 60.591 63.6 17.9917
      vertex 59.069 63.6 17.9917
    endloop
  endfacet
  facet normal 0 -1 0
    outer loop
      vertex 58.9461 63.6 17.8839
      vertex 60.7139 63.6 17.8839
      vertex 60.591 63.6 17.9917
    endloop
  endfacet
  facet normal 0 -1 0
    outer loop
      vertex 58.8383 63.6 17.761
      vertex 60.7139 63.6 17.8839
      vertex 58.9461 63.6 17.8839
    endloop
  endfacet
  facet normal 0 -1 0
    outer loop
      vertex 58.8383 63.6 17.761
      vertex 60.8217 63.6 17.761
      vertex 60.7139 63.6 17.8839
    endloop
  endfacet
  facet normal 0 -1 0
    outer loop
      vertex 58.7475 63.6 17.625
      vertex 60.8217 63.6 17.761
      vertex 58.8383 63.6 17.761
    endloop
  endfacet
  facet normal 0 -1 0
    outer loop
      vertex 58.7475 63.6 17.625
      vertex 60.9125 63.6 17.625
      vertex 60.8217 63.6 17.761
    endloop
  endfacet
  facet normal 0 -1 0
    outer loop
      vertex 58.6752 63.6 17.4784
      vertex 60.9125 63.6 17.625
      vertex 58.7475 63.6 17.625
    endloop
  endfacet
  facet normal 0 -1 0
    outer loop
      vertex 58.6752 63.6 17.4784
      vertex 60.9848 63.6 17.4784
      vertex 60.9125 63.6 17.625
    endloop
  endfacet
  facet normal 0 -1 0
    outer loop
      vertex 58.6226 63.6 17.3235
      vertex 60.9848 63.6 17.4784
      vertex 58.6752 63.6 17.4784
    endloop
  endfacet
  facet normal 0 -1 0
    outer loop
      vertex 58.6226 63.6 17.3235
      vertex 61.0374 63.6 17.3235
      vertex 60.9848 63.6 17.4784
    endloop
  endfacet
  facet normal 0 -1 0
    outer loop
      vertex 58.5907 63.6 17.1632
      vertex 61.0374 63.6 17.3235
      vertex 58.6226 63.6 17.3235
    endloop
  endfacet
  facet normal 0 -1 0
    outer loop
      vertex 58.5907 63.6 17.1632
      vertex 61.0693 63.6 17.1632
      vertex 61.0374 63.6 17.3235
    endloop
  endfacet
  facet normal 0 -1 0
    outer loop
      vertex 58.58 63.6 17
      vertex 61.0693 63.6 17.1632
      vertex 58.5907 63.6 17.1632
    endloop
  endfacet
  facet normal 0 -1 0
    outer loop
      vertex 58.58 63.6 17
      vertex 61.08 63.6 17
      vertex 61.0693 63.6 17.1632
    endloop
  endfacet
  facet normal 0 -1 0
    outer loop
      vertex 58.5907 63.6 16.8368
      vertex 61.08 63.6 17
      vertex 58.58 63.6 17
    endloop
  endfacet
  facet normal 0 -1 0
    outer loop
      vertex 58.5907 63.6 16.8368
      vertex 61.0693 63.6 16.8368
      vertex 61.08 63.6 17
    endloop
  endfacet
  facet normal 0 -1 0
    outer loop
      vertex 58.6226 63.6 16.6765
      vertex 61.0693 63.6 16.8368
      vertex 58.5907 63.6 16.8368
    endloop
  endfacet
  facet normal 0 -1 0
    outer loop
      vertex 58.6226 63.6 16.6765
      vertex 61.0374 63.6 16.6765
      vertex 61.0693 63.6 16.8368
    endloop
  endfacet
  facet normal 0 -1 0
    outer loop
      vertex 58.6752 63.6 16.5216
      vertex 61.0374 63.6 16.6765
      vertex 58.6226 63.6 16.6765
    endloop
  endfacet
  facet normal 0 -1 0
    outer loop
      vertex 58.6752 63.6 16.5216
      vertex 60.9848 63.6 16.5216
      vertex 61.0374 63.6 16.6765
    endloop
  endfacet
  facet normal 0 -1 0
    outer loop
      vertex 58.7475 63.6 16.375
      vertex 60.9848 63.6 16.5216
      vertex 58.6752 63.6 16.5216
    endloop
  endfacet
  facet normal 0 -1 0
    outer loop
      vertex 58.7475 63.6 16.375
      vertex 60.9125 63.6 16.375
      vertex 60.9848 63.6 16.5216
    endloop
  endfacet
  facet normal 0 -1 0
    outer loop
      vertex 58.8383 63.6 16.239
      vertex 60.9125 63.6 16.375
      vertex 58.7475 63.6 16.375
    endloop
  endfacet
  facet normal 0 -1 0
    outer loop
      vertex 58.8383 63.6 16.239
      vertex 60.8217 63.6 16.239
      vertex 60.9125 63.6 16.375
    endloop
  endfacet
  facet normal 0 -1 0
    outer loop
      vertex 58.9461 63.6 16.1161
      vertex 60.8217 63.6 16.239
      vertex 58.8383 63.6 16.239
    endloop
  endfacet
  facet normal 0 -1 0
    outer loop
      vertex 58.9461 63.6 16.1161
      vertex 60.7139 63.6 16.1161
      vertex 60.8217 63.6 16.239
    endloop
  endfacet
  facet normal 0 -1 0
    outer loop
      vertex 59.069 63.6 16.0083
      vertex 60.7139 63.6 16.1161
      vertex 58.9461 63.6 16.1161
    endloop
  endfacet
  facet normal 0 -1 0
    outer loop
      vertex 59.069 63.6 16.0083
      vertex 60.591 63.6 16.0083
      vertex 60.7139 63.6 16.1161
    endloop
  endfacet
  facet normal 0 -1 0
    outer loop
      vertex 59.205 63.6 15.9175
      vertex 60.591 63.6 16.0083
      vertex 59.069 63.6 16.0083
    endloop
  endfacet
  facet normal 0 -1 0
    outer loop
      vertex 59.205 63.6 15.9175
      vertex 60.455 63.6 15.9175
      vertex 60.591 63.6 16.0083
    endloop
  endfacet
  facet normal 0 -1 0
    outer loop
      vertex 59.3516 63.6 15.8451
      vertex 60.455 63.6 15.9175
      vertex 59.205 63.6 15.9175
    endloop
  endfacet
  facet normal 0 -1 0
    outer loop
      vertex 59.3516 63.6 15.8451
      vertex 60.3084 63.6 15.8451
      vertex 60.455 63.6 15.9175
    endloop
  endfacet
  facet normal 0 -1 0
    outer loop
      vertex 59.5065 63.6 15.7926
      vertex 60.3084 63.6 15.8451
      vertex 59.3516 63.6 15.8451
    endloop
  endfacet
  facet normal 0 -1 0
    outer loop
      vertex 59.5065 63.6 15.7926
      vertex 60.1535 63.6 15.7926
      vertex 60.3084 63.6 15.8451
    endloop
  endfacet
  facet normal 0 -1 0
    outer loop
      vertex 59.6668 63.6 15.7607
      vertex 60.1535 63.6 15.7926
      vertex 59.5065 63.6 15.7926
    endloop
  endfacet
  facet normal 0 -1 0
    outer loop
      vertex 59.6668 63.6 15.7607
      vertex 59.9932 63.6 15.7607
      vertex 60.1535 63.6 15.7926
    endloop
  endfacet
  facet normal -0 -1 0
    outer loop
      vertex 59.9932 63.6 15.7607
      vertex 59.6668 63.6 15.7607
      vertex 59.83 63.6 15.75
    endloop
  endfacet
  facet normal 0 -1 0
    outer loop
      vertex 101.837 63.6 18.2393
      vertex 102.163 63.6 18.2393
      vertex 102 63.6 18.25
    endloop
  endfacet
  facet normal 0 -1 0
    outer loop
      vertex 101.676 63.6 18.2074
      vertex 102.163 63.6 18.2393
      vertex 101.837 63.6 18.2393
    endloop
  endfacet
  facet normal 0 -1 0
    outer loop
      vertex 101.676 63.6 18.2074
      vertex 102.324 63.6 18.2074
      vertex 102.163 63.6 18.2393
    endloop
  endfacet
  facet normal 0 -1 0
    outer loop
      vertex 101.522 63.6 18.1549
      vertex 102.324 63.6 18.2074
      vertex 101.676 63.6 18.2074
    endloop
  endfacet
  facet normal 0 -1 0
    outer loop
      vertex 101.522 63.6 18.1549
      vertex 102.478 63.6 18.1549
      vertex 102.324 63.6 18.2074
    endloop
  endfacet
  facet normal 0 -1 0
    outer loop
      vertex 101.375 63.6 18.0825
      vertex 102.478 63.6 18.1549
      vertex 101.522 63.6 18.1549
    endloop
  endfacet
  facet normal 0 -1 0
    outer loop
      vertex 101.375 63.6 18.0825
      vertex 102.625 63.6 18.0825
      vertex 102.478 63.6 18.1549
    endloop
  endfacet
  facet normal 0 -1 0
    outer loop
      vertex 101.239 63.6 17.9917
      vertex 102.625 63.6 18.0825
      vertex 101.375 63.6 18.0825
    endloop
  endfacet
  facet normal 0 -1 0
    outer loop
      vertex 101.239 63.6 17.9917
      vertex 102.761 63.6 17.9917
      vertex 102.625 63.6 18.0825
    endloop
  endfacet
  facet normal 0 -1 0
    outer loop
      vertex 101.116 63.6 17.8839
      vertex 102.761 63.6 17.9917
      vertex 101.239 63.6 17.9917
    endloop
  endfacet
  facet normal 0 -1 0
    outer loop
      vertex 101.116 63.6 17.8839
      vertex 102.884 63.6 17.8839
      vertex 102.761 63.6 17.9917
    endloop
  endfacet
  facet normal 0 -1 0
    outer loop
      vertex 101.008 63.6 17.761
      vertex 102.884 63.6 17.8839
      vertex 101.116 63.6 17.8839
    endloop
  endfacet
  facet normal 0 -1 0
    outer loop
      vertex 101.008 63.6 17.761
      vertex 102.992 63.6 17.761
      vertex 102.884 63.6 17.8839
    endloop
  endfacet
  facet normal 0 -1 0
    outer loop
      vertex 100.917 63.6 17.625
      vertex 102.992 63.6 17.761
      vertex 101.008 63.6 17.761
    endloop
  endfacet
  facet normal 0 -1 0
    outer loop
      vertex 100.917 63.6 17.625
      vertex 103.083 63.6 17.625
      vertex 102.992 63.6 17.761
    endloop
  endfacet
  facet normal 0 -1 0
    outer loop
      vertex 100.845 63.6 17.4784
      vertex 103.083 63.6 17.625
      vertex 100.917 63.6 17.625
    endloop
  endfacet
  facet normal 0 -1 0
    outer loop
      vertex 100.845 63.6 17.4784
      vertex 103.155 63.6 17.4784
      vertex 103.083 63.6 17.625
    endloop
  endfacet
  facet normal 0 -1 0
    outer loop
      vertex 100.793 63.6 17.3235
      vertex 103.155 63.6 17.4784
      vertex 100.845 63.6 17.4784
    endloop
  endfacet
  facet normal 0 -1 0
    outer loop
      vertex 100.793 63.6 17.3235
      vertex 103.207 63.6 17.3235
      vertex 103.155 63.6 17.4784
    endloop
  endfacet
  facet normal 0 -1 0
    outer loop
      vertex 100.761 63.6 17.1632
      vertex 103.207 63.6 17.3235
      vertex 100.793 63.6 17.3235
    endloop
  endfacet
  facet normal 0 -1 0
    outer loop
      vertex 100.761 63.6 17.1632
      vertex 103.239 63.6 17.1632
      vertex 103.207 63.6 17.3235
    endloop
  endfacet
  facet normal 0 -1 0
    outer loop
      vertex 100.75 63.6 17
      vertex 103.239 63.6 17.1632
      vertex 100.761 63.6 17.1632
    endloop
  endfacet
  facet normal 0 -1 0
    outer loop
      vertex 100.75 63.6 17
      vertex 103.25 63.6 17
      vertex 103.239 63.6 17.1632
    endloop
  endfacet
  facet normal 0 -1 0
    outer loop
      vertex 100.761 63.6 16.8368
      vertex 103.25 63.6 17
      vertex 100.75 63.6 17
    endloop
  endfacet
  facet normal 0 -1 0
    outer loop
      vertex 100.761 63.6 16.8368
      vertex 103.239 63.6 16.8368
      vertex 103.25 63.6 17
    endloop
  endfacet
  facet normal 0 -1 0
    outer loop
      vertex 100.793 63.6 16.6765
      vertex 103.239 63.6 16.8368
      vertex 100.761 63.6 16.8368
    endloop
  endfacet
  facet normal 0 -1 0
    outer loop
      vertex 100.793 63.6 16.6765
      vertex 103.207 63.6 16.6765
      vertex 103.239 63.6 16.8368
    endloop
  endfacet
  facet normal 0 -1 0
    outer loop
      vertex 100.845 63.6 16.5216
      vertex 103.207 63.6 16.6765
      vertex 100.793 63.6 16.6765
    endloop
  endfacet
  facet normal 0 -1 0
    outer loop
      vertex 100.845 63.6 16.5216
      vertex 103.155 63.6 16.5216
      vertex 103.207 63.6 16.6765
    endloop
  endfacet
  facet normal 0 -1 0
    outer loop
      vertex 100.917 63.6 16.375
      vertex 103.155 63.6 16.5216
      vertex 100.845 63.6 16.5216
    endloop
  endfacet
  facet normal 0 -1 0
    outer loop
      vertex 100.917 63.6 16.375
      vertex 103.083 63.6 16.375
      vertex 103.155 63.6 16.5216
    endloop
  endfacet
  facet normal 0 -1 0
    outer loop
      vertex 101.008 63.6 16.239
      vertex 103.083 63.6 16.375
      vertex 100.917 63.6 16.375
    endloop
  endfacet
  facet normal 0 -1 0
    outer loop
      vertex 101.008 63.6 16.239
      vertex 102.992 63.6 16.239
      vertex 103.083 63.6 16.375
    endloop
  endfacet
  facet normal 0 -1 0
    outer loop
      vertex 101.116 63.6 16.1161
      vertex 102.992 63.6 16.239
      vertex 101.008 63.6 16.239
    endloop
  endfacet
  facet normal 0 -1 0
    outer loop
      vertex 101.116 63.6 16.1161
      vertex 102.884 63.6 16.1161
      vertex 102.992 63.6 16.239
    endloop
  endfacet
  facet normal 0 -1 0
    outer loop
      vertex 101.239 63.6 16.0083
      vertex 102.884 63.6 16.1161
      vertex 101.116 63.6 16.1161
    endloop
  endfacet
  facet normal 0 -1 0
    outer loop
      vertex 101.239 63.6 16.0083
      vertex 102.761 63.6 16.0083
      vertex 102.884 63.6 16.1161
    endloop
  endfacet
  facet normal 0 -1 0
    outer loop
      vertex 101.375 63.6 15.9175
      vertex 102.761 63.6 16.0083
      vertex 101.239 63.6 16.0083
    endloop
  endfacet
  facet normal 0 -1 0
    outer loop
      vertex 101.375 63.6 15.9175
      vertex 102.625 63.6 15.9175
      vertex 102.761 63.6 16.0083
    endloop
  endfacet
  facet normal 0 -1 0
    outer loop
      vertex 101.522 63.6 15.8451
      vertex 102.625 63.6 15.9175
      vertex 101.375 63.6 15.9175
    endloop
  endfacet
  facet normal 0 -1 0
    outer loop
      vertex 101.522 63.6 15.8451
      vertex 102.478 63.6 15.8451
      vertex 102.625 63.6 15.9175
    endloop
  endfacet
  facet normal 0 -1 0
    outer loop
      vertex 101.676 63.6 15.7926
      vertex 102.478 63.6 15.8451
      vertex 101.522 63.6 15.8451
    endloop
  endfacet
  facet normal 0 -1 0
    outer loop
      vertex 101.676 63.6 15.7926
      vertex 102.324 63.6 15.7926
      vertex 102.478 63.6 15.8451
    endloop
  endfacet
  facet normal 0 -1 0
    outer loop
      vertex 101.837 63.6 15.7607
      vertex 102.324 63.6 15.7926
      vertex 101.676 63.6 15.7926
    endloop
  endfacet
  facet normal 0 -1 0
    outer loop
      vertex 101.837 63.6 15.7607
      vertex 102.163 63.6 15.7607
      vertex 102.324 63.6 15.7926
    endloop
  endfacet
  facet normal -0 -1 0
    outer loop
      vertex 102.163 63.6 15.7607
      vertex 101.837 63.6 15.7607
      vertex 102 63.6 15.75
    endloop
  endfacet
  facet normal 0 -1 0
    outer loop
      vertex 59.6668 63.6 60.9393
      vertex 59.9932 63.6 60.9393
      vertex 59.83 63.6 60.95
    endloop
  endfacet
  facet normal 0 -1 0
    outer loop
      vertex 59.5065 63.6 60.9074
      vertex 59.9932 63.6 60.9393
      vertex 59.6668 63.6 60.9393
    endloop
  endfacet
  facet normal 0 -1 0
    outer loop
      vertex 59.5065 63.6 60.9074
      vertex 60.1535 63.6 60.9074
      vertex 59.9932 63.6 60.9393
    endloop
  endfacet
  facet normal 0 -1 0
    outer loop
      vertex 59.3516 63.6 60.8549
      vertex 60.1535 63.6 60.9074
      vertex 59.5065 63.6 60.9074
    endloop
  endfacet
  facet normal 0 -1 0
    outer loop
      vertex 59.3516 63.6 60.8549
      vertex 60.3084 63.6 60.8549
      vertex 60.1535 63.6 60.9074
    endloop
  endfacet
  facet normal 0 -1 0
    outer loop
      vertex 59.205 63.6 60.7825
      vertex 60.3084 63.6 60.8549
      vertex 59.3516 63.6 60.8549
    endloop
  endfacet
  facet normal 0 -1 0
    outer loop
      vertex 59.205 63.6 60.7825
      vertex 60.455 63.6 60.7825
      vertex 60.3084 63.6 60.8549
    endloop
  endfacet
  facet normal 0 -1 0
    outer loop
      vertex 59.069 63.6 60.6917
      vertex 60.455 63.6 60.7825
      vertex 59.205 63.6 60.7825
    endloop
  endfacet
  facet normal 0 -1 0
    outer loop
      vertex 59.069 63.6 60.6917
      vertex 60.591 63.6 60.6917
      vertex 60.455 63.6 60.7825
    endloop
  endfacet
  facet normal 0 -1 0
    outer loop
      vertex 58.9461 63.6 60.5839
      vertex 60.591 63.6 60.6917
      vertex 59.069 63.6 60.6917
    endloop
  endfacet
  facet normal 0 -1 0
    outer loop
      vertex 58.9461 63.6 60.5839
      vertex 60.7139 63.6 60.5839
      vertex 60.591 63.6 60.6917
    endloop
  endfacet
  facet normal 0 -1 0
    outer loop
      vertex 58.8383 63.6 60.461
      vertex 60.7139 63.6 60.5839
      vertex 58.9461 63.6 60.5839
    endloop
  endfacet
  facet normal 0 -1 0
    outer loop
      vertex 58.8383 63.6 60.461
      vertex 60.8217 63.6 60.461
      vertex 60.7139 63.6 60.5839
    endloop
  endfacet
  facet normal 0 -1 0
    outer loop
      vertex 58.7475 63.6 60.325
      vertex 60.8217 63.6 60.461
      vertex 58.8383 63.6 60.461
    endloop
  endfacet
  facet normal 0 -1 0
    outer loop
      vertex 58.7475 63.6 60.325
      vertex 60.9125 63.6 60.325
      vertex 60.8217 63.6 60.461
    endloop
  endfacet
  facet normal 0 -1 0
    outer loop
      vertex 58.6752 63.6 60.1784
      vertex 60.9125 63.6 60.325
      vertex 58.7475 63.6 60.325
    endloop
  endfacet
  facet normal 0 -1 0
    outer loop
      vertex 58.6752 63.6 60.1784
      vertex 60.9848 63.6 60.1784
      vertex 60.9125 63.6 60.325
    endloop
  endfacet
  facet normal 0 -1 0
    outer loop
      vertex 58.6226 63.6 60.0235
      vertex 60.9848 63.6 60.1784
      vertex 58.6752 63.6 60.1784
    endloop
  endfacet
  facet normal 0 -1 0
    outer loop
      vertex 58.6226 63.6 60.0235
      vertex 61.0374 63.6 60.0235
      vertex 60.9848 63.6 60.1784
    endloop
  endfacet
  facet normal 0 -1 0
    outer loop
      vertex 58.5907 63.6 59.8632
      vertex 61.0374 63.6 60.0235
      vertex 58.6226 63.6 60.0235
    endloop
  endfacet
  facet normal 0 -1 0
    outer loop
      vertex 58.5907 63.6 59.8632
      vertex 61.0693 63.6 59.8632
      vertex 61.0374 63.6 60.0235
    endloop
  endfacet
  facet normal 0 -1 0
    outer loop
      vertex 58.58 63.6 59.7
      vertex 61.0693 63.6 59.8632
      vertex 58.5907 63.6 59.8632
    endloop
  endfacet
  facet normal 0 -1 0
    outer loop
      vertex 58.58 63.6 59.7
      vertex 61.08 63.6 59.7
      vertex 61.0693 63.6 59.8632
    endloop
  endfacet
  facet normal 0 -1 0
    outer loop
      vertex 58.5907 63.6 59.5368
      vertex 61.08 63.6 59.7
      vertex 58.58 63.6 59.7
    endloop
  endfacet
  facet normal 0 -1 0
    outer loop
      vertex 58.5907 63.6 59.5368
      vertex 61.0693 63.6 59.5368
      vertex 61.08 63.6 59.7
    endloop
  endfacet
  facet normal 0 -1 0
    outer loop
      vertex 58.6226 63.6 59.3765
      vertex 61.0693 63.6 59.5368
      vertex 58.5907 63.6 59.5368
    endloop
  endfacet
  facet normal 0 -1 0
    outer loop
      vertex 58.6226 63.6 59.3765
      vertex 61.0374 63.6 59.3765
      vertex 61.0693 63.6 59.5368
    endloop
  endfacet
  facet normal 0 -1 0
    outer loop
      vertex 58.6752 63.6 59.2216
      vertex 61.0374 63.6 59.3765
      vertex 58.6226 63.6 59.3765
    endloop
  endfacet
  facet normal 0 -1 0
    outer loop
      vertex 58.6752 63.6 59.2216
      vertex 60.9848 63.6 59.2216
      vertex 61.0374 63.6 59.3765
    endloop
  endfacet
  facet normal 0 -1 0
    outer loop
      vertex 58.7475 63.6 59.075
      vertex 60.9848 63.6 59.2216
      vertex 58.6752 63.6 59.2216
    endloop
  endfacet
  facet normal 0 -1 0
    outer loop
      vertex 58.7475 63.6 59.075
      vertex 60.9125 63.6 59.075
      vertex 60.9848 63.6 59.2216
    endloop
  endfacet
  facet normal 0 -1 0
    outer loop
      vertex 58.8383 63.6 58.939
      vertex 60.9125 63.6 59.075
      vertex 58.7475 63.6 59.075
    endloop
  endfacet
  facet normal 0 -1 0
    outer loop
      vertex 58.8383 63.6 58.939
      vertex 60.8217 63.6 58.939
      vertex 60.9125 63.6 59.075
    endloop
  endfacet
  facet normal 0 -1 0
    outer loop
      vertex 58.9461 63.6 58.8161
      vertex 60.8217 63.6 58.939
      vertex 58.8383 63.6 58.939
    endloop
  endfacet
  facet normal 0 -1 0
    outer loop
      vertex 58.9461 63.6 58.8161
      vertex 60.7139 63.6 58.8161
      vertex 60.8217 63.6 58.939
    endloop
  endfacet
  facet normal 0 -1 0
    outer loop
      vertex 59.069 63.6 58.7083
      vertex 60.7139 63.6 58.8161
      vertex 58.9461 63.6 58.8161
    endloop
  endfacet
  facet normal 0 -1 0
    outer loop
      vertex 59.069 63.6 58.7083
      vertex 60.591 63.6 58.7083
      vertex 60.7139 63.6 58.8161
    endloop
  endfacet
  facet normal 0 -1 0
    outer loop
      vertex 59.205 63.6 58.6175
      vertex 60.591 63.6 58.7083
      vertex 59.069 63.6 58.7083
    endloop
  endfacet
  facet normal 0 -1 0
    outer loop
      vertex 59.205 63.6 58.6175
      vertex 60.455 63.6 58.6175
      vertex 60.591 63.6 58.7083
    endloop
  endfacet
  facet normal 0 -1 0
    outer loop
      vertex 59.3516 63.6 58.5452
      vertex 60.455 63.6 58.6175
      vertex 59.205 63.6 58.6175
    endloop
  endfacet
  facet normal 0 -1 0
    outer loop
      vertex 59.3516 63.6 58.5452
      vertex 60.3084 63.6 58.5452
      vertex 60.455 63.6 58.6175
    endloop
  endfacet
  facet normal 0 -1 0
    outer loop
      vertex 59.5065 63.6 58.4926
      vertex 60.3084 63.6 58.5452
      vertex 59.3516 63.6 58.5452
    endloop
  endfacet
  facet normal 0 -1 0
    outer loop
      vertex 59.5065 63.6 58.4926
      vertex 60.1535 63.6 58.4926
      vertex 60.3084 63.6 58.5452
    endloop
  endfacet
  facet normal 0 -1 0
    outer loop
      vertex 59.6668 63.6 58.4607
      vertex 60.1535 63.6 58.4926
      vertex 59.5065 63.6 58.4926
    endloop
  endfacet
  facet normal 0 -1 0
    outer loop
      vertex 59.6668 63.6 58.4607
      vertex 59.9932 63.6 58.4607
      vertex 60.1535 63.6 58.4926
    endloop
  endfacet
  facet normal -0 -1 0
    outer loop
      vertex 59.9932 63.6 58.4607
      vertex 59.6668 63.6 58.4607
      vertex 59.83 63.6 58.45
    endloop
  endfacet
  facet normal 0 -1 0
    outer loop
      vertex 101.837 63.6 60.9393
      vertex 102.163 63.6 60.9393
      vertex 102 63.6 60.95
    endloop
  endfacet
  facet normal 0 -1 0
    outer loop
      vertex 101.676 63.6 60.9074
      vertex 102.163 63.6 60.9393
      vertex 101.837 63.6 60.9393
    endloop
  endfacet
  facet normal 0 -1 0
    outer loop
      vertex 101.676 63.6 60.9074
      vertex 102.324 63.6 60.9074
      vertex 102.163 63.6 60.9393
    endloop
  endfacet
  facet normal 0 -1 0
    outer loop
      vertex 101.522 63.6 60.8549
      vertex 102.324 63.6 60.9074
      vertex 101.676 63.6 60.9074
    endloop
  endfacet
  facet normal 0 -1 0
    outer loop
      vertex 101.522 63.6 60.8549
      vertex 102.478 63.6 60.8549
      vertex 102.324 63.6 60.9074
    endloop
  endfacet
  facet normal 0 -1 0
    outer loop
      vertex 101.375 63.6 60.7825
      vertex 102.478 63.6 60.8549
      vertex 101.522 63.6 60.8549
    endloop
  endfacet
  facet normal 0 -1 0
    outer loop
      vertex 101.375 63.6 60.7825
      vertex 102.625 63.6 60.7825
      vertex 102.478 63.6 60.8549
    endloop
  endfacet
  facet normal 0 -1 0
    outer loop
      vertex 101.239 63.6 60.6917
      vertex 102.625 63.6 60.7825
      vertex 101.375 63.6 60.7825
    endloop
  endfacet
  facet normal 0 -1 0
    outer loop
      vertex 101.239 63.6 60.6917
      vertex 102.761 63.6 60.6917
      vertex 102.625 63.6 60.7825
    endloop
  endfacet
  facet normal 0 -1 0
    outer loop
      vertex 101.116 63.6 60.5839
      vertex 102.761 63.6 60.6917
      vertex 101.239 63.6 60.6917
    endloop
  endfacet
  facet normal 0 -1 0
    outer loop
      vertex 101.116 63.6 60.5839
      vertex 102.884 63.6 60.5839
      vertex 102.761 63.6 60.6917
    endloop
  endfacet
  facet normal 0 -1 0
    outer loop
      vertex 101.008 63.6 60.461
      vertex 102.884 63.6 60.5839
      vertex 101.116 63.6 60.5839
    endloop
  endfacet
  facet normal 0 -1 0
    outer loop
      vertex 101.008 63.6 60.461
      vertex 102.992 63.6 60.461
      vertex 102.884 63.6 60.5839
    endloop
  endfacet
  facet normal 0 -1 0
    outer loop
      vertex 100.917 63.6 60.325
      vertex 102.992 63.6 60.461
      vertex 101.008 63.6 60.461
    endloop
  endfacet
  facet normal 0 -1 0
    outer loop
      vertex 100.917 63.6 60.325
      vertex 103.083 63.6 60.325
      vertex 102.992 63.6 60.461
    endloop
  endfacet
  facet normal 0 -1 0
    outer loop
      vertex 100.845 63.6 60.1784
      vertex 103.083 63.6 60.325
      vertex 100.917 63.6 60.325
    endloop
  endfacet
  facet normal 0 -1 0
    outer loop
      vertex 100.845 63.6 60.1784
      vertex 103.155 63.6 60.1784
      vertex 103.083 63.6 60.325
    endloop
  endfacet
  facet normal 0 -1 0
    outer loop
      vertex 100.793 63.6 60.0235
      vertex 103.155 63.6 60.1784
      vertex 100.845 63.6 60.1784
    endloop
  endfacet
  facet normal 0 -1 0
    outer loop
      vertex 100.793 63.6 60.0235
      vertex 103.207 63.6 60.0235
      vertex 103.155 63.6 60.1784
    endloop
  endfacet
  facet normal 0 -1 0
    outer loop
      vertex 100.761 63.6 59.8632
      vertex 103.207 63.6 60.0235
      vertex 100.793 63.6 60.0235
    endloop
  endfacet
  facet normal 0 -1 0
    outer loop
      vertex 100.761 63.6 59.8632
      vertex 103.239 63.6 59.8632
      vertex 103.207 63.6 60.0235
    endloop
  endfacet
  facet normal 0 -1 0
    outer loop
      vertex 100.75 63.6 59.7
      vertex 103.239 63.6 59.8632
      vertex 100.761 63.6 59.8632
    endloop
  endfacet
  facet normal 0 -1 0
    outer loop
      vertex 100.75 63.6 59.7
      vertex 103.25 63.6 59.7
      vertex 103.239 63.6 59.8632
    endloop
  endfacet
  facet normal 0 -1 0
    outer loop
      vertex 100.761 63.6 59.5368
      vertex 103.25 63.6 59.7
      vertex 100.75 63.6 59.7
    endloop
  endfacet
  facet normal 0 -1 0
    outer loop
      vertex 100.761 63.6 59.5368
      vertex 103.239 63.6 59.5368
      vertex 103.25 63.6 59.7
    endloop
  endfacet
  facet normal 0 -1 0
    outer loop
      vertex 100.793 63.6 59.3765
      vertex 103.239 63.6 59.5368
      vertex 100.761 63.6 59.5368
    endloop
  endfacet
  facet normal 0 -1 0
    outer loop
      vertex 100.793 63.6 59.3765
      vertex 103.207 63.6 59.3765
      vertex 103.239 63.6 59.5368
    endloop
  endfacet
  facet normal 0 -1 0
    outer loop
      vertex 100.845 63.6 59.2216
      vertex 103.207 63.6 59.3765
      vertex 100.793 63.6 59.3765
    endloop
  endfacet
  facet normal 0 -1 0
    outer loop
      vertex 100.845 63.6 59.2216
      vertex 103.155 63.6 59.2216
      vertex 103.207 63.6 59.3765
    endloop
  endfacet
  facet normal 0 -1 0
    outer loop
      vertex 100.917 63.6 59.075
      vertex 103.155 63.6 59.2216
      vertex 100.845 63.6 59.2216
    endloop
  endfacet
  facet normal 0 -1 0
    outer loop
      vertex 100.917 63.6 59.075
      vertex 103.083 63.6 59.075
      vertex 103.155 63.6 59.2216
    endloop
  endfacet
  facet normal 0 -1 0
    outer loop
      vertex 101.008 63.6 58.939
      vertex 103.083 63.6 59.075
      vertex 100.917 63.6 59.075
    endloop
  endfacet
  facet normal 0 -1 0
    outer loop
      vertex 101.008 63.6 58.939
      vertex 102.992 63.6 58.939
      vertex 103.083 63.6 59.075
    endloop
  endfacet
  facet normal 0 -1 0
    outer loop
      vertex 101.116 63.6 58.8161
      vertex 102.992 63.6 58.939
      vertex 101.008 63.6 58.939
    endloop
  endfacet
  facet normal 0 -1 0
    outer loop
      vertex 101.116 63.6 58.8161
      vertex 102.884 63.6 58.8161
      vertex 102.992 63.6 58.939
    endloop
  endfacet
  facet normal 0 -1 0
    outer loop
      vertex 101.239 63.6 58.7083
      vertex 102.884 63.6 58.8161
      vertex 101.116 63.6 58.8161
    endloop
  endfacet
  facet normal 0 -1 0
    outer loop
      vertex 101.239 63.6 58.7083
      vertex 102.761 63.6 58.7083
      vertex 102.884 63.6 58.8161
    endloop
  endfacet
  facet normal 0 -1 0
    outer loop
      vertex 101.375 63.6 58.6175
      vertex 102.761 63.6 58.7083
      vertex 101.239 63.6 58.7083
    endloop
  endfacet
  facet normal 0 -1 0
    outer loop
      vertex 101.375 63.6 58.6175
      vertex 102.625 63.6 58.6175
      vertex 102.761 63.6 58.7083
    endloop
  endfacet
  facet normal 0 -1 0
    outer loop
      vertex 101.522 63.6 58.5452
      vertex 102.625 63.6 58.6175
      vertex 101.375 63.6 58.6175
    endloop
  endfacet
  facet normal 0 -1 0
    outer loop
      vertex 101.522 63.6 58.5452
      vertex 102.478 63.6 58.5452
      vertex 102.625 63.6 58.6175
    endloop
  endfacet
  facet normal 0 -1 0
    outer loop
      vertex 101.676 63.6 58.4926
      vertex 102.478 63.6 58.5452
      vertex 101.522 63.6 58.5452
    endloop
  endfacet
  facet normal 0 -1 0
    outer loop
      vertex 101.676 63.6 58.4926
      vertex 102.324 63.6 58.4926
      vertex 102.478 63.6 58.5452
    endloop
  endfacet
  facet normal 0 -1 0
    outer loop
      vertex 101.837 63.6 58.4607
      vertex 102.324 63.6 58.4926
      vertex 101.676 63.6 58.4926
    endloop
  endfacet
  facet normal 0 -1 0
    outer loop
      vertex 101.837 63.6 58.4607
      vertex 102.163 63.6 58.4607
      vertex 102.324 63.6 58.4926
    endloop
  endfacet
  facet normal -0 -1 0
    outer loop
      vertex 102.163 63.6 58.4607
      vertex 101.837 63.6 58.4607
      vertex 102 63.6 58.45
    endloop
  endfacet
  facet normal 0 0 1
    outer loop
      vertex 53.83 63.6 2.39999
      vertex 44.9 63.6 2.39999
      vertex 53.83 62 2.39999
    endloop
  endfacet
  facet normal 0 0 1
    outer loop
      vertex 65.83 62 2.39999
      vertex 96 63.6 2.39999
      vertex 65.83 63.6 2.39999
    endloop
  endfacet
  facet normal -0 0 1
    outer loop
      vertex 96 58.2 2.39999
      vertex 105.5 38 2.39999
      vertex 105.5 58.2 2.39999
    endloop
  endfacet
  facet normal 0 0 1
    outer loop
      vertex 96 63.6 2.39999
      vertex 65.83 62 2.39999
      vertex 96 58.2 2.39999
    endloop
  endfacet
  facet normal 0 0 1
    outer loop
      vertex 96 58.2 2.39999
      vertex 65.83 62 2.39999
      vertex 105.5 38 2.39999
    endloop
  endfacet
  facet normal 0 0 1
    outer loop
      vertex 44.9 38 2.39999
      vertex 65.83 62 2.39999
      vertex 53.83 62 2.39999
    endloop
  endfacet
  facet normal 0 0 1
    outer loop
      vertex 44.9 38 2.39999
      vertex 53.83 62 2.39999
      vertex 44.9 63.6 2.39999
    endloop
  endfacet
  facet normal 0 0 1
    outer loop
      vertex 65.83 62 2.39999
      vertex 44.9 38 2.39999
      vertex 105.5 38 2.39999
    endloop
  endfacet
  facet normal -1 0 0
    outer loop
      vertex 105.5 62 12
      vertex 105.5 59.59 12.5
      vertex 105.5 62 12.5
    endloop
  endfacet
  facet normal -1 0 0
    outer loop
      vertex 105.5 59.5 14
      vertex 105.5 59.59 21.5
      vertex 105.5 59.59 12.5
    endloop
  endfacet
  facet normal -1 0 0
    outer loop
      vertex 105.5 59.59 21.5
      vertex 105.5 58.95 38.41
      vertex 105.5 59.59 55.2
    endloop
  endfacet
  facet normal -1 0 0
    outer loop
      vertex 105.5 59.5 14
      vertex 105.5 59.59 12.5
      vertex 105.5 59.5 12
    endloop
  endfacet
  facet normal -1 0 0
    outer loop
      vertex 105.5 59.5 12
      vertex 105.5 59.59 12.5
      vertex 105.5 62 12
    endloop
  endfacet
  facet normal -1 0 0
    outer loop
      vertex 105.5 59.59 21.5
      vertex 105.5 62 55.2
      vertex 105.5 62 21.5
    endloop
  endfacet
  facet normal -1 -0 0
    outer loop
      vertex 105.5 62 55.2
      vertex 105.5 59.59 21.5
      vertex 105.5 59.59 55.2
    endloop
  endfacet
  facet normal -1 0 0
    outer loop
      vertex 105.5 62.19 64.2
      vertex 105.5 63.6 63.1
      vertex 105.5 62.19 63.1
    endloop
  endfacet
  facet normal -1 0 0
    outer loop
      vertex 105.5 63.6 63.1
      vertex 105.5 62.19 64.2
      vertex 105.5 63.6 68.7
    endloop
  endfacet
  facet normal -1 0 0
    outer loop
      vertex 105.5 59.59 64.2
      vertex 105.5 63.6 68.7
      vertex 105.5 62.19 64.2
    endloop
  endfacet
  facet normal -1 0 0
    outer loop
      vertex 105.5 58.2 14
      vertex 105.5 59.59 21.5
      vertex 105.5 59.5 14
    endloop
  endfacet
  facet normal -1 0 0
    outer loop
      vertex 105.5 58.9192 38.8799
      vertex 105.5 59.59 55.2
      vertex 105.5 58.95 38.41
    endloop
  endfacet
  facet normal -1 0 0
    outer loop
      vertex 105.5 58.8273 39.3417
      vertex 105.5 59.59 55.2
      vertex 105.5 58.9192 38.8799
    endloop
  endfacet
  facet normal -1 0 0
    outer loop
      vertex 105.5 58.676 39.7877
      vertex 105.5 59.59 55.2
      vertex 105.5 58.8273 39.3417
    endloop
  endfacet
  facet normal -1 0 0
    outer loop
      vertex 105.5 54.7613 51.2848
      vertex 105.5 59.59 55.2
      vertex 105.5 58.676 39.7877
    endloop
  endfacet
  facet normal -1 0 0
    outer loop
      vertex 105.5 54.4431 51.93
      vertex 105.5 59.59 55.2
      vertex 105.5 54.7613 51.2848
    endloop
  endfacet
  facet normal -1 0 0
    outer loop
      vertex 105.5 54.0434 52.5282
      vertex 105.5 59.59 55.2
      vertex 105.5 54.4431 51.93
    endloop
  endfacet
  facet normal -1 0 0
    outer loop
      vertex 105.5 53.574 53.074
      vertex 105.5 59.59 55.2
      vertex 105.5 54.0434 52.5282
    endloop
  endfacet
  facet normal -1 0 0
    outer loop
      vertex 105.5 49.68 56.99
      vertex 105.5 59.59 55.2
      vertex 105.5 53.574 53.074
    endloop
  endfacet
  facet normal -1 0 0
    outer loop
      vertex 105.5 59.59 55.2
      vertex 105.5 49.68 56.99
      vertex 105.5 59.59 64.2
    endloop
  endfacet
  facet normal -1 0 0
    outer loop
      vertex 105.5 38 68.7
      vertex 105.5 59.59 64.2
      vertex 105.5 49.68 56.99
    endloop
  endfacet
  facet normal -1 0 0
    outer loop
      vertex 105.5 44.18 27.52
      vertex 105.5 38 68.7
      vertex 105.5 44.18 49.18
    endloop
  endfacet
  facet normal -1 0 0
    outer loop
      vertex 105.5 59.59 64.2
      vertex 105.5 38 68.7
      vertex 105.5 63.6 68.7
    endloop
  endfacet
  facet normal -1 0 0
    outer loop
      vertex 105.5 45.786 53.074
      vertex 105.5 38 68.7
      vertex 105.5 49.68 56.99
    endloop
  endfacet
  facet normal -1 0 0
    outer loop
      vertex 105.5 45.3166 52.5282
      vertex 105.5 38 68.7
      vertex 105.5 45.786 53.074
    endloop
  endfacet
  facet normal -1 0 0
    outer loop
      vertex 105.5 44.9169 51.93
      vertex 105.5 38 68.7
      vertex 105.5 45.3166 52.5282
    endloop
  endfacet
  facet normal -1 0 0
    outer loop
      vertex 105.5 44.5987 51.2848
      vertex 105.5 38 68.7
      vertex 105.5 44.9169 51.93
    endloop
  endfacet
  facet normal -1 0 0
    outer loop
      vertex 105.5 44.3674 50.6035
      vertex 105.5 38 68.7
      vertex 105.5 44.5987 51.2848
    endloop
  endfacet
  facet normal -1 0 0
    outer loop
      vertex 105.5 44.2271 49.8979
      vertex 105.5 38 68.7
      vertex 105.5 44.3674 50.6035
    endloop
  endfacet
  facet normal -1 0 0
    outer loop
      vertex 105.5 44.18 49.18
      vertex 105.5 38 68.7
      vertex 105.5 44.2271 49.8979
    endloop
  endfacet
  facet normal -1 0 0
    outer loop
      vertex 105.5 38 2.39999
      vertex 105.5 58.2 14
      vertex 105.5 58.2 2.39999
    endloop
  endfacet
  facet normal -1 0 0
    outer loop
      vertex 105.5 59.59 21.5
      vertex 105.5 54.7613 25.4152
      vertex 105.5 54.9926 26.0965
    endloop
  endfacet
  facet normal -1 0 0
    outer loop
      vertex 105.5 59.59 21.5
      vertex 105.5 54.4431 24.77
      vertex 105.5 54.7613 25.4152
    endloop
  endfacet
  facet normal -1 0 0
    outer loop
      vertex 105.5 59.59 21.5
      vertex 105.5 54.0434 24.1718
      vertex 105.5 54.4431 24.77
    endloop
  endfacet
  facet normal -1 0 0
    outer loop
      vertex 105.5 59.59 21.5
      vertex 105.5 53.5691 23.6309
      vertex 105.5 54.0434 24.1718
    endloop
  endfacet
  facet normal -1 0 0
    outer loop
      vertex 105.5 59.59 21.5
      vertex 105.5 53.0282 23.1566
      vertex 105.5 53.5691 23.6309
    endloop
  endfacet
  facet normal -1 0 0
    outer loop
      vertex 105.5 59.59 21.5
      vertex 105.5 52.43 22.7569
      vertex 105.5 53.0282 23.1566
    endloop
  endfacet
  facet normal -1 0 0
    outer loop
      vertex 105.5 58.2 14
      vertex 105.5 51.7848 22.4387
      vertex 105.5 52.43 22.7569
    endloop
  endfacet
  facet normal -1 0 0
    outer loop
      vertex 105.5 58.2 14
      vertex 105.5 51.1035 22.2074
      vertex 105.5 51.7848 22.4387
    endloop
  endfacet
  facet normal -1 0 0
    outer loop
      vertex 105.5 58.2 14
      vertex 105.5 50.3979 22.0671
      vertex 105.5 51.1035 22.2074
    endloop
  endfacet
  facet normal -1 0 0
    outer loop
      vertex 105.5 58.2 14
      vertex 105.5 49.68 22.02
      vertex 105.5 50.3979 22.0671
    endloop
  endfacet
  facet normal -1 0 0
    outer loop
      vertex 105.5 58.2 14
      vertex 105.5 48.9621 22.0671
      vertex 105.5 49.68 22.02
    endloop
  endfacet
  facet normal -1 -0 0
    outer loop
      vertex 105.5 58.2 14
      vertex 105.5 38 2.39999
      vertex 105.5 48.9621 22.0671
    endloop
  endfacet
  facet normal -1 -0 0
    outer loop
      vertex 105.5 48.9621 22.0671
      vertex 105.5 38 2.39999
      vertex 105.5 48.2565 22.2074
    endloop
  endfacet
  facet normal -1 -0 0
    outer loop
      vertex 105.5 48.2565 22.2074
      vertex 105.5 38 2.39999
      vertex 105.5 47.5752 22.4387
    endloop
  endfacet
  facet normal -1 -0 0
    outer loop
      vertex 105.5 47.5752 22.4387
      vertex 105.5 38 2.39999
      vertex 105.5 46.93 22.7569
    endloop
  endfacet
  facet normal -1 -0 0
    outer loop
      vertex 105.5 46.93 22.7569
      vertex 105.5 38 2.39999
      vertex 105.5 46.3318 23.1566
    endloop
  endfacet
  facet normal -1 -0 0
    outer loop
      vertex 105.5 46.3318 23.1566
      vertex 105.5 38 2.39999
      vertex 105.5 45.7909 23.6309
    endloop
  endfacet
  facet normal -1 -0 0
    outer loop
      vertex 105.5 45.7909 23.6309
      vertex 105.5 38 2.39999
      vertex 105.5 45.3166 24.1718
    endloop
  endfacet
  facet normal -1 0 0
    outer loop
      vertex 105.5 38 68.7
      vertex 105.5 44.18 27.52
      vertex 105.5 38 2.39999
    endloop
  endfacet
  facet normal -1 -0 0
    outer loop
      vertex 105.5 44.2271 26.8021
      vertex 105.5 38 2.39999
      vertex 105.5 44.18 27.52
    endloop
  endfacet
  facet normal -1 -0 0
    outer loop
      vertex 105.5 44.3674 26.0965
      vertex 105.5 38 2.39999
      vertex 105.5 44.2271 26.8021
    endloop
  endfacet
  facet normal -1 -0 0
    outer loop
      vertex 105.5 44.5987 25.4152
      vertex 105.5 38 2.39999
      vertex 105.5 44.3674 26.0965
    endloop
  endfacet
  facet normal -1 -0 0
    outer loop
      vertex 105.5 44.9169 24.77
      vertex 105.5 38 2.39999
      vertex 105.5 44.5987 25.4152
    endloop
  endfacet
  facet normal -1 -0 0
    outer loop
      vertex 105.5 45.3166 24.1718
      vertex 105.5 38 2.39999
      vertex 105.5 44.9169 24.77
    endloop
  endfacet
  facet normal -1 0 0
    outer loop
      vertex 105.5 59.59 21.5
      vertex 105.5 58.9192 37.9401
      vertex 105.5 58.95 38.41
    endloop
  endfacet
  facet normal -1 0 0
    outer loop
      vertex 105.5 59.59 21.5
      vertex 105.5 58.8273 37.4783
      vertex 105.5 58.9192 37.9401
    endloop
  endfacet
  facet normal -1 0 0
    outer loop
      vertex 105.5 52.43 22.7569
      vertex 105.5 59.59 21.5
      vertex 105.5 58.2 14
    endloop
  endfacet
  facet normal -1 0 0
    outer loop
      vertex 105.5 59.59 21.5
      vertex 105.5 54.9926 26.0965
      vertex 105.5 58.8273 37.4783
    endloop
  endfacet
  facet normal 1 -0 0
    outer loop
      vertex 64.33 59.59 21.5
      vertex 64.33 62 12.5
      vertex 64.33 62 21.5
    endloop
  endfacet
  facet normal 1 0 0
    outer loop
      vertex 64.33 62 12.5
      vertex 64.33 59.59 21.5
      vertex 64.33 59.59 12.5
    endloop
  endfacet
  facet normal -0 0 1
    outer loop
      vertex 55.33 62 21.5
      vertex 64.33 59.59 21.5
      vertex 64.33 62 21.5
    endloop
  endfacet
  facet normal 0 0 1
    outer loop
      vertex 64.33 59.59 21.5
      vertex 55.33 62 21.5
      vertex 55.33 59.59 21.5
    endloop
  endfacet
  facet normal 0 0 -1
    outer loop
      vertex 55.33 59.59 12.5
      vertex 64.33 62 12.5
      vertex 64.33 59.59 12.5
    endloop
  endfacet
  facet normal -0 0 -1
    outer loop
      vertex 64.33 62 12.5
      vertex 55.33 59.59 12.5
      vertex 55.33 62 12.5
    endloop
  endfacet
  facet normal -1 0 0
    outer loop
      vertex 55.33 59.59 12.5
      vertex 55.33 62 21.5
      vertex 55.33 62 12.5
    endloop
  endfacet
  facet normal -1 -0 0
    outer loop
      vertex 55.33 62 21.5
      vertex 55.33 59.59 12.5
      vertex 55.33 59.59 21.5
    endloop
  endfacet
  facet normal 0 -1 0
    outer loop
      vertex 55.33 59.59 21.5
      vertex 59.83 59.59 18.25
      vertex 64.33 59.59 21.5
    endloop
  endfacet
  facet normal 0 -1 0
    outer loop
      vertex 55.33 59.59 21.5
      vertex 59.6668 59.59 18.2393
      vertex 59.83 59.59 18.25
    endloop
  endfacet
  facet normal 0 -1 0
    outer loop
      vertex 55.33 59.59 21.5
      vertex 59.5065 59.59 18.2074
      vertex 59.6668 59.59 18.2393
    endloop
  endfacet
  facet normal 0 -1 0
    outer loop
      vertex 55.33 59.59 21.5
      vertex 59.3516 59.59 18.1549
      vertex 59.5065 59.59 18.2074
    endloop
  endfacet
  facet normal 0 -1 0
    outer loop
      vertex 55.33 59.59 21.5
      vertex 59.205 59.59 18.0825
      vertex 59.3516 59.59 18.1549
    endloop
  endfacet
  facet normal 0 -1 0
    outer loop
      vertex 55.33 59.59 21.5
      vertex 59.069 59.59 17.9917
      vertex 59.205 59.59 18.0825
    endloop
  endfacet
  facet normal 0 -1 0
    outer loop
      vertex 55.33 59.59 21.5
      vertex 58.9461 59.59 17.8839
      vertex 59.069 59.59 17.9917
    endloop
  endfacet
  facet normal 0 -1 0
    outer loop
      vertex 55.33 59.59 21.5
      vertex 58.8383 59.59 17.761
      vertex 58.9461 59.59 17.8839
    endloop
  endfacet
  facet normal 0 -1 0
    outer loop
      vertex 55.33 59.59 21.5
      vertex 58.7475 59.59 17.625
      vertex 58.8383 59.59 17.761
    endloop
  endfacet
  facet normal 0 -1 0
    outer loop
      vertex 55.33 59.59 21.5
      vertex 58.6752 59.59 17.4784
      vertex 58.7475 59.59 17.625
    endloop
  endfacet
  facet normal 0 -1 0
    outer loop
      vertex 55.33 59.59 21.5
      vertex 58.6226 59.59 17.3235
      vertex 58.6752 59.59 17.4784
    endloop
  endfacet
  facet normal 0 -1 0
    outer loop
      vertex 55.33 59.59 21.5
      vertex 58.5907 59.59 17.1632
      vertex 58.6226 59.59 17.3235
    endloop
  endfacet
  facet normal 0 -1 0
    outer loop
      vertex 55.33 59.59 21.5
      vertex 58.58 59.59 17
      vertex 58.5907 59.59 17.1632
    endloop
  endfacet
  facet normal 0 -1 0
    outer loop
      vertex 55.33 59.59 12.5
      vertex 58.58 59.59 17
      vertex 55.33 59.59 21.5
    endloop
  endfacet
  facet normal 0 -1 -0
    outer loop
      vertex 58.58 59.59 17
      vertex 55.33 59.59 12.5
      vertex 58.5907 59.59 16.8368
    endloop
  endfacet
  facet normal 0 -1 -0
    outer loop
      vertex 58.5907 59.59 16.8368
      vertex 55.33 59.59 12.5
      vertex 58.6226 59.59 16.6765
    endloop
  endfacet
  facet normal 0 -1 -0
    outer loop
      vertex 58.6226 59.59 16.6765
      vertex 55.33 59.59 12.5
      vertex 58.6752 59.59 16.5216
    endloop
  endfacet
  facet normal 0 -1 -0
    outer loop
      vertex 59.6668 59.59 15.7607
      vertex 55.33 59.59 12.5
      vertex 59.83 59.59 15.75
    endloop
  endfacet
  facet normal 0 -1 -0
    outer loop
      vertex 59.5065 59.59 15.7926
      vertex 55.33 59.59 12.5
      vertex 59.6668 59.59 15.7607
    endloop
  endfacet
  facet normal 0 -1 -0
    outer loop
      vertex 59.3516 59.59 15.8451
      vertex 55.33 59.59 12.5
      vertex 59.5065 59.59 15.7926
    endloop
  endfacet
  facet normal 0 -1 -0
    outer loop
      vertex 59.205 59.59 15.9175
      vertex 55.33 59.59 12.5
      vertex 59.3516 59.59 15.8451
    endloop
  endfacet
  facet normal 0 -1 -0
    outer loop
      vertex 59.069 59.59 16.0083
      vertex 55.33 59.59 12.5
      vertex 59.205 59.59 15.9175
    endloop
  endfacet
  facet normal 0 -1 -0
    outer loop
      vertex 58.9461 59.59 16.1161
      vertex 55.33 59.59 12.5
      vertex 59.069 59.59 16.0083
    endloop
  endfacet
  facet normal 0 -1 -0
    outer loop
      vertex 58.8383 59.59 16.239
      vertex 55.33 59.59 12.5
      vertex 58.9461 59.59 16.1161
    endloop
  endfacet
  facet normal 0 -1 -0
    outer loop
      vertex 58.7475 59.59 16.375
      vertex 55.33 59.59 12.5
      vertex 58.8383 59.59 16.239
    endloop
  endfacet
  facet normal 0 -1 -0
    outer loop
      vertex 58.6752 59.59 16.5216
      vertex 55.33 59.59 12.5
      vertex 58.7475 59.59 16.375
    endloop
  endfacet
  facet normal 0 -1 0
    outer loop
      vertex 59.9932 59.59 18.2393
      vertex 64.33 59.59 21.5
      vertex 59.83 59.59 18.25
    endloop
  endfacet
  facet normal 0 -1 0
    outer loop
      vertex 60.1535 59.59 18.2074
      vertex 64.33 59.59 21.5
      vertex 59.9932 59.59 18.2393
    endloop
  endfacet
  facet normal 0 -1 0
    outer loop
      vertex 60.3084 59.59 18.1549
      vertex 64.33 59.59 21.5
      vertex 60.1535 59.59 18.2074
    endloop
  endfacet
  facet normal 0 -1 0
    outer loop
      vertex 60.455 59.59 18.0825
      vertex 64.33 59.59 21.5
      vertex 60.3084 59.59 18.1549
    endloop
  endfacet
  facet normal 0 -1 0
    outer loop
      vertex 60.591 59.59 17.9917
      vertex 64.33 59.59 21.5
      vertex 60.455 59.59 18.0825
    endloop
  endfacet
  facet normal 0 -1 0
    outer loop
      vertex 60.7139 59.59 17.8839
      vertex 64.33 59.59 21.5
      vertex 60.591 59.59 17.9917
    endloop
  endfacet
  facet normal 0 -1 0
    outer loop
      vertex 60.8217 59.59 17.761
      vertex 64.33 59.59 21.5
      vertex 60.7139 59.59 17.8839
    endloop
  endfacet
  facet normal 0 -1 0
    outer loop
      vertex 60.9125 59.59 17.625
      vertex 64.33 59.59 21.5
      vertex 60.8217 59.59 17.761
    endloop
  endfacet
  facet normal 0 -1 0
    outer loop
      vertex 60.9848 59.59 17.4784
      vertex 64.33 59.59 21.5
      vertex 60.9125 59.59 17.625
    endloop
  endfacet
  facet normal 0 -1 0
    outer loop
      vertex 61.0374 59.59 17.3235
      vertex 64.33 59.59 21.5
      vertex 60.9848 59.59 17.4784
    endloop
  endfacet
  facet normal 0 -1 0
    outer loop
      vertex 61.0693 59.59 17.1632
      vertex 64.33 59.59 21.5
      vertex 61.0374 59.59 17.3235
    endloop
  endfacet
  facet normal 0 -1 0
    outer loop
      vertex 61.08 59.59 17
      vertex 64.33 59.59 21.5
      vertex 61.0693 59.59 17.1632
    endloop
  endfacet
  facet normal 0 -1 0
    outer loop
      vertex 64.33 59.59 12.5
      vertex 61.08 59.59 17
      vertex 61.0693 59.59 16.8368
    endloop
  endfacet
  facet normal 0 -1 0
    outer loop
      vertex 64.33 59.59 12.5
      vertex 61.0693 59.59 16.8368
      vertex 61.0374 59.59 16.6765
    endloop
  endfacet
  facet normal 0 -1 0
    outer loop
      vertex 64.33 59.59 12.5
      vertex 61.0374 59.59 16.6765
      vertex 60.9848 59.59 16.5216
    endloop
  endfacet
  facet normal 0 -1 0
    outer loop
      vertex 64.33 59.59 12.5
      vertex 60.9848 59.59 16.5216
      vertex 60.9125 59.59 16.375
    endloop
  endfacet
  facet normal 0 -1 0
    outer loop
      vertex 64.33 59.59 12.5
      vertex 59.83 59.59 15.75
      vertex 55.33 59.59 12.5
    endloop
  endfacet
  facet normal 0 -1 0
    outer loop
      vertex 59.83 59.59 15.75
      vertex 64.33 59.59 12.5
      vertex 59.9932 59.59 15.7607
    endloop
  endfacet
  facet normal 0 -1 0
    outer loop
      vertex 59.9932 59.59 15.7607
      vertex 64.33 59.59 12.5
      vertex 60.1535 59.59 15.7926
    endloop
  endfacet
  facet normal 0 -1 0
    outer loop
      vertex 60.1535 59.59 15.7926
      vertex 64.33 59.59 12.5
      vertex 60.3084 59.59 15.8451
    endloop
  endfacet
  facet normal 0 -1 0
    outer loop
      vertex 61.08 59.59 17
      vertex 64.33 59.59 12.5
      vertex 64.33 59.59 21.5
    endloop
  endfacet
  facet normal 0 -1 0
    outer loop
      vertex 60.8217 59.59 16.239
      vertex 64.33 59.59 12.5
      vertex 60.9125 59.59 16.375
    endloop
  endfacet
  facet normal 0 -1 0
    outer loop
      vertex 60.7139 59.59 16.1161
      vertex 64.33 59.59 12.5
      vertex 60.8217 59.59 16.239
    endloop
  endfacet
  facet normal 0 -1 0
    outer loop
      vertex 60.591 59.59 16.0083
      vertex 64.33 59.59 12.5
      vertex 60.7139 59.59 16.1161
    endloop
  endfacet
  facet normal 0 -1 0
    outer loop
      vertex 60.455 59.59 15.9175
      vertex 64.33 59.59 12.5
      vertex 60.591 59.59 16.0083
    endloop
  endfacet
  facet normal 0 -1 0
    outer loop
      vertex 60.3084 59.59 15.8451
      vertex 64.33 59.59 12.5
      vertex 60.455 59.59 15.9175
    endloop
  endfacet
  facet normal 1 0 0
    outer loop
      vertex 64.33 62.19 64.2
      vertex 64.33 62 63.1
      vertex 64.33 62.19 63.1
    endloop
  endfacet
  facet normal 1 -0 0
    outer loop
      vertex 64.33 59.59 64.2
      vertex 64.33 62 63.1
      vertex 64.33 62.19 64.2
    endloop
  endfacet
  facet normal 1 0 0
    outer loop
      vertex 64.33 59.59 55.2
      vertex 64.33 62 63.1
      vertex 64.33 59.59 64.2
    endloop
  endfacet
  facet normal 1 0 0
    outer loop
      vertex 64.33 62 63.1
      vertex 64.33 59.59 55.2
      vertex 64.33 62 55.2
    endloop
  endfacet
  facet normal -0 0 1
    outer loop
      vertex 55.33 62.19 64.2
      vertex 64.33 59.59 64.2
      vertex 64.33 62.19 64.2
    endloop
  endfacet
  facet normal 0 0 1
    outer loop
      vertex 64.33 59.59 64.2
      vertex 55.33 62.19 64.2
      vertex 55.33 59.59 64.2
    endloop
  endfacet
  facet normal 0 0 -1
    outer loop
      vertex 55.33 59.59 55.2
      vertex 64.33 62 55.2
      vertex 64.33 59.59 55.2
    endloop
  endfacet
  facet normal -0 0 -1
    outer loop
      vertex 64.33 62 55.2
      vertex 55.33 59.59 55.2
      vertex 55.33 62 55.2
    endloop
  endfacet
  facet normal -1 0 0
    outer loop
      vertex 55.33 62 55.2
      vertex 55.33 59.59 55.2
      vertex 55.33 62 63.1
    endloop
  endfacet
  facet normal -1 0 0
    outer loop
      vertex 55.33 62 63.1
      vertex 55.33 62.19 64.2
      vertex 55.33 62.19 63.1
    endloop
  endfacet
  facet normal -1 0 0
    outer loop
      vertex 55.33 59.59 64.2
      vertex 55.33 62 63.1
      vertex 55.33 59.59 55.2
    endloop
  endfacet
  facet normal -1 0 0
    outer loop
      vertex 55.33 62 63.1
      vertex 55.33 59.59 64.2
      vertex 55.33 62.19 64.2
    endloop
  endfacet
  facet normal 0 1 -0
    outer loop
      vertex 64.33 62.19 63.1
      vertex 55.33 62.19 64.2
      vertex 64.33 62.19 64.2
    endloop
  endfacet
  facet normal 0 1 0
    outer loop
      vertex 55.33 62.19 64.2
      vertex 64.33 62.19 63.1
      vertex 55.33 62.19 63.1
    endloop
  endfacet
  facet normal 0 -1 0
    outer loop
      vertex 55.33 59.59 64.2
      vertex 59.83 59.59 60.95
      vertex 64.33 59.59 64.2
    endloop
  endfacet
  facet normal 0 -1 0
    outer loop
      vertex 55.33 59.59 64.2
      vertex 59.6668 59.59 60.9393
      vertex 59.83 59.59 60.95
    endloop
  endfacet
  facet normal 0 -1 0
    outer loop
      vertex 55.33 59.59 64.2
      vertex 59.5065 59.59 60.9074
      vertex 59.6668 59.59 60.9393
    endloop
  endfacet
  facet normal 0 -1 0
    outer loop
      vertex 55.33 59.59 64.2
      vertex 59.3516 59.59 60.8549
      vertex 59.5065 59.59 60.9074
    endloop
  endfacet
  facet normal 0 -1 0
    outer loop
      vertex 55.33 59.59 64.2
      vertex 59.205 59.59 60.7825
      vertex 59.3516 59.59 60.8549
    endloop
  endfacet
  facet normal 0 -1 0
    outer loop
      vertex 55.33 59.59 64.2
      vertex 59.069 59.59 60.6917
      vertex 59.205 59.59 60.7825
    endloop
  endfacet
  facet normal 0 -1 0
    outer loop
      vertex 55.33 59.59 64.2
      vertex 58.9461 59.59 60.5839
      vertex 59.069 59.59 60.6917
    endloop
  endfacet
  facet normal 0 -1 0
    outer loop
      vertex 55.33 59.59 64.2
      vertex 58.8383 59.59 60.461
      vertex 58.9461 59.59 60.5839
    endloop
  endfacet
  facet normal 0 -1 0
    outer loop
      vertex 55.33 59.59 64.2
      vertex 58.7475 59.59 60.325
      vertex 58.8383 59.59 60.461
    endloop
  endfacet
  facet normal 0 -1 0
    outer loop
      vertex 55.33 59.59 64.2
      vertex 58.6752 59.59 60.1784
      vertex 58.7475 59.59 60.325
    endloop
  endfacet
  facet normal 0 -1 0
    outer loop
      vertex 55.33 59.59 64.2
      vertex 58.6226 59.59 60.0235
      vertex 58.6752 59.59 60.1784
    endloop
  endfacet
  facet normal 0 -1 0
    outer loop
      vertex 55.33 59.59 64.2
      vertex 58.5907 59.59 59.8632
      vertex 58.6226 59.59 60.0235
    endloop
  endfacet
  facet normal 0 -1 0
    outer loop
      vertex 55.33 59.59 64.2
      vertex 58.58 59.59 59.7
      vertex 58.5907 59.59 59.8632
    endloop
  endfacet
  facet normal 0 -1 0
    outer loop
      vertex 55.33 59.59 55.2
      vertex 58.58 59.59 59.7
      vertex 55.33 59.59 64.2
    endloop
  endfacet
  facet normal 0 -1 -0
    outer loop
      vertex 58.58 59.59 59.7
      vertex 55.33 59.59 55.2
      vertex 58.5907 59.59 59.5368
    endloop
  endfacet
  facet normal 0 -1 -0
    outer loop
      vertex 58.5907 59.59 59.5368
      vertex 55.33 59.59 55.2
      vertex 58.6226 59.59 59.3765
    endloop
  endfacet
  facet normal 0 -1 -0
    outer loop
      vertex 58.6226 59.59 59.3765
      vertex 55.33 59.59 55.2
      vertex 58.6752 59.59 59.2216
    endloop
  endfacet
  facet normal 0 -1 -0
    outer loop
      vertex 59.6668 59.59 58.4607
      vertex 55.33 59.59 55.2
      vertex 59.83 59.59 58.45
    endloop
  endfacet
  facet normal 0 -1 -0
    outer loop
      vertex 59.5065 59.59 58.4926
      vertex 55.33 59.59 55.2
      vertex 59.6668 59.59 58.4607
    endloop
  endfacet
  facet normal 0 -1 -0
    outer loop
      vertex 59.3516 59.59 58.5452
      vertex 55.33 59.59 55.2
      vertex 59.5065 59.59 58.4926
    endloop
  endfacet
  facet normal 0 -1 -0
    outer loop
      vertex 59.205 59.59 58.6175
      vertex 55.33 59.59 55.2
      vertex 59.3516 59.59 58.5452
    endloop
  endfacet
  facet normal 0 -1 -0
    outer loop
      vertex 59.069 59.59 58.7083
      vertex 55.33 59.59 55.2
      vertex 59.205 59.59 58.6175
    endloop
  endfacet
  facet normal 0 -1 -0
    outer loop
      vertex 58.9461 59.59 58.8161
      vertex 55.33 59.59 55.2
      vertex 59.069 59.59 58.7083
    endloop
  endfacet
  facet normal 0 -1 -0
    outer loop
      vertex 58.8383 59.59 58.939
      vertex 55.33 59.59 55.2
      vertex 58.9461 59.59 58.8161
    endloop
  endfacet
  facet normal 0 -1 -0
    outer loop
      vertex 58.7475 59.59 59.075
      vertex 55.33 59.59 55.2
      vertex 58.8383 59.59 58.939
    endloop
  endfacet
  facet normal 0 -1 -0
    outer loop
      vertex 58.6752 59.59 59.2216
      vertex 55.33 59.59 55.2
      vertex 58.7475 59.59 59.075
    endloop
  endfacet
  facet normal 0 -1 0
    outer loop
      vertex 59.9932 59.59 60.9393
      vertex 64.33 59.59 64.2
      vertex 59.83 59.59 60.95
    endloop
  endfacet
  facet normal 0 -1 0
    outer loop
      vertex 60.1535 59.59 60.9074
      vertex 64.33 59.59 64.2
      vertex 59.9932 59.59 60.9393
    endloop
  endfacet
  facet normal 0 -1 0
    outer loop
      vertex 60.3084 59.59 60.8549
      vertex 64.33 59.59 64.2
      vertex 60.1535 59.59 60.9074
    endloop
  endfacet
  facet normal 0 -1 0
    outer loop
      vertex 60.455 59.59 60.7825
      vertex 64.33 59.59 64.2
      vertex 60.3084 59.59 60.8549
    endloop
  endfacet
  facet normal 0 -1 0
    outer loop
      vertex 60.591 59.59 60.6917
      vertex 64.33 59.59 64.2
      vertex 60.455 59.59 60.7825
    endloop
  endfacet
  facet normal 0 -1 0
    outer loop
      vertex 60.7139 59.59 60.5839
      vertex 64.33 59.59 64.2
      vertex 60.591 59.59 60.6917
    endloop
  endfacet
  facet normal 0 -1 0
    outer loop
      vertex 60.8217 59.59 60.461
      vertex 64.33 59.59 64.2
      vertex 60.7139 59.59 60.5839
    endloop
  endfacet
  facet normal 0 -1 0
    outer loop
      vertex 60.9125 59.59 60.325
      vertex 64.33 59.59 64.2
      vertex 60.8217 59.59 60.461
    endloop
  endfacet
  facet normal 0 -1 0
    outer loop
      vertex 60.9848 59.59 60.1784
      vertex 64.33 59.59 64.2
      vertex 60.9125 59.59 60.325
    endloop
  endfacet
  facet normal 0 -1 0
    outer loop
      vertex 61.0374 59.59 60.0235
      vertex 64.33 59.59 64.2
      vertex 60.9848 59.59 60.1784
    endloop
  endfacet
  facet normal 0 -1 0
    outer loop
      vertex 61.0693 59.59 59.8632
      vertex 64.33 59.59 64.2
      vertex 61.0374 59.59 60.0235
    endloop
  endfacet
  facet normal 0 -1 0
    outer loop
      vertex 61.08 59.59 59.7
      vertex 64.33 59.59 64.2
      vertex 61.0693 59.59 59.8632
    endloop
  endfacet
  facet normal 0 -1 0
    outer loop
      vertex 64.33 59.59 55.2
      vertex 61.08 59.59 59.7
      vertex 61.0693 59.59 59.5368
    endloop
  endfacet
  facet normal 0 -1 0
    outer loop
      vertex 64.33 59.59 55.2
      vertex 61.0693 59.59 59.5368
      vertex 61.0374 59.59 59.3765
    endloop
  endfacet
  facet normal 0 -1 0
    outer loop
      vertex 64.33 59.59 55.2
      vertex 61.0374 59.59 59.3765
      vertex 60.9848 59.59 59.2216
    endloop
  endfacet
  facet normal 0 -1 0
    outer loop
      vertex 64.33 59.59 55.2
      vertex 60.9848 59.59 59.2216
      vertex 60.9125 59.59 59.075
    endloop
  endfacet
  facet normal 0 -1 0
    outer loop
      vertex 64.33 59.59 55.2
      vertex 59.83 59.59 58.45
      vertex 55.33 59.59 55.2
    endloop
  endfacet
  facet normal 0 -1 0
    outer loop
      vertex 59.83 59.59 58.45
      vertex 64.33 59.59 55.2
      vertex 59.9932 59.59 58.4607
    endloop
  endfacet
  facet normal 0 -1 0
    outer loop
      vertex 59.9932 59.59 58.4607
      vertex 64.33 59.59 55.2
      vertex 60.1535 59.59 58.4926
    endloop
  endfacet
  facet normal 0 -1 0
    outer loop
      vertex 60.1535 59.59 58.4926
      vertex 64.33 59.59 55.2
      vertex 60.3084 59.59 58.5452
    endloop
  endfacet
  facet normal 0 -1 0
    outer loop
      vertex 61.08 59.59 59.7
      vertex 64.33 59.59 55.2
      vertex 64.33 59.59 64.2
    endloop
  endfacet
  facet normal 0 -1 0
    outer loop
      vertex 60.8217 59.59 58.939
      vertex 64.33 59.59 55.2
      vertex 60.9125 59.59 59.075
    endloop
  endfacet
  facet normal 0 -1 0
    outer loop
      vertex 60.7139 59.59 58.8161
      vertex 64.33 59.59 55.2
      vertex 60.8217 59.59 58.939
    endloop
  endfacet
  facet normal 0 -1 0
    outer loop
      vertex 60.591 59.59 58.7083
      vertex 64.33 59.59 55.2
      vertex 60.7139 59.59 58.8161
    endloop
  endfacet
  facet normal 0 -1 0
    outer loop
      vertex 60.455 59.59 58.6175
      vertex 64.33 59.59 55.2
      vertex 60.591 59.59 58.7083
    endloop
  endfacet
  facet normal 0 -1 0
    outer loop
      vertex 60.3084 59.59 58.5452
      vertex 64.33 59.59 55.2
      vertex 60.455 59.59 58.6175
    endloop
  endfacet
  facet normal 1 -0 0
    outer loop
      vertex 65.83 62 63.1
      vertex 65.83 63.6 2.39999
      vertex 65.83 63.6 63.1
    endloop
  endfacet
  facet normal 1 0 0
    outer loop
      vertex 65.83 63.6 2.39999
      vertex 65.83 62 63.1
      vertex 65.83 62 2.39999
    endloop
  endfacet
  facet normal 0 0 1
    outer loop
      vertex 65.83 63.6 63.1
      vertex 64.33 62.19 63.1
      vertex 65.83 62 63.1
    endloop
  endfacet
  facet normal 0 0 1
    outer loop
      vertex 65.83 63.6 63.1
      vertex 55.33 62.19 63.1
      vertex 64.33 62.19 63.1
    endloop
  endfacet
  facet normal -0 0 1
    outer loop
      vertex 53.83 63.6 63.1
      vertex 55.33 62.19 63.1
      vertex 65.83 63.6 63.1
    endloop
  endfacet
  facet normal 0 0 1
    outer loop
      vertex 53.83 62 63.1
      vertex 55.33 62.19 63.1
      vertex 53.83 63.6 63.1
    endloop
  endfacet
  facet normal 0 0 1
    outer loop
      vertex 55.33 62.19 63.1
      vertex 53.83 62 63.1
      vertex 55.33 62 63.1
    endloop
  endfacet
  facet normal 0 0 1
    outer loop
      vertex 65.83 62 63.1
      vertex 64.33 62.19 63.1
      vertex 64.33 62 63.1
    endloop
  endfacet
  facet normal -1 0 0
    outer loop
      vertex 53.83 62 2.39999
      vertex 53.83 63.6 63.1
      vertex 53.83 63.6 2.39999
    endloop
  endfacet
  facet normal -1 -0 0
    outer loop
      vertex 53.83 63.6 63.1
      vertex 53.83 62 2.39999
      vertex 53.83 62 63.1
    endloop
  endfacet
  facet normal 0 -1 0
    outer loop
      vertex 53.83 62 63.1
      vertex 55.33 62 55.2
      vertex 55.33 62 63.1
    endloop
  endfacet
  facet normal 0 -1 0
    outer loop
      vertex 55.33 62 55.2
      vertex 55.33 62 21.5
      vertex 64.33 62 55.2
    endloop
  endfacet
  facet normal 0 -1 0
    outer loop
      vertex 53.83 62 63.1
      vertex 55.33 62 21.5
      vertex 55.33 62 55.2
    endloop
  endfacet
  facet normal 0 -1 0
    outer loop
      vertex 53.83 62 2.39999
      vertex 55.33 62 21.5
      vertex 53.83 62 63.1
    endloop
  endfacet
  facet normal 0 -1 -0
    outer loop
      vertex 55.33 62 12.5
      vertex 53.83 62 2.39999
      vertex 64.33 62 12.5
    endloop
  endfacet
  facet normal 0 -1 -0
    outer loop
      vertex 55.33 62 21.5
      vertex 53.83 62 2.39999
      vertex 55.33 62 12.5
    endloop
  endfacet
  facet normal 0 -1 0
    outer loop
      vertex 64.33 62 55.2
      vertex 65.83 62 63.1
      vertex 64.33 62 63.1
    endloop
  endfacet
  facet normal 0 -1 0
    outer loop
      vertex 64.33 62 21.5
      vertex 64.33 62 55.2
      vertex 55.33 62 21.5
    endloop
  endfacet
  facet normal 0 -1 0
    outer loop
      vertex 64.33 62 21.5
      vertex 65.83 62 63.1
      vertex 64.33 62 55.2
    endloop
  endfacet
  facet normal 0 -1 0
    outer loop
      vertex 65.83 62 2.39999
      vertex 64.33 62 21.5
      vertex 64.33 62 12.5
    endloop
  endfacet
  facet normal 0 -1 0
    outer loop
      vertex 64.33 62 21.5
      vertex 65.83 62 2.39999
      vertex 65.83 62 63.1
    endloop
  endfacet
  facet normal 0 -1 0
    outer loop
      vertex 65.83 62 2.39999
      vertex 64.33 62 12.5
      vertex 53.83 62 2.39999
    endloop
  endfacet
  facet normal -0.980768 0 -0.195175
    outer loop
      vertex 61.0693 59.59 17.1632
      vertex 61.0374 63.6 17.3235
      vertex 61.0693 63.6 17.1632
    endloop
  endfacet
  facet normal -0.980768 -0 -0.195175
    outer loop
      vertex 61.0374 63.6 17.3235
      vertex 61.0693 59.59 17.1632
      vertex 61.0374 59.59 17.3235
    endloop
  endfacet
  facet normal -0.980768 0 0.195175
    outer loop
      vertex 61.0374 59.59 16.6765
      vertex 61.0693 63.6 16.8368
      vertex 61.0374 63.6 16.6765
    endloop
  endfacet
  facet normal -0.980768 0 0.195175
    outer loop
      vertex 61.0693 63.6 16.8368
      vertex 61.0374 59.59 16.6765
      vertex 61.0693 59.59 16.8368
    endloop
  endfacet
  facet normal -0.997858 0 0.0654233
    outer loop
      vertex 61.0693 59.59 16.8368
      vertex 61.08 63.6 17
      vertex 61.0693 63.6 16.8368
    endloop
  endfacet
  facet normal -0.997858 0 0.0654233
    outer loop
      vertex 61.08 63.6 17
      vertex 61.0693 59.59 16.8368
      vertex 61.08 59.59 17
    endloop
  endfacet
  facet normal -0.442805 0 -0.896618
    outer loop
      vertex 60.3084 59.59 18.1549
      vertex 60.455 63.6 18.0825
      vertex 60.455 59.59 18.0825
    endloop
  endfacet
  facet normal -0.442805 0 -0.896618
    outer loop
      vertex 60.455 63.6 18.0825
      vertex 60.3084 59.59 18.1549
      vertex 60.3084 63.6 18.1549
    endloop
  endfacet
  facet normal -0.946896 0 -0.321541
    outer loop
      vertex 61.0374 59.59 17.3235
      vertex 60.9848 63.6 17.4784
      vertex 61.0374 63.6 17.3235
    endloop
  endfacet
  facet normal -0.946896 -0 -0.321541
    outer loop
      vertex 60.9848 63.6 17.4784
      vertex 61.0374 59.59 17.3235
      vertex 60.9848 59.59 17.4784
    endloop
  endfacet
  facet normal 0.946896 -0 0.321541
    outer loop
      vertex 58.6226 59.59 16.6765
      vertex 58.6752 63.6 16.5216
      vertex 58.6226 63.6 16.6765
    endloop
  endfacet
  facet normal 0.946896 0 0.321541
    outer loop
      vertex 58.6752 63.6 16.5216
      vertex 58.6226 59.59 16.6765
      vertex 58.6752 59.59 16.5216
    endloop
  endfacet
  facet normal 0.0654233 0 -0.997858
    outer loop
      vertex 59.6668 59.59 18.2393
      vertex 59.83 63.6 18.25
      vertex 59.83 59.59 18.25
    endloop
  endfacet
  facet normal 0.0654233 0 -0.997858
    outer loop
      vertex 59.83 63.6 18.25
      vertex 59.6668 59.59 18.2393
      vertex 59.6668 63.6 18.2393
    endloop
  endfacet
  facet normal 0.442805 0 0.896618
    outer loop
      vertex 59.205 63.6 15.9175
      vertex 59.3516 59.59 15.8451
      vertex 59.3516 63.6 15.8451
    endloop
  endfacet
  facet normal 0.442805 0 0.896618
    outer loop
      vertex 59.3516 59.59 15.8451
      vertex 59.205 63.6 15.9175
      vertex 59.205 59.59 15.9175
    endloop
  endfacet
  facet normal -0.195175 0 0.980768
    outer loop
      vertex 59.9932 63.6 15.7607
      vertex 60.1535 59.59 15.7926
      vertex 60.1535 63.6 15.7926
    endloop
  endfacet
  facet normal -0.195175 0 0.980768
    outer loop
      vertex 60.1535 59.59 15.7926
      vertex 59.9932 63.6 15.7607
      vertex 59.9932 59.59 15.7607
    endloop
  endfacet
  facet normal 0.980768 0 -0.195175
    outer loop
      vertex 58.6226 59.59 17.3235
      vertex 58.5907 63.6 17.1632
      vertex 58.6226 63.6 17.3235
    endloop
  endfacet
  facet normal 0.980768 0 -0.195175
    outer loop
      vertex 58.5907 63.6 17.1632
      vertex 58.6226 59.59 17.3235
      vertex 58.5907 59.59 17.1632
    endloop
  endfacet
  facet normal 0.946896 0 -0.321541
    outer loop
      vertex 58.6752 59.59 17.4784
      vertex 58.6226 63.6 17.3235
      vertex 58.6752 63.6 17.4784
    endloop
  endfacet
  facet normal 0.946896 0 -0.321541
    outer loop
      vertex 58.6226 63.6 17.3235
      vertex 58.6752 59.59 17.4784
      vertex 58.6226 59.59 17.3235
    endloop
  endfacet
  facet normal 0.75178 0 -0.659414
    outer loop
      vertex 58.9461 59.59 17.8839
      vertex 58.8383 63.6 17.761
      vertex 58.9461 63.6 17.8839
    endloop
  endfacet
  facet normal 0.75178 0 -0.659414
    outer loop
      vertex 58.8383 63.6 17.761
      vertex 58.9461 59.59 17.8839
      vertex 58.8383 59.59 17.761
    endloop
  endfacet
  facet normal 0.997858 0 -0.0654233
    outer loop
      vertex 58.5907 59.59 17.1632
      vertex 58.58 63.6 17
      vertex 58.5907 63.6 17.1632
    endloop
  endfacet
  facet normal 0.997858 0 -0.0654233
    outer loop
      vertex 58.58 63.6 17
      vertex 58.5907 59.59 17.1632
      vertex 58.58 59.59 17
    endloop
  endfacet
  facet normal -0.320993 0 -0.947082
    outer loop
      vertex 60.1535 59.59 18.2074
      vertex 60.3084 63.6 18.1549
      vertex 60.3084 59.59 18.1549
    endloop
  endfacet
  facet normal -0.320993 0 -0.947082
    outer loop
      vertex 60.3084 63.6 18.1549
      vertex 60.1535 59.59 18.2074
      vertex 60.1535 63.6 18.2074
    endloop
  endfacet
  facet normal 0.831674 -0 0.555265
    outer loop
      vertex 58.7475 59.59 16.375
      vertex 58.8383 63.6 16.239
      vertex 58.7475 63.6 16.375
    endloop
  endfacet
  facet normal 0.831674 0 0.555265
    outer loop
      vertex 58.8383 63.6 16.239
      vertex 58.7475 59.59 16.375
      vertex 58.8383 59.59 16.239
    endloop
  endfacet
  facet normal 0.320993 0 0.947082
    outer loop
      vertex 59.3516 63.6 15.8451
      vertex 59.5065 59.59 15.7926
      vertex 59.5065 63.6 15.7926
    endloop
  endfacet
  facet normal 0.320993 0 0.947082
    outer loop
      vertex 59.5065 59.59 15.7926
      vertex 59.3516 63.6 15.8451
      vertex 59.3516 59.59 15.8451
    endloop
  endfacet
  facet normal -0.442805 0 0.896618
    outer loop
      vertex 60.3084 63.6 15.8451
      vertex 60.455 59.59 15.9175
      vertex 60.455 63.6 15.9175
    endloop
  endfacet
  facet normal -0.442805 0 0.896618
    outer loop
      vertex 60.455 59.59 15.9175
      vertex 60.3084 63.6 15.8451
      vertex 60.3084 59.59 15.8451
    endloop
  endfacet
  facet normal -0.831674 0 0.555265
    outer loop
      vertex 60.8217 59.59 16.239
      vertex 60.9125 63.6 16.375
      vertex 60.8217 63.6 16.239
    endloop
  endfacet
  facet normal -0.831674 0 0.555265
    outer loop
      vertex 60.9125 63.6 16.375
      vertex 60.8217 59.59 16.239
      vertex 60.9125 59.59 16.375
    endloop
  endfacet
  facet normal -0.0654233 0 0.997858
    outer loop
      vertex 59.83 63.6 15.75
      vertex 59.9932 59.59 15.7607
      vertex 59.9932 63.6 15.7607
    endloop
  endfacet
  facet normal -0.0654233 0 0.997858
    outer loop
      vertex 59.9932 59.59 15.7607
      vertex 59.83 63.6 15.75
      vertex 59.83 59.59 15.75
    endloop
  endfacet
  facet normal -0.555265 0 0.831674
    outer loop
      vertex 60.455 63.6 15.9175
      vertex 60.591 59.59 16.0083
      vertex 60.591 63.6 16.0083
    endloop
  endfacet
  facet normal -0.555265 0 0.831674
    outer loop
      vertex 60.591 59.59 16.0083
      vertex 60.455 63.6 15.9175
      vertex 60.455 59.59 15.9175
    endloop
  endfacet
  facet normal -0.0654233 0 -0.997858
    outer loop
      vertex 59.83 59.59 18.25
      vertex 59.9932 63.6 18.2393
      vertex 59.9932 59.59 18.2393
    endloop
  endfacet
  facet normal -0.0654233 0 -0.997858
    outer loop
      vertex 59.9932 63.6 18.2393
      vertex 59.83 59.59 18.25
      vertex 59.83 63.6 18.25
    endloop
  endfacet
  facet normal 0.980768 -0 0.195175
    outer loop
      vertex 58.5907 59.59 16.8368
      vertex 58.6226 63.6 16.6765
      vertex 58.5907 63.6 16.8368
    endloop
  endfacet
  facet normal 0.980768 0 0.195175
    outer loop
      vertex 58.6226 63.6 16.6765
      vertex 58.5907 59.59 16.8368
      vertex 58.6226 59.59 16.6765
    endloop
  endfacet
  facet normal 0.659414 0 0.75178
    outer loop
      vertex 58.9461 63.6 16.1161
      vertex 59.069 59.59 16.0083
      vertex 59.069 63.6 16.0083
    endloop
  endfacet
  facet normal 0.659414 0 0.75178
    outer loop
      vertex 59.069 59.59 16.0083
      vertex 58.9461 63.6 16.1161
      vertex 58.9461 59.59 16.1161
    endloop
  endfacet
  facet normal 0.555265 0 0.831674
    outer loop
      vertex 59.069 63.6 16.0083
      vertex 59.205 59.59 15.9175
      vertex 59.205 63.6 15.9175
    endloop
  endfacet
  facet normal 0.555265 0 0.831674
    outer loop
      vertex 59.205 59.59 15.9175
      vertex 59.069 63.6 16.0083
      vertex 59.069 59.59 16.0083
    endloop
  endfacet
  facet normal -0.997858 0 -0.0654233
    outer loop
      vertex 61.08 59.59 17
      vertex 61.0693 63.6 17.1632
      vertex 61.08 63.6 17
    endloop
  endfacet
  facet normal -0.997858 -0 -0.0654233
    outer loop
      vertex 61.0693 63.6 17.1632
      vertex 61.08 59.59 17
      vertex 61.0693 59.59 17.1632
    endloop
  endfacet
  facet normal -0.320993 0 0.947082
    outer loop
      vertex 60.1535 63.6 15.7926
      vertex 60.3084 59.59 15.8451
      vertex 60.3084 63.6 15.8451
    endloop
  endfacet
  facet normal -0.320993 0 0.947082
    outer loop
      vertex 60.3084 59.59 15.8451
      vertex 60.1535 63.6 15.7926
      vertex 60.1535 59.59 15.7926
    endloop
  endfacet
  facet normal -0.659414 0 0.75178
    outer loop
      vertex 60.591 63.6 16.0083
      vertex 60.7139 59.59 16.1161
      vertex 60.7139 63.6 16.1161
    endloop
  endfacet
  facet normal -0.659414 0 0.75178
    outer loop
      vertex 60.7139 59.59 16.1161
      vertex 60.591 63.6 16.0083
      vertex 60.591 59.59 16.0083
    endloop
  endfacet
  facet normal -0.75178 0 -0.659414
    outer loop
      vertex 60.8217 59.59 17.761
      vertex 60.7139 63.6 17.8839
      vertex 60.8217 63.6 17.761
    endloop
  endfacet
  facet normal -0.75178 -0 -0.659414
    outer loop
      vertex 60.7139 63.6 17.8839
      vertex 60.8217 59.59 17.761
      vertex 60.7139 59.59 17.8839
    endloop
  endfacet
  facet normal -0.195175 0 -0.980768
    outer loop
      vertex 59.9932 59.59 18.2393
      vertex 60.1535 63.6 18.2074
      vertex 60.1535 59.59 18.2074
    endloop
  endfacet
  facet normal -0.195175 0 -0.980768
    outer loop
      vertex 60.1535 63.6 18.2074
      vertex 59.9932 59.59 18.2393
      vertex 59.9932 63.6 18.2393
    endloop
  endfacet
  facet normal 0.997858 -0 0.0654233
    outer loop
      vertex 58.58 59.59 17
      vertex 58.5907 63.6 16.8368
      vertex 58.58 63.6 17
    endloop
  endfacet
  facet normal 0.997858 0 0.0654233
    outer loop
      vertex 58.5907 63.6 16.8368
      vertex 58.58 59.59 17
      vertex 58.5907 59.59 16.8368
    endloop
  endfacet
  facet normal 0.442805 0 -0.896618
    outer loop
      vertex 59.205 59.59 18.0825
      vertex 59.3516 63.6 18.1549
      vertex 59.3516 59.59 18.1549
    endloop
  endfacet
  facet normal 0.442805 0 -0.896618
    outer loop
      vertex 59.3516 63.6 18.1549
      vertex 59.205 59.59 18.0825
      vertex 59.205 63.6 18.0825
    endloop
  endfacet
  facet normal 0.195175 0 0.980768
    outer loop
      vertex 59.5065 63.6 15.7926
      vertex 59.6668 59.59 15.7607
      vertex 59.6668 63.6 15.7607
    endloop
  endfacet
  facet normal 0.195175 0 0.980768
    outer loop
      vertex 59.6668 59.59 15.7607
      vertex 59.5065 63.6 15.7926
      vertex 59.5065 59.59 15.7926
    endloop
  endfacet
  facet normal 0.896861 0 -0.442313
    outer loop
      vertex 58.7475 59.59 17.625
      vertex 58.6752 63.6 17.4784
      vertex 58.7475 63.6 17.625
    endloop
  endfacet
  facet normal 0.896861 0 -0.442313
    outer loop
      vertex 58.6752 63.6 17.4784
      vertex 58.7475 59.59 17.625
      vertex 58.6752 59.59 17.4784
    endloop
  endfacet
  facet normal -0.555265 0 -0.831674
    outer loop
      vertex 60.455 59.59 18.0825
      vertex 60.591 63.6 17.9917
      vertex 60.591 59.59 17.9917
    endloop
  endfacet
  facet normal -0.555265 0 -0.831674
    outer loop
      vertex 60.591 63.6 17.9917
      vertex 60.455 59.59 18.0825
      vertex 60.455 63.6 18.0825
    endloop
  endfacet
  facet normal -0.896861 0 -0.442313
    outer loop
      vertex 60.9848 59.59 17.4784
      vertex 60.9125 63.6 17.625
      vertex 60.9848 63.6 17.4784
    endloop
  endfacet
  facet normal -0.896861 -0 -0.442313
    outer loop
      vertex 60.9125 63.6 17.625
      vertex 60.9848 59.59 17.4784
      vertex 60.9125 59.59 17.625
    endloop
  endfacet
  facet normal 0.75178 -0 0.659414
    outer loop
      vertex 58.8383 59.59 16.239
      vertex 58.9461 63.6 16.1161
      vertex 58.8383 63.6 16.239
    endloop
  endfacet
  facet normal 0.75178 0 0.659414
    outer loop
      vertex 58.9461 63.6 16.1161
      vertex 58.8383 59.59 16.239
      vertex 58.9461 59.59 16.1161
    endloop
  endfacet
  facet normal 0.831674 0 -0.555265
    outer loop
      vertex 58.8383 59.59 17.761
      vertex 58.7475 63.6 17.625
      vertex 58.8383 63.6 17.761
    endloop
  endfacet
  facet normal 0.831674 0 -0.555265
    outer loop
      vertex 58.7475 63.6 17.625
      vertex 58.8383 59.59 17.761
      vertex 58.7475 59.59 17.625
    endloop
  endfacet
  facet normal -0.831674 0 -0.555265
    outer loop
      vertex 60.9125 59.59 17.625
      vertex 60.8217 63.6 17.761
      vertex 60.9125 63.6 17.625
    endloop
  endfacet
  facet normal -0.831674 -0 -0.555265
    outer loop
      vertex 60.8217 63.6 17.761
      vertex 60.9125 59.59 17.625
      vertex 60.8217 59.59 17.761
    endloop
  endfacet
  facet normal 0.195175 0 -0.980768
    outer loop
      vertex 59.5065 59.59 18.2074
      vertex 59.6668 63.6 18.2393
      vertex 59.6668 59.59 18.2393
    endloop
  endfacet
  facet normal 0.195175 0 -0.980768
    outer loop
      vertex 59.6668 63.6 18.2393
      vertex 59.5065 59.59 18.2074
      vertex 59.5065 63.6 18.2074
    endloop
  endfacet
  facet normal 0.555265 0 -0.831674
    outer loop
      vertex 59.069 59.59 17.9917
      vertex 59.205 63.6 18.0825
      vertex 59.205 59.59 18.0825
    endloop
  endfacet
  facet normal 0.555265 0 -0.831674
    outer loop
      vertex 59.205 63.6 18.0825
      vertex 59.069 59.59 17.9917
      vertex 59.069 63.6 17.9917
    endloop
  endfacet
  facet normal -0.896861 0 0.442313
    outer loop
      vertex 60.9125 59.59 16.375
      vertex 60.9848 63.6 16.5216
      vertex 60.9125 63.6 16.375
    endloop
  endfacet
  facet normal -0.896861 0 0.442313
    outer loop
      vertex 60.9848 63.6 16.5216
      vertex 60.9125 59.59 16.375
      vertex 60.9848 59.59 16.5216
    endloop
  endfacet
  facet normal -0.75178 0 0.659414
    outer loop
      vertex 60.7139 59.59 16.1161
      vertex 60.8217 63.6 16.239
      vertex 60.7139 63.6 16.1161
    endloop
  endfacet
  facet normal -0.75178 0 0.659414
    outer loop
      vertex 60.8217 63.6 16.239
      vertex 60.7139 59.59 16.1161
      vertex 60.8217 59.59 16.239
    endloop
  endfacet
  facet normal -0.946896 0 0.321541
    outer loop
      vertex 60.9848 59.59 16.5216
      vertex 61.0374 63.6 16.6765
      vertex 60.9848 63.6 16.5216
    endloop
  endfacet
  facet normal -0.946896 0 0.321541
    outer loop
      vertex 61.0374 63.6 16.6765
      vertex 60.9848 59.59 16.5216
      vertex 61.0374 59.59 16.6765
    endloop
  endfacet
  facet normal 0.896861 -0 0.442313
    outer loop
      vertex 58.6752 59.59 16.5216
      vertex 58.7475 63.6 16.375
      vertex 58.6752 63.6 16.5216
    endloop
  endfacet
  facet normal 0.896861 0 0.442313
    outer loop
      vertex 58.7475 63.6 16.375
      vertex 58.6752 59.59 16.5216
      vertex 58.7475 59.59 16.375
    endloop
  endfacet
  facet normal 0.320993 0 -0.947082
    outer loop
      vertex 59.3516 59.59 18.1549
      vertex 59.5065 63.6 18.2074
      vertex 59.5065 59.59 18.2074
    endloop
  endfacet
  facet normal 0.320993 0 -0.947082
    outer loop
      vertex 59.5065 63.6 18.2074
      vertex 59.3516 59.59 18.1549
      vertex 59.3516 63.6 18.1549
    endloop
  endfacet
  facet normal -0.659414 0 -0.75178
    outer loop
      vertex 60.591 59.59 17.9917
      vertex 60.7139 63.6 17.8839
      vertex 60.7139 59.59 17.8839
    endloop
  endfacet
  facet normal -0.659414 0 -0.75178
    outer loop
      vertex 60.7139 63.6 17.8839
      vertex 60.591 59.59 17.9917
      vertex 60.591 63.6 17.9917
    endloop
  endfacet
  facet normal 0.0654233 0 0.997858
    outer loop
      vertex 59.6668 63.6 15.7607
      vertex 59.83 59.59 15.75
      vertex 59.83 63.6 15.75
    endloop
  endfacet
  facet normal 0.0654233 0 0.997858
    outer loop
      vertex 59.83 59.59 15.75
      vertex 59.6668 63.6 15.7607
      vertex 59.6668 59.59 15.7607
    endloop
  endfacet
  facet normal 0.659414 0 -0.75178
    outer loop
      vertex 58.9461 59.59 17.8839
      vertex 59.069 63.6 17.9917
      vertex 59.069 59.59 17.9917
    endloop
  endfacet
  facet normal 0.659414 0 -0.75178
    outer loop
      vertex 59.069 63.6 17.9917
      vertex 58.9461 59.59 17.8839
      vertex 58.9461 63.6 17.8839
    endloop
  endfacet
  facet normal -0.980768 0 -0.195175
    outer loop
      vertex 61.0693 59.59 59.8632
      vertex 61.0374 63.6 60.0235
      vertex 61.0693 63.6 59.8632
    endloop
  endfacet
  facet normal -0.980768 -0 -0.195175
    outer loop
      vertex 61.0374 63.6 60.0235
      vertex 61.0693 59.59 59.8632
      vertex 61.0374 59.59 60.0235
    endloop
  endfacet
  facet normal -0.980768 0 0.195175
    outer loop
      vertex 61.0374 59.59 59.3765
      vertex 61.0693 63.6 59.5368
      vertex 61.0374 63.6 59.3765
    endloop
  endfacet
  facet normal -0.980768 0 0.195175
    outer loop
      vertex 61.0693 63.6 59.5368
      vertex 61.0374 59.59 59.3765
      vertex 61.0693 59.59 59.5368
    endloop
  endfacet
  facet normal -0.997858 0 0.0654233
    outer loop
      vertex 61.0693 59.59 59.5368
      vertex 61.08 63.6 59.7
      vertex 61.0693 63.6 59.5368
    endloop
  endfacet
  facet normal -0.997858 0 0.0654233
    outer loop
      vertex 61.08 63.6 59.7
      vertex 61.0693 59.59 59.5368
      vertex 61.08 59.59 59.7
    endloop
  endfacet
  facet normal 0.75178 -0 0.659414
    outer loop
      vertex 58.8383 59.59 58.939
      vertex 58.9461 63.6 58.8161
      vertex 58.8383 63.6 58.939
    endloop
  endfacet
  facet normal 0.75178 0 0.659414
    outer loop
      vertex 58.9461 63.6 58.8161
      vertex 58.8383 59.59 58.939
      vertex 58.9461 59.59 58.8161
    endloop
  endfacet
  facet normal -0.442805 0 -0.896618
    outer loop
      vertex 60.3084 59.59 60.8549
      vertex 60.455 63.6 60.7825
      vertex 60.455 59.59 60.7825
    endloop
  endfacet
  facet normal -0.442805 0 -0.896618
    outer loop
      vertex 60.455 63.6 60.7825
      vertex 60.3084 59.59 60.8549
      vertex 60.3084 63.6 60.8549
    endloop
  endfacet
  facet normal -0.75178 0 0.659414
    outer loop
      vertex 60.7139 59.59 58.8161
      vertex 60.8217 63.6 58.939
      vertex 60.7139 63.6 58.8161
    endloop
  endfacet
  facet normal -0.75178 0 0.659414
    outer loop
      vertex 60.8217 63.6 58.939
      vertex 60.7139 59.59 58.8161
      vertex 60.8217 59.59 58.939
    endloop
  endfacet
  facet normal -0.75178 0 -0.659414
    outer loop
      vertex 60.8217 59.59 60.461
      vertex 60.7139 63.6 60.5839
      vertex 60.8217 63.6 60.461
    endloop
  endfacet
  facet normal -0.75178 -0 -0.659414
    outer loop
      vertex 60.7139 63.6 60.5839
      vertex 60.8217 59.59 60.461
      vertex 60.7139 59.59 60.5839
    endloop
  endfacet
  facet normal -0.442313 0 0.896861
    outer loop
      vertex 60.3084 63.6 58.5452
      vertex 60.455 59.59 58.6175
      vertex 60.455 63.6 58.6175
    endloop
  endfacet
  facet normal -0.442313 0 0.896861
    outer loop
      vertex 60.455 59.59 58.6175
      vertex 60.3084 63.6 58.5452
      vertex 60.3084 59.59 58.5452
    endloop
  endfacet
  facet normal 0.555265 0 -0.831674
    outer loop
      vertex 59.069 59.59 60.6917
      vertex 59.205 63.6 60.7825
      vertex 59.205 59.59 60.7825
    endloop
  endfacet
  facet normal 0.555265 0 -0.831674
    outer loop
      vertex 59.205 63.6 60.7825
      vertex 59.069 59.59 60.6917
      vertex 59.069 63.6 60.6917
    endloop
  endfacet
  facet normal 0.0654233 0 0.997858
    outer loop
      vertex 59.6668 63.6 58.4607
      vertex 59.83 59.59 58.45
      vertex 59.83 63.6 58.45
    endloop
  endfacet
  facet normal 0.0654233 0 0.997858
    outer loop
      vertex 59.83 59.59 58.45
      vertex 59.6668 63.6 58.4607
      vertex 59.6668 59.59 58.4607
    endloop
  endfacet
  facet normal 0.195175 0 -0.980768
    outer loop
      vertex 59.5065 59.59 60.9074
      vertex 59.6668 63.6 60.9393
      vertex 59.6668 59.59 60.9393
    endloop
  endfacet
  facet normal 0.195175 0 -0.980768
    outer loop
      vertex 59.6668 63.6 60.9393
      vertex 59.5065 59.59 60.9074
      vertex 59.5065 63.6 60.9074
    endloop
  endfacet
  facet normal 0.831674 0 -0.555265
    outer loop
      vertex 58.8383 59.59 60.461
      vertex 58.7475 63.6 60.325
      vertex 58.8383 63.6 60.461
    endloop
  endfacet
  facet normal 0.831674 0 -0.555265
    outer loop
      vertex 58.7475 63.6 60.325
      vertex 58.8383 59.59 60.461
      vertex 58.7475 59.59 60.325
    endloop
  endfacet
  facet normal 0.946896 0 -0.321541
    outer loop
      vertex 58.6752 59.59 60.1784
      vertex 58.6226 63.6 60.0235
      vertex 58.6752 63.6 60.1784
    endloop
  endfacet
  facet normal 0.946896 0 -0.321541
    outer loop
      vertex 58.6226 63.6 60.0235
      vertex 58.6752 59.59 60.1784
      vertex 58.6226 59.59 60.0235
    endloop
  endfacet
  facet normal -0.320993 0 -0.947082
    outer loop
      vertex 60.1535 59.59 60.9074
      vertex 60.3084 63.6 60.8549
      vertex 60.3084 59.59 60.8549
    endloop
  endfacet
  facet normal -0.320993 0 -0.947082
    outer loop
      vertex 60.3084 63.6 60.8549
      vertex 60.1535 59.59 60.9074
      vertex 60.1535 63.6 60.9074
    endloop
  endfacet
  facet normal 0.442805 0 -0.896618
    outer loop
      vertex 59.205 59.59 60.7825
      vertex 59.3516 63.6 60.8549
      vertex 59.3516 59.59 60.8549
    endloop
  endfacet
  facet normal 0.442805 0 -0.896618
    outer loop
      vertex 59.3516 63.6 60.8549
      vertex 59.205 59.59 60.7825
      vertex 59.205 63.6 60.7825
    endloop
  endfacet
  facet normal -0.831674 0 -0.555265
    outer loop
      vertex 60.9125 59.59 60.325
      vertex 60.8217 63.6 60.461
      vertex 60.9125 63.6 60.325
    endloop
  endfacet
  facet normal -0.831674 -0 -0.555265
    outer loop
      vertex 60.8217 63.6 60.461
      vertex 60.9125 59.59 60.325
      vertex 60.8217 59.59 60.461
    endloop
  endfacet
  facet normal 0.980768 -0 0.195175
    outer loop
      vertex 58.5907 59.59 59.5368
      vertex 58.6226 63.6 59.3765
      vertex 58.5907 63.6 59.5368
    endloop
  endfacet
  facet normal 0.980768 0 0.195175
    outer loop
      vertex 58.6226 63.6 59.3765
      vertex 58.5907 59.59 59.5368
      vertex 58.6226 59.59 59.3765
    endloop
  endfacet
  facet normal -0.0654233 0 0.997858
    outer loop
      vertex 59.83 63.6 58.45
      vertex 59.9932 59.59 58.4607
      vertex 59.9932 63.6 58.4607
    endloop
  endfacet
  facet normal -0.0654233 0 0.997858
    outer loop
      vertex 59.9932 59.59 58.4607
      vertex 59.83 63.6 58.45
      vertex 59.83 59.59 58.45
    endloop
  endfacet
  facet normal 0.75178 0 -0.659414
    outer loop
      vertex 58.9461 59.59 60.5839
      vertex 58.8383 63.6 60.461
      vertex 58.9461 63.6 60.5839
    endloop
  endfacet
  facet normal 0.75178 0 -0.659414
    outer loop
      vertex 58.8383 63.6 60.461
      vertex 58.9461 59.59 60.5839
      vertex 58.8383 59.59 60.461
    endloop
  endfacet
  facet normal -0.831674 0 0.555265
    outer loop
      vertex 60.8217 59.59 58.939
      vertex 60.9125 63.6 59.075
      vertex 60.8217 63.6 58.939
    endloop
  endfacet
  facet normal -0.831674 0 0.555265
    outer loop
      vertex 60.9125 63.6 59.075
      vertex 60.8217 59.59 58.939
      vertex 60.9125 59.59 59.075
    endloop
  endfacet
  facet normal -0.896861 0 -0.442313
    outer loop
      vertex 60.9848 59.59 60.1784
      vertex 60.9125 63.6 60.325
      vertex 60.9848 63.6 60.1784
    endloop
  endfacet
  facet normal -0.896861 -0 -0.442313
    outer loop
      vertex 60.9125 63.6 60.325
      vertex 60.9848 59.59 60.1784
      vertex 60.9125 59.59 60.325
    endloop
  endfacet
  facet normal -0.997858 0 -0.0654233
    outer loop
      vertex 61.08 59.59 59.7
      vertex 61.0693 63.6 59.8632
      vertex 61.08 63.6 59.7
    endloop
  endfacet
  facet normal -0.997858 -0 -0.0654233
    outer loop
      vertex 61.0693 63.6 59.8632
      vertex 61.08 59.59 59.7
      vertex 61.0693 59.59 59.8632
    endloop
  endfacet
  facet normal 0.997858 0 -0.0654233
    outer loop
      vertex 58.5907 59.59 59.8632
      vertex 58.58 63.6 59.7
      vertex 58.5907 63.6 59.8632
    endloop
  endfacet
  facet normal 0.997858 0 -0.0654233
    outer loop
      vertex 58.58 63.6 59.7
      vertex 58.5907 59.59 59.8632
      vertex 58.58 59.59 59.7
    endloop
  endfacet
  facet normal -0.195175 0 -0.980768
    outer loop
      vertex 59.9932 59.59 60.9393
      vertex 60.1535 63.6 60.9074
      vertex 60.1535 59.59 60.9074
    endloop
  endfacet
  facet normal -0.195175 0 -0.980768
    outer loop
      vertex 60.1535 63.6 60.9074
      vertex 59.9932 59.59 60.9393
      vertex 59.9932 63.6 60.9393
    endloop
  endfacet
  facet normal -0.0654233 0 -0.997858
    outer loop
      vertex 59.83 59.59 60.95
      vertex 59.9932 63.6 60.9393
      vertex 59.9932 59.59 60.9393
    endloop
  endfacet
  facet normal -0.0654233 0 -0.997858
    outer loop
      vertex 59.9932 63.6 60.9393
      vertex 59.83 59.59 60.95
      vertex 59.83 63.6 60.95
    endloop
  endfacet
  facet normal -0.555265 0 0.831674
    outer loop
      vertex 60.455 63.6 58.6175
      vertex 60.591 59.59 58.7083
      vertex 60.591 63.6 58.7083
    endloop
  endfacet
  facet normal -0.555265 0 0.831674
    outer loop
      vertex 60.591 59.59 58.7083
      vertex 60.455 63.6 58.6175
      vertex 60.455 59.59 58.6175
    endloop
  endfacet
  facet normal -0.321541 0 0.946896
    outer loop
      vertex 60.1535 63.6 58.4926
      vertex 60.3084 59.59 58.5452
      vertex 60.3084 63.6 58.5452
    endloop
  endfacet
  facet normal -0.321541 0 0.946896
    outer loop
      vertex 60.3084 59.59 58.5452
      vertex 60.1535 63.6 58.4926
      vertex 60.1535 59.59 58.4926
    endloop
  endfacet
  facet normal 0.195175 0 0.980768
    outer loop
      vertex 59.5065 63.6 58.4926
      vertex 59.6668 59.59 58.4607
      vertex 59.6668 63.6 58.4607
    endloop
  endfacet
  facet normal 0.195175 0 0.980768
    outer loop
      vertex 59.6668 59.59 58.4607
      vertex 59.5065 63.6 58.4926
      vertex 59.5065 59.59 58.4926
    endloop
  endfacet
  facet normal 0.997858 -0 0.0654233
    outer loop
      vertex 58.58 59.59 59.7
      vertex 58.5907 63.6 59.5368
      vertex 58.58 63.6 59.7
    endloop
  endfacet
  facet normal 0.997858 0 0.0654233
    outer loop
      vertex 58.5907 63.6 59.5368
      vertex 58.58 59.59 59.7
      vertex 58.5907 59.59 59.5368
    endloop
  endfacet
  facet normal 0.946896 -0 0.321541
    outer loop
      vertex 58.6226 59.59 59.3765
      vertex 58.6752 63.6 59.2216
      vertex 58.6226 63.6 59.3765
    endloop
  endfacet
  facet normal 0.946896 0 0.321541
    outer loop
      vertex 58.6752 63.6 59.2216
      vertex 58.6226 59.59 59.3765
      vertex 58.6752 59.59 59.2216
    endloop
  endfacet
  facet normal 0.442313 0 0.896861
    outer loop
      vertex 59.205 63.6 58.6175
      vertex 59.3516 59.59 58.5452
      vertex 59.3516 63.6 58.5452
    endloop
  endfacet
  facet normal 0.442313 0 0.896861
    outer loop
      vertex 59.3516 59.59 58.5452
      vertex 59.205 63.6 58.6175
      vertex 59.205 59.59 58.6175
    endloop
  endfacet
  facet normal -0.659414 0 0.75178
    outer loop
      vertex 60.591 63.6 58.7083
      vertex 60.7139 59.59 58.8161
      vertex 60.7139 63.6 58.8161
    endloop
  endfacet
  facet normal -0.659414 0 0.75178
    outer loop
      vertex 60.7139 59.59 58.8161
      vertex 60.591 63.6 58.7083
      vertex 60.591 59.59 58.7083
    endloop
  endfacet
  facet normal 0.896861 0 -0.442313
    outer loop
      vertex 58.7475 59.59 60.325
      vertex 58.6752 63.6 60.1784
      vertex 58.7475 63.6 60.325
    endloop
  endfacet
  facet normal 0.896861 0 -0.442313
    outer loop
      vertex 58.6752 63.6 60.1784
      vertex 58.7475 59.59 60.325
      vertex 58.6752 59.59 60.1784
    endloop
  endfacet
  facet normal -0.896861 0 0.442313
    outer loop
      vertex 60.9125 59.59 59.075
      vertex 60.9848 63.6 59.2216
      vertex 60.9125 63.6 59.075
    endloop
  endfacet
  facet normal -0.896861 0 0.442313
    outer loop
      vertex 60.9848 63.6 59.2216
      vertex 60.9125 59.59 59.075
      vertex 60.9848 59.59 59.2216
    endloop
  endfacet
  facet normal -0.195175 0 0.980768
    outer loop
      vertex 59.9932 63.6 58.4607
      vertex 60.1535 59.59 58.4926
      vertex 60.1535 63.6 58.4926
    endloop
  endfacet
  facet normal -0.195175 0 0.980768
    outer loop
      vertex 60.1535 59.59 58.4926
      vertex 59.9932 63.6 58.4607
      vertex 59.9932 59.59 58.4607
    endloop
  endfacet
  facet normal 0.321541 0 0.946896
    outer loop
      vertex 59.3516 63.6 58.5452
      vertex 59.5065 59.59 58.4926
      vertex 59.5065 63.6 58.4926
    endloop
  endfacet
  facet normal 0.321541 0 0.946896
    outer loop
      vertex 59.5065 59.59 58.4926
      vertex 59.3516 63.6 58.5452
      vertex 59.3516 59.59 58.5452
    endloop
  endfacet
  facet normal -0.946896 0 0.321541
    outer loop
      vertex 60.9848 59.59 59.2216
      vertex 61.0374 63.6 59.3765
      vertex 60.9848 63.6 59.2216
    endloop
  endfacet
  facet normal -0.946896 0 0.321541
    outer loop
      vertex 61.0374 63.6 59.3765
      vertex 60.9848 59.59 59.2216
      vertex 61.0374 59.59 59.3765
    endloop
  endfacet
  facet normal -0.946896 0 -0.321541
    outer loop
      vertex 61.0374 59.59 60.0235
      vertex 60.9848 63.6 60.1784
      vertex 61.0374 63.6 60.0235
    endloop
  endfacet
  facet normal -0.946896 -0 -0.321541
    outer loop
      vertex 60.9848 63.6 60.1784
      vertex 61.0374 59.59 60.0235
      vertex 60.9848 59.59 60.1784
    endloop
  endfacet
  facet normal 0.980768 0 -0.195175
    outer loop
      vertex 58.6226 59.59 60.0235
      vertex 58.5907 63.6 59.8632
      vertex 58.6226 63.6 60.0235
    endloop
  endfacet
  facet normal 0.980768 0 -0.195175
    outer loop
      vertex 58.5907 63.6 59.8632
      vertex 58.6226 59.59 60.0235
      vertex 58.5907 59.59 59.8632
    endloop
  endfacet
  facet normal 0.320993 0 -0.947082
    outer loop
      vertex 59.3516 59.59 60.8549
      vertex 59.5065 63.6 60.9074
      vertex 59.5065 59.59 60.9074
    endloop
  endfacet
  facet normal 0.320993 0 -0.947082
    outer loop
      vertex 59.5065 63.6 60.9074
      vertex 59.3516 59.59 60.8549
      vertex 59.3516 63.6 60.8549
    endloop
  endfacet
  facet normal 0.659414 0 0.75178
    outer loop
      vertex 58.9461 63.6 58.8161
      vertex 59.069 59.59 58.7083
      vertex 59.069 63.6 58.7083
    endloop
  endfacet
  facet normal 0.659414 0 0.75178
    outer loop
      vertex 59.069 59.59 58.7083
      vertex 58.9461 63.6 58.8161
      vertex 58.9461 59.59 58.8161
    endloop
  endfacet
  facet normal 0.555265 0 0.831674
    outer loop
      vertex 59.069 63.6 58.7083
      vertex 59.205 59.59 58.6175
      vertex 59.205 63.6 58.6175
    endloop
  endfacet
  facet normal 0.555265 0 0.831674
    outer loop
      vertex 59.205 59.59 58.6175
      vertex 59.069 63.6 58.7083
      vertex 59.069 59.59 58.7083
    endloop
  endfacet
  facet normal 0.896861 -0 0.442313
    outer loop
      vertex 58.6752 59.59 59.2216
      vertex 58.7475 63.6 59.075
      vertex 58.6752 63.6 59.2216
    endloop
  endfacet
  facet normal 0.896861 0 0.442313
    outer loop
      vertex 58.7475 63.6 59.075
      vertex 58.6752 59.59 59.2216
      vertex 58.7475 59.59 59.075
    endloop
  endfacet
  facet normal -0.659414 0 -0.75178
    outer loop
      vertex 60.591 59.59 60.6917
      vertex 60.7139 63.6 60.5839
      vertex 60.7139 59.59 60.5839
    endloop
  endfacet
  facet normal -0.659414 0 -0.75178
    outer loop
      vertex 60.7139 63.6 60.5839
      vertex 60.591 59.59 60.6917
      vertex 60.591 63.6 60.6917
    endloop
  endfacet
  facet normal 0.659414 0 -0.75178
    outer loop
      vertex 58.9461 59.59 60.5839
      vertex 59.069 63.6 60.6917
      vertex 59.069 59.59 60.6917
    endloop
  endfacet
  facet normal 0.659414 0 -0.75178
    outer loop
      vertex 59.069 63.6 60.6917
      vertex 58.9461 59.59 60.5839
      vertex 58.9461 63.6 60.5839
    endloop
  endfacet
  facet normal 0.0654233 0 -0.997858
    outer loop
      vertex 59.6668 59.59 60.9393
      vertex 59.83 63.6 60.95
      vertex 59.83 59.59 60.95
    endloop
  endfacet
  facet normal 0.0654233 0 -0.997858
    outer loop
      vertex 59.83 63.6 60.95
      vertex 59.6668 59.59 60.9393
      vertex 59.6668 63.6 60.9393
    endloop
  endfacet
  facet normal -0.555265 0 -0.831674
    outer loop
      vertex 60.455 59.59 60.7825
      vertex 60.591 63.6 60.6917
      vertex 60.591 59.59 60.6917
    endloop
  endfacet
  facet normal -0.555265 0 -0.831674
    outer loop
      vertex 60.591 63.6 60.6917
      vertex 60.455 59.59 60.7825
      vertex 60.455 63.6 60.7825
    endloop
  endfacet
  facet normal 0.831674 -0 0.555265
    outer loop
      vertex 58.7475 59.59 59.075
      vertex 58.8383 63.6 58.939
      vertex 58.7475 63.6 59.075
    endloop
  endfacet
  facet normal 0.831674 0 0.555265
    outer loop
      vertex 58.8383 63.6 58.939
      vertex 58.7475 59.59 59.075
      vertex 58.8383 59.59 58.939
    endloop
  endfacet
  facet normal -0 0 1
    outer loop
      vertex 97.5 62 21.5
      vertex 105.5 59.59 21.5
      vertex 105.5 62 21.5
    endloop
  endfacet
  facet normal 0 0 1
    outer loop
      vertex 105.5 59.59 21.5
      vertex 97.5 62 21.5
      vertex 97.5 59.59 21.5
    endloop
  endfacet
  facet normal 0 0 -1
    outer loop
      vertex 97.5 59.59 12.5
      vertex 105.5 62 12.5
      vertex 105.5 59.59 12.5
    endloop
  endfacet
  facet normal -0 0 -1
    outer loop
      vertex 105.5 62 12.5
      vertex 97.5 59.59 12.5
      vertex 97.5 62 12.5
    endloop
  endfacet
  facet normal -1 0 0
    outer loop
      vertex 97.5 59.59 12.5
      vertex 97.5 62 21.5
      vertex 97.5 62 12.5
    endloop
  endfacet
  facet normal -1 -0 0
    outer loop
      vertex 97.5 62 21.5
      vertex 97.5 59.59 12.5
      vertex 97.5 59.59 21.5
    endloop
  endfacet
  facet normal 0 -1 0
    outer loop
      vertex 101.837 59.59 18.2393
      vertex 105.5 59.59 21.5
      vertex 97.5 59.59 21.5
    endloop
  endfacet
  facet normal 0 -1 0
    outer loop
      vertex 105.5 59.59 21.5
      vertex 101.837 59.59 18.2393
      vertex 102 59.59 18.25
    endloop
  endfacet
  facet normal 0 -1 0
    outer loop
      vertex 97.5 59.59 21.5
      vertex 101.676 59.59 18.2074
      vertex 101.837 59.59 18.2393
    endloop
  endfacet
  facet normal 0 -1 0
    outer loop
      vertex 97.5 59.59 21.5
      vertex 101.522 59.59 18.1549
      vertex 101.676 59.59 18.2074
    endloop
  endfacet
  facet normal 0 -1 0
    outer loop
      vertex 97.5 59.59 21.5
      vertex 101.375 59.59 18.0825
      vertex 101.522 59.59 18.1549
    endloop
  endfacet
  facet normal 0 -1 0
    outer loop
      vertex 97.5 59.59 21.5
      vertex 101.239 59.59 17.9917
      vertex 101.375 59.59 18.0825
    endloop
  endfacet
  facet normal 0 -1 0
    outer loop
      vertex 97.5 59.59 21.5
      vertex 101.116 59.59 17.8839
      vertex 101.239 59.59 17.9917
    endloop
  endfacet
  facet normal 0 -1 0
    outer loop
      vertex 97.5 59.59 21.5
      vertex 101.008 59.59 17.761
      vertex 101.116 59.59 17.8839
    endloop
  endfacet
  facet normal 0 -1 0
    outer loop
      vertex 97.5 59.59 21.5
      vertex 100.917 59.59 17.625
      vertex 101.008 59.59 17.761
    endloop
  endfacet
  facet normal 0 -1 0
    outer loop
      vertex 97.5 59.59 21.5
      vertex 100.845 59.59 17.4784
      vertex 100.917 59.59 17.625
    endloop
  endfacet
  facet normal 0 -1 0
    outer loop
      vertex 97.5 59.59 21.5
      vertex 100.793 59.59 17.3235
      vertex 100.845 59.59 17.4784
    endloop
  endfacet
  facet normal 0 -1 0
    outer loop
      vertex 97.5 59.59 21.5
      vertex 100.761 59.59 17.1632
      vertex 100.793 59.59 17.3235
    endloop
  endfacet
  facet normal 0 -1 0
    outer loop
      vertex 97.5 59.59 21.5
      vertex 100.75 59.59 17
      vertex 100.761 59.59 17.1632
    endloop
  endfacet
  facet normal 0 -1 0
    outer loop
      vertex 97.5 59.59 12.5
      vertex 100.75 59.59 17
      vertex 97.5 59.59 21.5
    endloop
  endfacet
  facet normal 0 -1 -0
    outer loop
      vertex 100.75 59.59 17
      vertex 97.5 59.59 12.5
      vertex 100.761 59.59 16.8368
    endloop
  endfacet
  facet normal 0 -1 -0
    outer loop
      vertex 100.761 59.59 16.8368
      vertex 97.5 59.59 12.5
      vertex 100.793 59.59 16.6765
    endloop
  endfacet
  facet normal 0 -1 -0
    outer loop
      vertex 100.793 59.59 16.6765
      vertex 97.5 59.59 12.5
      vertex 100.845 59.59 16.5216
    endloop
  endfacet
  facet normal 0 -1 0
    outer loop
      vertex 105.5 59.59 12.5
      vertex 101.837 59.59 15.7607
      vertex 97.5 59.59 12.5
    endloop
  endfacet
  facet normal 0 -1 -0
    outer loop
      vertex 101.676 59.59 15.7926
      vertex 97.5 59.59 12.5
      vertex 101.837 59.59 15.7607
    endloop
  endfacet
  facet normal 0 -1 -0
    outer loop
      vertex 101.522 59.59 15.8451
      vertex 97.5 59.59 12.5
      vertex 101.676 59.59 15.7926
    endloop
  endfacet
  facet normal 0 -1 -0
    outer loop
      vertex 101.375 59.59 15.9175
      vertex 97.5 59.59 12.5
      vertex 101.522 59.59 15.8451
    endloop
  endfacet
  facet normal 0 -1 -0
    outer loop
      vertex 101.239 59.59 16.0083
      vertex 97.5 59.59 12.5
      vertex 101.375 59.59 15.9175
    endloop
  endfacet
  facet normal 0 -1 -0
    outer loop
      vertex 101.116 59.59 16.1161
      vertex 97.5 59.59 12.5
      vertex 101.239 59.59 16.0083
    endloop
  endfacet
  facet normal 0 -1 -0
    outer loop
      vertex 101.008 59.59 16.239
      vertex 97.5 59.59 12.5
      vertex 101.116 59.59 16.1161
    endloop
  endfacet
  facet normal 0 -1 -0
    outer loop
      vertex 100.917 59.59 16.375
      vertex 97.5 59.59 12.5
      vertex 101.008 59.59 16.239
    endloop
  endfacet
  facet normal 0 -1 -0
    outer loop
      vertex 100.845 59.59 16.5216
      vertex 97.5 59.59 12.5
      vertex 100.917 59.59 16.375
    endloop
  endfacet
  facet normal 0 -1 0
    outer loop
      vertex 102.163 59.59 18.2393
      vertex 105.5 59.59 21.5
      vertex 102 59.59 18.25
    endloop
  endfacet
  facet normal 0 -1 0
    outer loop
      vertex 102.324 59.59 18.2074
      vertex 105.5 59.59 21.5
      vertex 102.163 59.59 18.2393
    endloop
  endfacet
  facet normal 0 -1 0
    outer loop
      vertex 102.478 59.59 18.1549
      vertex 105.5 59.59 21.5
      vertex 102.324 59.59 18.2074
    endloop
  endfacet
  facet normal 0 -1 0
    outer loop
      vertex 102.625 59.59 18.0825
      vertex 105.5 59.59 21.5
      vertex 102.478 59.59 18.1549
    endloop
  endfacet
  facet normal 0 -1 0
    outer loop
      vertex 102.761 59.59 17.9917
      vertex 105.5 59.59 21.5
      vertex 102.625 59.59 18.0825
    endloop
  endfacet
  facet normal 0 -1 0
    outer loop
      vertex 102.884 59.59 17.8839
      vertex 105.5 59.59 21.5
      vertex 102.761 59.59 17.9917
    endloop
  endfacet
  facet normal 0 -1 0
    outer loop
      vertex 102.992 59.59 17.761
      vertex 105.5 59.59 21.5
      vertex 102.884 59.59 17.8839
    endloop
  endfacet
  facet normal 0 -1 0
    outer loop
      vertex 103.083 59.59 17.625
      vertex 105.5 59.59 21.5
      vertex 102.992 59.59 17.761
    endloop
  endfacet
  facet normal 0 -1 0
    outer loop
      vertex 103.155 59.59 17.4784
      vertex 105.5 59.59 21.5
      vertex 103.083 59.59 17.625
    endloop
  endfacet
  facet normal 0 -1 0
    outer loop
      vertex 103.207 59.59 17.3235
      vertex 105.5 59.59 21.5
      vertex 103.155 59.59 17.4784
    endloop
  endfacet
  facet normal 0 -1 0
    outer loop
      vertex 103.239 59.59 17.1632
      vertex 105.5 59.59 21.5
      vertex 103.207 59.59 17.3235
    endloop
  endfacet
  facet normal 0 -1 0
    outer loop
      vertex 103.25 59.59 17
      vertex 105.5 59.59 21.5
      vertex 103.239 59.59 17.1632
    endloop
  endfacet
  facet normal 0 -1 0
    outer loop
      vertex 105.5 59.59 12.5
      vertex 103.25 59.59 17
      vertex 103.239 59.59 16.8368
    endloop
  endfacet
  facet normal 0 -1 0
    outer loop
      vertex 105.5 59.59 12.5
      vertex 103.239 59.59 16.8368
      vertex 103.207 59.59 16.6765
    endloop
  endfacet
  facet normal 0 -1 0
    outer loop
      vertex 105.5 59.59 12.5
      vertex 103.207 59.59 16.6765
      vertex 103.155 59.59 16.5216
    endloop
  endfacet
  facet normal 0 -1 0
    outer loop
      vertex 101.837 59.59 15.7607
      vertex 105.5 59.59 12.5
      vertex 102 59.59 15.75
    endloop
  endfacet
  facet normal 0 -1 0
    outer loop
      vertex 102 59.59 15.75
      vertex 105.5 59.59 12.5
      vertex 102.163 59.59 15.7607
    endloop
  endfacet
  facet normal 0 -1 0
    outer loop
      vertex 102.163 59.59 15.7607
      vertex 105.5 59.59 12.5
      vertex 102.324 59.59 15.7926
    endloop
  endfacet
  facet normal 0 -1 0
    outer loop
      vertex 102.324 59.59 15.7926
      vertex 105.5 59.59 12.5
      vertex 102.478 59.59 15.8451
    endloop
  endfacet
  facet normal 0 -1 0
    outer loop
      vertex 103.25 59.59 17
      vertex 105.5 59.59 12.5
      vertex 105.5 59.59 21.5
    endloop
  endfacet
  facet normal 0 -1 0
    outer loop
      vertex 103.083 59.59 16.375
      vertex 105.5 59.59 12.5
      vertex 103.155 59.59 16.5216
    endloop
  endfacet
  facet normal 0 -1 0
    outer loop
      vertex 102.992 59.59 16.239
      vertex 105.5 59.59 12.5
      vertex 103.083 59.59 16.375
    endloop
  endfacet
  facet normal 0 -1 0
    outer loop
      vertex 102.884 59.59 16.1161
      vertex 105.5 59.59 12.5
      vertex 102.992 59.59 16.239
    endloop
  endfacet
  facet normal 0 -1 0
    outer loop
      vertex 102.761 59.59 16.0083
      vertex 105.5 59.59 12.5
      vertex 102.884 59.59 16.1161
    endloop
  endfacet
  facet normal 0 -1 0
    outer loop
      vertex 102.625 59.59 15.9175
      vertex 105.5 59.59 12.5
      vertex 102.761 59.59 16.0083
    endloop
  endfacet
  facet normal 0 -1 0
    outer loop
      vertex 102.478 59.59 15.8451
      vertex 105.5 59.59 12.5
      vertex 102.625 59.59 15.9175
    endloop
  endfacet
  facet normal -0 0 1
    outer loop
      vertex 97.5 62.19 64.2
      vertex 105.5 59.59 64.2
      vertex 105.5 62.19 64.2
    endloop
  endfacet
  facet normal 0 0 1
    outer loop
      vertex 105.5 59.59 64.2
      vertex 97.5 62.19 64.2
      vertex 97.5 59.59 64.2
    endloop
  endfacet
  facet normal 0 0 -1
    outer loop
      vertex 97.5 59.59 55.2
      vertex 105.5 62 55.2
      vertex 105.5 59.59 55.2
    endloop
  endfacet
  facet normal -0 0 -1
    outer loop
      vertex 105.5 62 55.2
      vertex 97.5 59.59 55.2
      vertex 97.5 62 55.2
    endloop
  endfacet
  facet normal -1 0 0
    outer loop
      vertex 97.5 62 55.2
      vertex 97.5 59.59 55.2
      vertex 97.5 62 63.1
    endloop
  endfacet
  facet normal -1 0 0
    outer loop
      vertex 97.5 62 63.1
      vertex 97.5 62.19 64.2
      vertex 97.5 62.19 63.1
    endloop
  endfacet
  facet normal -1 0 0
    outer loop
      vertex 97.5 59.59 64.2
      vertex 97.5 62 63.1
      vertex 97.5 59.59 55.2
    endloop
  endfacet
  facet normal -1 0 0
    outer loop
      vertex 97.5 62 63.1
      vertex 97.5 59.59 64.2
      vertex 97.5 62.19 64.2
    endloop
  endfacet
  facet normal 0 1 -0
    outer loop
      vertex 105.5 62.19 63.1
      vertex 97.5 62.19 64.2
      vertex 105.5 62.19 64.2
    endloop
  endfacet
  facet normal 0 1 0
    outer loop
      vertex 97.5 62.19 64.2
      vertex 105.5 62.19 63.1
      vertex 97.5 62.19 63.1
    endloop
  endfacet
  facet normal 0 -1 0
    outer loop
      vertex 101.837 59.59 60.9393
      vertex 105.5 59.59 64.2
      vertex 97.5 59.59 64.2
    endloop
  endfacet
  facet normal 0 -1 0
    outer loop
      vertex 105.5 59.59 64.2
      vertex 101.837 59.59 60.9393
      vertex 102 59.59 60.95
    endloop
  endfacet
  facet normal 0 -1 0
    outer loop
      vertex 97.5 59.59 64.2
      vertex 101.676 59.59 60.9074
      vertex 101.837 59.59 60.9393
    endloop
  endfacet
  facet normal 0 -1 0
    outer loop
      vertex 97.5 59.59 64.2
      vertex 101.522 59.59 60.8549
      vertex 101.676 59.59 60.9074
    endloop
  endfacet
  facet normal 0 -1 0
    outer loop
      vertex 97.5 59.59 64.2
      vertex 101.375 59.59 60.7825
      vertex 101.522 59.59 60.8549
    endloop
  endfacet
  facet normal 0 -1 0
    outer loop
      vertex 97.5 59.59 64.2
      vertex 101.239 59.59 60.6917
      vertex 101.375 59.59 60.7825
    endloop
  endfacet
  facet normal 0 -1 0
    outer loop
      vertex 97.5 59.59 64.2
      vertex 101.116 59.59 60.5839
      vertex 101.239 59.59 60.6917
    endloop
  endfacet
  facet normal 0 -1 0
    outer loop
      vertex 97.5 59.59 64.2
      vertex 101.008 59.59 60.461
      vertex 101.116 59.59 60.5839
    endloop
  endfacet
  facet normal 0 -1 0
    outer loop
      vertex 97.5 59.59 64.2
      vertex 100.917 59.59 60.325
      vertex 101.008 59.59 60.461
    endloop
  endfacet
  facet normal 0 -1 0
    outer loop
      vertex 97.5 59.59 64.2
      vertex 100.845 59.59 60.1784
      vertex 100.917 59.59 60.325
    endloop
  endfacet
  facet normal 0 -1 0
    outer loop
      vertex 97.5 59.59 64.2
      vertex 100.793 59.59 60.0235
      vertex 100.845 59.59 60.1784
    endloop
  endfacet
  facet normal 0 -1 0
    outer loop
      vertex 97.5 59.59 64.2
      vertex 100.761 59.59 59.8632
      vertex 100.793 59.59 60.0235
    endloop
  endfacet
  facet normal 0 -1 0
    outer loop
      vertex 97.5 59.59 64.2
      vertex 100.75 59.59 59.7
      vertex 100.761 59.59 59.8632
    endloop
  endfacet
  facet normal 0 -1 0
    outer loop
      vertex 97.5 59.59 55.2
      vertex 100.75 59.59 59.7
      vertex 97.5 59.59 64.2
    endloop
  endfacet
  facet normal 0 -1 -0
    outer loop
      vertex 100.75 59.59 59.7
      vertex 97.5 59.59 55.2
      vertex 100.761 59.59 59.5368
    endloop
  endfacet
  facet normal 0 -1 -0
    outer loop
      vertex 100.761 59.59 59.5368
      vertex 97.5 59.59 55.2
      vertex 100.793 59.59 59.3765
    endloop
  endfacet
  facet normal 0 -1 -0
    outer loop
      vertex 100.793 59.59 59.3765
      vertex 97.5 59.59 55.2
      vertex 100.845 59.59 59.2216
    endloop
  endfacet
  facet normal 0 -1 0
    outer loop
      vertex 105.5 59.59 55.2
      vertex 101.837 59.59 58.4607
      vertex 97.5 59.59 55.2
    endloop
  endfacet
  facet normal 0 -1 -0
    outer loop
      vertex 101.676 59.59 58.4926
      vertex 97.5 59.59 55.2
      vertex 101.837 59.59 58.4607
    endloop
  endfacet
  facet normal 0 -1 -0
    outer loop
      vertex 101.522 59.59 58.5452
      vertex 97.5 59.59 55.2
      vertex 101.676 59.59 58.4926
    endloop
  endfacet
  facet normal 0 -1 -0
    outer loop
      vertex 101.375 59.59 58.6175
      vertex 97.5 59.59 55.2
      vertex 101.522 59.59 58.5452
    endloop
  endfacet
  facet normal 0 -1 -0
    outer loop
      vertex 101.239 59.59 58.7083
      vertex 97.5 59.59 55.2
      vertex 101.375 59.59 58.6175
    endloop
  endfacet
  facet normal 0 -1 -0
    outer loop
      vertex 101.116 59.59 58.8161
      vertex 97.5 59.59 55.2
      vertex 101.239 59.59 58.7083
    endloop
  endfacet
  facet normal 0 -1 -0
    outer loop
      vertex 101.008 59.59 58.939
      vertex 97.5 59.59 55.2
      vertex 101.116 59.59 58.8161
    endloop
  endfacet
  facet normal 0 -1 -0
    outer loop
      vertex 100.917 59.59 59.075
      vertex 97.5 59.59 55.2
      vertex 101.008 59.59 58.939
    endloop
  endfacet
  facet normal 0 -1 -0
    outer loop
      vertex 100.845 59.59 59.2216
      vertex 97.5 59.59 55.2
      vertex 100.917 59.59 59.075
    endloop
  endfacet
  facet normal 0 -1 0
    outer loop
      vertex 102.163 59.59 60.9393
      vertex 105.5 59.59 64.2
      vertex 102 59.59 60.95
    endloop
  endfacet
  facet normal 0 -1 0
    outer loop
      vertex 102.324 59.59 60.9074
      vertex 105.5 59.59 64.2
      vertex 102.163 59.59 60.9393
    endloop
  endfacet
  facet normal 0 -1 0
    outer loop
      vertex 102.478 59.59 60.8549
      vertex 105.5 59.59 64.2
      vertex 102.324 59.59 60.9074
    endloop
  endfacet
  facet normal 0 -1 0
    outer loop
      vertex 102.625 59.59 60.7825
      vertex 105.5 59.59 64.2
      vertex 102.478 59.59 60.8549
    endloop
  endfacet
  facet normal 0 -1 0
    outer loop
      vertex 102.761 59.59 60.6917
      vertex 105.5 59.59 64.2
      vertex 102.625 59.59 60.7825
    endloop
  endfacet
  facet normal 0 -1 0
    outer loop
      vertex 102.884 59.59 60.5839
      vertex 105.5 59.59 64.2
      vertex 102.761 59.59 60.6917
    endloop
  endfacet
  facet normal 0 -1 0
    outer loop
      vertex 102.992 59.59 60.461
      vertex 105.5 59.59 64.2
      vertex 102.884 59.59 60.5839
    endloop
  endfacet
  facet normal 0 -1 0
    outer loop
      vertex 103.083 59.59 60.325
      vertex 105.5 59.59 64.2
      vertex 102.992 59.59 60.461
    endloop
  endfacet
  facet normal 0 -1 0
    outer loop
      vertex 103.155 59.59 60.1784
      vertex 105.5 59.59 64.2
      vertex 103.083 59.59 60.325
    endloop
  endfacet
  facet normal 0 -1 0
    outer loop
      vertex 103.207 59.59 60.0235
      vertex 105.5 59.59 64.2
      vertex 103.155 59.59 60.1784
    endloop
  endfacet
  facet normal 0 -1 0
    outer loop
      vertex 103.239 59.59 59.8632
      vertex 105.5 59.59 64.2
      vertex 103.207 59.59 60.0235
    endloop
  endfacet
  facet normal 0 -1 0
    outer loop
      vertex 103.25 59.59 59.7
      vertex 105.5 59.59 64.2
      vertex 103.239 59.59 59.8632
    endloop
  endfacet
  facet normal 0 -1 0
    outer loop
      vertex 105.5 59.59 55.2
      vertex 103.25 59.59 59.7
      vertex 103.239 59.59 59.5368
    endloop
  endfacet
  facet normal 0 -1 0
    outer loop
      vertex 105.5 59.59 55.2
      vertex 103.239 59.59 59.5368
      vertex 103.207 59.59 59.3765
    endloop
  endfacet
  facet normal 0 -1 0
    outer loop
      vertex 105.5 59.59 55.2
      vertex 103.207 59.59 59.3765
      vertex 103.155 59.59 59.2216
    endloop
  endfacet
  facet normal 0 -1 0
    outer loop
      vertex 101.837 59.59 58.4607
      vertex 105.5 59.59 55.2
      vertex 102 59.59 58.45
    endloop
  endfacet
  facet normal 0 -1 0
    outer loop
      vertex 102 59.59 58.45
      vertex 105.5 59.59 55.2
      vertex 102.163 59.59 58.4607
    endloop
  endfacet
  facet normal 0 -1 0
    outer loop
      vertex 102.163 59.59 58.4607
      vertex 105.5 59.59 55.2
      vertex 102.324 59.59 58.4926
    endloop
  endfacet
  facet normal 0 -1 0
    outer loop
      vertex 102.324 59.59 58.4926
      vertex 105.5 59.59 55.2
      vertex 102.478 59.59 58.5452
    endloop
  endfacet
  facet normal 0 -1 0
    outer loop
      vertex 103.25 59.59 59.7
      vertex 105.5 59.59 55.2
      vertex 105.5 59.59 64.2
    endloop
  endfacet
  facet normal 0 -1 0
    outer loop
      vertex 103.083 59.59 59.075
      vertex 105.5 59.59 55.2
      vertex 103.155 59.59 59.2216
    endloop
  endfacet
  facet normal 0 -1 0
    outer loop
      vertex 102.992 59.59 58.939
      vertex 105.5 59.59 55.2
      vertex 103.083 59.59 59.075
    endloop
  endfacet
  facet normal 0 -1 0
    outer loop
      vertex 102.884 59.59 58.8161
      vertex 105.5 59.59 55.2
      vertex 102.992 59.59 58.939
    endloop
  endfacet
  facet normal 0 -1 0
    outer loop
      vertex 102.761 59.59 58.7083
      vertex 105.5 59.59 55.2
      vertex 102.884 59.59 58.8161
    endloop
  endfacet
  facet normal 0 -1 0
    outer loop
      vertex 102.625 59.59 58.6175
      vertex 105.5 59.59 55.2
      vertex 102.761 59.59 58.7083
    endloop
  endfacet
  facet normal 0 -1 0
    outer loop
      vertex 102.478 59.59 58.5452
      vertex 105.5 59.59 55.2
      vertex 102.625 59.59 58.6175
    endloop
  endfacet
  facet normal 0 0 1
    outer loop
      vertex 105.5 63.6 63.1
      vertex 97.5 62.19 63.1
      vertex 105.5 62.19 63.1
    endloop
  endfacet
  facet normal -0 0 1
    outer loop
      vertex 96 63.6 63.1
      vertex 97.5 62.19 63.1
      vertex 105.5 63.6 63.1
    endloop
  endfacet
  facet normal 0 0 1
    outer loop
      vertex 96 62 63.1
      vertex 97.5 62.19 63.1
      vertex 96 63.6 63.1
    endloop
  endfacet
  facet normal 0 0 1
    outer loop
      vertex 97.5 62.19 63.1
      vertex 96 62 63.1
      vertex 97.5 62 63.1
    endloop
  endfacet
  facet normal -1 0 0
    outer loop
      vertex 96 63.6 2.39999
      vertex 96 62 12
      vertex 96 63.6 63.1
    endloop
  endfacet
  facet normal -1 0 0
    outer loop
      vertex 96 58.2 2.39999
      vertex 96 62 12
      vertex 96 63.6 2.39999
    endloop
  endfacet
  facet normal -1 -0 0
    outer loop
      vertex 96 62 12
      vertex 96 58.2 2.39999
      vertex 96 59.5 12
    endloop
  endfacet
  facet normal -1 0 0
    outer loop
      vertex 96 58.2 14
      vertex 96 59.5 12
      vertex 96 58.2 2.39999
    endloop
  endfacet
  facet normal -1 0 0
    outer loop
      vertex 96 59.5 12
      vertex 96 58.2 14
      vertex 96 59.5 14
    endloop
  endfacet
  facet normal -1 -0 0
    outer loop
      vertex 96 63.6 63.1
      vertex 96 62 12
      vertex 96 62 63.1
    endloop
  endfacet
  facet normal 0 -1 0
    outer loop
      vertex 96 62 63.1
      vertex 97.5 62 55.2
      vertex 97.5 62 63.1
    endloop
  endfacet
  facet normal 0 -1 0
    outer loop
      vertex 97.5 62 55.2
      vertex 97.5 62 21.5
      vertex 105.5 62 55.2
    endloop
  endfacet
  facet normal 0 -1 0
    outer loop
      vertex 96 62 63.1
      vertex 97.5 62 21.5
      vertex 97.5 62 55.2
    endloop
  endfacet
  facet normal 0 -1 0
    outer loop
      vertex 96 62 12
      vertex 97.5 62 21.5
      vertex 96 62 63.1
    endloop
  endfacet
  facet normal 0 -1 -0
    outer loop
      vertex 97.5 62 21.5
      vertex 96 62 12
      vertex 97.5 62 12.5
    endloop
  endfacet
  facet normal 0 -1 0
    outer loop
      vertex 105.5 62 12
      vertex 97.5 62 12.5
      vertex 96 62 12
    endloop
  endfacet
  facet normal 0 -1 0
    outer loop
      vertex 97.5 62 12.5
      vertex 105.5 62 12
      vertex 105.5 62 12.5
    endloop
  endfacet
  facet normal 0 -1 -0
    outer loop
      vertex 105.5 62 55.2
      vertex 97.5 62 21.5
      vertex 105.5 62 21.5
    endloop
  endfacet
  facet normal -0.980651 0 -0.195763
    outer loop
      vertex 103.239 59.59 17.1632
      vertex 103.207 63.6 17.3235
      vertex 103.239 63.6 17.1632
    endloop
  endfacet
  facet normal -0.980651 -0 -0.195763
    outer loop
      vertex 103.207 63.6 17.3235
      vertex 103.239 59.59 17.1632
      vertex 103.207 59.59 17.3235
    endloop
  endfacet
  facet normal -0.980651 0 0.195763
    outer loop
      vertex 103.207 59.59 16.6765
      vertex 103.239 63.6 16.8368
      vertex 103.207 63.6 16.6765
    endloop
  endfacet
  facet normal -0.980651 0 0.195763
    outer loop
      vertex 103.239 63.6 16.8368
      vertex 103.207 59.59 16.6765
      vertex 103.239 59.59 16.8368
    endloop
  endfacet
  facet normal -0.997736 0 0.0672494
    outer loop
      vertex 103.239 59.59 16.8368
      vertex 103.25 63.6 17
      vertex 103.239 63.6 16.8368
    endloop
  endfacet
  facet normal -0.997736 0 0.0672494
    outer loop
      vertex 103.25 63.6 17
      vertex 103.239 59.59 16.8368
      vertex 103.25 59.59 17
    endloop
  endfacet
  facet normal -0.441835 0 -0.897096
    outer loop
      vertex 102.478 59.59 18.1549
      vertex 102.625 63.6 18.0825
      vertex 102.625 59.59 18.0825
    endloop
  endfacet
  facet normal -0.441835 0 -0.897096
    outer loop
      vertex 102.625 63.6 18.0825
      vertex 102.478 59.59 18.1549
      vertex 102.478 63.6 18.1549
    endloop
  endfacet
  facet normal -0.948008 0 -0.318247
    outer loop
      vertex 103.207 59.59 17.3235
      vertex 103.155 63.6 17.4784
      vertex 103.207 63.6 17.3235
    endloop
  endfacet
  facet normal -0.948008 -0 -0.318247
    outer loop
      vertex 103.155 63.6 17.4784
      vertex 103.207 59.59 17.3235
      vertex 103.155 59.59 17.4784
    endloop
  endfacet
  facet normal 0.948008 -0 0.318247
    outer loop
      vertex 100.793 59.59 16.6765
      vertex 100.845 63.6 16.5216
      vertex 100.793 63.6 16.6765
    endloop
  endfacet
  facet normal 0.948008 0 0.318247
    outer loop
      vertex 100.845 63.6 16.5216
      vertex 100.793 59.59 16.6765
      vertex 100.845 59.59 16.5216
    endloop
  endfacet
  facet normal 0.0655032 0 -0.997852
    outer loop
      vertex 101.837 59.59 18.2393
      vertex 102 63.6 18.25
      vertex 102 59.59 18.25
    endloop
  endfacet
  facet normal 0.0655032 0 -0.997852
    outer loop
      vertex 102 63.6 18.25
      vertex 101.837 59.59 18.2393
      vertex 101.837 63.6 18.2393
    endloop
  endfacet
  facet normal 0.441835 0 0.897096
    outer loop
      vertex 101.375 63.6 15.9175
      vertex 101.522 59.59 15.8451
      vertex 101.522 63.6 15.8451
    endloop
  endfacet
  facet normal 0.441835 0 0.897096
    outer loop
      vertex 101.522 59.59 15.8451
      vertex 101.375 63.6 15.9175
      vertex 101.375 59.59 15.9175
    endloop
  endfacet
  facet normal -0.194358 0 0.980931
    outer loop
      vertex 102.163 63.6 15.7607
      vertex 102.324 59.59 15.7926
      vertex 102.324 63.6 15.7926
    endloop
  endfacet
  facet normal -0.194358 0 0.980931
    outer loop
      vertex 102.324 59.59 15.7926
      vertex 102.163 63.6 15.7607
      vertex 102.163 59.59 15.7607
    endloop
  endfacet
  facet normal 0.980651 0 -0.195763
    outer loop
      vertex 100.793 59.59 17.3235
      vertex 100.761 63.6 17.1632
      vertex 100.793 63.6 17.3235
    endloop
  endfacet
  facet normal 0.980651 0 -0.195763
    outer loop
      vertex 100.761 63.6 17.1632
      vertex 100.793 59.59 17.3235
      vertex 100.761 59.59 17.1632
    endloop
  endfacet
  facet normal 0.948008 0 -0.318247
    outer loop
      vertex 100.845 59.59 17.4784
      vertex 100.793 63.6 17.3235
      vertex 100.845 63.6 17.4784
    endloop
  endfacet
  facet normal 0.948008 0 -0.318247
    outer loop
      vertex 100.793 63.6 17.3235
      vertex 100.845 59.59 17.4784
      vertex 100.793 59.59 17.3235
    endloop
  endfacet
  facet normal 0.751174 0 -0.660104
    outer loop
      vertex 101.116 59.59 17.8839
      vertex 101.008 63.6 17.761
      vertex 101.116 63.6 17.8839
    endloop
  endfacet
  facet normal 0.751174 0 -0.660104
    outer loop
      vertex 101.008 63.6 17.761
      vertex 101.116 59.59 17.8839
      vertex 101.008 59.59 17.761
    endloop
  endfacet
  facet normal 0.997736 0 -0.0672494
    outer loop
      vertex 100.761 59.59 17.1632
      vertex 100.75 63.6 17
      vertex 100.761 63.6 17.1632
    endloop
  endfacet
  facet normal 0.997736 0 -0.0672494
    outer loop
      vertex 100.75 63.6 17
      vertex 100.761 59.59 17.1632
      vertex 100.75 59.59 17
    endloop
  endfacet
  facet normal -0.322674 0 -0.94651
    outer loop
      vertex 102.324 59.59 18.2074
      vertex 102.478 63.6 18.1549
      vertex 102.478 59.59 18.1549
    endloop
  endfacet
  facet normal -0.322674 0 -0.94651
    outer loop
      vertex 102.478 63.6 18.1549
      vertex 102.324 59.59 18.2074
      vertex 102.324 63.6 18.2074
    endloop
  endfacet
  facet normal 0.831109 -0 0.55611
    outer loop
      vertex 100.917 59.59 16.375
      vertex 101.008 63.6 16.239
      vertex 100.917 63.6 16.375
    endloop
  endfacet
  facet normal 0.831109 0 0.55611
    outer loop
      vertex 101.008 63.6 16.239
      vertex 100.917 59.59 16.375
      vertex 101.008 59.59 16.239
    endloop
  endfacet
  facet normal 0.322674 0 0.94651
    outer loop
      vertex 101.522 63.6 15.8451
      vertex 101.676 59.59 15.7926
      vertex 101.676 63.6 15.7926
    endloop
  endfacet
  facet normal 0.322674 0 0.94651
    outer loop
      vertex 101.676 59.59 15.7926
      vertex 101.522 63.6 15.8451
      vertex 101.522 59.59 15.8451
    endloop
  endfacet
  facet normal -0.441835 0 0.897096
    outer loop
      vertex 102.478 63.6 15.8451
      vertex 102.625 59.59 15.9175
      vertex 102.625 63.6 15.9175
    endloop
  endfacet
  facet normal -0.441835 0 0.897096
    outer loop
      vertex 102.625 59.59 15.9175
      vertex 102.478 63.6 15.8451
      vertex 102.478 59.59 15.8451
    endloop
  endfacet
  facet normal -0.831109 0 0.55611
    outer loop
      vertex 102.992 59.59 16.239
      vertex 103.083 63.6 16.375
      vertex 102.992 63.6 16.239
    endloop
  endfacet
  facet normal -0.831109 0 0.55611
    outer loop
      vertex 103.083 63.6 16.375
      vertex 102.992 59.59 16.239
      vertex 103.083 59.59 16.375
    endloop
  endfacet
  facet normal -0.0655032 0 0.997852
    outer loop
      vertex 102 63.6 15.75
      vertex 102.163 59.59 15.7607
      vertex 102.163 63.6 15.7607
    endloop
  endfacet
  facet normal -0.0655032 0 0.997852
    outer loop
      vertex 102.163 59.59 15.7607
      vertex 102 63.6 15.75
      vertex 102 59.59 15.75
    endloop
  endfacet
  facet normal -0.555265 0 0.831674
    outer loop
      vertex 102.625 63.6 15.9175
      vertex 102.761 59.59 16.0083
      vertex 102.761 63.6 16.0083
    endloop
  endfacet
  facet normal -0.555265 0 0.831674
    outer loop
      vertex 102.761 59.59 16.0083
      vertex 102.625 63.6 15.9175
      vertex 102.625 59.59 15.9175
    endloop
  endfacet
  facet normal -0.0655032 0 -0.997852
    outer loop
      vertex 102 59.59 18.25
      vertex 102.163 63.6 18.2393
      vertex 102.163 59.59 18.2393
    endloop
  endfacet
  facet normal -0.0655032 0 -0.997852
    outer loop
      vertex 102.163 63.6 18.2393
      vertex 102 59.59 18.25
      vertex 102 63.6 18.25
    endloop
  endfacet
  facet normal 0.980651 -0 0.195763
    outer loop
      vertex 100.761 59.59 16.8368
      vertex 100.793 63.6 16.6765
      vertex 100.761 63.6 16.8368
    endloop
  endfacet
  facet normal 0.980651 0 0.195763
    outer loop
      vertex 100.793 63.6 16.6765
      vertex 100.761 59.59 16.8368
      vertex 100.793 59.59 16.6765
    endloop
  endfacet
  facet normal 0.65911 0 0.752046
    outer loop
      vertex 101.116 63.6 16.1161
      vertex 101.239 59.59 16.0083
      vertex 101.239 63.6 16.0083
    endloop
  endfacet
  facet normal 0.65911 0 0.752046
    outer loop
      vertex 101.239 59.59 16.0083
      vertex 101.116 63.6 16.1161
      vertex 101.116 59.59 16.1161
    endloop
  endfacet
  facet normal 0.555265 0 0.831674
    outer loop
      vertex 101.239 63.6 16.0083
      vertex 101.375 59.59 15.9175
      vertex 101.375 63.6 15.9175
    endloop
  endfacet
  facet normal 0.555265 0 0.831674
    outer loop
      vertex 101.375 59.59 15.9175
      vertex 101.239 63.6 16.0083
      vertex 101.239 59.59 16.0083
    endloop
  endfacet
  facet normal -0.997736 0 -0.0672494
    outer loop
      vertex 103.25 59.59 17
      vertex 103.239 63.6 17.1632
      vertex 103.25 63.6 17
    endloop
  endfacet
  facet normal -0.997736 -0 -0.0672494
    outer loop
      vertex 103.239 63.6 17.1632
      vertex 103.25 59.59 17
      vertex 103.239 59.59 17.1632
    endloop
  endfacet
  facet normal -0.322674 0 0.94651
    outer loop
      vertex 102.324 63.6 15.7926
      vertex 102.478 59.59 15.8451
      vertex 102.478 63.6 15.8451
    endloop
  endfacet
  facet normal -0.322674 0 0.94651
    outer loop
      vertex 102.478 59.59 15.8451
      vertex 102.324 63.6 15.7926
      vertex 102.324 59.59 15.7926
    endloop
  endfacet
  facet normal -0.65911 0 0.752046
    outer loop
      vertex 102.761 63.6 16.0083
      vertex 102.884 59.59 16.1161
      vertex 102.884 63.6 16.1161
    endloop
  endfacet
  facet normal -0.65911 0 0.752046
    outer loop
      vertex 102.884 59.59 16.1161
      vertex 102.761 63.6 16.0083
      vertex 102.761 59.59 16.0083
    endloop
  endfacet
  facet normal -0.751174 0 -0.660104
    outer loop
      vertex 102.992 59.59 17.761
      vertex 102.884 63.6 17.8839
      vertex 102.992 63.6 17.761
    endloop
  endfacet
  facet normal -0.751174 -0 -0.660104
    outer loop
      vertex 102.884 63.6 17.8839
      vertex 102.992 59.59 17.761
      vertex 102.884 59.59 17.8839
    endloop
  endfacet
  facet normal -0.194358 0 -0.980931
    outer loop
      vertex 102.163 59.59 18.2393
      vertex 102.324 63.6 18.2074
      vertex 102.324 59.59 18.2074
    endloop
  endfacet
  facet normal -0.194358 0 -0.980931
    outer loop
      vertex 102.324 63.6 18.2074
      vertex 102.163 59.59 18.2393
      vertex 102.163 63.6 18.2393
    endloop
  endfacet
  facet normal 0.997736 -0 0.0672494
    outer loop
      vertex 100.75 59.59 17
      vertex 100.761 63.6 16.8368
      vertex 100.75 63.6 17
    endloop
  endfacet
  facet normal 0.997736 0 0.0672494
    outer loop
      vertex 100.761 63.6 16.8368
      vertex 100.75 59.59 17
      vertex 100.761 59.59 16.8368
    endloop
  endfacet
  facet normal 0.441835 0 -0.897096
    outer loop
      vertex 101.375 59.59 18.0825
      vertex 101.522 63.6 18.1549
      vertex 101.522 59.59 18.1549
    endloop
  endfacet
  facet normal 0.441835 0 -0.897096
    outer loop
      vertex 101.522 63.6 18.1549
      vertex 101.375 59.59 18.0825
      vertex 101.375 63.6 18.0825
    endloop
  endfacet
  facet normal 0.194358 0 0.980931
    outer loop
      vertex 101.676 63.6 15.7926
      vertex 101.837 59.59 15.7607
      vertex 101.837 63.6 15.7607
    endloop
  endfacet
  facet normal 0.194358 0 0.980931
    outer loop
      vertex 101.837 59.59 15.7607
      vertex 101.676 63.6 15.7926
      vertex 101.676 59.59 15.7926
    endloop
  endfacet
  facet normal 0.897588 0 -0.440835
    outer loop
      vertex 100.917 59.59 17.625
      vertex 100.845 63.6 17.4784
      vertex 100.917 63.6 17.625
    endloop
  endfacet
  facet normal 0.897588 0 -0.440835
    outer loop
      vertex 100.845 63.6 17.4784
      vertex 100.917 59.59 17.625
      vertex 100.845 59.59 17.4784
    endloop
  endfacet
  facet normal -0.555265 0 -0.831674
    outer loop
      vertex 102.625 59.59 18.0825
      vertex 102.761 63.6 17.9917
      vertex 102.761 59.59 17.9917
    endloop
  endfacet
  facet normal -0.555265 0 -0.831674
    outer loop
      vertex 102.761 63.6 17.9917
      vertex 102.625 59.59 18.0825
      vertex 102.625 63.6 18.0825
    endloop
  endfacet
  facet normal -0.897588 0 -0.440835
    outer loop
      vertex 103.155 59.59 17.4784
      vertex 103.083 63.6 17.625
      vertex 103.155 63.6 17.4784
    endloop
  endfacet
  facet normal -0.897588 -0 -0.440835
    outer loop
      vertex 103.083 63.6 17.625
      vertex 103.155 59.59 17.4784
      vertex 103.083 59.59 17.625
    endloop
  endfacet
  facet normal 0.751174 -0 0.660104
    outer loop
      vertex 101.008 59.59 16.239
      vertex 101.116 63.6 16.1161
      vertex 101.008 63.6 16.239
    endloop
  endfacet
  facet normal 0.751174 0 0.660104
    outer loop
      vertex 101.116 63.6 16.1161
      vertex 101.008 59.59 16.239
      vertex 101.116 59.59 16.1161
    endloop
  endfacet
  facet normal 0.831109 0 -0.55611
    outer loop
      vertex 101.008 59.59 17.761
      vertex 100.917 63.6 17.625
      vertex 101.008 63.6 17.761
    endloop
  endfacet
  facet normal 0.831109 0 -0.55611
    outer loop
      vertex 100.917 63.6 17.625
      vertex 101.008 59.59 17.761
      vertex 100.917 59.59 17.625
    endloop
  endfacet
  facet normal -0.831109 0 -0.55611
    outer loop
      vertex 103.083 59.59 17.625
      vertex 102.992 63.6 17.761
      vertex 103.083 63.6 17.625
    endloop
  endfacet
  facet normal -0.831109 -0 -0.55611
    outer loop
      vertex 102.992 63.6 17.761
      vertex 103.083 59.59 17.625
      vertex 102.992 59.59 17.761
    endloop
  endfacet
  facet normal 0.194358 0 -0.980931
    outer loop
      vertex 101.676 59.59 18.2074
      vertex 101.837 63.6 18.2393
      vertex 101.837 59.59 18.2393
    endloop
  endfacet
  facet normal 0.194358 0 -0.980931
    outer loop
      vertex 101.837 63.6 18.2393
      vertex 101.676 59.59 18.2074
      vertex 101.676 63.6 18.2074
    endloop
  endfacet
  facet normal 0.555265 0 -0.831674
    outer loop
      vertex 101.239 59.59 17.9917
      vertex 101.375 63.6 18.0825
      vertex 101.375 59.59 18.0825
    endloop
  endfacet
  facet normal 0.555265 0 -0.831674
    outer loop
      vertex 101.375 63.6 18.0825
      vertex 101.239 59.59 17.9917
      vertex 101.239 63.6 17.9917
    endloop
  endfacet
  facet normal -0.897588 0 0.440835
    outer loop
      vertex 103.083 59.59 16.375
      vertex 103.155 63.6 16.5216
      vertex 103.083 63.6 16.375
    endloop
  endfacet
  facet normal -0.897588 0 0.440835
    outer loop
      vertex 103.155 63.6 16.5216
      vertex 103.083 59.59 16.375
      vertex 103.155 59.59 16.5216
    endloop
  endfacet
  facet normal -0.751174 0 0.660104
    outer loop
      vertex 102.884 59.59 16.1161
      vertex 102.992 63.6 16.239
      vertex 102.884 63.6 16.1161
    endloop
  endfacet
  facet normal -0.751174 0 0.660104
    outer loop
      vertex 102.992 63.6 16.239
      vertex 102.884 59.59 16.1161
      vertex 102.992 59.59 16.239
    endloop
  endfacet
  facet normal -0.948008 0 0.318247
    outer loop
      vertex 103.155 59.59 16.5216
      vertex 103.207 63.6 16.6765
      vertex 103.155 63.6 16.5216
    endloop
  endfacet
  facet normal -0.948008 0 0.318247
    outer loop
      vertex 103.207 63.6 16.6765
      vertex 103.155 59.59 16.5216
      vertex 103.207 59.59 16.6765
    endloop
  endfacet
  facet normal 0.897588 -0 0.440835
    outer loop
      vertex 100.845 59.59 16.5216
      vertex 100.917 63.6 16.375
      vertex 100.845 63.6 16.5216
    endloop
  endfacet
  facet normal 0.897588 0 0.440835
    outer loop
      vertex 100.917 63.6 16.375
      vertex 100.845 59.59 16.5216
      vertex 100.917 59.59 16.375
    endloop
  endfacet
  facet normal 0.322674 0 -0.94651
    outer loop
      vertex 101.522 59.59 18.1549
      vertex 101.676 63.6 18.2074
      vertex 101.676 59.59 18.2074
    endloop
  endfacet
  facet normal 0.322674 0 -0.94651
    outer loop
      vertex 101.676 63.6 18.2074
      vertex 101.522 59.59 18.1549
      vertex 101.522 63.6 18.1549
    endloop
  endfacet
  facet normal -0.65911 0 -0.752046
    outer loop
      vertex 102.761 59.59 17.9917
      vertex 102.884 63.6 17.8839
      vertex 102.884 59.59 17.8839
    endloop
  endfacet
  facet normal -0.65911 0 -0.752046
    outer loop
      vertex 102.884 63.6 17.8839
      vertex 102.761 59.59 17.9917
      vertex 102.761 63.6 17.9917
    endloop
  endfacet
  facet normal 0.0655032 0 0.997852
    outer loop
      vertex 101.837 63.6 15.7607
      vertex 102 59.59 15.75
      vertex 102 63.6 15.75
    endloop
  endfacet
  facet normal 0.0655032 0 0.997852
    outer loop
      vertex 102 59.59 15.75
      vertex 101.837 63.6 15.7607
      vertex 101.837 59.59 15.7607
    endloop
  endfacet
  facet normal 0.65911 0 -0.752046
    outer loop
      vertex 101.116 59.59 17.8839
      vertex 101.239 63.6 17.9917
      vertex 101.239 59.59 17.9917
    endloop
  endfacet
  facet normal 0.65911 0 -0.752046
    outer loop
      vertex 101.239 63.6 17.9917
      vertex 101.116 59.59 17.8839
      vertex 101.116 63.6 17.8839
    endloop
  endfacet
  facet normal -0.980651 0 -0.195763
    outer loop
      vertex 103.239 59.59 59.8632
      vertex 103.207 63.6 60.0235
      vertex 103.239 63.6 59.8632
    endloop
  endfacet
  facet normal -0.980651 -0 -0.195763
    outer loop
      vertex 103.207 63.6 60.0235
      vertex 103.239 59.59 59.8632
      vertex 103.207 59.59 60.0235
    endloop
  endfacet
  facet normal -0.980651 0 0.195763
    outer loop
      vertex 103.207 59.59 59.3765
      vertex 103.239 63.6 59.5368
      vertex 103.207 63.6 59.3765
    endloop
  endfacet
  facet normal -0.980651 0 0.195763
    outer loop
      vertex 103.239 63.6 59.5368
      vertex 103.207 59.59 59.3765
      vertex 103.239 59.59 59.5368
    endloop
  endfacet
  facet normal -0.997736 0 0.0672494
    outer loop
      vertex 103.239 59.59 59.5368
      vertex 103.25 63.6 59.7
      vertex 103.239 63.6 59.5368
    endloop
  endfacet
  facet normal -0.997736 0 0.0672494
    outer loop
      vertex 103.25 63.6 59.7
      vertex 103.239 59.59 59.5368
      vertex 103.25 59.59 59.7
    endloop
  endfacet
  facet normal 0.751174 -0 0.660104
    outer loop
      vertex 101.008 59.59 58.939
      vertex 101.116 63.6 58.8161
      vertex 101.008 63.6 58.939
    endloop
  endfacet
  facet normal 0.751174 0 0.660104
    outer loop
      vertex 101.116 63.6 58.8161
      vertex 101.008 59.59 58.939
      vertex 101.116 59.59 58.8161
    endloop
  endfacet
  facet normal -0.441835 0 -0.897096
    outer loop
      vertex 102.478 59.59 60.8549
      vertex 102.625 63.6 60.7825
      vertex 102.625 59.59 60.7825
    endloop
  endfacet
  facet normal -0.441835 0 -0.897096
    outer loop
      vertex 102.625 63.6 60.7825
      vertex 102.478 59.59 60.8549
      vertex 102.478 63.6 60.8549
    endloop
  endfacet
  facet normal -0.751174 0 0.660104
    outer loop
      vertex 102.884 59.59 58.8161
      vertex 102.992 63.6 58.939
      vertex 102.884 63.6 58.8161
    endloop
  endfacet
  facet normal -0.751174 0 0.660104
    outer loop
      vertex 102.992 63.6 58.939
      vertex 102.884 59.59 58.8161
      vertex 102.992 59.59 58.939
    endloop
  endfacet
  facet normal -0.751174 0 -0.660104
    outer loop
      vertex 102.992 59.59 60.461
      vertex 102.884 63.6 60.5839
      vertex 102.992 63.6 60.461
    endloop
  endfacet
  facet normal -0.751174 -0 -0.660104
    outer loop
      vertex 102.884 63.6 60.5839
      vertex 102.992 59.59 60.461
      vertex 102.884 59.59 60.5839
    endloop
  endfacet
  facet normal -0.441344 0 0.897338
    outer loop
      vertex 102.478 63.6 58.5452
      vertex 102.625 59.59 58.6175
      vertex 102.625 63.6 58.6175
    endloop
  endfacet
  facet normal -0.441344 0 0.897338
    outer loop
      vertex 102.625 59.59 58.6175
      vertex 102.478 63.6 58.5452
      vertex 102.478 59.59 58.5452
    endloop
  endfacet
  facet normal 0.555265 0 -0.831674
    outer loop
      vertex 101.239 59.59 60.6917
      vertex 101.375 63.6 60.7825
      vertex 101.375 59.59 60.7825
    endloop
  endfacet
  facet normal 0.555265 0 -0.831674
    outer loop
      vertex 101.375 63.6 60.7825
      vertex 101.239 59.59 60.6917
      vertex 101.239 63.6 60.6917
    endloop
  endfacet
  facet normal 0.0655032 0 0.997852
    outer loop
      vertex 101.837 63.6 58.4607
      vertex 102 59.59 58.45
      vertex 102 63.6 58.45
    endloop
  endfacet
  facet normal 0.0655032 0 0.997852
    outer loop
      vertex 102 59.59 58.45
      vertex 101.837 63.6 58.4607
      vertex 101.837 59.59 58.4607
    endloop
  endfacet
  facet normal 0.194358 0 -0.980931
    outer loop
      vertex 101.676 59.59 60.9074
      vertex 101.837 63.6 60.9393
      vertex 101.837 59.59 60.9393
    endloop
  endfacet
  facet normal 0.194358 0 -0.980931
    outer loop
      vertex 101.837 63.6 60.9393
      vertex 101.676 59.59 60.9074
      vertex 101.676 63.6 60.9074
    endloop
  endfacet
  facet normal 0.831109 0 -0.55611
    outer loop
      vertex 101.008 59.59 60.461
      vertex 100.917 63.6 60.325
      vertex 101.008 63.6 60.461
    endloop
  endfacet
  facet normal 0.831109 0 -0.55611
    outer loop
      vertex 100.917 63.6 60.325
      vertex 101.008 59.59 60.461
      vertex 100.917 59.59 60.325
    endloop
  endfacet
  facet normal 0.948008 0 -0.318247
    outer loop
      vertex 100.845 59.59 60.1784
      vertex 100.793 63.6 60.0235
      vertex 100.845 63.6 60.1784
    endloop
  endfacet
  facet normal 0.948008 0 -0.318247
    outer loop
      vertex 100.793 63.6 60.0235
      vertex 100.845 59.59 60.1784
      vertex 100.793 59.59 60.0235
    endloop
  endfacet
  facet normal -0.322674 0 -0.94651
    outer loop
      vertex 102.324 59.59 60.9074
      vertex 102.478 63.6 60.8549
      vertex 102.478 59.59 60.8549
    endloop
  endfacet
  facet normal -0.322674 0 -0.94651
    outer loop
      vertex 102.478 63.6 60.8549
      vertex 102.324 59.59 60.9074
      vertex 102.324 63.6 60.9074
    endloop
  endfacet
  facet normal 0.441835 0 -0.897096
    outer loop
      vertex 101.375 59.59 60.7825
      vertex 101.522 63.6 60.8549
      vertex 101.522 59.59 60.8549
    endloop
  endfacet
  facet normal 0.441835 0 -0.897096
    outer loop
      vertex 101.522 63.6 60.8549
      vertex 101.375 59.59 60.7825
      vertex 101.375 63.6 60.7825
    endloop
  endfacet
  facet normal -0.831109 0 -0.55611
    outer loop
      vertex 103.083 59.59 60.325
      vertex 102.992 63.6 60.461
      vertex 103.083 63.6 60.325
    endloop
  endfacet
  facet normal -0.831109 -0 -0.55611
    outer loop
      vertex 102.992 63.6 60.461
      vertex 103.083 59.59 60.325
      vertex 102.992 59.59 60.461
    endloop
  endfacet
  facet normal 0.980651 -0 0.195763
    outer loop
      vertex 100.761 59.59 59.5368
      vertex 100.793 63.6 59.3765
      vertex 100.761 63.6 59.5368
    endloop
  endfacet
  facet normal 0.980651 0 0.195763
    outer loop
      vertex 100.793 63.6 59.3765
      vertex 100.761 59.59 59.5368
      vertex 100.793 59.59 59.3765
    endloop
  endfacet
  facet normal -0.0655032 0 0.997852
    outer loop
      vertex 102 63.6 58.45
      vertex 102.163 59.59 58.4607
      vertex 102.163 63.6 58.4607
    endloop
  endfacet
  facet normal -0.0655032 0 0.997852
    outer loop
      vertex 102.163 59.59 58.4607
      vertex 102 63.6 58.45
      vertex 102 59.59 58.45
    endloop
  endfacet
  facet normal 0.751174 0 -0.660104
    outer loop
      vertex 101.116 59.59 60.5839
      vertex 101.008 63.6 60.461
      vertex 101.116 63.6 60.5839
    endloop
  endfacet
  facet normal 0.751174 0 -0.660104
    outer loop
      vertex 101.008 63.6 60.461
      vertex 101.116 59.59 60.5839
      vertex 101.008 59.59 60.461
    endloop
  endfacet
  facet normal -0.831109 0 0.55611
    outer loop
      vertex 102.992 59.59 58.939
      vertex 103.083 63.6 59.075
      vertex 102.992 63.6 58.939
    endloop
  endfacet
  facet normal -0.831109 0 0.55611
    outer loop
      vertex 103.083 63.6 59.075
      vertex 102.992 59.59 58.939
      vertex 103.083 59.59 59.075
    endloop
  endfacet
  facet normal -0.897588 0 -0.440835
    outer loop
      vertex 103.155 59.59 60.1784
      vertex 103.083 63.6 60.325
      vertex 103.155 63.6 60.1784
    endloop
  endfacet
  facet normal -0.897588 -0 -0.440835
    outer loop
      vertex 103.083 63.6 60.325
      vertex 103.155 59.59 60.1784
      vertex 103.083 59.59 60.325
    endloop
  endfacet
  facet normal -0.997736 0 -0.0672494
    outer loop
      vertex 103.25 59.59 59.7
      vertex 103.239 63.6 59.8632
      vertex 103.25 63.6 59.7
    endloop
  endfacet
  facet normal -0.997736 -0 -0.0672494
    outer loop
      vertex 103.239 63.6 59.8632
      vertex 103.25 59.59 59.7
      vertex 103.239 59.59 59.8632
    endloop
  endfacet
  facet normal 0.997736 0 -0.0672494
    outer loop
      vertex 100.761 59.59 59.8632
      vertex 100.75 63.6 59.7
      vertex 100.761 63.6 59.8632
    endloop
  endfacet
  facet normal 0.997736 0 -0.0672494
    outer loop
      vertex 100.75 63.6 59.7
      vertex 100.761 59.59 59.8632
      vertex 100.75 59.59 59.7
    endloop
  endfacet
  facet normal -0.194358 0 -0.980931
    outer loop
      vertex 102.163 59.59 60.9393
      vertex 102.324 63.6 60.9074
      vertex 102.324 59.59 60.9074
    endloop
  endfacet
  facet normal -0.194358 0 -0.980931
    outer loop
      vertex 102.324 63.6 60.9074
      vertex 102.163 59.59 60.9393
      vertex 102.163 63.6 60.9393
    endloop
  endfacet
  facet normal -0.0655032 0 -0.997852
    outer loop
      vertex 102 59.59 60.95
      vertex 102.163 63.6 60.9393
      vertex 102.163 59.59 60.9393
    endloop
  endfacet
  facet normal -0.0655032 0 -0.997852
    outer loop
      vertex 102.163 63.6 60.9393
      vertex 102 59.59 60.95
      vertex 102 63.6 60.95
    endloop
  endfacet
  facet normal -0.555265 0 0.831674
    outer loop
      vertex 102.625 63.6 58.6175
      vertex 102.761 59.59 58.7083
      vertex 102.761 63.6 58.7083
    endloop
  endfacet
  facet normal -0.555265 0 0.831674
    outer loop
      vertex 102.761 59.59 58.7083
      vertex 102.625 63.6 58.6175
      vertex 102.625 59.59 58.6175
    endloop
  endfacet
  facet normal -0.323224 0 0.946322
    outer loop
      vertex 102.324 63.6 58.4926
      vertex 102.478 59.59 58.5452
      vertex 102.478 63.6 58.5452
    endloop
  endfacet
  facet normal -0.323224 0 0.946322
    outer loop
      vertex 102.478 59.59 58.5452
      vertex 102.324 63.6 58.4926
      vertex 102.324 59.59 58.4926
    endloop
  endfacet
  facet normal 0.194358 0 0.980931
    outer loop
      vertex 101.676 63.6 58.4926
      vertex 101.837 59.59 58.4607
      vertex 101.837 63.6 58.4607
    endloop
  endfacet
  facet normal 0.194358 0 0.980931
    outer loop
      vertex 101.837 59.59 58.4607
      vertex 101.676 63.6 58.4926
      vertex 101.676 59.59 58.4926
    endloop
  endfacet
  facet normal 0.997736 -0 0.0672494
    outer loop
      vertex 100.75 59.59 59.7
      vertex 100.761 63.6 59.5368
      vertex 100.75 63.6 59.7
    endloop
  endfacet
  facet normal 0.997736 0 0.0672494
    outer loop
      vertex 100.761 63.6 59.5368
      vertex 100.75 59.59 59.7
      vertex 100.761 59.59 59.5368
    endloop
  endfacet
  facet normal 0.948008 -0 0.318247
    outer loop
      vertex 100.793 59.59 59.3765
      vertex 100.845 63.6 59.2216
      vertex 100.793 63.6 59.3765
    endloop
  endfacet
  facet normal 0.948008 0 0.318247
    outer loop
      vertex 100.845 63.6 59.2216
      vertex 100.793 59.59 59.3765
      vertex 100.845 59.59 59.2216
    endloop
  endfacet
  facet normal 0.441344 0 0.897338
    outer loop
      vertex 101.375 63.6 58.6175
      vertex 101.522 59.59 58.5452
      vertex 101.522 63.6 58.5452
    endloop
  endfacet
  facet normal 0.441344 0 0.897338
    outer loop
      vertex 101.522 59.59 58.5452
      vertex 101.375 63.6 58.6175
      vertex 101.375 59.59 58.6175
    endloop
  endfacet
  facet normal -0.65911 0 0.752046
    outer loop
      vertex 102.761 63.6 58.7083
      vertex 102.884 59.59 58.8161
      vertex 102.884 63.6 58.8161
    endloop
  endfacet
  facet normal -0.65911 0 0.752046
    outer loop
      vertex 102.884 59.59 58.8161
      vertex 102.761 63.6 58.7083
      vertex 102.761 59.59 58.7083
    endloop
  endfacet
  facet normal 0.897588 0 -0.440835
    outer loop
      vertex 100.917 59.59 60.325
      vertex 100.845 63.6 60.1784
      vertex 100.917 63.6 60.325
    endloop
  endfacet
  facet normal 0.897588 0 -0.440835
    outer loop
      vertex 100.845 63.6 60.1784
      vertex 100.917 59.59 60.325
      vertex 100.845 59.59 60.1784
    endloop
  endfacet
  facet normal -0.897588 0 0.440835
    outer loop
      vertex 103.083 59.59 59.075
      vertex 103.155 63.6 59.2216
      vertex 103.083 63.6 59.075
    endloop
  endfacet
  facet normal -0.897588 0 0.440835
    outer loop
      vertex 103.155 63.6 59.2216
      vertex 103.083 59.59 59.075
      vertex 103.155 59.59 59.2216
    endloop
  endfacet
  facet normal -0.194358 0 0.980931
    outer loop
      vertex 102.163 63.6 58.4607
      vertex 102.324 59.59 58.4926
      vertex 102.324 63.6 58.4926
    endloop
  endfacet
  facet normal -0.194358 0 0.980931
    outer loop
      vertex 102.324 59.59 58.4926
      vertex 102.163 63.6 58.4607
      vertex 102.163 59.59 58.4607
    endloop
  endfacet
  facet normal 0.323224 0 0.946322
    outer loop
      vertex 101.522 63.6 58.5452
      vertex 101.676 59.59 58.4926
      vertex 101.676 63.6 58.4926
    endloop
  endfacet
  facet normal 0.323224 0 0.946322
    outer loop
      vertex 101.676 59.59 58.4926
      vertex 101.522 63.6 58.5452
      vertex 101.522 59.59 58.5452
    endloop
  endfacet
  facet normal -0.948008 0 0.318247
    outer loop
      vertex 103.155 59.59 59.2216
      vertex 103.207 63.6 59.3765
      vertex 103.155 63.6 59.2216
    endloop
  endfacet
  facet normal -0.948008 0 0.318247
    outer loop
      vertex 103.207 63.6 59.3765
      vertex 103.155 59.59 59.2216
      vertex 103.207 59.59 59.3765
    endloop
  endfacet
  facet normal -0.948008 0 -0.318247
    outer loop
      vertex 103.207 59.59 60.0235
      vertex 103.155 63.6 60.1784
      vertex 103.207 63.6 60.0235
    endloop
  endfacet
  facet normal -0.948008 -0 -0.318247
    outer loop
      vertex 103.155 63.6 60.1784
      vertex 103.207 59.59 60.0235
      vertex 103.155 59.59 60.1784
    endloop
  endfacet
  facet normal 0.980651 0 -0.195763
    outer loop
      vertex 100.793 59.59 60.0235
      vertex 100.761 63.6 59.8632
      vertex 100.793 63.6 60.0235
    endloop
  endfacet
  facet normal 0.980651 0 -0.195763
    outer loop
      vertex 100.761 63.6 59.8632
      vertex 100.793 59.59 60.0235
      vertex 100.761 59.59 59.8632
    endloop
  endfacet
  facet normal 0.322674 0 -0.94651
    outer loop
      vertex 101.522 59.59 60.8549
      vertex 101.676 63.6 60.9074
      vertex 101.676 59.59 60.9074
    endloop
  endfacet
  facet normal 0.322674 0 -0.94651
    outer loop
      vertex 101.676 63.6 60.9074
      vertex 101.522 59.59 60.8549
      vertex 101.522 63.6 60.8549
    endloop
  endfacet
  facet normal 0.65911 0 0.752046
    outer loop
      vertex 101.116 63.6 58.8161
      vertex 101.239 59.59 58.7083
      vertex 101.239 63.6 58.7083
    endloop
  endfacet
  facet normal 0.65911 0 0.752046
    outer loop
      vertex 101.239 59.59 58.7083
      vertex 101.116 63.6 58.8161
      vertex 101.116 59.59 58.8161
    endloop
  endfacet
  facet normal 0.555265 0 0.831674
    outer loop
      vertex 101.239 63.6 58.7083
      vertex 101.375 59.59 58.6175
      vertex 101.375 63.6 58.6175
    endloop
  endfacet
  facet normal 0.555265 0 0.831674
    outer loop
      vertex 101.375 59.59 58.6175
      vertex 101.239 63.6 58.7083
      vertex 101.239 59.59 58.7083
    endloop
  endfacet
  facet normal 0.897588 -0 0.440835
    outer loop
      vertex 100.845 59.59 59.2216
      vertex 100.917 63.6 59.075
      vertex 100.845 63.6 59.2216
    endloop
  endfacet
  facet normal 0.897588 0 0.440835
    outer loop
      vertex 100.917 63.6 59.075
      vertex 100.845 59.59 59.2216
      vertex 100.917 59.59 59.075
    endloop
  endfacet
  facet normal -0.65911 0 -0.752046
    outer loop
      vertex 102.761 59.59 60.6917
      vertex 102.884 63.6 60.5839
      vertex 102.884 59.59 60.5839
    endloop
  endfacet
  facet normal -0.65911 0 -0.752046
    outer loop
      vertex 102.884 63.6 60.5839
      vertex 102.761 59.59 60.6917
      vertex 102.761 63.6 60.6917
    endloop
  endfacet
  facet normal 0.65911 0 -0.752046
    outer loop
      vertex 101.116 59.59 60.5839
      vertex 101.239 63.6 60.6917
      vertex 101.239 59.59 60.6917
    endloop
  endfacet
  facet normal 0.65911 0 -0.752046
    outer loop
      vertex 101.239 63.6 60.6917
      vertex 101.116 59.59 60.5839
      vertex 101.116 63.6 60.5839
    endloop
  endfacet
  facet normal 0.0655032 0 -0.997852
    outer loop
      vertex 101.837 59.59 60.9393
      vertex 102 63.6 60.95
      vertex 102 59.59 60.95
    endloop
  endfacet
  facet normal 0.0655032 0 -0.997852
    outer loop
      vertex 102 63.6 60.95
      vertex 101.837 59.59 60.9393
      vertex 101.837 63.6 60.9393
    endloop
  endfacet
  facet normal -0.555265 0 -0.831674
    outer loop
      vertex 102.625 59.59 60.7825
      vertex 102.761 63.6 60.6917
      vertex 102.761 59.59 60.6917
    endloop
  endfacet
  facet normal -0.555265 0 -0.831674
    outer loop
      vertex 102.761 63.6 60.6917
      vertex 102.625 59.59 60.7825
      vertex 102.625 63.6 60.7825
    endloop
  endfacet
  facet normal 0.831109 -0 0.55611
    outer loop
      vertex 100.917 59.59 59.075
      vertex 101.008 63.6 58.939
      vertex 100.917 63.6 59.075
    endloop
  endfacet
  facet normal 0.831109 0 0.55611
    outer loop
      vertex 101.008 63.6 58.939
      vertex 100.917 59.59 59.075
      vertex 101.008 59.59 58.939
    endloop
  endfacet
  facet normal -0 0 1
    outer loop
      vertex 96 62 12
      vertex 105.5 59.5 12
      vertex 105.5 62 12
    endloop
  endfacet
  facet normal 0 0 1
    outer loop
      vertex 105.5 59.5 12
      vertex 96 62 12
      vertex 96 59.5 12
    endloop
  endfacet
  facet normal 0 -1 0
    outer loop
      vertex 96 58.2 2.39999
      vertex 105.5 58.2 14
      vertex 96 58.2 14
    endloop
  endfacet
  facet normal 0 -1 -0
    outer loop
      vertex 105.5 58.2 14
      vertex 96 58.2 2.39999
      vertex 105.5 58.2 2.39999
    endloop
  endfacet
  facet normal -0 0 1
    outer loop
      vertex 96 59.5 14
      vertex 105.5 58.2 14
      vertex 105.5 59.5 14
    endloop
  endfacet
  facet normal 0 0 1
    outer loop
      vertex 105.5 58.2 14
      vertex 96 59.5 14
      vertex 96 58.2 14
    endloop
  endfacet
  facet normal 0 1 -0
    outer loop
      vertex 105.5 59.5 12
      vertex 96 59.5 14
      vertex 105.5 59.5 14
    endloop
  endfacet
  facet normal 0 1 0
    outer loop
      vertex 96 59.5 14
      vertex 105.5 59.5 12
      vertex 96 59.5 12
    endloop
  endfacet
  facet normal -1 0 0
    outer loop
      vertex 51.5 63.6 30
      vertex 51.5 66 52
      vertex 51.5 66 30
    endloop
  endfacet
  facet normal -1 -0 0
    outer loop
      vertex 51.5 66 52
      vertex 51.5 63.6 30
      vertex 51.5 63.6 52
    endloop
  endfacet
  facet normal 0 0 -1
    outer loop
      vertex 48 63.6 52
      vertex 51.5 66 52
      vertex 51.5 63.6 52
    endloop
  endfacet
  facet normal -0 0 -1
    outer loop
      vertex 51.5 66 52
      vertex 48 63.6 52
      vertex 48 66 52
    endloop
  endfacet
  facet normal -0 0 1
    outer loop
      vertex 48 66 30
      vertex 51.5 63.6 30
      vertex 51.5 66 30
    endloop
  endfacet
  facet normal 0 0 1
    outer loop
      vertex 51.5 63.6 30
      vertex 48 66 30
      vertex 48 63.6 30
    endloop
  endfacet
  facet normal 1 -0 0
    outer loop
      vertex 48 63.6 52
      vertex 48 66 30
      vertex 48 66 52
    endloop
  endfacet
  facet normal 1 0 0
    outer loop
      vertex 48 66 30
      vertex 48 63.6 52
      vertex 48 63.6 30
    endloop
  endfacet
  facet normal -0.195087 0.980786 0
    outer loop
      vertex 97.1941 51.1704 0
      vertex 96.5526 51.0428 1
      vertex 97.1941 51.1704 1
    endloop
  endfacet
  facet normal -0.195087 0.980786 0
    outer loop
      vertex 96.5526 51.0428 1
      vertex 97.1941 51.1704 0
      vertex 96.5526 51.0428 0
    endloop
  endfacet
  facet normal -0.980961 -0.194204 0
    outer loop
      vertex 100.857 56.6526 0
      vertex 100.73 57.2941 1
      vertex 100.73 57.2941 0
    endloop
  endfacet
  facet normal -0.980961 -0.194204 0
    outer loop
      vertex 100.73 57.2941 1
      vertex 100.857 56.6526 0
      vertex 100.857 56.6526 1
    endloop
  endfacet
  facet normal -0.997836 -0.0657477 0
    outer loop
      vertex 100.9 56 0
      vertex 100.857 56.6526 1
      vertex 100.857 56.6526 0
    endloop
  endfacet
  facet normal -0.997836 -0.0657477 0
    outer loop
      vertex 100.857 56.6526 1
      vertex 100.9 56 0
      vertex 100.9 56 1
    endloop
  endfacet
  facet normal 0.89686 0.442314 0
    outer loop
      vertex 91.5699 53.5 1
      vertex 91.2806 54.0866 0
      vertex 91.2806 54.0866 1
    endloop
  endfacet
  facet normal 0.89686 0.442314 0
    outer loop
      vertex 91.2806 54.0866 0
      vertex 91.5699 53.5 1
      vertex 91.5699 53.5 0
    endloop
  endfacet
  facet normal 0.946941 0.321407 0
    outer loop
      vertex 91.2806 54.0866 1
      vertex 91.0704 54.7059 0
      vertex 91.0704 54.7059 1
    endloop
  endfacet
  facet normal 0.946941 0.321407 0
    outer loop
      vertex 91.0704 54.7059 0
      vertex 91.2806 54.0866 1
      vertex 91.2806 54.0866 0
    endloop
  endfacet
  facet normal -0.946569 0.322503 0
    outer loop
      vertex 100.519 54.0866 0
      vertex 100.73 54.7059 1
      vertex 100.73 54.7059 0
    endloop
  endfacet
  facet normal -0.946569 0.322503 0
    outer loop
      vertex 100.73 54.7059 1
      vertex 100.519 54.0866 0
      vertex 100.519 54.0866 1
    endloop
  endfacet
  facet normal -0.897042 0.441945 0
    outer loop
      vertex 100.23 53.5 0
      vertex 100.519 54.0866 1
      vertex 100.519 54.0866 0
    endloop
  endfacet
  facet normal -0.897042 0.441945 0
    outer loop
      vertex 100.519 54.0866 1
      vertex 100.23 53.5 0
      vertex 100.23 53.5 1
    endloop
  endfacet
  facet normal -0.831579 0.555406 0
    outer loop
      vertex 99.8668 52.9562 0
      vertex 100.23 53.5 1
      vertex 100.23 53.5 0
    endloop
  endfacet
  facet normal -0.831579 0.555406 0
    outer loop
      vertex 100.23 53.5 1
      vertex 99.8668 52.9562 0
      vertex 99.8668 52.9562 1
    endloop
  endfacet
  facet normal 0.0654432 -0.997856 0
    outer loop
      vertex 95.2474 60.9572 0
      vertex 95.9 61 1
      vertex 95.2474 60.9572 1
    endloop
  endfacet
  facet normal 0.0654432 -0.997856 0
    outer loop
      vertex 95.9 61 1
      vertex 95.2474 60.9572 0
      vertex 95.9 61 0
    endloop
  endfacet
  facet normal 0.997856 0.0654432 0
    outer loop
      vertex 90.9428 55.3474 1
      vertex 90.9 56 0
      vertex 90.9 56 1
    endloop
  endfacet
  facet normal 0.997856 0.0654432 0
    outer loop
      vertex 90.9 56 0
      vertex 90.9428 55.3474 1
      vertex 90.9428 55.3474 0
    endloop
  endfacet
  facet normal -0.195087 -0.980786 0
    outer loop
      vertex 96.5526 60.9572 0
      vertex 97.1941 60.8296 1
      vertex 96.5526 60.9572 1
    endloop
  endfacet
  facet normal -0.195087 -0.980786 -0
    outer loop
      vertex 97.1941 60.8296 1
      vertex 96.5526 60.9572 0
      vertex 97.1941 60.8296 0
    endloop
  endfacet
  facet normal 0.555512 0.831509 -0
    outer loop
      vertex 93.4 51.6699 0
      vertex 92.8562 52.0332 1
      vertex 93.4 51.6699 1
    endloop
  endfacet
  facet normal 0.555512 0.831509 0
    outer loop
      vertex 92.8562 52.0332 1
      vertex 93.4 51.6699 0
      vertex 92.8562 52.0332 0
    endloop
  endfacet
  facet normal 0.0654432 0.997856 -0
    outer loop
      vertex 95.9 51 0
      vertex 95.2474 51.0428 1
      vertex 95.9 51 1
    endloop
  endfacet
  facet normal 0.0654432 0.997856 0
    outer loop
      vertex 95.2474 51.0428 1
      vertex 95.9 51 0
      vertex 95.2474 51.0428 0
    endloop
  endfacet
  facet normal 0.195087 0.980786 -0
    outer loop
      vertex 95.2474 51.0428 0
      vertex 94.6059 51.1704 1
      vertex 95.2474 51.0428 1
    endloop
  endfacet
  facet normal 0.195087 0.980786 0
    outer loop
      vertex 94.6059 51.1704 1
      vertex 95.2474 51.0428 0
      vertex 94.6059 51.1704 0
    endloop
  endfacet
  facet normal -0.946569 -0.322503 0
    outer loop
      vertex 100.73 57.2941 0
      vertex 100.519 57.9134 1
      vertex 100.519 57.9134 0
    endloop
  endfacet
  facet normal -0.946569 -0.322503 0
    outer loop
      vertex 100.519 57.9134 1
      vertex 100.73 57.2941 0
      vertex 100.73 57.2941 1
    endloop
  endfacet
  facet normal -0.980961 0.194204 0
    outer loop
      vertex 100.73 54.7059 0
      vertex 100.857 55.3474 1
      vertex 100.857 55.3474 0
    endloop
  endfacet
  facet normal -0.980961 0.194204 0
    outer loop
      vertex 100.857 55.3474 1
      vertex 100.73 54.7059 0
      vertex 100.73 54.7059 1
    endloop
  endfacet
  facet normal -0.831579 -0.555406 0
    outer loop
      vertex 100.23 58.5 0
      vertex 99.8668 59.0438 1
      vertex 99.8668 59.0438 0
    endloop
  endfacet
  facet normal -0.831579 -0.555406 0
    outer loop
      vertex 99.8668 59.0438 1
      vertex 100.23 58.5 0
      vertex 100.23 58.5 1
    endloop
  endfacet
  facet normal 0.751771 0.659424 0
    outer loop
      vertex 92.3645 52.4645 1
      vertex 91.9332 52.9562 0
      vertex 91.9332 52.9562 1
    endloop
  endfacet
  facet normal 0.751771 0.659424 0
    outer loop
      vertex 91.9332 52.9562 0
      vertex 92.3645 52.4645 1
      vertex 92.3645 52.4645 0
    endloop
  endfacet
  facet normal 0.980786 0.195087 0
    outer loop
      vertex 91.0704 54.7059 1
      vertex 90.9428 55.3474 0
      vertex 90.9428 55.3474 1
    endloop
  endfacet
  facet normal 0.980786 0.195087 0
    outer loop
      vertex 90.9428 55.3474 0
      vertex 91.0704 54.7059 1
      vertex 91.0704 54.7059 0
    endloop
  endfacet
  facet normal 0.831509 0.555512 0
    outer loop
      vertex 91.9332 52.9562 1
      vertex 91.5699 53.5 0
      vertex 91.5699 53.5 1
    endloop
  endfacet
  facet normal 0.831509 0.555512 0
    outer loop
      vertex 91.5699 53.5 0
      vertex 91.9332 52.9562 1
      vertex 91.9332 52.9562 0
    endloop
  endfacet
  facet normal -0.442314 0.89686 0
    outer loop
      vertex 98.4 51.6699 0
      vertex 97.8134 51.3806 1
      vertex 98.4 51.6699 1
    endloop
  endfacet
  facet normal -0.442314 0.89686 0
    outer loop
      vertex 97.8134 51.3806 1
      vertex 98.4 51.6699 0
      vertex 97.8134 51.3806 0
    endloop
  endfacet
  facet normal 0 0 -1
    outer loop
      vertex 100.857 55.3474 1
      vertex 100.857 56.6526 1
      vertex 100.9 56 1
    endloop
  endfacet
  facet normal 0 0 -1
    outer loop
      vertex 100.73 54.7059 1
      vertex 100.857 56.6526 1
      vertex 100.857 55.3474 1
    endloop
  endfacet
  facet normal 0 0 -1
    outer loop
      vertex 100.73 54.7059 1
      vertex 100.73 57.2941 1
      vertex 100.857 56.6526 1
    endloop
  endfacet
  facet normal 0 0 -1
    outer loop
      vertex 100.519 54.0866 1
      vertex 100.73 57.2941 1
      vertex 100.73 54.7059 1
    endloop
  endfacet
  facet normal 0 0 -1
    outer loop
      vertex 100.519 54.0866 1
      vertex 100.519 57.9134 1
      vertex 100.73 57.2941 1
    endloop
  endfacet
  facet normal 0 0 -1
    outer loop
      vertex 100.23 53.5 1
      vertex 100.519 57.9134 1
      vertex 100.519 54.0866 1
    endloop
  endfacet
  facet normal 0 0 -1
    outer loop
      vertex 100.23 53.5 1
      vertex 100.23 58.5 1
      vertex 100.519 57.9134 1
    endloop
  endfacet
  facet normal 0 0 -1
    outer loop
      vertex 99.8668 52.9562 1
      vertex 100.23 58.5 1
      vertex 100.23 53.5 1
    endloop
  endfacet
  facet normal 0 0 -1
    outer loop
      vertex 99.8668 52.9562 1
      vertex 99.8668 59.0438 1
      vertex 100.23 58.5 1
    endloop
  endfacet
  facet normal 0 0 -1
    outer loop
      vertex 99.4355 52.4645 1
      vertex 99.8668 59.0438 1
      vertex 99.8668 52.9562 1
    endloop
  endfacet
  facet normal 0 0 -1
    outer loop
      vertex 99.4355 52.4645 1
      vertex 99.4355 59.5355 1
      vertex 99.8668 59.0438 1
    endloop
  endfacet
  facet normal 0 0 -1
    outer loop
      vertex 98.9438 52.0332 1
      vertex 99.4355 59.5355 1
      vertex 99.4355 52.4645 1
    endloop
  endfacet
  facet normal 0 0 -1
    outer loop
      vertex 98.9438 52.0332 1
      vertex 98.9438 59.9668 1
      vertex 99.4355 59.5355 1
    endloop
  endfacet
  facet normal 0 0 -1
    outer loop
      vertex 98.4 51.6699 1
      vertex 98.9438 59.9668 1
      vertex 98.9438 52.0332 1
    endloop
  endfacet
  facet normal 0 0 -1
    outer loop
      vertex 98.4 51.6699 1
      vertex 98.4 60.3301 1
      vertex 98.9438 59.9668 1
    endloop
  endfacet
  facet normal 0 0 -1
    outer loop
      vertex 97.8134 51.3806 1
      vertex 98.4 60.3301 1
      vertex 98.4 51.6699 1
    endloop
  endfacet
  facet normal 0 0 -1
    outer loop
      vertex 97.8134 51.3806 1
      vertex 97.8134 60.6194 1
      vertex 98.4 60.3301 1
    endloop
  endfacet
  facet normal 0 0 -1
    outer loop
      vertex 97.1941 51.1704 1
      vertex 97.8134 60.6194 1
      vertex 97.8134 51.3806 1
    endloop
  endfacet
  facet normal 0 0 -1
    outer loop
      vertex 97.1941 51.1704 1
      vertex 97.1941 60.8296 1
      vertex 97.8134 60.6194 1
    endloop
  endfacet
  facet normal 0 0 -1
    outer loop
      vertex 96.5526 51.0428 1
      vertex 97.1941 60.8296 1
      vertex 97.1941 51.1704 1
    endloop
  endfacet
  facet normal 0 0 -1
    outer loop
      vertex 96.5526 51.0428 1
      vertex 96.5526 60.9572 1
      vertex 97.1941 60.8296 1
    endloop
  endfacet
  facet normal 0 0 -1
    outer loop
      vertex 95.9 51 1
      vertex 96.5526 60.9572 1
      vertex 96.5526 51.0428 1
    endloop
  endfacet
  facet normal 0 0 -1
    outer loop
      vertex 95.9 51 1
      vertex 95.9 61 1
      vertex 96.5526 60.9572 1
    endloop
  endfacet
  facet normal 0 0 -1
    outer loop
      vertex 95.2474 51.0428 1
      vertex 95.9 61 1
      vertex 95.9 51 1
    endloop
  endfacet
  facet normal 0 0 -1
    outer loop
      vertex 95.2474 51.0428 1
      vertex 95.2474 60.9572 1
      vertex 95.9 61 1
    endloop
  endfacet
  facet normal 0 0 -1
    outer loop
      vertex 94.6059 51.1704 1
      vertex 95.2474 60.9572 1
      vertex 95.2474 51.0428 1
    endloop
  endfacet
  facet normal 0 0 -1
    outer loop
      vertex 94.6059 51.1704 1
      vertex 94.6059 60.8296 1
      vertex 95.2474 60.9572 1
    endloop
  endfacet
  facet normal 0 0 -1
    outer loop
      vertex 93.9866 51.3806 1
      vertex 94.6059 60.8296 1
      vertex 94.6059 51.1704 1
    endloop
  endfacet
  facet normal 0 0 -1
    outer loop
      vertex 93.9866 51.3806 1
      vertex 93.9866 60.6194 1
      vertex 94.6059 60.8296 1
    endloop
  endfacet
  facet normal 0 0 -1
    outer loop
      vertex 93.4 51.6699 1
      vertex 93.9866 60.6194 1
      vertex 93.9866 51.3806 1
    endloop
  endfacet
  facet normal 0 0 -1
    outer loop
      vertex 93.4 51.6699 1
      vertex 93.4 60.3301 1
      vertex 93.9866 60.6194 1
    endloop
  endfacet
  facet normal 0 0 -1
    outer loop
      vertex 92.8562 52.0332 1
      vertex 93.4 60.3301 1
      vertex 93.4 51.6699 1
    endloop
  endfacet
  facet normal 0 0 -1
    outer loop
      vertex 92.8562 52.0332 1
      vertex 92.8562 59.9668 1
      vertex 93.4 60.3301 1
    endloop
  endfacet
  facet normal 0 0 -1
    outer loop
      vertex 92.3645 52.4645 1
      vertex 92.8562 59.9668 1
      vertex 92.8562 52.0332 1
    endloop
  endfacet
  facet normal 0 0 -1
    outer loop
      vertex 92.3645 52.4645 1
      vertex 92.3645 59.5355 1
      vertex 92.8562 59.9668 1
    endloop
  endfacet
  facet normal 0 0 -1
    outer loop
      vertex 91.9332 52.9562 1
      vertex 92.3645 59.5355 1
      vertex 92.3645 52.4645 1
    endloop
  endfacet
  facet normal 0 0 -1
    outer loop
      vertex 91.9332 52.9562 1
      vertex 91.9332 59.0438 1
      vertex 92.3645 59.5355 1
    endloop
  endfacet
  facet normal 0 0 -1
    outer loop
      vertex 91.5699 53.5 1
      vertex 91.9332 59.0438 1
      vertex 91.9332 52.9562 1
    endloop
  endfacet
  facet normal 0 0 -1
    outer loop
      vertex 91.5699 53.5 1
      vertex 91.5699 58.5 1
      vertex 91.9332 59.0438 1
    endloop
  endfacet
  facet normal 0 0 -1
    outer loop
      vertex 91.2806 54.0866 1
      vertex 91.5699 58.5 1
      vertex 91.5699 53.5 1
    endloop
  endfacet
  facet normal 0 0 -1
    outer loop
      vertex 91.2806 54.0866 1
      vertex 91.2806 57.9134 1
      vertex 91.5699 58.5 1
    endloop
  endfacet
  facet normal 0 0 -1
    outer loop
      vertex 91.0704 54.7059 1
      vertex 91.2806 57.9134 1
      vertex 91.2806 54.0866 1
    endloop
  endfacet
  facet normal 0 0 -1
    outer loop
      vertex 91.0704 54.7059 1
      vertex 91.0704 57.2941 1
      vertex 91.2806 57.9134 1
    endloop
  endfacet
  facet normal 0 0 -1
    outer loop
      vertex 90.9428 55.3474 1
      vertex 91.0704 57.2941 1
      vertex 91.0704 54.7059 1
    endloop
  endfacet
  facet normal 0 0 -1
    outer loop
      vertex 90.9428 55.3474 1
      vertex 90.9428 56.6526 1
      vertex 91.0704 57.2941 1
    endloop
  endfacet
  facet normal 0 -0 -1
    outer loop
      vertex 90.9428 56.6526 1
      vertex 90.9428 55.3474 1
      vertex 90.9 56 1
    endloop
  endfacet
  facet normal -0.659424 -0.751771 0
    outer loop
      vertex 98.9438 59.9668 0
      vertex 99.4355 59.5355 1
      vertex 98.9438 59.9668 1
    endloop
  endfacet
  facet normal -0.659424 -0.751771 -0
    outer loop
      vertex 99.4355 59.5355 1
      vertex 98.9438 59.9668 0
      vertex 99.4355 59.5355 0
    endloop
  endfacet
  facet normal -0.442314 -0.89686 0
    outer loop
      vertex 97.8134 60.6194 0
      vertex 98.4 60.3301 1
      vertex 97.8134 60.6194 1
    endloop
  endfacet
  facet normal -0.442314 -0.89686 -0
    outer loop
      vertex 98.4 60.3301 1
      vertex 97.8134 60.6194 0
      vertex 98.4 60.3301 0
    endloop
  endfacet
  facet normal 0.442314 0.89686 -0
    outer loop
      vertex 93.9866 51.3806 0
      vertex 93.4 51.6699 1
      vertex 93.9866 51.3806 1
    endloop
  endfacet
  facet normal 0.442314 0.89686 0
    outer loop
      vertex 93.4 51.6699 1
      vertex 93.9866 51.3806 0
      vertex 93.4 51.6699 0
    endloop
  endfacet
  facet normal -0.997836 0.0657477 0
    outer loop
      vertex 100.857 55.3474 0
      vertex 100.9 56 1
      vertex 100.9 56 0
    endloop
  endfacet
  facet normal -0.997836 0.0657477 0
    outer loop
      vertex 100.9 56 1
      vertex 100.857 55.3474 0
      vertex 100.857 55.3474 1
    endloop
  endfacet
  facet normal -0.0654432 -0.997856 0
    outer loop
      vertex 95.9 61 0
      vertex 96.5526 60.9572 1
      vertex 95.9 61 1
    endloop
  endfacet
  facet normal -0.0654432 -0.997856 -0
    outer loop
      vertex 96.5526 60.9572 1
      vertex 95.9 61 0
      vertex 96.5526 60.9572 0
    endloop
  endfacet
  facet normal 0.751771 -0.659424 0
    outer loop
      vertex 91.9332 59.0438 1
      vertex 92.3645 59.5355 0
      vertex 92.3645 59.5355 1
    endloop
  endfacet
  facet normal 0.751771 -0.659424 0
    outer loop
      vertex 92.3645 59.5355 0
      vertex 91.9332 59.0438 1
      vertex 91.9332 59.0438 0
    endloop
  endfacet
  facet normal -0.555512 -0.831509 0
    outer loop
      vertex 98.4 60.3301 0
      vertex 98.9438 59.9668 1
      vertex 98.4 60.3301 1
    endloop
  endfacet
  facet normal -0.555512 -0.831509 -0
    outer loop
      vertex 98.9438 59.9668 1
      vertex 98.4 60.3301 0
      vertex 98.9438 59.9668 0
    endloop
  endfacet
  facet normal 0.555512 -0.831509 0
    outer loop
      vertex 92.8562 59.9668 0
      vertex 93.4 60.3301 1
      vertex 92.8562 59.9668 1
    endloop
  endfacet
  facet normal 0.555512 -0.831509 0
    outer loop
      vertex 93.4 60.3301 1
      vertex 92.8562 59.9668 0
      vertex 93.4 60.3301 0
    endloop
  endfacet
  facet normal 0.195087 -0.980786 0
    outer loop
      vertex 94.6059 60.8296 0
      vertex 95.2474 60.9572 1
      vertex 94.6059 60.8296 1
    endloop
  endfacet
  facet normal 0.195087 -0.980786 0
    outer loop
      vertex 95.2474 60.9572 1
      vertex 94.6059 60.8296 0
      vertex 95.2474 60.9572 0
    endloop
  endfacet
  facet normal 0.442314 -0.89686 0
    outer loop
      vertex 93.4 60.3301 0
      vertex 93.9866 60.6194 1
      vertex 93.4 60.3301 1
    endloop
  endfacet
  facet normal 0.442314 -0.89686 0
    outer loop
      vertex 93.9866 60.6194 1
      vertex 93.4 60.3301 0
      vertex 93.9866 60.6194 0
    endloop
  endfacet
  facet normal 0.659424 0.751771 -0
    outer loop
      vertex 92.8562 52.0332 0
      vertex 92.3645 52.4645 1
      vertex 92.8562 52.0332 1
    endloop
  endfacet
  facet normal 0.659424 0.751771 0
    outer loop
      vertex 92.3645 52.4645 1
      vertex 92.8562 52.0332 0
      vertex 92.3645 52.4645 0
    endloop
  endfacet
  facet normal -0.659424 0.751771 0
    outer loop
      vertex 99.4355 52.4645 0
      vertex 98.9438 52.0332 1
      vertex 99.4355 52.4645 1
    endloop
  endfacet
  facet normal -0.659424 0.751771 0
    outer loop
      vertex 98.9438 52.0332 1
      vertex 99.4355 52.4645 0
      vertex 98.9438 52.0332 0
    endloop
  endfacet
  facet normal -0.555512 0.831509 0
    outer loop
      vertex 98.9438 52.0332 0
      vertex 98.4 51.6699 1
      vertex 98.9438 52.0332 1
    endloop
  endfacet
  facet normal -0.555512 0.831509 0
    outer loop
      vertex 98.4 51.6699 1
      vertex 98.9438 52.0332 0
      vertex 98.4 51.6699 0
    endloop
  endfacet
  facet normal -0.751771 0.659424 0
    outer loop
      vertex 99.4355 52.4645 0
      vertex 99.8668 52.9562 1
      vertex 99.8668 52.9562 0
    endloop
  endfacet
  facet normal -0.751771 0.659424 0
    outer loop
      vertex 99.8668 52.9562 1
      vertex 99.4355 52.4645 0
      vertex 99.4355 52.4645 1
    endloop
  endfacet
  facet normal -0.321407 -0.946941 0
    outer loop
      vertex 97.1941 60.8296 0
      vertex 97.8134 60.6194 1
      vertex 97.1941 60.8296 1
    endloop
  endfacet
  facet normal -0.321407 -0.946941 -0
    outer loop
      vertex 97.8134 60.6194 1
      vertex 97.1941 60.8296 0
      vertex 97.8134 60.6194 0
    endloop
  endfacet
  facet normal 0.980786 -0.195087 0
    outer loop
      vertex 90.9428 56.6526 1
      vertex 91.0704 57.2941 0
      vertex 91.0704 57.2941 1
    endloop
  endfacet
  facet normal 0.980786 -0.195087 0
    outer loop
      vertex 91.0704 57.2941 0
      vertex 90.9428 56.6526 1
      vertex 90.9428 56.6526 0
    endloop
  endfacet
  facet normal -0.897042 -0.441945 0
    outer loop
      vertex 100.519 57.9134 0
      vertex 100.23 58.5 1
      vertex 100.23 58.5 0
    endloop
  endfacet
  facet normal -0.897042 -0.441945 0
    outer loop
      vertex 100.23 58.5 1
      vertex 100.519 57.9134 0
      vertex 100.519 57.9134 1
    endloop
  endfacet
  facet normal -0.751771 -0.659424 0
    outer loop
      vertex 99.8668 59.0438 0
      vertex 99.4355 59.5355 1
      vertex 99.4355 59.5355 0
    endloop
  endfacet
  facet normal -0.751771 -0.659424 0
    outer loop
      vertex 99.4355 59.5355 1
      vertex 99.8668 59.0438 0
      vertex 99.8668 59.0438 1
    endloop
  endfacet
  facet normal 0.997856 -0.0654432 0
    outer loop
      vertex 90.9 56 1
      vertex 90.9428 56.6526 0
      vertex 90.9428 56.6526 1
    endloop
  endfacet
  facet normal 0.997856 -0.0654432 0
    outer loop
      vertex 90.9428 56.6526 0
      vertex 90.9 56 1
      vertex 90.9 56 0
    endloop
  endfacet
  facet normal 0.321407 -0.946941 0
    outer loop
      vertex 93.9866 60.6194 0
      vertex 94.6059 60.8296 1
      vertex 93.9866 60.6194 1
    endloop
  endfacet
  facet normal 0.321407 -0.946941 0
    outer loop
      vertex 94.6059 60.8296 1
      vertex 93.9866 60.6194 0
      vertex 94.6059 60.8296 0
    endloop
  endfacet
  facet normal 0.831509 -0.555512 0
    outer loop
      vertex 91.5699 58.5 1
      vertex 91.9332 59.0438 0
      vertex 91.9332 59.0438 1
    endloop
  endfacet
  facet normal 0.831509 -0.555512 0
    outer loop
      vertex 91.9332 59.0438 0
      vertex 91.5699 58.5 1
      vertex 91.5699 58.5 0
    endloop
  endfacet
  facet normal -0.321407 0.946941 0
    outer loop
      vertex 97.8134 51.3806 0
      vertex 97.1941 51.1704 1
      vertex 97.8134 51.3806 1
    endloop
  endfacet
  facet normal -0.321407 0.946941 0
    outer loop
      vertex 97.1941 51.1704 1
      vertex 97.8134 51.3806 0
      vertex 97.1941 51.1704 0
    endloop
  endfacet
  facet normal 0.659424 -0.751771 0
    outer loop
      vertex 92.3645 59.5355 0
      vertex 92.8562 59.9668 1
      vertex 92.3645 59.5355 1
    endloop
  endfacet
  facet normal 0.659424 -0.751771 0
    outer loop
      vertex 92.8562 59.9668 1
      vertex 92.3645 59.5355 0
      vertex 92.8562 59.9668 0
    endloop
  endfacet
  facet normal 0.89686 -0.442314 0
    outer loop
      vertex 91.2806 57.9134 1
      vertex 91.5699 58.5 0
      vertex 91.5699 58.5 1
    endloop
  endfacet
  facet normal 0.89686 -0.442314 0
    outer loop
      vertex 91.5699 58.5 0
      vertex 91.2806 57.9134 1
      vertex 91.2806 57.9134 0
    endloop
  endfacet
  facet normal 0.946941 -0.321407 0
    outer loop
      vertex 91.0704 57.2941 1
      vertex 91.2806 57.9134 0
      vertex 91.2806 57.9134 1
    endloop
  endfacet
  facet normal 0.946941 -0.321407 0
    outer loop
      vertex 91.2806 57.9134 0
      vertex 91.0704 57.2941 1
      vertex 91.0704 57.2941 0
    endloop
  endfacet
  facet normal -0.0654432 0.997856 0
    outer loop
      vertex 96.5526 51.0428 0
      vertex 95.9 51 1
      vertex 96.5526 51.0428 1
    endloop
  endfacet
  facet normal -0.0654432 0.997856 0
    outer loop
      vertex 95.9 51 1
      vertex 96.5526 51.0428 0
      vertex 95.9 51 0
    endloop
  endfacet
  facet normal 0.321407 0.946941 -0
    outer loop
      vertex 94.6059 51.1704 0
      vertex 93.9866 51.3806 1
      vertex 94.6059 51.1704 1
    endloop
  endfacet
  facet normal 0.321407 0.946941 0
    outer loop
      vertex 93.9866 51.3806 1
      vertex 94.6059 51.1704 0
      vertex 93.9866 51.3806 0
    endloop
  endfacet
  facet normal 0 -0.980768 0.195177
    outer loop
      vertex 105.5 58.8273 37.4783
      vertex 107.9 58.9192 37.9401
      vertex 105.5 58.9192 37.9401
    endloop
  endfacet
  facet normal 0 -0.980768 0.195177
    outer loop
      vertex 107.9 58.9192 37.9401
      vertex 105.5 58.8273 37.4783
      vertex 107.9 58.8273 37.4783
    endloop
  endfacet
  facet normal -0 0.555566 0.831472
    outer loop
      vertex 105.5 46.93 22.7569
      vertex 107.9 46.3318 23.1566
      vertex 107.9 46.93 22.7569
    endloop
  endfacet
  facet normal 0 0.555566 0.831472
    outer loop
      vertex 107.9 46.3318 23.1566
      vertex 105.5 46.93 22.7569
      vertex 105.5 46.3318 23.1566
    endloop
  endfacet
  facet normal 0 -0.19502 0.980799
    outer loop
      vertex 105.5 51.1035 22.2074
      vertex 107.9 50.3979 22.0671
      vertex 107.9 51.1035 22.2074
    endloop
  endfacet
  facet normal 0 -0.19502 0.980799
    outer loop
      vertex 107.9 50.3979 22.0671
      vertex 105.5 51.1035 22.2074
      vertex 105.5 50.3979 22.0671
    endloop
  endfacet
  facet normal 0 -0.94766 0.319281
    outer loop
      vertex 105.5 54.9926 26.0965
      vertex 107.9 58.8273 37.4783
      vertex 105.5 58.8273 37.4783
    endloop
  endfacet
  facet normal 0 -0.94766 0.319281
    outer loop
      vertex 107.9 58.8273 37.4783
      vertex 105.5 54.9926 26.0965
      vertex 107.9 54.9926 26.0965
    endloop
  endfacet
  facet normal 0 0.997855 0.0654673
    outer loop
      vertex 107.9 44.2271 26.8021
      vertex 105.5 44.18 27.52
      vertex 107.9 44.18 27.52
    endloop
  endfacet
  facet normal 0 0.997855 0.0654673
    outer loop
      vertex 105.5 44.18 27.52
      vertex 107.9 44.2271 26.8021
      vertex 105.5 44.2271 26.8021
    endloop
  endfacet
  facet normal 0 0.709096 -0.705112
    outer loop
      vertex 107.9 45.786 53.074
      vertex 105.5 49.68 56.99
      vertex 107.9 49.68 56.99
    endloop
  endfacet
  facet normal 0 0.709096 -0.705112
    outer loop
      vertex 105.5 49.68 56.99
      vertex 107.9 45.786 53.074
      vertex 105.5 45.786 53.074
    endloop
  endfacet
  facet normal 0 -0.555566 0.831472
    outer loop
      vertex 105.5 53.0282 23.1566
      vertex 107.9 52.43 22.7569
      vertex 107.9 53.0282 23.1566
    endloop
  endfacet
  facet normal 0 -0.555566 0.831472
    outer loop
      vertex 107.9 52.43 22.7569
      vertex 105.5 53.0282 23.1566
      vertex 105.5 52.43 22.7569
    endloop
  endfacet
  facet normal 0 0.89686 -0.442314
    outer loop
      vertex 107.9 44.5987 51.2848
      vertex 105.5 44.9169 51.93
      vertex 107.9 44.9169 51.93
    endloop
  endfacet
  facet normal 0 0.89686 -0.442314
    outer loop
      vertex 105.5 44.9169 51.93
      vertex 107.9 44.5987 51.2848
      vertex 105.5 44.5987 51.2848
    endloop
  endfacet
  facet normal 0 -0.89686 0.442314
    outer loop
      vertex 105.5 54.4431 24.77
      vertex 107.9 54.7613 25.4152
      vertex 105.5 54.7613 25.4152
    endloop
  endfacet
  facet normal 0 -0.89686 0.442314
    outer loop
      vertex 107.9 54.7613 25.4152
      vertex 105.5 54.4431 24.77
      vertex 107.9 54.4431 24.77
    endloop
  endfacet
  facet normal 0 0.980799 0.19502
    outer loop
      vertex 107.9 44.3674 26.0965
      vertex 105.5 44.2271 26.8021
      vertex 107.9 44.2271 26.8021
    endloop
  endfacet
  facet normal 0 0.980799 0.19502
    outer loop
      vertex 105.5 44.2271 26.8021
      vertex 107.9 44.3674 26.0965
      vertex 105.5 44.3674 26.0965
    endloop
  endfacet
  facet normal -0 0.442314 0.89686
    outer loop
      vertex 105.5 47.5752 22.4387
      vertex 107.9 46.93 22.7569
      vertex 107.9 47.5752 22.4387
    endloop
  endfacet
  facet normal 0 0.442314 0.89686
    outer loop
      vertex 107.9 46.93 22.7569
      vertex 105.5 47.5752 22.4387
      vertex 105.5 46.93 22.7569
    endloop
  endfacet
  facet normal -0 0.321477 0.946918
    outer loop
      vertex 105.5 48.2565 22.2074
      vertex 107.9 47.5752 22.4387
      vertex 107.9 48.2565 22.2074
    endloop
  endfacet
  facet normal 0 0.321477 0.946918
    outer loop
      vertex 107.9 47.5752 22.4387
      vertex 105.5 48.2565 22.2074
      vertex 105.5 47.5752 22.4387
    endloop
  endfacet
  facet normal 0 -0.0654673 0.997855
    outer loop
      vertex 105.5 50.3979 22.0671
      vertex 107.9 49.68 22.02
      vertex 107.9 50.3979 22.0671
    endloop
  endfacet
  facet normal 0 -0.0654673 0.997855
    outer loop
      vertex 107.9 49.68 22.02
      vertex 105.5 50.3979 22.0671
      vertex 105.5 49.68 22.02
    endloop
  endfacet
  facet normal 0 -0.946918 0.321477
    outer loop
      vertex 105.5 54.7613 25.4152
      vertex 107.9 54.9926 26.0965
      vertex 105.5 54.9926 26.0965
    endloop
  endfacet
  facet normal 0 -0.946918 0.321477
    outer loop
      vertex 107.9 54.9926 26.0965
      vertex 105.5 54.7613 25.4152
      vertex 107.9 54.7613 25.4152
    endloop
  endfacet
  facet normal 0 -0.997859 -0.0654055
    outer loop
      vertex 105.5 58.95 38.41
      vertex 107.9 58.9192 38.8799
      vertex 105.5 58.9192 38.8799
    endloop
  endfacet
  facet normal 0 -0.997859 -0.0654055
    outer loop
      vertex 107.9 58.9192 38.8799
      vertex 105.5 58.95 38.41
      vertex 107.9 58.95 38.41
    endloop
  endfacet
  facet normal 0 -0.89686 -0.442314
    outer loop
      vertex 105.5 54.7613 51.2848
      vertex 107.9 54.4431 51.93
      vertex 105.5 54.4431 51.93
    endloop
  endfacet
  facet normal 0 -0.89686 -0.442314
    outer loop
      vertex 107.9 54.4431 51.93
      vertex 105.5 54.7613 51.2848
      vertex 107.9 54.7613 51.2848
    endloop
  endfacet
  facet normal 0 0.751879 0.659301
    outer loop
      vertex 107.9 45.7909 23.6309
      vertex 105.5 45.3166 24.1718
      vertex 107.9 45.3166 24.1718
    endloop
  endfacet
  facet normal 0 0.751879 0.659301
    outer loop
      vertex 105.5 45.3166 24.1718
      vertex 107.9 45.7909 23.6309
      vertex 105.5 45.7909 23.6309
    endloop
  endfacet
  facet normal 0 1 -0
    outer loop
      vertex 107.9 44.18 27.52
      vertex 105.5 44.18 49.18
      vertex 107.9 44.18 49.18
    endloop
  endfacet
  facet normal 0 1 0
    outer loop
      vertex 105.5 44.18 49.18
      vertex 107.9 44.18 27.52
      vertex 105.5 44.18 27.52
    endloop
  endfacet
  facet normal 0 -0.751879 0.659301
    outer loop
      vertex 105.5 53.5691 23.6309
      vertex 107.9 54.0434 24.1718
      vertex 105.5 54.0434 24.1718
    endloop
  endfacet
  facet normal 0 -0.751879 0.659301
    outer loop
      vertex 107.9 54.0434 24.1718
      vertex 105.5 53.5691 23.6309
      vertex 107.9 53.5691 23.6309
    endloop
  endfacet
  facet normal -0 0.19502 0.980799
    outer loop
      vertex 105.5 48.9621 22.0671
      vertex 107.9 48.2565 22.2074
      vertex 107.9 48.9621 22.0671
    endloop
  endfacet
  facet normal 0 0.19502 0.980799
    outer loop
      vertex 107.9 48.2565 22.2074
      vertex 105.5 48.9621 22.0671
      vertex 105.5 48.2565 22.2074
    endloop
  endfacet
  facet normal -0 0.659301 0.751879
    outer loop
      vertex 105.5 46.3318 23.1566
      vertex 107.9 45.7909 23.6309
      vertex 107.9 46.3318 23.1566
    endloop
  endfacet
  facet normal 0 0.659301 0.751879
    outer loop
      vertex 107.9 45.7909 23.6309
      vertex 105.5 46.3318 23.1566
      vertex 105.5 45.7909 23.6309
    endloop
  endfacet
  facet normal 0 0.997855 -0.0654673
    outer loop
      vertex 107.9 44.18 49.18
      vertex 105.5 44.2271 49.8979
      vertex 107.9 44.2271 49.8979
    endloop
  endfacet
  facet normal 0 0.997855 -0.0654673
    outer loop
      vertex 105.5 44.2271 49.8979
      vertex 107.9 44.18 49.18
      vertex 105.5 44.18 49.18
    endloop
  endfacet
  facet normal 0 0.946918 -0.321477
    outer loop
      vertex 107.9 44.3674 50.6035
      vertex 105.5 44.5987 51.2848
      vertex 107.9 44.5987 51.2848
    endloop
  endfacet
  facet normal 0 0.946918 -0.321477
    outer loop
      vertex 105.5 44.5987 51.2848
      vertex 107.9 44.3674 50.6035
      vertex 105.5 44.3674 50.6035
    endloop
  endfacet
  facet normal 0 -0.709096 -0.705112
    outer loop
      vertex 105.5 53.574 53.074
      vertex 107.9 49.68 56.99
      vertex 105.5 49.68 56.99
    endloop
  endfacet
  facet normal 0 -0.709096 -0.705112
    outer loop
      vertex 107.9 49.68 56.99
      vertex 105.5 53.574 53.074
      vertex 107.9 53.574 53.074
    endloop
  endfacet
  facet normal 0 -0.831472 0.555566
    outer loop
      vertex 105.5 54.0434 24.1718
      vertex 107.9 54.4431 24.77
      vertex 105.5 54.4431 24.77
    endloop
  endfacet
  facet normal 0 -0.831472 0.555566
    outer loop
      vertex 107.9 54.4431 24.77
      vertex 105.5 54.0434 24.1718
      vertex 107.9 54.0434 24.1718
    endloop
  endfacet
  facet normal 0 0.89686 0.442314
    outer loop
      vertex 107.9 44.9169 24.77
      vertex 105.5 44.5987 25.4152
      vertex 107.9 44.5987 25.4152
    endloop
  endfacet
  facet normal 0 0.89686 0.442314
    outer loop
      vertex 105.5 44.5987 25.4152
      vertex 107.9 44.9169 24.77
      vertex 105.5 44.9169 24.77
    endloop
  endfacet
  facet normal 0 -0.831472 -0.555566
    outer loop
      vertex 105.5 54.4431 51.93
      vertex 107.9 54.0434 52.5282
      vertex 105.5 54.0434 52.5282
    endloop
  endfacet
  facet normal 0 -0.831472 -0.555566
    outer loop
      vertex 107.9 54.0434 52.5282
      vertex 105.5 54.4431 51.93
      vertex 107.9 54.4431 51.93
    endloop
  endfacet
  facet normal -0 0.0654673 0.997855
    outer loop
      vertex 105.5 49.68 22.02
      vertex 107.9 48.9621 22.0671
      vertex 107.9 49.68 22.02
    endloop
  endfacet
  facet normal 0 0.0654673 0.997855
    outer loop
      vertex 107.9 48.9621 22.0671
      vertex 105.5 49.68 22.02
      vertex 105.5 48.9621 22.0671
    endloop
  endfacet
  facet normal 0 0.946918 0.321477
    outer loop
      vertex 107.9 44.5987 25.4152
      vertex 105.5 44.3674 26.0965
      vertex 107.9 44.3674 26.0965
    endloop
  endfacet
  facet normal 0 0.946918 0.321477
    outer loop
      vertex 105.5 44.3674 26.0965
      vertex 107.9 44.5987 25.4152
      vertex 105.5 44.5987 25.4152
    endloop
  endfacet
  facet normal 0 -0.659301 0.751879
    outer loop
      vertex 105.5 53.5691 23.6309
      vertex 107.9 53.0282 23.1566
      vertex 107.9 53.5691 23.6309
    endloop
  endfacet
  facet normal 0 -0.659301 0.751879
    outer loop
      vertex 107.9 53.0282 23.1566
      vertex 105.5 53.5691 23.6309
      vertex 105.5 53.0282 23.1566
    endloop
  endfacet
  facet normal 0 0.980799 -0.19502
    outer loop
      vertex 107.9 44.2271 49.8979
      vertex 105.5 44.3674 50.6035
      vertex 107.9 44.3674 50.6035
    endloop
  endfacet
  facet normal 0 0.980799 -0.19502
    outer loop
      vertex 105.5 44.3674 50.6035
      vertex 107.9 44.2271 49.8979
      vertex 105.5 44.2271 49.8979
    endloop
  endfacet
  facet normal 0 -0.997859 0.0654055
    outer loop
      vertex 105.5 58.9192 37.9401
      vertex 107.9 58.95 38.41
      vertex 105.5 58.95 38.41
    endloop
  endfacet
  facet normal 0 -0.997859 0.0654055
    outer loop
      vertex 107.9 58.95 38.41
      vertex 105.5 58.9192 37.9401
      vertex 107.9 58.9192 37.9401
    endloop
  endfacet
  facet normal 0 -0.442314 0.89686
    outer loop
      vertex 105.5 52.43 22.7569
      vertex 107.9 51.7848 22.4387
      vertex 107.9 52.43 22.7569
    endloop
  endfacet
  facet normal 0 -0.442314 0.89686
    outer loop
      vertex 107.9 51.7848 22.4387
      vertex 105.5 52.43 22.7569
      vertex 105.5 51.7848 22.4387
    endloop
  endfacet
  facet normal 0 -0.321477 0.946918
    outer loop
      vertex 105.5 51.7848 22.4387
      vertex 107.9 51.1035 22.2074
      vertex 107.9 51.7848 22.4387
    endloop
  endfacet
  facet normal 0 -0.321477 0.946918
    outer loop
      vertex 107.9 51.1035 22.2074
      vertex 105.5 51.7848 22.4387
      vertex 105.5 51.1035 22.2074
    endloop
  endfacet
  facet normal 0 0.831472 0.555566
    outer loop
      vertex 107.9 45.3166 24.1718
      vertex 105.5 44.9169 24.77
      vertex 107.9 44.9169 24.77
    endloop
  endfacet
  facet normal 0 0.831472 0.555566
    outer loop
      vertex 105.5 44.9169 24.77
      vertex 107.9 45.3166 24.1718
      vertex 105.5 45.3166 24.1718
    endloop
  endfacet
  facet normal 0 0.831472 -0.555566
    outer loop
      vertex 107.9 44.9169 51.93
      vertex 105.5 45.3166 52.5282
      vertex 107.9 45.3166 52.5282
    endloop
  endfacet
  facet normal 0 0.831472 -0.555566
    outer loop
      vertex 105.5 45.3166 52.5282
      vertex 107.9 44.9169 51.93
      vertex 105.5 44.9169 51.93
    endloop
  endfacet
  facet normal 0 0.758177 -0.652049
    outer loop
      vertex 107.9 45.3166 52.5282
      vertex 105.5 45.786 53.074
      vertex 107.9 45.786 53.074
    endloop
  endfacet
  facet normal 0 0.758177 -0.652049
    outer loop
      vertex 105.5 45.786 53.074
      vertex 107.9 45.3166 52.5282
      vertex 105.5 45.3166 52.5282
    endloop
  endfacet
  facet normal 0 -0.946993 -0.321256
    outer loop
      vertex 105.5 58.8273 39.3417
      vertex 107.9 58.676 39.7877
      vertex 105.5 58.676 39.7877
    endloop
  endfacet
  facet normal 0 -0.946993 -0.321256
    outer loop
      vertex 107.9 58.676 39.7877
      vertex 105.5 58.8273 39.3417
      vertex 107.9 58.8273 39.3417
    endloop
  endfacet
  facet normal 0 -0.758177 -0.652049
    outer loop
      vertex 105.5 54.0434 52.5282
      vertex 107.9 53.574 53.074
      vertex 105.5 53.574 53.074
    endloop
  endfacet
  facet normal 0 -0.758177 -0.652049
    outer loop
      vertex 107.9 53.574 53.074
      vertex 105.5 54.0434 52.5282
      vertex 107.9 54.0434 52.5282
    endloop
  endfacet
  facet normal 0 -0.94663 -0.322322
    outer loop
      vertex 105.5 58.676 39.7877
      vertex 107.9 54.7613 51.2848
      vertex 105.5 54.7613 51.2848
    endloop
  endfacet
  facet normal 0 -0.94663 -0.322322
    outer loop
      vertex 107.9 54.7613 51.2848
      vertex 105.5 58.676 39.7877
      vertex 107.9 58.676 39.7877
    endloop
  endfacet
  facet normal 0 -0.980768 -0.195177
    outer loop
      vertex 105.5 58.9192 38.8799
      vertex 107.9 58.8273 39.3417
      vertex 105.5 58.8273 39.3417
    endloop
  endfacet
  facet normal 0 -0.980768 -0.195177
    outer loop
      vertex 107.9 58.8273 39.3417
      vertex 105.5 58.9192 38.8799
      vertex 107.9 58.9192 38.8799
    endloop
  endfacet
  facet normal 0 0 1
    outer loop
      vertex 105.292 65.9743 68.7
      vertex 105.5 63.6 68.7
      vertex 105.676 65.8978 68.7
    endloop
  endfacet
  facet normal 0 0 1
    outer loop
      vertex 104.9 66 68.7
      vertex 105.5 63.6 68.7
      vertex 105.292 65.9743 68.7
    endloop
  endfacet
  facet normal 0 0 1
    outer loop
      vertex 44.9 63.6 68.7
      vertex 104.9 66 68.7
      vertex 44.9 66 68.7
    endloop
  endfacet
  facet normal 0 0 1
    outer loop
      vertex 104.9 66 68.7
      vertex 44.9 63.6 68.7
      vertex 105.5 63.6 68.7
    endloop
  endfacet
  facet normal 0 0 1
    outer loop
      vertex 105.5 63.6 68.7
      vertex 107.9 63 68.7
      vertex 107.874 63.3916 68.7
    endloop
  endfacet
  facet normal -0 0 1
    outer loop
      vertex 105.5 63.6 68.7
      vertex 107.874 63.3916 68.7
      vertex 107.798 63.7765 68.7
    endloop
  endfacet
  facet normal 0 0 1
    outer loop
      vertex 105.5 63.6 68.7
      vertex 107.798 63.7765 68.7
      vertex 107.672 64.148 68.7
    endloop
  endfacet
  facet normal 0 0 1
    outer loop
      vertex 105.5 63.6 68.7
      vertex 107.672 64.148 68.7
      vertex 107.498 64.5 68.7
    endloop
  endfacet
  facet normal 0 0 1
    outer loop
      vertex 105.5 63.6 68.7
      vertex 107.498 64.5 68.7
      vertex 107.28 64.8263 68.7
    endloop
  endfacet
  facet normal 0 0 1
    outer loop
      vertex 105.5 63.6 68.7
      vertex 107.28 64.8263 68.7
      vertex 107.021 65.1213 68.7
    endloop
  endfacet
  facet normal 0 0 1
    outer loop
      vertex 105.5 63.6 68.7
      vertex 107.021 65.1213 68.7
      vertex 106.726 65.3801 68.7
    endloop
  endfacet
  facet normal 0 0 1
    outer loop
      vertex 105.5 63.6 68.7
      vertex 106.726 65.3801 68.7
      vertex 106.4 65.5981 68.7
    endloop
  endfacet
  facet normal 0 0 1
    outer loop
      vertex 105.5 63.6 68.7
      vertex 106.4 65.5981 68.7
      vertex 106.048 65.7716 68.7
    endloop
  endfacet
  facet normal 0 0 1
    outer loop
      vertex 105.5 63.6 68.7
      vertex 106.048 65.7716 68.7
      vertex 105.676 65.8978 68.7
    endloop
  endfacet
  facet normal 0 0 1
    outer loop
      vertex 107.9 63 68.7
      vertex 105.5 63.6 68.7
      vertex 105.5 38 68.7
    endloop
  endfacet
  facet normal 0 0 1
    outer loop
      vertex 107.9 63 68.7
      vertex 105.5 38 68.7
      vertex 107.9 38 68.7
    endloop
  endfacet
  facet normal -1 0 0
    outer loop
      vertex 44.9 66 0
      vertex 44.9 63.6 2.39999
      vertex 44.9 66 68.7
    endloop
  endfacet
  facet normal -1 0 0
    outer loop
      vertex 44.9 38 0
      vertex 44.9 63.6 2.39999
      vertex 44.9 66 0
    endloop
  endfacet
  facet normal -1 -0 0
    outer loop
      vertex 44.9 63.6 2.39999
      vertex 44.9 38 0
      vertex 44.9 38 2.39999
    endloop
  endfacet
  facet normal -1 -0 0
    outer loop
      vertex 44.9 66 68.7
      vertex 44.9 63.6 2.39999
      vertex 44.9 63.6 68.7
    endloop
  endfacet
  facet normal 0 -1 0
    outer loop
      vertex 44.9 38 2.39999
      vertex 44.9 38 0
      vertex 105.5 38 2.39999
    endloop
  endfacet
  facet normal 0 -1 0
    outer loop
      vertex 105.5 38 2.39999
      vertex 107.9 38 68.7
      vertex 105.5 38 68.7
    endloop
  endfacet
  facet normal 0 -1 0
    outer loop
      vertex 105.5 38 2.39999
      vertex 107.9 38 0
      vertex 107.9 38 68.7
    endloop
  endfacet
  facet normal 0 -1 0
    outer loop
      vertex 107.9 38 0
      vertex 105.5 38 2.39999
      vertex 44.9 38 0
    endloop
  endfacet
endsolid OpenSCAD_Model
